mint,symbol,sg_sent,jev_decision,jev_reason,confidence,launch_at,detected_at,fire_age_sec,first_amm_pool_created_at,pool_dex,never_graduated,launch_to_pool_min,card_vs_pool,cw2_decision,risk_level,liq_usd
4Zw9euwXShpc8FeEaaxLQo2yUF3zo3JMg9Jx7d8spump,PROFIT,1,WATCH,thin_liquidity,0.29,2026-09-23T11:24:18.000Z,2026-09-23T11:26:23.903Z,126,,,1,,,REJECT,UNCLASSIFIED,17834
5qHRY1fbkreVZTEfFj9eZ7b81c8Y6mBpaZgmAwUTpump,BASEDCAT,1,WATCH,thin_liquidity,0.36,2026-09-23T11:26:55.000Z,2026-09-23T11:37:38.933Z,644,,,1,,,REJECT,UNCLASSIFIED,37417
GoQ4hgs5rSn7Us3cDN5Wj6rxTSQx7kxC6vXfXf1Tpump,KindercoreCA,0,REJECT,thin_liquidity,0.05,2026-09-23T11:33:07.000Z,2026-09-23T11:38:08.934Z,302,2026-09-23T11:34:24Z,pumpswap,0,1.28,after,REJECT,UNCLASSIFIED,3541
vBvakCfCZVyhbrfwLwWDw9vsF8nWx7mPfbmsPQzpump,MetaMask,0,REJECT,thin_liquidity,0.26,2026-09-23T11:33:28.000Z,2026-09-23T11:45:53.947Z,746,,,1,,,REJECT,UNCLASSIFIED,66479
QrevJp2pxTYFe39SiZfGJ3koUffLtuSNdxLf2ymV8Y5,metball,1,WATCH,,0.37,2026-09-23T11:34:01.000Z,2026-09-23T11:46:08.947Z,728,2026-09-23T11:32:41Z,meteora,0,-1.33,after,PASS,UNCLASSIFIED,22590
81n3gLm6AP2UrVTZfhiJjyKnS7JrnaK6bVp3MMYApump,Nautilo,1,WATCH,sell_pressure,0.33,2026-09-23T11:42:15.000Z,2026-09-23T11:54:24.604Z,730,,,1,,,REJECT,UNCLASSIFIED,31889
dt7wprKecLM6u4cC3Wat1bLtd4H4KDrroMYiKpWpump,Hermès,0,REJECT,sell_pressure,0,2026-09-23T11:48:24.000Z,2026-09-23T11:56:09.607Z,466,,,1,,,REJECT,UNCLASSIFIED,2081
5k1bU7xjM4hmapAvemsGnK8uQFCiwp5LLiWDWQ2npump,$CAT$,0,REJECT,sell_pressure,0.21,2026-09-23T11:49:17.000Z,2026-09-23T12:01:39.620Z,743,,,1,,,REJECT,UNCLASSIFIED,26
D6FbvxB8PtC14ECK3tFUNtshSzEzivw3pcbuemKgpump,fomopay,0,REJECT,wallet_concentration,0.16,2026-09-23T11:49:34.000Z,2026-09-23T12:01:39.620Z,726,2026-09-23T11:49:34Z,pumpswap,0,0.0,after,REJECT,UNCLASSIFIED,230888
Dbw7VFWGdy1VAXsGkADePQfHiP8tpQ2KgtQM34iRpump,WASD,0,REJECT,sell_pressure,0.13,2026-09-23T11:49:40.000Z,2026-09-23T12:01:54.621Z,735,2026-09-23T11:49:40Z,pumpswap,0,0.0,after,REJECT,UNCLASSIFIED,2643
PnHkPXL1YkToedJZ2jhRfSUGi9pThpFNMmiLZZCpump,USMS,0,REJECT,,0.35,2026-09-23T12:01:13.000Z,2026-09-23T12:13:24.640Z,732,,,1,,,REJECT,UNCLASSIFIED,161363
22wS2ZgG98yMJes4S2qfTHmRQdtKnPEhdi1oFBvhpump,$GBONK,0,REJECT,thin_liquidity,0.06,2026-09-23T12:29:32.000Z,2026-09-23T12:39:39.690Z,608,,,1,,,REJECT,UNCLASSIFIED,4
c7zP55vADXDi3snuMCc67zcYQogz1VBc5UZZ6fPpump,FRIC,1,WATCH,thin_liquidity,0.38,2026-09-23T12:31:42.000Z,2026-09-23T12:43:54.696Z,733,,,1,,,REJECT,UNCLASSIFIED,22302
FYNxtkfixFqgaqgfrJ279dGAySG1tC7vE4TaYkgupump,Robinhood,1,WATCH,thin_liquidity,0.25,2026-09-23T12:40:51.000Z,2026-09-23T12:45:39.699Z,289,,,1,,,REJECT,UNCLASSIFIED,36654
CFgYFu6zJRAbSTpcaL8fXb56KRtxF9cQVZnBq1vQpump,JEANGOTH,0,REJECT,thin_liquidity,0.29,2026-09-23T12:49:32.000Z,2026-09-23T13:01:54.727Z,743,2026-09-23T12:49:32Z,pumpswap,0,0.0,after,PASS,UNCLASSIFIED,37554
8KKXJxbvgLXwAzBS5kzc7T1ZnwX7a5YTPCcjXiiEpump,Agrippa,0,REJECT,sell_pressure,0,2026-09-23T12:50:51.000Z,2026-09-23T13:02:54.729Z,724,,,1,,,REJECT,UNCLASSIFIED,2111
GfKeME4C7BmYAWYY6yr3zuENmVhCbsvC65Mr7atpump,FRIC,0,REJECT,thin_liquidity,0.36,2026-09-23T12:51:57.000Z,2026-09-23T13:03:54.730Z,718,2026-09-23T12:51:57Z,pumpswap,0,0.0,after,REJECT,UNCLASSIFIED,25779
4MN7pQ2ZkMroFJ8MS4uPUqg1CoXwNta91h5aZCSDpump,tok,1,WATCH,thin_liquidity,0.34,2026-09-23T13:02:31.000Z,2026-09-23T13:13:39.754Z,669,,,1,,,REJECT,UNCLASSIFIED,37111
8X6ShANz6ADqvGQunfH6yESZNmMsckj5ewFVuMhCpump,Ref,0,REJECT,sell_pressure,0.2,2026-09-23T13:03:53.000Z,2026-09-23T13:16:24.760Z,752,,,1,,,REJECT,UNCLASSIFIED,95117
FBpj8cg4yAxDUiQiDrM2kXkcnzyyR3qoNU1bHJgX4KSK,MemeFirm,1,WATCH,sell_pressure,0.29,2026-09-23T13:29:53.000Z,2026-09-23T13:33:09.795Z,197,2026-09-23T13:32:15Z,pumpswap,0,2.37,after,PASS,UNCLASSIFIED,18104
GUpj4DMVdL1B31XaBQUGWvCoViUEyc9CXqmkcYHJpump,Dogecoin,1,WATCH,thin_liquidity,0.19,2026-09-23T13:42:13.000Z,2026-09-23T13:49:45.531Z,453,,,1,,,REJECT,UNCLASSIFIED,31163
G9tP63sMuWx3HmWgVfk1ZfVDeUbAZqt4cu4VSTyYvXnL,BURRITO,1,WATCH,sell_pressure,0.07,2026-09-23T13:45:21.000Z,2026-09-23T13:49:45.531Z,265,2026-09-23T13:45:08Z,raydium,0,-0.22,after,PASS,UNCLASSIFIED,37489
GQkYnMbvUSzJ3dVparyHsxBhYGVBH2VoJpNd5RT7pump,WAWACAT,0,REJECT,thin_liquidity,0,2026-09-23T13:48:06.000Z,2026-09-23T13:52:29.842Z,264,2026-09-23T13:51:18Z,pumpswap,0,3.2,after,REJECT,UNCLASSIFIED,6
224CsCJ6m4DvPgk6gua1V3gMxuUXUjF1frDnQjJSpump,AMD,1,WATCH,thin_liquidity,0.26,2026-09-23T14:01:26.000Z,2026-09-23T14:06:15.120Z,289,,,1,,,REJECT,UNCLASSIFIED,27906
H1oZFYQciXfT8Q6f9JNnefEaRrvzTyo77uPUG5pApump,BURRITO,1,WATCH,thin_liquidity,0.39,2026-09-23T14:01:52.000Z,2026-09-23T14:07:00.121Z,308,2026-09-23T14:04:57Z,pumpswap,0,3.08,after,REJECT,UNCLASSIFIED,13060
AM7NRaprp9jboQqkXLgrcitXxmCFfXLddK8rhAcSpump,泵浦,0,REJECT,thin_liquidity,0.17,2026-09-23T14:24:03.000Z,2026-09-23T14:34:15.172Z,612,,,1,,,REJECT,UNCLASSIFIED,2
GMsatc3SK9Y1GWeS9Brt1PutMYkbwb1fSc4V7NMoaRt,GOWF,1,WATCH,thin_liquidity,0,2026-09-23T14:26:01.000Z,2026-09-23T14:37:15.177Z,674,2026-09-23T14:26:01Z,raydium,0,0.0,after,REJECT,UNCLASSIFIED,42195
8wSDUcRyKwZnKp1udWXn7ueiYHYXxJ5Hee4UUG9ppump,AMD,1,WATCH,thin_liquidity,0.25,2026-09-23T14:27:15.000Z,2026-09-23T14:37:30.178Z,615,,,1,,,REJECT,UNCLASSIFIED,33716
Fep6BXVM6hh5Zey3TkNjKwxa7LpkwdK6qWGSdSoMpump,NOVA,0,REJECT,thin_liquidity,0,2026-09-23T14:29:54.000Z,2026-09-23T14:42:15.186Z,741,,,1,,,REJECT,UNCLASSIFIED,9
FAkyTGdNTvS4s3JM9sRe7nfrpXDScLS9P6fSqq9Dpump,Fund,1,WATCH,thin_liquidity,0.16,2026-09-23T14:35:24.000Z,2026-09-23T14:48:15.195Z,771,2026-09-23T14:45:32Z,pumpswap,0,10.13,after,REJECT,UNCLASSIFIED,13376
CSCF9gUpm3Z2mg6xiK2GXTfEdKgxPbaeU7XiJ3Mr3zPB,CX,1,WATCH,thin_liquidity,0.35,2026-09-23T15:00:35.000Z,2026-09-23T15:02:45.220Z,130,2026-09-23T15:00:35Z,pumpswap,0,0.0,after,PASS,UNCLASSIFIED,18008
N5JfeXmp6xTfFGNa4ps7pCfwRK9vVry3qvL4co5pump,USDF,0,REJECT,,0.29,2026-09-23T15:03:04.000Z,2026-09-23T15:15:10.308Z,726,,,1,,,REJECT,UNCLASSIFIED,229103
qbYsjPLtdmdrq1vNusQfwX3JipvkUXYZKtmMjoYpump,VSOF,1,PASS,,0.36,2026-09-23T15:04:20.000Z,2026-09-23T15:16:20.156Z,720,2026-09-23T15:04:20Z,pumpswap,0,0.0,after,REJECT,UNCLASSIFIED,229111
6gQUernHZB6SLZ641fXSuarDCq63f6epHkaENUW8pump,musehood,0,REJECT,thin_liquidity,0.14,2026-09-23T15:03:42.000Z,2026-09-23T15:16:35.157Z,773,2026-09-23T15:03:42Z,pumpswap,0,0.0,after,REJECT,UNCLASSIFIED,32002
eoJFza63Pcw2WxQtsHby2c4fqnfYJFiEVdyeqHFpump,AROS,0,REJECT,,0.24,2026-09-23T15:04:40.000Z,2026-09-23T15:16:50.157Z,730,,,1,,,REJECT,UNCLASSIFIED,229285
RcbrDUiPHBXP1sXDpTGHexgTB6FSkFyByjxZwSWpump,₽,1,WATCH,sell_pressure,0.25,2026-09-23T15:06:06.000Z,2026-09-23T15:18:50.161Z,764,,,1,,,REJECT,UNCLASSIFIED,22324
6UTbkm2gv6sG6doQKERtgpnUupwhKN3DyVHyYzWfSTNK,OCC,1,WATCH,sell_pressure,0.27,2026-09-23T15:07:23.000Z,2026-09-23T15:18:50.161Z,687,,,1,,,PASS,UNCLASSIFIED,15300
6kkihk2DGE6LjpQkJyqWPvkhurPuRgvmUu4ZaHFyySwU,Berry,1,WATCH,wallet_concentration,0.43,2026-09-23T15:11:01.000Z,2026-09-23T15:21:50.166Z,649,2026-09-23T15:11:01Z,raydium,0,0.0,after,REJECT,UNCLASSIFIED,24985
D7w8owCGnhpUohkaRnq76rnC4RDE9QuVsGVXx5papump,KEN,1,WATCH,thin_liquidity,0.39,2026-09-23T15:15:18.000Z,2026-09-23T15:26:50.176Z,692,2026-09-23T15:15:21Z,pumpswap,0,0.05,after,REJECT,UNCLASSIFIED,28359
FCP7AaPtanrWKcUfUXjqVhxFgPDoLVWiUYcVizMAKAd2,ARENA,1,WATCH,thin_liquidity,0.39,2026-09-23T15:23:09.000Z,2026-09-23T15:32:35.186Z,566,2026-09-23T15:23:09Z,raydium,0,0.0,after,PASS,UNCLASSIFIED,28446
338pB21eL9EX7gFP3gJWe9okCDF5BSKRxVa9xs4spump,SATURNCAT,1,WATCH,thin_liquidity,0.22,2026-09-23T15:23:11.000Z,2026-09-23T15:34:35.189Z,684,2026-09-23T15:23:11Z,pumpswap,0,0.0,after,REJECT,UNCLASSIFIED,28899
ARTEvs8XSpVJRYPVHuTZz4bEJwfpNVVzgKbrfyWMtXuB,AURACAT,1,WATCH,thin_liquidity,0,2026-09-23T15:41:39.000Z,2026-09-23T15:54:25.582Z,767,2026-09-23T15:44:02Z,pumpswap,0,2.38,after,PASS,UNCLASSIFIED,26673
HkGb5tFhYay7HrGWaikw1ykFtcd1zTNgVgPfcwE1pump,LOOONGINU,0,REJECT,thin_liquidity,0.36,2026-09-23T15:41:41.000Z,2026-09-23T15:54:25.582Z,765,2026-09-23T15:42:03Z,pumpswap,0,0.37,after,REJECT,UNCLASSIFIED,2701
d9HSkRhbVEeUxFgFxoU8bwz59U7WS8XUzF9eVc3pump,VSOF,0,REJECT,,0.35,2026-09-23T15:42:04.000Z,2026-09-23T15:54:40.582Z,757,,,1,,,REJECT,UNCLASSIFIED,304378
84TgGLh8Pgm9R9YYnmjD5Z18cy2gDUkjTr7B8Zjfpump,JEANDICK,1,WATCH,thin_liquidity,0.11,2026-09-23T16:02:42.000Z,2026-09-23T16:11:40.612Z,539,2026-09-23T16:02:42Z,pumpswap,0,0.0,after,REJECT,UNCLASSIFIED,37044
FjapQEucYhJj4DS91AW3nLTNgrEpwozLVdbcjxQ9rZCn,SCAR,1,WATCH,thin_liquidity,0.13,2026-09-23T16:06:43.000Z,2026-09-23T16:11:55.612Z,313,2026-09-23T16:06:43Z,raydium,0,0.0,after,REJECT,UNCLASSIFIED,22007
EWdtpa8SAWoY64w7eeGseBxxNZgjV7FbfmzG5LCATr9C,CORGI,1,WATCH,wallet_concentration,0.38,2026-09-23T16:06:54.000Z,2026-09-23T16:19:10.624Z,737,2026-09-23T16:18:11Z,pumpswap,0,11.28,after,REJECT,UNCLASSIFIED,17248
AEVjdvYXXDRBSkt4V7HJ8oL8qVSG3quWCTHvQ7LApump,BUBL,1,WATCH,thin_liquidity,0.05,2026-09-23T16:15:48.000Z,2026-09-23T16:19:40.626Z,233,2026-09-23T16:15:48Z,pumpswap,0,0.0,after,REJECT,UNCLASSIFIED,17119
BTzHfjKZnPpNaojtNs38eKReNssZM5LEbRrdK5ZrVyN7,SGO,1,WATCH,sell_pressure,0.08,2026-09-23T16:18:55.000Z,2026-09-23T16:20:55.628Z,121,2026-09-23T16:18:55Z,raydium,0,0.0,after,PASS,UNCLASSIFIED,26399
Cav8WzBM3DpyT2kF9fLXcjpno4eVTAyLRCjWY4T8pump,BURRITO,1,WATCH,sell_pressure,0.08,2026-09-23T16:26:42.000Z,2026-09-23T16:28:55.641Z,134,,,1,,,REJECT,UNCLASSIFIED,27602
AYzPaB96giPT8WyzQhjjaVo8zazh3ECQpr3CXADapump,BLUFCAT,1,WATCH,thin_liquidity,0.11,2026-09-23T16:19:26.000Z,2026-09-23T16:30:55.644Z,690,,,1,,,REJECT,UNCLASSIFIED,35500
F4z3aJrGvg3YVzhTymRkyszpbf3RZk2dfubv2pZrWsdr,THERANOS,1,WATCH,thin_liquidity,0.28,2026-09-23T16:31:17.000Z,2026-09-23T16:41:48.814Z,632,2026-09-23T16:31:17Z,raydium,0,0.0,after,PASS,UNCLASSIFIED,16569
774EtztiMf6Je8HQPhcioNCbv4sXVsp33FJVKGygpump,BLEHJAK,1,WATCH,thin_liquidity,0.17,2026-09-23T16:35:42.000Z,2026-09-23T16:45:03.820Z,562,2026-09-23T16:35:42Z,pumpswap,0,0.0,after,PASS,UNCLASSIFIED,44299
C9hWnX8FYMY6n5D1qCLu9STtNkqvVFe2Vv7dHc9Dpump,SSI,0,REJECT,sell_pressure,0.15,2026-09-23T16:38:03.000Z,2026-09-23T16:50:57.300Z,774,,,1,,,REJECT,UNCLASSIFIED,2510
2ekqDh2VNP5mfMUh7fngof1APUBmkAsJJATmDZBapump,EPEP,1,WATCH,thin_liquidity,0.11,2026-09-23T16:45:12.000Z,2026-09-23T16:54:57.755Z,586,2026-09-23T16:45:12Z,pumpswap,0,0.0,after,REJECT,UNCLASSIFIED,35683
Gsh8GRvjrwH2FtNSFJtEudBGN1dhsaCcsYaZ2N4gpump,PERCOLATE,1,WATCH,thin_liquidity,0.31,2026-09-23T16:49:41.000Z,2026-09-23T16:59:27.764Z,587,2026-09-23T16:58:28Z,pumpswap,0,8.78,after,PASS,UNCLASSIFIED,16873
FiRUHpAccfya9TnwuvETBNJ9CWR8byTiViHK1bvbKpay,PAY,0,REJECT,sell_pressure,0.06,2026-09-23T17:03:11.000Z,2026-09-23T17:10:42.783Z,452,2026-09-23T17:03:11Z,pumpswap,0,0.0,after,REJECT,UNCLASSIFIED,4705
APbkdxwsZRs5ZWsJjw3X1RPxdgqW2g37t7WJuFwLpump,ALI,0,REJECT,thin_liquidity,0.21,2026-09-23T17:11:25.000Z,2026-09-23T17:16:42.792Z,318,,,1,,,REJECT,UNCLASSIFIED,4
EioN9wGsc9U39XnzFesnd7keSywBcPoJc49NhMpivot,PIVOT,1,WATCH,thin_liquidity,0.31,2026-09-23T17:20:12.000Z,2026-09-23T17:24:57.806Z,286,2026-09-23T17:22:42Z,meteora,0,2.5,after,PASS,UNCLASSIFIED,4585
6AMafHbh34pLa39oDREFvihwZcFje9rDNrErEkabsMsv,‎ inucrypted,1,WATCH,thin_liquidity,0.31,2026-09-23T17:17:52.000Z,2026-09-23T17:25:12.806Z,441,2026-09-23T17:10:38Z,raydium,0,-7.23,after,PASS,UNCLASSIFIED,24611
MadVLQYW7VUzfMdMDHuS3UVgJSNUQGwvobYgYZxpqp6,MADVULT,1,WATCH,thin_liquidity,0,2026-09-23T17:21:44.000Z,2026-09-23T17:25:12.806Z,209,2026-09-23T17:19:31Z,pumpswap,0,-2.22,after,PASS,UNCLASSIFIED,51004
B8RKZ65q2t93SHX62TS8oXPfW2EVG7dbwUZ3RvkYTsng,zPUPS,1,WATCH,thin_liquidity,0.31,2026-09-23T17:24:22.000Z,2026-09-23T17:26:30.778Z,129,2026-09-23T17:24:22Z,raydium,0,0.0,after,PASS,UNCLASSIFIED,17237
3JJU6j1X6gU7aDMo8DX3zDue1wDV2kjvoTRhmcFWSVvA,BURNT,1,WATCH,wallet_concentration,0.47,2026-09-23T17:29:32.000Z,2026-09-23T17:42:01.107Z,749,2026-09-23T17:29:32Z,raydium,0,0.0,after,REJECT,UNCLASSIFIED,22234
9749SX7zr3EAoJfobc4w6WCbNEB6ELCLF9AHT3tvpump,Gemini,0,REJECT,sell_pressure,0.12,2026-09-23T17:32:50.000Z,2026-09-23T17:45:01.111Z,731,,,1,,,REJECT,UNCLASSIFIED,66308
4KCnrhcuZpumJUkwZFL3vyY3FYqsgXqfMiwLFpueWKkH,STARBUCKS,0,REJECT,sell_pressure,0,2026-09-23T17:36:08.000Z,2026-09-23T17:47:01.115Z,653,,,1,,,REJECT,UNCLASSIFIED,4159
2YoxhBGzQCbGWZRyceoEN3VF33mvHq1eP8DoBf31pump,XPAY,0,UNAVAILABLE,AbortError,0,2026-09-23T17:54:42.000Z,2026-09-23T18:06:46.163Z,724,2026-09-23T17:54:42Z,pumpswap,0,0.0,after,REJECT,UNCLASSIFIED,33766
7wsLMVCQFW3XQh6oMbZeqZ1wbZzYGPcbyDswmGxzZ4RL,EGG,1,WATCH,wallet_concentration,0.4,2026-09-23T18:12:42.000Z,2026-09-23T18:20:46.185Z,484,2026-09-23T18:12:42Z,raydium,0,0.0,after,REJECT,UNCLASSIFIED,19202
Hp81cHNxx4kM99F9PS1VgNTHV89xtAM4ZQY1VWTFpump,MMUSK,0,REJECT,sell_pressure,0.13,2026-09-23T18:21:59.000Z,2026-09-23T18:25:16.193Z,197,2026-09-23T18:21:59Z,pumpswap,0,0.0,after,REJECT,UNCLASSIFIED,2498
563JVQQrNwonELv9svhGLQV8nDFoZLYyfmrcEVkiZLFt,MULTIPLEX,1,WATCH,thin_liquidity,0.36,2026-09-23T18:28:16.000Z,2026-09-23T18:35:01.208Z,405,2026-09-23T18:28:16Z,pumpswap,0,0.0,after,PASS,UNCLASSIFIED,13748
G8vXA8zj9kd99ZLjSqyFLKzB3MLxUp5GNR7nMMMuzpad,zpad,1,WATCH,thin_liquidity,0.31,2026-09-23T18:30:58.000Z,2026-09-23T18:43:31.223Z,753,2026-09-23T18:31:02Z,pumpswap,0,0.07,after,PASS,UNCLASSIFIED,33825
8EHyEUnxkBt2NgoYeVYckuWVq3Rruzm2cD9k1BPVpump,MGOAT,0,REJECT,thin_liquidity,0.28,2026-09-23T18:31:26.000Z,2026-09-23T18:43:46.223Z,740,,,1,,,REJECT,UNCLASSIFIED,8
CjkD1qwNPVP9VKshVn2BzqxiPtmdSnwA8SNV9HJBpump,FXFUN,0,REJECT,sell_pressure,0.27,2026-09-23T18:35:40.000Z,2026-09-23T18:48:16.230Z,756,2026-09-23T18:43:31Z,pumpswap,0,7.85,after,REJECT,UNCLASSIFIED,13232
FTvLA2Z7K5QV4fJ5xai4QBYhKNAcGa4eSWfVAh2aoqgy,Quads,0,REJECT,sell_pressure,0.15,2026-09-23T18:40:17.000Z,2026-09-23T18:50:16.234Z,599,2026-09-23T18:40:46Z,pumpswap,0,0.48,after,REJECT,UNCLASSIFIED,4140
DDgVG9dqayVvYwCqetK4N75KEAj4YT19VodKbrXpump,Robinhood,0,REJECT,sell_pressure,0.33,2026-09-23T18:41:13.000Z,2026-09-23T18:54:01.244Z,768,,,1,,,REJECT,UNCLASSIFIED,4154
GkFYvftYw69G5KGWxW83UDzC1uMuUdBH7mHQFLjJpump,GitPaid,0,REJECT,sell_pressure,0.14,2026-09-23T18:43:56.000Z,2026-09-23T18:56:16.252Z,740,2026-09-23T18:44:19Z,pumpswap,0,0.38,after,REJECT,UNCLASSIFIED,4351
ttGGMweBRAYecsecJ9RMfCAt7zjDu8KzWTSq6J6pump,₽,0,REJECT,sell_pressure,0.25,2026-09-23T18:46:11.000Z,2026-09-23T18:58:31.256Z,740,,,1,,,REJECT,UNCLASSIFIED,47970
75u6gWEX2T2NasVk9xnUaMHvxJ2VcLeYy6NunqXmpump,fomoomen,0,REJECT,sell_pressure,0.14,2026-09-23T18:53:35.000Z,2026-09-23T19:00:01.259Z,386,2026-09-23T18:53:35Z,pumpswap,0,0.0,after,REJECT,UNCLASSIFIED,2707
334U95VK1Ygwijrrwgq1Bde321YgZ4NcqMpabgm1oiHx,ZEZIMA,1,WATCH,sell_pressure,0.38,2026-09-23T18:55:00.000Z,2026-09-23T19:01:46.264Z,406,2026-09-23T18:55:00Z,raydium,0,0.0,after,REJECT,UNCLASSIFIED,14961
6bt4RkPnDYDD3C8CdsGKMP4PZWzVed7yBq4jkXcipump,HYPERCAT,1,WATCH,thin_liquidity,0.29,2026-09-23T19:09:24.000Z,2026-09-23T19:19:01.294Z,577,,,1,,,REJECT,UNCLASSIFIED,41811
GJjgch9BuNUn1g3FJhxsRnjxjeXiGi2hFcicgfF5pC6o,CATGTGTATCGCATGTT,1,WATCH,sell_pressure,0.25,2026-09-23T19:11:24.000Z,2026-09-23T19:19:01.294Z,457,2026-09-23T19:11:24Z,raydium,0,0.0,after,REJECT,UNCLASSIFIED,7367
9CcbKHUonSCzVkhHij3uy8zJEsTCfqXBHFMQMcj5pump,TRIAL,0,REJECT,sell_pressure,0.19,2026-09-23T19:14:54.000Z,2026-09-23T19:21:31.298Z,397,2026-09-23T19:20:42Z,pumpswap,0,5.8,after,REJECT,UNCLASSIFIED,9210
GmvACXVTuPemJ61tsAT7utpvUyi9kDXvaEBehEdkHGwT,HOWL,0,REJECT,sell_pressure,0.26,2026-09-23T19:15:35.000Z,2026-09-23T19:28:01.309Z,746,2026-09-23T19:15:35Z,raydium,0,0.0,after,REJECT,UNCLASSIFIED,7863
XQ5fTEexDabGcYypRNy13jRB4zunrfon1JA48oHpump,AROS,0,REJECT,,0.36,2026-09-23T19:20:03.000Z,2026-09-23T19:30:16.312Z,613,,,1,,,REJECT,UNCLASSIFIED,194014
CcgYuS4Wv5GDNDaJNhEarXYVh3mtGDFhYqDUCztB1v8A,MICKEY,0,REJECT,,0.3,2026-09-23T19:23:23.000Z,2026-09-23T19:33:16.317Z,593,,,1,,,REJECT,UNCLASSIFIED,60930
2FarsHaxNPpJN7Xpa86VHqExFmn9NnqHFRyXCuC3kcGk,CURVEX,1,WATCH,thin_liquidity,0.35,2026-09-23T19:27:15.000Z,2026-09-23T19:39:46.329Z,751,2026-09-23T19:25:51Z,pumpswap,0,-1.4,after,PASS,UNCLASSIFIED,19048
2tc4QBfE5KSngZ9qdKuEYLudL4YJD6vanH5DtrrDpump,AFTERIMAGE,0,REJECT,sell_pressure,0.15,2026-09-23T19:34:56.000Z,2026-09-23T19:40:31.330Z,335,2026-09-23T19:35:00Z,pumpswap,0,0.07,after,PASS,UNCLASSIFIED,43151
Cn8JM82ianFrirk4FdeJMEuwCpmDR7PNUPDSgzsqgkV1,AI,0,REJECT,thin_liquidity,0.21,2026-09-23T19:35:03.000Z,2026-09-23T19:47:16.341Z,733,,,1,,,REJECT,UNCLASSIFIED,3
6iRv823Gc4UiiwAvKAydpTj9LVxGN1pWDhThAzKipump,AC714,0,REJECT,sell_pressure,0,2026-09-23T19:38:16.000Z,2026-09-23T19:49:16.344Z,660,2026-09-23T19:39:44Z,pumpswap,0,1.47,after,REJECT,UNCLASSIFIED,2548
B5Xoug16qSaiCcmroqne6TtnSzminwG95vyQkVVVpump,Meta,0,REJECT,sell_pressure,0.22,2026-09-23T19:46:47.000Z,2026-09-23T19:51:46.361Z,299,,,1,,,REJECT,UNCLASSIFIED,66637
Anx4cKYhXrtMzxVb2QJo1Wi2te1RKodpAzN5p3DsSTNK,PokeDollar,0,REJECT,sell_pressure,0.31,2026-09-23T19:50:25.000Z,2026-09-23T20:01:01.376Z,636,2026-09-23T19:50:25Z,raydium,0,0.0,after,REJECT,UNCLASSIFIED,9856
9eHenruynfnYqQTYATcURQbDRVLEeo6QC2wfSw4gpump,BLOC,1,WATCH,sell_pressure,0.34,2026-09-23T20:00:05.000Z,2026-09-23T20:09:46.390Z,581,,,1,,,REJECT,UNCLASSIFIED,9639
GQ3WYJChZENNQixjihaa2mMQXzWQYzFJH1oHX6NNpump,Xclusive,1,WATCH,thin_liquidity,0.38,2026-09-23T20:19:03.000Z,2026-09-23T20:21:16.417Z,133,,,1,,,REJECT,UNCLASSIFIED,17261
FYayBW6PMhzuNUVTJSr4ruk66p1nVhJ3bSmYueMr1ZMS,NightTrader,1,WATCH,thin_liquidity,0.34,2026-09-23T20:17:13.000Z,2026-09-23T20:26:16.447Z,543,2026-09-23T20:16:33Z,raydium,0,-0.67,after,PASS,UNCLASSIFIED,37287
f1ippXecgRpYmsZt6uVRwJJKiBKjN579sVRHsAg2RR3,FLIP,1,WATCH,thin_liquidity,0.28,2026-09-23T20:21:54.000Z,2026-09-23T20:26:16.447Z,262,2026-09-23T20:21:55Z,pumpswap,0,0.02,after,REJECT,UNCLASSIFIED,18485
5nQhjm5FuveEQuKsQtewTBZPSVXqbWhw1A6HEojf6JCi,Crypt,1,WATCH,thin_liquidity,0.36,2026-09-23T20:18:52.000Z,2026-09-23T20:29:46.453Z,654,2026-09-23T20:18:52Z,raydium,0,0.0,after,REJECT,UNCLASSIFIED,15599
9yyxC9AtYxuijVrVfZjoYY2m3fRDuyYYF1VmKzRp9joC,BOB,1,WATCH,thin_liquidity,0.35,2026-09-23T20:34:53.000Z,2026-09-23T20:37:01.466Z,128,2026-09-23T20:34:53Z,pumpswap,0,0.0,after,PASS,UNCLASSIFIED,18330
2YPWT4QK1Why57mxBZGwBAFckBC4nLwEAL2t6CcCQtvw,FCAT,1,WATCH,thin_liquidity,0.42,2026-09-23T20:30:40.000Z,2026-09-23T20:37:46.467Z,426,2026-09-23T20:30:40Z,raydium,0,0.0,after,PASS,UNCLASSIFIED,26437
9GJQgnwKZL6oqsPcLmSohBb61w6cdj629b1RFhWvUe7j,RICH,1,WATCH,thin_liquidity,0.32,2026-09-23T20:30:42.000Z,2026-09-23T20:37:46.467Z,424,2026-09-23T20:30:42Z,raydium,0,0.0,after,REJECT,UNCLASSIFIED,11954
DoqY9DZPnP11ptofS2jX5EZSnq6Cvt1mSzw1XJscwGUK,up,1,WATCH,thin_liquidity,0.35,2026-09-23T20:30:41.000Z,2026-09-23T20:38:46.469Z,485,,,1,,,REJECT,UNCLASSIFIED,8503
4JPBtY1FSkrggWbYurfyWBYEDHPQonMjhkjLpmjQpump,INUINVEST,0,UNAVAILABLE,AbortError,0,2026-09-23T20:43:18.000Z,2026-09-23T20:55:56.308Z,758,2026-09-23T20:43:18Z,pumpswap,0,0.0,after,PASS,UNCLASSIFIED,31329
FLyzixQCC1osJxi3uhQAntuKvgDZ1pUAiDEobi8z9MNL,MANLETS,1,WATCH,sell_pressure,0.39,2026-09-23T20:55:22.000Z,2026-09-23T21:06:11.325Z,649,2026-09-23T21:05:35Z,pumpswap,0,10.22,after,REJECT,UNCLASSIFIED,19879
CBmtsJFQHfxsoGVD8tj5baBEb1mhJDGf7dbjLoo5pump,$XD,1,WATCH,thin_liquidity,0.31,2026-09-23T21:01:01.000Z,2026-09-23T21:12:56.337Z,715,2026-09-23T21:02:22Z,pumpswap,0,1.35,after,REJECT,UNCLASSIFIED,18657
DtYzXe9cR6b6ExReMCn5yHzvbS4nUQZ1GkBQDqQoSTNK,C𝕏,1,WATCH,thin_liquidity,0.37,2026-09-23T21:03:31.000Z,2026-09-23T21:15:11.340Z,700,2026-09-23T21:00:31Z,raydium,0,-3.0,after,PASS,UNCLASSIFIED,41576
CaCu3hzyokAEN2LhfMt4TZARpwdPjxtXZSAWeuzHn3v2,STOCKED,1,WATCH,thin_liquidity,0.22,2026-09-23T21:23:22.000Z,2026-09-23T21:25:26.357Z,124,2026-09-23T21:14:06Z,raydium,0,-9.27,after,PASS,UNCLASSIFIED,32703
7P1UwwN2HmMrBuXgiN1VPruLY7rsWmK6QHZ9bAoSpump,FOMO,1,WATCH,thin_liquidity,0.33,2026-09-23T21:27:43.000Z,2026-09-23T21:30:58.445Z,195,2026-09-23T21:27:43Z,pumpswap,0,0.0,after,REJECT,UNCLASSIFIED,23057
64FityyBGWXC1Rc89kBRT8dNEwrXCskGBCnfGy3Mpump,FomoGame,0,REJECT,thin_liquidity,0.25,2026-09-23T21:26:17.000Z,2026-09-23T21:35:25.729Z,549,2026-09-23T21:26:17Z,pumpswap,0,0.0,after,PASS,UNCLASSIFIED,54146
cTYVNt6ZdKcbMWJCJUuUhUsnKLnVdVMz1QDC3DKpump,MIM,0,REJECT,sell_pressure,0.3,2026-09-23T21:33:00.000Z,2026-09-23T21:45:55.748Z,776,,,1,,,REJECT,UNCLASSIFIED,54922
5FKQphSSXG3EAi3jsMVFFZf5HXFpb7uVXYeovBiwpump,FOMOCAT,0,REJECT,sell_pressure,0.19,2026-09-23T21:34:15.000Z,2026-09-23T21:46:10.748Z,716,,,1,,,REJECT,UNCLASSIFIED,67314
2JuiHiMwEfnswvETmxcMYCLk9QJUEBbFA3Vu9riNxn4T,EYE,1,WATCH,wallet_concentration,0.39,2026-09-23T21:38:10.000Z,2026-09-23T21:48:10.752Z,601,2026-09-23T21:38:10Z,raydium,0,0.0,after,PASS,UNCLASSIFIED,19539
5UuR1nC4Ajn7AXL8mGBeJz6xHPJ2L6YK1J1jPrR1pump,$CAT$,1,WATCH,thin_liquidity,0.14,2026-09-23T21:40:18.000Z,2026-09-23T21:52:25.759Z,728,,,1,,,REJECT,UNCLASSIFIED,95
Cid1om9uBjknK8sBmpbYyft7B9GrNK5HmSL4yC6Upump,fomotemple,1,WATCH,thin_liquidity,0.22,2026-09-23T22:03:32.000Z,2026-09-23T22:12:00.687Z,509,2026-09-23T22:03:32Z,pumpswap,0,0.0,after,REJECT,UNCLASSIFIED,31122
C7bMjUcykZiHohJnMEsRvWucifiCukfyRGQmXvKPpump,PERIWINKLE,1,WATCH,thin_liquidity,0.26,2026-09-23T22:13:07.000Z,2026-09-23T22:15:11.744Z,125,,,1,,,PASS,UNCLASSIFIED,37175
AyYcWNth3J17nQy611iHNvQ4Ue9VyDswveBn5ou4pump,Agripepe,1,WATCH,thin_liquidity,0.3,2026-09-23T22:25:03.000Z,2026-09-23T22:36:11.784Z,669,2026-09-23T22:25:03Z,pumpswap,0,0.0,after,PASS,UNCLASSIFIED,43000
7HiuKQ7zGZ8uUDYRX1YRiC5ocMcNs2oQ5x3Mjv51pump,FOMOPEPE,0,REJECT,thin_liquidity,0.03,2026-09-23T22:28:37.000Z,2026-09-23T22:41:11.792Z,755,2026-09-23T22:28:37Z,pumpswap,0,0.0,after,REJECT,UNCLASSIFIED,21761
2A7c6qu9vHaefAni6H7KrjHPET1Jzq6KQWeE5gWGpump,MOLTYATT,0,REJECT,thin_liquidity,0,2026-09-23T22:30:52.000Z,2026-09-23T22:42:58.487Z,726,,,1,,,PASS,UNCLASSIFIED,38058
DEWso24xctLthnzDqxTsBDVLHsL28WPyDrDetwzDpump,Robinhood,0,REJECT,sell_pressure,0,2026-09-23T22:39:20.000Z,2026-09-23T22:51:58.745Z,759,2026-09-23T22:39:20Z,pumpswap,0,0.0,after,REJECT,UNCLASSIFIED,64332
HtZUuahkVc59SqtGRGB6ZFkEattCNioBJY3TMDsvpump,KATIMURA,0,REJECT,wallet_concentration,0.26,2026-09-23T22:42:55.000Z,2026-09-23T22:55:50.623Z,776,,,1,,,REJECT,UNCLASSIFIED,2602
7R2aNFQZ2LpG8wvt2WtQpc3NjYCVXPQDnU9qDHGrpump,X,0,REJECT,weak_momentum,0.2,2026-09-23T22:52:45.000Z,2026-09-23T23:05:10.263Z,745,,,1,,,REJECT,UNCLASSIFIED,2151
6HLwNZiLS2upd7su4zjWPtnkiz6aBp29HL36V7Uk3v6R,ELMR,1,WATCH,sell_pressure,0.35,2026-09-23T22:57:41.000Z,2026-09-23T23:10:07.340Z,746,,,1,,,REJECT,UNCLASSIFIED,22819
7e2KT9386re6f9VTWTUq4Q3pPSfYL3TMT55mNwZSZ7mk,Wawaluigi,0,REJECT,thin_liquidity,0.36,2026-09-23T23:09:46.000Z,2026-09-23T23:17:09.483Z,443,,,1,,,REJECT,UNCLASSIFIED,2110
8BUJUQr4SLBqCLch9RqN3US4W2GrqTvNWKu8S9sUpump,FOMOSBS,0,REJECT,sell_pressure,0.26,2026-09-23T23:13:26.000Z,2026-09-23T23:24:32.428Z,666,2026-09-23T23:13:36Z,pumpswap,0,0.17,after,REJECT,UNCLASSIFIED,2538
BCBwLPmYKAMuFkvNZbJ4xfkdFnZ1JFQ4W3sg8Npb88o5,CJ,0,REJECT,sell_pressure,0.13,2026-09-23T23:20:50.000Z,2026-09-23T23:33:17.438Z,747,,,1,,,REJECT,UNCLASSIFIED,2530
HV9fxjmjvrW2c2qvofgnA88fGTeGPbWRBL3wrZMUpump,NTDA,0,REJECT,sell_pressure,0,2026-09-23T23:21:39.000Z,2026-09-23T23:34:17.440Z,758,,,1,,,REJECT,UNCLASSIFIED,489025
2PENPmfgJfq6CG3k4byj4oWwHf8SerqakmYHMkUupump,familiars,1,WATCH,thin_liquidity,0.36,2026-09-23T23:22:54.000Z,2026-09-23T23:35:47.443Z,773,2026-09-23T23:22:54Z,pumpswap,0,0.0,after,PASS,UNCLASSIFIED,27332
4n9fZ9zC1HBgeKEQD7nDKTk5GYatjuCV56WLocTdpump,NYXEN,0,REJECT,thin_liquidity,0.3,2026-09-23T23:24:22.000Z,2026-09-23T23:36:17.444Z,715,2026-09-23T23:24:27Z,pumpswap,0,0.08,after,PASS,UNCLASSIFIED,42481
4FaB2BJQ3QSUswUtXYcgz8PRC7ztJqvTnn8V3TRapump,HORSE,0,REJECT,sell_pressure,0,2026-09-23T23:29:09.000Z,2026-09-23T23:41:47.452Z,758,,,1,,,REJECT,UNCLASSIFIED,1623
EwBsNFPK71M2RVEjwVUqLB3iaWNxykwkif6pXfCDpump,Meta,0,REJECT,sell_pressure,0.14,2026-09-23T23:29:10.000Z,2026-09-23T23:41:47.452Z,757,,,1,,,REJECT,UNCLASSIFIED,74398
7gjnezG3vW1DgtaqSwVqYn79Gmsd1rs8HPzmCnfqhMvz,LYSIOS,0,REJECT,sell_pressure,0.23,2026-09-23T23:31:30.000Z,2026-09-23T23:42:02.453Z,632,2026-09-23T23:33:35Z,pumpswap,0,2.08,after,REJECT,UNCLASSIFIED,3944
3tzkdxJ1qVCaPAuWmd8FjRFKUbwMYpLUAq5gg4Vopump,UNTXD,1,PASS,,0.44,2026-09-23T23:41:49.000Z,2026-09-23T23:52:25.654Z,637,2026-09-23T23:52:03Z,pumpswap,0,10.23,after,PASS,UNCLASSIFIED,18679
74sHNXtVDHZVw4ADktjGFHPzNycV8iHvfHLPp6QZPdT4,GAYMF,1,WATCH,thin_liquidity,0.37,2026-09-23T23:44:57.000Z,2026-09-23T23:55:25.659Z,629,2026-09-23T23:44:57Z,raydium,0,0.0,after,PASS,UNCLASSIFIED,40506
GZ6mcc9hRqgMRMrMnL4W8Y5zmk6T6hj8iNUwxHcYpump,PEPEUP,1,WATCH,thin_liquidity,0.33,2026-09-23T23:47:07.000Z,2026-09-23T23:55:25.659Z,499,2026-09-23T23:47:07Z,pumpswap,0,0.0,after,REJECT,UNCLASSIFIED,19736
H3MfB5wk9zks9CV8GTLDALCG3DWGX2CTyMrPeURgAz4z,GF,0,REJECT,sell_pressure,0.26,2026-09-24T00:03:31.000Z,2026-09-24T00:15:59.898Z,749,2026-09-24T00:03:31Z,raydium,0,0.0,after,REJECT,UNCLASSIFIED,13311
6XsvyGDTSEocfayNcJZEDpjiJFSVNk1ZK9FiZyVBpump,hsinju,0,REJECT,sell_pressure,0.16,2026-09-24T00:07:56.000Z,2026-09-24T00:19:44.904Z,709,2026-09-24T00:07:56Z,pumpswap,0,0.0,after,REJECT,UNCLASSIFIED,9513
Hc7zFXMbe6RVhHhoUe82kap1iCjVHPXHxAYfs5frpump,poopepe,0,REJECT,sell_pressure,0.16,2026-09-24T00:15:18.000Z,2026-09-24T00:23:59.911Z,522,2026-09-24T00:15:18Z,pumpswap,0,0.0,after,PASS,UNCLASSIFIED,42769
B2J1abkD18a5VrP2yc8XbJQ5BGDXwsRu9vWAjM1piEv8,Computer,1,WATCH,thin_liquidity,0.35,2026-09-24T00:17:14.000Z,2026-09-24T00:24:29.911Z,436,2026-09-24T00:21:20Z,pumpswap,0,4.1,after,PASS,UNCLASSIFIED,27712
HGbxpmnYvjdm9HW2GA6YuC4kShC1d52WCcGJDLvzRg9C,Computer,0,REJECT,sell_pressure,0,2026-09-24T00:13:42.000Z,2026-09-24T00:24:59.912Z,678,2026-09-24T00:16:48Z,pumpswap,0,3.1,after,REJECT,UNCLASSIFIED,6641
26z79ck4mfp89w3ja7XrndAshnPRbrmtmBr4hfGApump,PIXELS,1,WATCH,weak_momentum,0.36,2026-09-24T00:32:12.000Z,2026-09-24T00:39:44.935Z,453,2026-09-24T00:32:12Z,pumpswap,0,0.0,after,PASS,UNCLASSIFIED,37872
DKn18akYXxZDdyBULow8rEvzp6dXMBBA3BpaVQit3mdP,SCWITCH,0,REJECT,,0.2,2026-09-24T00:35:21.000Z,2026-09-24T00:47:44.948Z,744,,,1,,,REJECT,UNCLASSIFIED,2071
HbUv2JzveHtubm2MuQhkECqmdajxg2UyvdtxpB8QcY85,銀週,0,REJECT,sell_pressure,0.18,2026-09-24T00:46:05.000Z,2026-09-24T00:58:44.967Z,760,,,1,,,REJECT,UNCLASSIFIED,2117
14DAr4Gs7obudwi7JtQmEu7pDaCPTx5SELJFbcJadYtv,Holy Rugg,0,REJECT,,0.25,2026-09-24T00:50:51.000Z,2026-09-24T01:03:14.974Z,744,,,1,,,REJECT,UNCLASSIFIED,74806
7WrA2qXv5p6WAT7JBWGm74UjGv7u3v41stJwP4KUpump,TICKER,0,REJECT,sell_pressure,0.16,2026-09-24T00:53:53.000Z,2026-09-24T01:05:59.979Z,727,2026-09-24T00:54:04Z,pumpswap,0,0.18,after,PASS,UNCLASSIFIED,25952
DWz7Sf1GnoEvURopQFPGcq3EaVpGVxVSihqeehYopump,familiars,0,REJECT,sell_pressure,0.24,2026-09-24T00:55:43.000Z,2026-09-24T01:07:44.981Z,722,,,1,,,REJECT,UNCLASSIFIED,15672
GaJH2YnEL9Tez7WjWVus68yBm9pgibmaFB7jzp8FbFrU,MUSEINU,0,REJECT,sell_pressure,0.1,2026-09-24T01:24:23.000Z,2026-09-24T01:28:30.015Z,247,2026-09-24T01:18:33Z,raydium,0,-5.83,after,REJECT,UNCLASSIFIED,12094
AitkCAt1CKd89oFEKC9wFDjopy9x4hGXhu6dsT6ypump,TradeTeeth,1,WATCH,sell_pressure,0.29,2026-09-24T01:26:24.000Z,2026-09-24T01:35:15.032Z,531,2026-09-24T01:26:24Z,pumpswap,0,0.0,after,PASS,UNCLASSIFIED,59639
7SVe1ELCmEdpDkYnNzUAr3nJqJuztBVRhr8kRVvDpump,drift,1,WATCH,thin_liquidity,0.12,2026-09-24T01:33:03.000Z,2026-09-24T01:35:15.032Z,132,,,1,,,PASS,UNCLASSIFIED,23592
AgdKBzjAnJsKeXZir8XZgqcRDALRw7jyTCDLFypK7X1Y,SSM6900,1,WATCH,sell_pressure,0.29,2026-09-24T01:35:45.000Z,2026-09-24T01:46:00.049Z,615,2026-09-24T01:35:45Z,raydium,0,0.0,after,PASS,UNCLASSIFIED,19252
UpBBfyC75u3kxDGWmmmW2yauk9YY3CqZhdt1KUDkids,SHARTCOIN,1,WATCH,,0.24,2026-09-24T01:36:21.000Z,2026-09-24T01:47:15.051Z,654,2026-09-24T01:34:29Z,raydium,0,-1.87,after,PASS,UNCLASSIFIED,335285
9wYcfZYT7RcTfPAgT9LYPFLc1H7jRrgaHDCvNyaApump,THING,0,REJECT,sell_pressure,0,2026-09-24T01:38:18.000Z,2026-09-24T01:51:00.057Z,762,,,1,,,REJECT,UNCLASSIFIED,2266
9VB2bPWT3gStPJd8F7nk8kJcQtNX7EyPD3CfUXTCaSvk,JOPLIN,0,REJECT,sell_pressure,0.15,2026-09-24T01:41:20.000Z,2026-09-24T01:54:15.063Z,775,,,1,,,REJECT,UNCLASSIFIED,4321
J8xTWu6rqCbxpnGjX6GuzSCJ1Su9hPxi5wiGisjtP22K,up,1,WATCH,sell_pressure,0.33,2026-09-24T01:44:21.000Z,2026-09-24T01:54:15.063Z,594,2026-09-24T01:40:56Z,pumpswap,0,-3.42,after,PASS,UNCLASSIFIED,48239
B63yDy5KfvYMXiZ1JVoLJcz9t73rAqr7QDopGPDG1Xy1,sink,1,WATCH,,0.22,2026-09-24T02:20:51.000Z,2026-09-24T02:30:15.122Z,564,2026-09-24T02:20:51Z,raydium,0,0.0,after,REJECT,UNCLASSIFIED,10574
9rb2he5QW4ukwGnE6HMCGDxuyfUdkRoWok5VuK4weeun,GrokAI,1,WATCH,weak_momentum,0.38,2026-09-24T02:28:54.000Z,2026-09-24T02:40:15.139Z,681,2026-09-24T02:39:31Z,pumpswap,0,10.62,after,REJECT,UNCLASSIFIED,16575
Arjt82Pre54RwdUMfsd9mwpE64Thf1bf3euRinA6pump,ACTSMUSE,1,PASS,,0.48,2026-09-24T02:38:25.000Z,2026-09-24T02:40:30.139Z,125,2026-09-24T02:38:25Z,pumpswap,0,0.0,after,REJECT,UNCLASSIFIED,19884
DeQF51ZPtvehcVLKtzQgvisKwgQyAVheda5AprBfpump,Meta,1,WATCH,,0.24,2026-09-24T03:07:18.000Z,2026-09-24T03:09:30.219Z,132,,,1,,,REJECT,UNCLASSIFIED,56423
EXDT6GJ6a4vUMYp4iG7mV19wE4C5jWHjX86zSt2epump,Muse,0,REJECT,,0.1,2026-09-24T03:11:16.000Z,2026-09-24T03:23:15.242Z,719,,,1,,,REJECT,UNCLASSIFIED,62560
5AdxyYxVQbfpsk9BRKkFCw5CGhh31GqBhGifssaGpump,$DGEM,0,REJECT,thin_liquidity,0.21,2026-09-24T03:19:36.000Z,2026-09-24T03:31:45.256Z,729,,,1,,,REJECT,UNCLASSIFIED,2
ghyn8F9tAAvYxJigTMNowYKfZpdFqWbuftfCKP3pump,CNN,0,REJECT,thin_liquidity,0.2,2026-09-24T03:20:06.000Z,2026-09-24T03:32:30.257Z,744,,,1,,,REJECT,UNCLASSIFIED,2076
B4cqDdBWDf6hgy1rma8u4JpoTnoycDQyg33aR48mfFvE,RUNE,1,WATCH,weak_momentum,0.33,2026-09-24T03:51:14.000Z,2026-09-24T03:54:00.294Z,166,2026-09-24T03:51:14Z,raydium,0,0.0,after,REJECT,UNCLASSIFIED,18115
HsM7uGQsw2FVBRKaGHbnh9EgFqiXHu6sNnfG7QAkpump,AROS,0,REJECT,,0.37,2026-09-24T04:16:17.000Z,2026-09-24T04:29:15.374Z,778,,,1,,,REJECT,UNCLASSIFIED,475805
5ZzEAJ8ifwhxu6UY1JUvFFmeievQxHhkEQjPLrQupump,pussy,1,WATCH,thin_liquidity,0.3,2026-09-24T04:23:08.000Z,2026-09-24T04:36:00.404Z,772,,,1,,,PASS,UNCLASSIFIED,30758
4avvsHkpZAfAMmTDRiEHRsuhU4c2oWVgpazYKCykgeHz,MrLeast,0,REJECT,sell_pressure,0.23,2026-09-24T04:36:48.000Z,2026-09-24T04:46:15.421Z,567,2026-09-24T04:36:48Z,pumpswap,0,0.0,after,REJECT,UNCLASSIFIED,9487
BDKC1AV3saXrN8jKnWB2TTQmDD6z8CFdY55ku7eAfunk,FUNKOS,1,WATCH,thin_liquidity,0.33,2026-09-24T04:44:42.000Z,2026-09-24T04:53:15.433Z,513,2026-09-24T04:52:35Z,pumpswap,0,7.88,after,PASS,UNCLASSIFIED,19788
GdZboFTPqc6Qtbg4BLAY2kuyVkBUxzqHz8BcUcAjwjgo,ERN,1,WATCH,thin_liquidity,0.37,2026-09-24T04:48:42.000Z,2026-09-24T04:57:00.439Z,498,2026-09-24T04:48:42Z,pumpswap,0,0.0,after,REJECT,UNCLASSIFIED,15195
Ga2mC8UReqPTJdyGUAMeHxkKuQxQx4D29HENNVhm6qAz,SIDELINED,1,WATCH,sell_pressure,0.37,2026-09-24T06:06:44.000Z,2026-09-24T06:12:00.605Z,317,2026-09-24T06:06:44Z,raydium,0,0.0,after,REJECT,UNCLASSIFIED,12841
v82dUYzPdhBmSKJx1cyd3FWtJ3eU4aHbyxYAmmRSTNK,SI,1,WATCH,,0.38,2026-09-24T06:06:58.000Z,2026-09-24T06:18:00.615Z,663,2026-09-24T06:06:58Z,raydium,0,0.0,after,PASS,UNCLASSIFIED,14905
7PHFykj3zD4Cy1gerCdU9L44m12jUV6Dc57aCaeApump,GOODS,1,WATCH,thin_liquidity,0.41,2026-09-24T06:22:22.000Z,2026-09-24T06:26:15.629Z,234,2026-09-24T06:22:22Z,pumpswap,0,0.0,after,PASS,UNCLASSIFIED,23314
2r1QzuF3qG3Xq5NTNYG5XkPTsbUF3zWrdTs2JvGHpump,OTC,1,WATCH,,0.4,2026-09-24T06:34:12.000Z,2026-09-24T06:44:30.662Z,619,2026-09-24T06:44:01Z,pumpswap,0,9.82,after,REJECT,UNCLASSIFIED,17479
H5zjmvxftAdCz7EYWw1jeHwJU45NN78yptEZvrsNJMCz,CUMMIES,1,WATCH,,0.33,2026-09-24T06:44:09.000Z,2026-09-24T06:52:00.674Z,472,2026-09-24T06:44:09Z,raydium,0,0.0,after,PASS,UNCLASSIFIED,11137
jzZRZfiptEVdgwpZjrAadQDrfpKUpmSgmjH6SRPpump,SIRJEAN,0,REJECT,sell_pressure,0,2026-09-24T06:54:52.000Z,2026-09-24T07:06:45.699Z,714,,,1,,,REJECT,UNCLASSIFIED,2420
BYSxKqiKSWNZWELRhdvMZqJH6NA9YKBR6L57ZuMPpump,$BITFOOTS,1,WATCH,thin_liquidity,0.45,2026-09-24T06:58:56.000Z,2026-09-24T07:10:15.707Z,680,,,1,,,PASS,UNCLASSIFIED,34747
4GVJiepCery4Lu2xBYH3u7jvMSqZMpgevbDsg3xykEvN,mm,1,WATCH,thin_liquidity,0.42,2026-09-24T06:59:19.000Z,2026-09-24T07:12:15.711Z,777,2026-09-24T07:02:39Z,pumpswap,0,3.33,after,PASS,UNCLASSIFIED,16088
H7iJEyY5wVPb9Gcqc5HE27ZJmVYsnzHHSpaac4Gpump,₽,0,REJECT,sell_pressure,0,2026-09-24T07:01:17.000Z,2026-09-24T07:13:30.713Z,734,,,1,,,REJECT,UNCLASSIFIED,2162
vQGq2KuagJ47HiYmAxiiqke2z7A4eVTEHFDBRX2pump,₽,1,WATCH,,0.42,2026-09-24T07:13:24.000Z,2026-09-24T07:19:15.733Z,352,,,1,,,PASS,UNCLASSIFIED,37624
EfSzVXoeswSDZs5Hq583i44dwemagxW477JaNcNpump,₽,1,PASS,,0.38,2026-09-24T07:13:48.000Z,2026-09-24T07:25:33.643Z,706,,,1,,,REJECT,UNCLASSIFIED,23586
GE5wH9JEFEnszr6iknwcYpH8YTmPYx78Ms3GVpBNpump,GROKIPPA,0,REJECT,sell_pressure,0,2026-09-24T07:27:23.000Z,2026-09-24T07:39:29.519Z,727,,,1,,,REJECT,UNCLASSIFIED,2572
DjYSdWw4V1okEJv1LNphsibMxLuWikn2T3HEnA6Cpump,GROK,0,REJECT,sell_pressure,0.17,2026-09-24T07:33:04.000Z,2026-09-24T07:45:44.528Z,761,,,1,,,REJECT,UNCLASSIFIED,82933
Crd5HaKdDirymgtX8pELd1DDmBeCTmy6ra8YjxCjpump,Spider-Man,0,REJECT,sell_pressure,0,2026-09-24T07:51:11.000Z,2026-09-24T07:53:14.541Z,124,,,1,,,REJECT,UNCLASSIFIED,2320
nBPHs3YG8PvrWYHR8hA26c5viMmiosEruhSLgsgpump,₽,1,WATCH,,0.23,2026-09-24T07:59:09.000Z,2026-09-24T08:04:29.559Z,321,,,1,,,REJECT,UNCLASSIFIED,26784
H65RGwGrruzzpzBNgkrkynzMBFCkaKdPxRAA5Qxdpump,Nike,0,REJECT,sell_pressure,0.16,2026-09-24T08:26:18.000Z,2026-09-24T08:28:29.601Z,132,,,1,,,REJECT,UNCLASSIFIED,60650
4vXJMBFT6rcxNHohy2e4UPXGSv8eYpWRZmEQTqi6uRdg,VISE,1,WATCH,sell_pressure,0.17,2026-09-24T09:00:34.000Z,2026-09-24T09:04:30.665Z,237,2026-09-24T09:00:34Z,pumpswap,0,0.0,after,REJECT,UNCLASSIFIED,19359
5SpfgiuEQuH7svoaUMfXVM1gcrumkz7nG1kJGyVJqEGQ,IshiGo,1,WATCH,sell_pressure,0.38,2026-09-24T09:04:02.000Z,2026-09-24T09:07:15.671Z,194,2026-09-24T09:04:02Z,raydium,0,0.0,after,PASS,UNCLASSIFIED,21047
3xMzpisHf6Cp5PLS1rQ4RUxwA5vMrcL31z2QTDcspump,CRIMSON,1,WATCH,thin_liquidity,0.32,2026-09-24T09:00:18.000Z,2026-09-24T09:10:45.676Z,628,2026-09-24T09:00:18Z,pumpswap,0,0.0,after,REJECT,UNCLASSIFIED,32576
8x7ThHpzMLQMPaCGfqUXk5x7FJGDnLzDERh82jiQpump,$bao,0,REJECT,sell_pressure,0,2026-09-24T09:43:48.000Z,2026-09-24T09:55:45.753Z,718,2026-09-24T09:50:13Z,pumpswap,0,6.42,after,REJECT,UNCLASSIFIED,24
QCihjqhpRt7xtZH4d1LQ8Lq4oxjDiSVcjvLpdcopump,SPX,1,PASS,,0.31,2026-09-24T09:55:12.000Z,2026-09-24T10:07:30.786Z,739,2026-09-24T09:55:12Z,pumpswap,0,0.0,after,REJECT,UNCLASSIFIED,178044
8xtP7TNqK7ND5w7aJjJ1StVzYHqCV98SXdXx6UMspump,TURF,1,WATCH,sell_pressure,0.34,2026-09-24T09:58:15.000Z,2026-09-24T10:09:15.789Z,661,2026-09-24T10:01:25Z,pumpswap,0,3.17,after,PASS,UNCLASSIFIED,26512
HxhhBA5Nq6DmMv2oumGdqeWjbzAyAxPLaRZKEsekpump,BEAST,0,REJECT,sell_pressure,0.25,2026-09-24T10:02:55.000Z,2026-09-24T10:15:15.798Z,741,,,1,,,REJECT,UNCLASSIFIED,64118
MLdXKXUGXoYSDx5pcDWMrCdLP2AyxzxaQd3QvFMpump,PINF,0,REJECT,thin_liquidity,0.35,2026-09-24T10:03:53.000Z,2026-09-24T10:16:00.800Z,728,2026-09-24T10:03:56Z,pumpswap,0,0.05,after,PASS,UNCLASSIFIED,41736
5tWjXeqM5t2cFAdz5SWUh87QudxSTkApsnjsXAPepump,$BITFOOTS,0,REJECT,rug_pattern,0.34,2026-09-24T10:05:01.000Z,2026-09-24T10:17:15.801Z,735,,,1,,,PASS,UNCLASSIFIED,33098
G59zeXWwXMw2bb6UJD1ceELXRhNkLXHkYrtBYBV5agnt,.agent,1,WATCH,thin_liquidity,0.2,2026-09-24T10:08:59.000Z,2026-09-24T10:21:15.808Z,737,2026-09-24T10:14:19Z,pumpswap,0,5.33,after,PASS,UNCLASSIFIED,18156
BcgpyBwFuVDgNivYmBUJAGpjfL3yWVqCmmSSUfDVpump,VISE,1,PASS,,0.32,2026-09-24T10:09:09.000Z,2026-09-24T10:21:15.808Z,727,2026-09-24T10:09:09Z,pumpswap,0,0.0,after,REJECT,UNCLASSIFIED,200623
5dhNeEcxcfPt2hSZkxotaEmAo2zRseaYMx36x1Lupump,STARBUCKS,0,REJECT,sell_pressure,0.07,2026-09-24T10:10:16.000Z,2026-09-24T10:22:30.810Z,735,,,1,,,REJECT,UNCLASSIFIED,29527
nZ9kTJ1fwAKEzG7WgVacuX6RFXd1C1wn7yS3Nbmpump,SPAPE,0,REJECT,sell_pressure,0,2026-09-24T10:20:02.000Z,2026-09-24T10:32:00.826Z,719,2026-09-24T10:20:14Z,pumpswap,0,0.2,after,REJECT,UNCLASSIFIED,3073
spCPNAAmhvXakcEkwEvwLnqTcqJKqbVRwv3tEscpump,ROBIN,1,PASS,,0.38,2026-09-24T10:39:01.000Z,2026-09-24T10:50:45.857Z,705,,,1,,,REJECT,UNCLASSIFIED,237350
CZ9vfeYZKRp1Hwdcf19YejkdVQC6fRketfT4SeUopump,ch,0,REJECT,thin_liquidity,0.04,2026-09-24T11:01:00.000Z,2026-09-24T11:13:30.931Z,751,,,1,,,REJECT,UNCLASSIFIED,4
H9S4HFLuonSsoMaKDpX8g5zBkDYzFKUb2ot2Eutzpump,AROS,1,PASS,,0.35,2026-09-24T11:02:02.000Z,2026-09-24T11:15:00.937Z,779,,,1,,,REJECT,UNCLASSIFIED,482045
CVnJdx6CUXeWQuEw6s58RrX2hfgptT89Pgz7DQrfpump,GOFUNDPUMP,0,REJECT,sell_pressure,0,2026-09-24T11:05:09.000Z,2026-09-24T11:17:15.944Z,727,2026-09-24T11:08:20Z,pumpswap,0,3.18,after,REJECT,UNCLASSIFIED,3282
G2k4fVFk8VmvdF34j53ERsa6SbRqUnv8PPCW556kpump,meow,1,WATCH,,0.32,2026-09-24T11:32:40.000Z,2026-09-24T11:38:45.983Z,366,2026-09-24T11:38:12Z,pumpswap,0,5.53,after,REJECT,UNCLASSIFIED,17201
6fswgkiBvwPBaxvAYFiAE7QrNVn7y3WcjGTdKDBkpump,$BWIZ,0,REJECT,sell_pressure,0.1,2026-09-24T11:34:18.000Z,2026-09-24T11:45:45.995Z,688,,,1,,,REJECT,UNCLASSIFIED,39
EL6wpxkBQNNXPBNmbEWE3SsCrRofnizTbGB9oYuypump,SI,0,REJECT,sell_pressure,0.11,2026-09-24T11:35:07.000Z,2026-09-24T11:47:30.998Z,744,2026-09-24T11:35:07Z,pumpswap,0,0.0,after,REJECT,UNCLASSIFIED,32746
Uafc76M55dC6ZF7Aez76acunWfDLkLRpiMfDQtupump,₽,1,WATCH,,0.51,2026-09-24T11:46:00.000Z,2026-09-24T11:51:01.004Z,301,,,1,,,REJECT,UNCLASSIFIED,22448
39NmRpiXaH6WtWYf4FtK1VJUZ1EdNwRGmBN3HqZMpump,DIAP,0,REJECT,sell_pressure,0,2026-09-24T11:46:00.000Z,2026-09-24T11:51:16.004Z,316,,,1,,,REJECT,UNCLASSIFIED,2433
Dot38917AwYxjjhTtkXYeiAvuTbGg9iYXARDT9AJpump,BLEF,0,REJECT,sell_pressure,0,2026-09-24T11:46:28.000Z,2026-09-24T11:59:01.018Z,753,2026-09-24T11:48:13Z,pumpswap,0,1.75,after,REJECT,UNCLASSIFIED,2841
BszGuLK9RLJ7YHgia55kwcWAuTodx1AwGFLGUcDoxRCK,ape,1,WATCH,thin_liquidity,0.4,2026-09-24T11:56:39.000Z,2026-09-24T12:07:31.038Z,652,2026-09-24T11:56:39Z,raydium,0,0.0,after,REJECT,UNCLASSIFIED,15840
EFW3VwqYPzoc58reVMy2GxEjv78xQ765pQy1JMdBVoB9,PROM,0,REJECT,sell_pressure,0.19,2026-09-24T12:11:50.000Z,2026-09-24T12:22:31.116Z,641,2026-09-24T12:17:49Z,pumpswap,0,5.98,after,PASS,UNCLASSIFIED,26861
FFDCa6WS6VMFa81HSD7cVmLo1hziwZKffPRDBjuapump,FUND,1,WATCH,thin_liquidity,0.34,2026-09-24T12:22:27.000Z,2026-09-24T12:24:31.126Z,124,,,1,,,REJECT,UNCLASSIFIED,15128
3cFqm75R9izaaaDHL3qARSTW9E3b2xYniQ1AZ2ampump,C@T,0,REJECT,sell_pressure,0.18,2026-09-24T12:18:03.000Z,2026-09-24T12:27:46.137Z,583,,,1,,,REJECT,UNCLASSIFIED,19718
8Qp8ivGukxP2BHGRKNQMeVg5PgoLb7awBZhGbnTTfrw2,Alpenglow,1,WATCH,wallet_concentration,0.18,2026-09-24T12:27:40.000Z,2026-09-24T12:29:46.141Z,126,2026-09-24T12:27:40Z,raydium,0,0.0,after,REJECT,UNCLASSIFIED,19156
J4yqaoHpq6VWKSHgnaU6qEM2ncoCCtNAVWxdF77Bpump,Felis,1,WATCH,thin_liquidity,0.42,2026-09-24T12:48:33.000Z,2026-09-24T12:55:46.188Z,433,2026-09-24T12:53:50Z,pumpswap,0,5.28,after,REJECT,UNCLASSIFIED,18450
hycYxx4mSKC1df6EJq18migjZ5sfBY3a2xHYjmhpump,SANDCAT,1,WATCH,,0.28,2026-09-24T12:50:48.000Z,2026-09-24T13:00:01.196Z,553,2026-09-24T12:59:18Z,pumpswap,0,8.5,after,PASS,UNCLASSIFIED,18729
GgHueWh3L2niSL4TcoW8RN7JaQYxXHh1xuamAedU97ct,USELESSCAT,1,WATCH,,0.39,2026-09-24T13:09:52.000Z,2026-09-24T13:14:31.222Z,279,2026-09-24T13:09:52Z,raydium,0,0.0,after,PASS,UNCLASSIFIED,20001
3ousXdMPiGB9qHar5EySvr8PygN79YREcGdjRTT3Bqfz,FOMO,0,REJECT,,0.34,2026-09-24T13:47:08.000Z,2026-09-24T13:59:31.382Z,743,,,1,,,REJECT,UNCLASSIFIED,53111
71i8L7JPk4Rqpn8bp3Hakzp83nL7yWvvxdTCPZ7epump,ULTRA,0,REJECT,thin_liquidity,0.02,2026-09-24T13:49:56.000Z,2026-09-24T14:01:31.386Z,695,2026-09-24T13:56:16Z,pumpswap,0,6.33,after,REJECT,UNCLASSIFIED,69
F3wXXM8Jh55EGNs98cF1cxwkvcRgdhLnDrRBAdr8pump,GROK,0,REJECT,sell_pressure,0,2026-09-24T13:50:21.000Z,2026-09-24T14:03:16.389Z,775,,,1,,,REJECT,UNCLASSIFIED,2085
5tk4jTmVQDfjarP2uGa7Z3PtMAFVsr6n4yA1M8csTznp,WINRAR,0,REJECT,sell_pressure,0.04,2026-09-24T13:54:42.000Z,2026-09-24T14:07:01.396Z,739,2026-09-24T13:55:13Z,pumpswap,0,0.52,after,REJECT,UNCLASSIFIED,6569
X3pB1q5uHuFgkYoPKRGSgr35XXFFWFTNecpsdw3pump,CNN,0,REJECT,sell_pressure,0,2026-09-24T13:58:05.000Z,2026-09-24T14:07:31.396Z,566,,,1,,,REJECT,UNCLASSIFIED,2062
QmgFyzdwhcPRgX9aL2sKCHWXP83V8fZP94S1vjppump,WOFI,1,PASS,,0.22,2026-09-24T14:02:07.000Z,2026-09-24T14:14:46.409Z,759,,,1,,,REJECT,UNCLASSIFIED,238264
HExJd47752Q2Nqm1EpMDrvfPKWdeVtZ3ATh1TukU1tYn,WIRE,0,REJECT,weak_momentum,0.22,2026-09-24T14:06:27.000Z,2026-09-24T14:19:16.417Z,769,2026-09-24T14:06:27Z,raydium,0,0.0,after,PASS,UNCLASSIFIED,16288
7hEoBDSnc8eTWqA9M3x2ZRode1jvyhQeDGiLcmtDpump,JAHDAO,0,REJECT,sell_pressure,0.25,2026-09-24T14:06:35.000Z,2026-09-24T14:19:16.417Z,761,2026-09-24T14:07:11Z,pumpswap,0,0.6,after,REJECT,UNCLASSIFIED,3729
GkHNKou3rmackfSUqco3ar4TNGocMEE1GfE3Np2hpump,WWR,0,REJECT,,0.29,2026-09-24T14:09:04.000Z,2026-09-24T14:21:31.422Z,747,,,1,,,REJECT,UNCLASSIFIED,629750
FwcLA7nFHJW2VVGwvWiXBeyekdx1Gm15WyhM9RPCpump,G. WS,0,REJECT,,0.38,2026-09-24T14:09:28.000Z,2026-09-24T14:21:46.423Z,738,,,1,,,REJECT,UNCLASSIFIED,46024
34uSpXBgG6jbb8JewdH8V5p37kDbG1XjqT6K8vkypump,fg,0,REJECT,sell_pressure,0.02,2026-09-24T14:09:42.000Z,2026-09-24T14:22:01.424Z,739,,,1,,,REJECT,UNCLASSIFIED,9
H61eoVSK7XmGmAA3NTt5d3Rg4WDxvqMfqpWSeZSJk1aG,NP,1,WATCH,,0.14,2026-09-24T14:23:25.000Z,2026-09-24T14:27:31.437Z,246,2026-09-24T14:23:25Z,raydium,0,0.0,after,REJECT,UNCLASSIFIED,22351
41RgtUg6VDvAm37UeHEhopzuJYJFJmf4BCtHsf5ppump,CTNT,1,WATCH,,0.4,2026-09-24T14:24:13.000Z,2026-09-24T14:33:31.462Z,558,2026-09-24T14:32:34Z,pumpswap,0,8.35,after,REJECT,UNCLASSIFIED,19400
EvbLYiDaC7k5eAFVSShMh6NmoVuictoedDrk4VgtCGzE,slopless,0,REJECT,sell_pressure,0.2,2026-09-24T14:30:51.000Z,2026-09-24T14:43:16.509Z,746,2026-09-24T14:30:51Z,pumpswap,0,0.0,after,REJECT,UNCLASSIFIED,4406
chudAJvqw6f1TcyctTqMGqMwrVncA2RZscj4p5fA3fG,CHUD,1,WATCH,sell_pressure,0.03,2026-09-24T14:47:15.000Z,2026-09-24T14:49:16.532Z,122,2026-09-24T14:47:15Z,raydium,0,0.0,after,PASS,UNCLASSIFIED,18633
82UhuxNXFpCEgiMARwcRD6EeXDzMqZ7tSywnxGDwEVRe,ALCHEMY,1,WATCH,sell_pressure,0.34,2026-09-24T14:52:40.000Z,2026-09-24T15:02:14.908Z,575,2026-09-24T14:52:40Z,raydium,0,0.0,after,REJECT,UNCLASSIFIED,17196
Brs8X83QLzyNZYWsm3iDHjCo1aMdUS7rjRMyeApJpump,creepf,0,REJECT,sell_pressure,0,2026-09-24T14:55:11.000Z,2026-09-24T15:06:59.917Z,709,2026-09-24T14:58:19Z,pumpswap,0,3.13,after,REJECT,UNCLASSIFIED,2499
EC2nJfHCEwWK5wEnGoM26mkGx7WzpuvY9uUJDTqjpump,SpaceX,0,REJECT,,0.2,2026-09-24T14:57:05.000Z,2026-09-24T15:09:14.921Z,730,,,1,,,REJECT,UNCLASSIFIED,68495
iNiXVr2cxgzw7kD6tk95p19Ni9BPLio2CQ5uRqvpump,FUEF,1,PASS,,0.29,2026-09-24T15:05:33.000Z,2026-09-24T15:10:59.924Z,327,,,1,,,REJECT,UNCLASSIFIED,249741
6sSUwszKeT4WJJwEFCFMsuvwo1oGKkJHXioj56aZ4iJC,CHUDDY,1,WATCH,sell_pressure,0.29,2026-09-24T15:05:36.000Z,2026-09-24T15:14:59.930Z,564,2026-09-24T15:05:36Z,raydium,0,0.0,after,REJECT,UNCLASSIFIED,35832
6gtKNF38rosqNRGZsEqxPYXd9itc23cbKcjszZofpump,$SILENT,1,WATCH,,0.37,2026-09-24T15:18:18.000Z,2026-09-24T15:31:11.331Z,773,2026-09-24T15:18:18Z,pumpswap,0,0.0,after,REJECT,UNCLASSIFIED,40962
GM9XGgaQMKDRV3YDGed6VhhUAfDE4oGFgcVMZZMKnhci,SEND,0,REJECT,sell_pressure,0.24,2026-09-24T15:33:11.000Z,2026-09-24T15:41:56.349Z,525,2026-09-24T15:33:11Z,pumpswap,0,0.0,after,REJECT,UNCLASSIFIED,10679
3etyDJpJ6aCChMHg7f3EJEofwncjSA2446Xpiurzpump,EGG,1,WATCH,thin_liquidity,0.08,2026-09-24T15:47:03.000Z,2026-09-24T15:49:41.362Z,158,,,1,,,REJECT,UNCLASSIFIED,90
6ke5nJemzDtHqSY4hE1jhhp5qcKr9vbJJF6Zpi8Fpump,ROOM,0,REJECT,,0.22,2026-09-24T15:47:31.000Z,2026-09-24T16:00:11.380Z,760,,,1,,,REJECT,UNCLASSIFIED,70033
2PT3ZosbbwwtfzrbawaXoUmG642axAiVCL4yeN5Fpump,pmiliars,0,REJECT,sell_pressure,0.06,2026-09-24T15:47:50.000Z,2026-09-24T16:00:11.380Z,741,,,1,,,REJECT,UNCLASSIFIED,2487
A8nBnsmsAu545yQEEh9CmStmNXa51xA7Zwmu4urmXokN,YCAT,1,WATCH,thin_liquidity,0.37,2026-09-24T15:51:48.000Z,2026-09-24T16:00:41.381Z,533,2026-09-24T15:51:48Z,raydium,0,0.0,after,PASS,UNCLASSIFIED,17083
6YKvDq9yQM7g4zY4rY3ze2ALVKJJ32guJQGkfVnbSTNK,zeitcoin,0,REJECT,sell_pressure,0.33,2026-09-24T16:08:21.000Z,2026-09-24T16:18:56.417Z,635,,,1,,,REJECT,UNCLASSIFIED,4918
9kp2SNP17fuiAFdP7aEnFNH5LnrVR8yy4outinyypump,CELEDUO,1,WATCH,sell_pressure,0.37,2026-09-24T16:10:46.000Z,2026-09-24T16:18:56.417Z,490,2026-09-24T16:10:46Z,pumpswap,0,0.0,after,REJECT,UNCLASSIFIED,33536
vcMzsDqaXhF2FNw7UjD6Nm1MPMyZyWJL5BxM9LUpump,USDF,1,PASS,,0.35,2026-09-24T16:13:51.000Z,2026-09-24T16:18:56.417Z,305,2026-09-24T16:13:51Z,pumpswap,0,0.0,after,REJECT,UNCLASSIFIED,248139
F4rJVZAgLwuKGieSsPojDGn8yVUEfDE3hp7e23fNe5zc,Socials,1,WATCH,thin_liquidity,0.37,2026-09-24T16:15:25.000Z,2026-09-24T16:27:11.449Z,706,2026-09-24T16:15:25Z,pumpswap,0,0.0,after,PASS,UNCLASSIFIED,30193
5TTw5FNW4vexW8EzHATLKiREq5Lk2GpNSpA4TzZgpump,pulymarket,0,REJECT,,0.3,2026-09-24T16:21:05.000Z,2026-09-24T16:33:26.471Z,741,,,1,,,REJECT,UNCLASSIFIED,87728
5pSEZw1iytqYznD7crsGyKNek7q5JkjBqj2KmfqxUVZd,CHONK,1,WATCH,sell_pressure,0.3,2026-09-24T16:46:14.000Z,2026-09-24T16:53:26.521Z,433,2026-09-24T16:52:42Z,pumpswap,0,6.47,after,REJECT,UNCLASSIFIED,18873
F4sL4ycjbHFDhHr2xvgQjPY6LEmhK8cnR3SBJUGtpump,FOMOS,0,REJECT,sell_pressure,0,2026-09-24T17:03:17.000Z,2026-09-24T17:09:11.548Z,355,2026-09-24T17:03:17Z,pumpswap,0,0.0,after,REJECT,UNCLASSIFIED,2716
CfM3DnMEK7hdH9LyX6ZUhM4RuWMnN22o1nmkkPW5s717,CHONKS,1,WATCH,sell_pressure,0.36,2026-09-24T17:06:45.000Z,2026-09-24T17:09:41.549Z,177,2026-09-24T17:03:23Z,raydium,0,-3.37,after,PASS,UNCLASSIFIED,17086
spwn3Mwjuig2wWfuG2LwzHPZTeZU3J3KtrPdkf11bpk,SPAWN,1,WATCH,thin_liquidity,0.28,2026-09-24T17:18:39.000Z,2026-09-24T17:24:41.575Z,363,2026-09-24T17:18:55Z,pumpswap,0,0.27,after,PASS,UNCLASSIFIED,17582
DpXottaj9GxV8eRuwVW13TWJ4LLMQZXydVncdvXpump,GROK,1,PASS,,0.26,2026-09-24T17:28:58.000Z,2026-09-24T17:40:56.610Z,719,,,1,,,REJECT,UNCLASSIFIED,2172
3hg9cWm29zpMpJdFqu5KtZCziYLJSB4ieKo5jRafpump,HYPEERA,1,WATCH,thin_liquidity,0.18,2026-09-24T17:30:57.000Z,2026-09-24T17:41:11.610Z,615,2026-09-24T17:30:57Z,pumpswap,0,0.0,after,REJECT,UNCLASSIFIED,3517
5JYKPoFnRUpJjxuwsWrZ41PnAJZvEB76YXrTXvAJSTNK,fries,0,REJECT,sell_pressure,0.21,2026-09-24T17:34:34.000Z,2026-09-24T17:46:11.619Z,698,,,1,,,REJECT,UNCLASSIFIED,6501
8zQmQL6TtSPB3xJSy4cM24rebupNaxEipmr7T8vwpump,trolls,1,WATCH,thin_liquidity,0.29,2026-09-24T18:07:55.000Z,2026-09-24T18:17:41.704Z,587,2026-09-24T18:07:55Z,pumpswap,0,0.0,after,REJECT,UNCLASSIFIED,23930
6TQBFXT7GKY2BZVATXHMFA5QfAUS7SxtdF1aEGnYNSV6,JOLLY,0,REJECT,sell_pressure,0.25,2026-09-24T18:15:14.000Z,2026-09-24T18:25:56.719Z,643,2026-09-24T18:07:38Z,raydium,0,-7.6,after,REJECT,UNCLASSIFIED,16143
12m8Pwr1UHmmyM2Qh9bJBNurR9mmcZa1adCkAvdLpump,OnlyCats,1,WATCH,,0.37,2026-09-24T18:16:04.000Z,2026-09-24T18:26:11.718Z,608,,,1,,,REJECT,UNCLASSIFIED,31727
EWQhd8eb2bNpMkjK2XW2K9Dzu5yh6Tqe75uPh7N8pump,pumplife,0,REJECT,sell_pressure,0.31,2026-09-24T18:16:18.000Z,2026-09-24T18:26:26.719Z,609,,,1,,,REJECT,UNCLASSIFIED,33481
AouqdqhCsKb1x5Ngw5PktSonaWnxb9UiBF3QzBdvtMH,JOLLY,1,WATCH,thin_liquidity,0.29,2026-09-24T18:18:52.000Z,2026-09-24T18:29:11.723Z,620,2026-09-23T23:07:48Z,raydium,0,-1151.07,after,PASS,UNCLASSIFIED,79187
9NnvxfavSswySguwuQ4Pa2wVZxM58x24rCXMb8rKpump,SuperBowl,0,REJECT,sell_pressure,0.27,2026-09-24T18:43:34.000Z,2026-09-24T18:46:56.775Z,203,2026-09-24T18:43:34Z,pumpswap,0,0.0,after,REJECT,UNCLASSIFIED,18295
5WpdKV43mFmVQgy6KhgqmU1N4xtLE4rAFtnsTf8rApwd,ZOP,1,WATCH,sell_pressure,0.33,2026-09-24T18:40:43.000Z,2026-09-24T18:48:41.777Z,479,2026-09-24T18:40:43Z,raydium,0,0.0,after,PASS,UNCLASSIFIED,20539
CW1mrqPVKs42MYWfiEePFcKasEzqXsS64rrLwF7kpump,SNACKED,1,WATCH,thin_liquidity,0.39,2026-09-24T18:50:49.000Z,2026-09-24T18:54:56.803Z,248,2026-09-24T18:50:49Z,pumpswap,0,0.0,after,REJECT,UNCLASSIFIED,23173
DLffJ67s714yry1Kp9yNjqz5GDmNFyNLUHoQrohBU6Re,Fred,1,WATCH,thin_liquidity,0.42,2026-09-24T19:16:02.000Z,2026-09-24T19:24:41.892Z,520,2026-09-24T19:16:02Z,pumpswap,0,0.0,after,REJECT,UNCLASSIFIED,17835
As84n72v5Z2z5esk1oYAhuY4AvHMt1RKr7owdyPhPkBK,GTA$,1,WATCH,weak_momentum,0.33,2026-09-24T19:29:12.000Z,2026-09-24T19:31:26.905Z,135,2026-09-24T19:29:12Z,raydium,0,0.0,after,REJECT,UNCLASSIFIED,16503
3vgW2ginNvzRpKnN7kcZmpjQKs5y6Efn2nnE7JbUPgQ2,+,0,REJECT,sell_pressure,0,2026-09-24T19:42:16.000Z,2026-09-24T19:48:11.933Z,356,2026-09-24T19:44:25Z,pumpswap,0,2.15,after,REJECT,UNCLASSIFIED,3582
36sXP4TobquwgkfNDNa4r5gDxoLZdJmy3cJNUgUXpump,MOREKNOW,1,WATCH,sell_pressure,0.3,2026-09-24T19:45:08.000Z,2026-09-24T19:48:56.936Z,229,2026-09-24T19:45:08Z,pumpswap,0,0.0,after,REJECT,UNCLASSIFIED,26876
9DfJAWccJy9W39uwqubRJfBs8odgGgphxwkucvcTpump,$ATTN,1,WATCH,,0.22,2026-09-24T20:01:39.000Z,2026-09-24T20:11:57.012Z,618,,,1,,,REJECT,UNCLASSIFIED,31300
EggoDzd6dwcPoTeKB17Tk4dQKSkrCrBPBn8Rj2hGpump,SKUFMUSK,1,WATCH,thin_liquidity,0.37,2026-09-24T20:26:16.000Z,2026-09-24T20:28:57.056Z,161,2026-09-24T20:26:16Z,pumpswap,0,0.0,after,REJECT,UNCLASSIFIED,23063
4TkGMGg69mQZUstapM1r7Cbs476xX5gmQPiysaS8JnDg,Hackinu,0,REJECT,sell_pressure,0.24,2026-09-24T20:33:08.000Z,2026-09-24T20:42:42.082Z,574,2026-09-24T20:33:08Z,raydium,0,0.0,after,REJECT,UNCLASSIFIED,15248
8QHk5rbo74uiGxu3qmS5jMtRD3QB4vzyhQJNPssvrb1h,STONKED,1,WATCH,thin_liquidity,0.19,2026-09-24T21:14:40.000Z,2026-09-24T21:16:42.168Z,122,2026-09-24T21:14:40Z,raydium,0,0.0,after,PASS,UNCLASSIFIED,30181
J7FEZXqnzY5AnazP3ueBuWSB22WdHsVrj4KQmYDFpump,Quotes,0,REJECT,sell_pressure,0.01,2026-09-24T21:18:27.000Z,2026-09-24T21:28:12.220Z,585,,,1,,,REJECT,UNCLASSIFIED,3754
6qmaGo8iFTbQuduHXXAG1cpHtGtTebwKyCRQU2Lipump,Meta,0,REJECT,sell_pressure,0,2026-09-24T21:18:33.000Z,2026-09-24T21:28:27.221Z,594,,,1,,,REJECT,UNCLASSIFIED,2088
uR3tW5csJp8vG644iVeNwf1L7k22oBNSSkyV7PFLevo,EVPC,1,WATCH,thin_liquidity,0.33,2026-09-24T21:35:00.000Z,2026-09-24T21:37:42.237Z,162,,,1,,,PASS,UNCLASSIFIED,27560
EyWrMXBb5DXppWs5uNa6repSEDoDSachbjeixU9KREVS,REVS,1,WATCH,weak_momentum,0.26,2026-09-24T21:33:49.000Z,2026-09-24T21:39:42.241Z,353,2026-09-24T21:33:49Z,meteora,0,0.0,after,PASS,UNCLASSIFIED,118038
C6SSaTZjKA6uD5P2gNquD71rXrbYSM6VpG4dJcddazAA,Congress,1,WATCH,weak_momentum,0.27,2026-09-24T21:48:28.000Z,2026-09-24T21:50:42.262Z,134,,,1,,,REJECT,UNCLASSIFIED,16919
J68X5vT8zc4R4SiU3aqMEG3Fv3m6k69kWVgN6twpump,PARCEL,0,REJECT,sell_pressure,0.16,2026-09-24T21:53:34.000Z,2026-09-24T22:03:42.285Z,608,2026-09-24T21:53:34Z,pumpswap,0,0.0,after,REJECT,UNCLASSIFIED,49217
FVDnmgytgzTz1DmXcx9gWTkhhnWVXqAnR65NtMxoJJLh,GOW Laufey,0,REJECT,,0.36,2026-09-24T21:54:00.000Z,2026-09-24T22:04:57.288Z,657,,,1,,,REJECT,UNCLASSIFIED,78071
8XRzQiC9SREmmuXydksZd4XjNmboK2qr2jPfntScrune,RUNE,1,WATCH,thin_liquidity,0.35,2026-09-24T22:01:48.000Z,2026-09-24T22:07:12.296Z,324,2026-09-24T22:01:48Z,pumpswap,0,0.0,after,PASS,UNCLASSIFIED,23590
26GZYEWdhxiP8wEzVyj9reBo59tL6wTkoYPJ2c4Cpump,RICO,1,WATCH,thin_liquidity,0.4,2026-09-24T22:13:04.000Z,2026-09-24T22:23:57.344Z,653,2026-09-24T22:22:35Z,pumpswap,0,9.52,after,PASS,UNCLASSIFIED,17706
EjRTTpDxvJoeGGeZua3deZxs5wvGUQXbqGDfXzuTMXkp,SCAPERS,1,PASS,,0.43,2026-09-24T22:20:32.000Z,2026-09-24T22:33:12.405Z,760,2026-09-24T22:20:32Z,raydium,0,0.0,after,REJECT,UNCLASSIFIED,14823
74TeqTjiLuDtz9B8jooKe9KZhbtGqH24zkyTFYzkpump,MrBeast,0,REJECT,sell_pressure,0,2026-09-24T22:25:02.000Z,2026-09-24T22:35:57.414Z,655,,,1,,,REJECT,UNCLASSIFIED,2074
3x79R1XpoZLmTHqc4BUcVag3JECMFb8gFL2EubNSpump,Fomo,0,REJECT,,0.36,2026-09-24T22:26:36.000Z,2026-09-24T22:39:12.433Z,756,,,1,,,REJECT,UNCLASSIFIED,82820
DJrY9mfDpaDCaPQJp5jprgegxZZ87CMftWs1b7x5bonk,Golden,1,WATCH,thin_liquidity,0.33,2026-09-24T22:36:02.000Z,2026-09-24T22:48:57.462Z,775,2026-09-24T22:36:02Z,raydium,0,0.0,after,PASS,UNCLASSIFIED,23773
B2FDscRPwK9mj56qpGgvZbS4PFSxmRmCYvvrPYqtpump,Mercedes,0,REJECT,,0.13,2026-09-24T22:38:00.000Z,2026-09-24T22:48:57.462Z,657,,,1,,,REJECT,UNCLASSIFIED,2173
4G5YDqDvwgwSS3nLPDGDpGuetbG7rZYzNSBb1U4Tqbzi,ARENA,1,PASS,,0.32,2026-09-24T22:45:11.000Z,2026-09-24T22:50:57.465Z,346,2026-09-24T22:45:11Z,raydium,0,0.0,after,REJECT,UNCLASSIFIED,55001
EFxhhEtvy5SCmDdcS8pp4D3V9nd6Gp6Y2nfGzGGaQUYV,HERMES,1,WATCH,thin_liquidity,0.35,2026-09-24T22:46:11.000Z,2026-09-24T22:51:12.466Z,301,,,1,,,REJECT,UNCLASSIFIED,60897
8kLXfR9oeduKNujdY7qwJTPR58a2knKCVfYAPZuEcdc8,HOP,1,WATCH,thin_liquidity,0.39,2026-09-24T22:43:22.000Z,2026-09-24T22:51:42.467Z,500,,,1,,,REJECT,UNCLASSIFIED,17393
373mKKP9onYm1hgpRU4vdquYBZshbW49oPirgEqZ4rPC,OTR,1,WATCH,sell_pressure,0.33,2026-09-24T22:44:57.000Z,2026-09-24T22:53:42.471Z,525,2026-09-24T22:44:57Z,pumpswap,0,0.0,after,PASS,UNCLASSIFIED,16016
FgZ3Krv8VWhtEsL8W3GCijZf5or2encYrFGNheAd4A8r,Holy Rugg,0,REJECT,sell_pressure,0,2026-09-24T22:57:01.000Z,2026-09-24T23:09:57.501Z,777,,,1,,,REJECT,UNCLASSIFIED,2082
2jontZVzSGtWDJV1536tUwVhyoSHn5WjELGMRuFfpump,DONTPRESS,0,REJECT,sell_pressure,0,2026-09-24T22:57:25.000Z,2026-09-24T23:09:57.501Z,753,,,1,,,REJECT,UNCLASSIFIED,2504
CKwWJNrVi8fUxxPQ6DGC75MZvdwc3x4Sr6rSQv7a1LGd,SEVEN,0,REJECT,sell_pressure,0.08,2026-09-24T22:58:23.000Z,2026-09-24T23:10:42.502Z,740,2026-09-24T22:58:39Z,pumpswap,0,0.27,after,REJECT,UNCLASSIFIED,10673
F98Co9aaGCmkQzhgynPE5qGfbTuRE1diCBvggaHgpump,SUPERGUY,0,REJECT,,0.02,2026-09-24T23:01:32.000Z,2026-09-24T23:11:57.504Z,626,2026-09-24T23:01:32Z,pumpswap,0,0.0,after,REJECT,UNCLASSIFIED,2628
HEGeJeVKVJtDvx9VXdoAPgbiroTH1HG6YubpmRwXpump,Gemini,0,REJECT,sell_pressure,0,2026-09-24T23:04:47.000Z,2026-09-24T23:14:57.510Z,611,,,1,,,REJECT,UNCLASSIFIED,2077
8rBez9rwEqErKCVZv6hxDSYpP9GuFmWowzj4B42spump,ETCH,0,REJECT,sell_pressure,0.11,2026-09-24T23:04:48.000Z,2026-09-24T23:14:57.510Z,610,,,1,,,REJECT,UNCLASSIFIED,11747
Bg75GaeTN7uVqtUEsquh61hwENeaA8TD5K8HwX4Lfomo,FomoFantasy,1,WATCH,sell_pressure,0.08,2026-09-24T23:06:42.000Z,2026-09-24T23:17:57.515Z,676,2026-09-24T23:06:42Z,pumpswap,0,0.0,after,PASS,UNCLASSIFIED,40716
BrkNS9UxXgBz155TUD2xuyKCug6446E2TF2B4qZN69eW,NVDA,0,REJECT,weak_momentum,0.07,2026-09-24T23:08:10.000Z,2026-09-24T23:18:27.516Z,618,,,1,,,REJECT,UNCLASSIFIED,2100
3DuJTA95gXkLAJ8zC4GDd9d9GtAArFcY7bV739isweep,Sweep,1,WATCH,sell_pressure,0.26,2026-09-24T23:11:48.000Z,2026-09-24T23:22:27.523Z,640,,,1,,,REJECT,UNCLASSIFIED,17784
HiHsrAXh9CUxSnLsTUqfEFUS2mHEY6sz8W4xr4YJpump,fomo coin,0,REJECT,sell_pressure,0.2,2026-09-24T23:12:16.000Z,2026-09-24T23:22:42.523Z,627,,,1,,,REJECT,UNCLASSIFIED,2115
44xtWfqJHffGtQCDPVsrNSUQsZHqEuMc4ktNowgVpump,Pumpoilet,0,REJECT,sell_pressure,0,2026-09-24T23:16:28.000Z,2026-09-24T23:25:57.529Z,570,2026-09-24T23:16:28Z,pumpswap,0,0.0,after,REJECT,UNCLASSIFIED,3218
3HWc7MHYVFAn7RJKvBVhyFBziEyE7qVqjhRTWGDw6ZGy,MONAI,1,WATCH,,0.31,2026-09-24T23:21:45.000Z,2026-09-24T23:25:57.529Z,253,,,1,,,REJECT,UNCLASSIFIED,24254
32QqpWeq45UJgvbSbb3yEASwv6UnoAZEbPBhJ4sqpump,MrBeast,1,WATCH,,0.37,2026-09-24T23:30:46.000Z,2026-09-24T23:32:57.546Z,132,,,1,,,PASS,UNCLASSIFIED,57267
9TdmrDoTNUCzHuuhMfdfDbATg6tTgenNHFpUCvAMpump,LOUIS,1,WATCH,,0.23,2026-09-24T23:22:30.000Z,2026-09-24T23:33:42.547Z,673,,,1,,,REJECT,UNCLASSIFIED,36965
GFcaDvCXpgfsMMd9ciMd7YvgdqRsne29nVoj5ThQpump,GOINU,1,WATCH,thin_liquidity,0.41,2026-09-24T23:30:30.000Z,2026-09-24T23:42:42.579Z,733,2026-09-24T23:30:30Z,pumpswap,0,0.0,after,REJECT,UNCLASSIFIED,35775
BpjGVGLkZtYENJffLdBXPHZHcqQuReKaxH6yrEiVpump,frens,0,REJECT,sell_pressure,0.1,2026-09-24T23:34:02.000Z,2026-09-24T23:46:27.597Z,746,2026-09-24T23:34:36Z,pumpswap,0,0.57,after,REJECT,UNCLASSIFIED,3923
3DQbzaaQtDpNyeKY3ZQFWbqZxr8FV1FwGMxf1WpVpump,AROS,1,PASS,,0.18,2026-09-24T23:35:32.000Z,2026-09-24T23:47:57.602Z,746,2026-09-24T23:35:32Z,pumpswap,0,0.0,after,REJECT,UNCLASSIFIED,951323
9CFqbE3h4SV6Z6jAWb2TzJXEBopNH3fRZ9tvQzGipump,SJP,1,WATCH,thin_liquidity,0.33,2026-09-24T23:37:14.000Z,2026-09-24T23:49:12.609Z,719,2026-09-24T23:37:14Z,pumpswap,0,0.0,after,REJECT,UNCLASSIFIED,29004
CRR1DtGFMcbyX6CW6sj77cqcffHe7t3EHuus3E5apump,goon,0,REJECT,sell_pressure,0.12,2026-09-24T23:39:44.000Z,2026-09-24T23:51:57.622Z,734,,,1,,,REJECT,UNCLASSIFIED,51952
5dxh7RaamTfWi7aoURkAvXrobYJfixUf68JUChmypump,TOAD,0,REJECT,sell_pressure,0.1,2026-09-24T23:41:19.000Z,2026-09-24T23:53:27.628Z,729,,,1,,,REJECT,UNCLASSIFIED,3
2A6MxU3bJ6EziBH4g3wH1Q8N9JNGZNarx4W1TJegadot,dot,1,WATCH,,0.44,2026-09-24T23:47:47.000Z,2026-09-24T23:59:57.656Z,731,2026-09-24T23:47:47Z,pumpswap,0,0.0,after,REJECT,UNCLASSIFIED,28935
3znS89gifim2Hhhu8wjb2PfSgaCDdma187D5NMkDpump,BRAIN,1,WATCH,thin_liquidity,0.05,2026-09-25T00:04:11.000Z,2026-09-25T00:06:57.668Z,167,2026-09-25T00:04:11Z,pumpswap,0,0.0,after,PASS,UNCLASSIFIED,54516
CmCXtKREDN3GKu7xRcTpYBNRRD15ukocfr6Soh54pump,FOREVER,0,REJECT,sell_pressure,0.19,2026-09-25T00:18:09.000Z,2026-09-25T00:30:57.711Z,769,2026-09-25T00:18:10Z,pumpswap,0,0.02,after,REJECT,UNCLASSIFIED,2784
FFNt4JythQsievkxudufGCfiHpEP8cef7r5QMunhpump,HYPERJAK,0,REJECT,sell_pressure,0.26,2026-09-25T00:31:19.000Z,2026-09-25T00:44:12.746Z,774,2026-09-25T00:31:19Z,pumpswap,0,0.0,after,REJECT,UNCLASSIFIED,2805
4NEj2L6FaAB9JWucoH6X1KTv3wa4Kd1H1tjDbyKApump,FomoFantasy,0,REJECT,,0,2026-09-25T00:48:41.000Z,2026-09-25T00:53:57.793Z,317,,,1,,,REJECT,UNCLASSIFIED,96568
nDZknLvfFRp5rgUHdzTrQsmSY5NKzoavqdLjSHVpump,COLLECT,0,REJECT,sell_pressure,0.19,2026-09-25T00:58:47.000Z,2026-09-25T01:11:12.851Z,746,2026-09-25T00:58:47Z,pumpswap,0,0.0,after,PASS,UNCLASSIFIED,92603
Cx8HQgVGKCBnKu1i3E3aA9zErASTKtCn8jAZAZAU5mQQ,Robinhood,1,WATCH,thin_liquidity,0.37,2026-09-25T01:14:04.000Z,2026-09-25T01:18:57.864Z,294,,,1,,,REJECT,UNCLASSIFIED,56289
4kAVkVZvgR2Eyd24KZpJBFuRMqXuA5XwwDkBQNrRpump,MrBeast,0,REJECT,,0.2,2026-09-25T01:29:48.000Z,2026-09-25T01:42:12.918Z,745,,,1,,,REJECT,UNCLASSIFIED,83742
BVAyt24ecLjusN9tKcJpgwMsRh6XG49zQDY1EwSQpump,Weenie ,0,REJECT,weak_momentum,0.16,2026-09-25T01:30:05.000Z,2026-09-25T01:42:42.919Z,758,2026-09-25T01:31:50Z,pumpswap,0,1.75,after,REJECT,UNCLASSIFIED,67
ByaJJyfRWLpRxv7Poop5NDMh1EakKDaWdfngwYB73PSJ,BINGO,0,REJECT,sell_pressure,0,2026-09-25T01:33:09.000Z,2026-09-25T01:42:42.919Z,574,2026-09-25T01:33:09Z,meteora,0,0.0,after,REJECT,UNCLASSIFIED,14101
3qm8LhrCbpaHbcQexV37JgDGTrrjNfxDPEdf9yuLXLYs,CHIPS,1,WATCH,thin_liquidity,0.39,2026-09-25T01:45:53.000Z,2026-09-25T01:50:12.937Z,260,2026-09-25T01:45:36Z,raydium,0,-0.28,after,PASS,UNCLASSIFIED,37444
EV64BxKLkf2XmeM1XUwUYCLnTKy5YBiZeDyDVHFapump,X,0,REJECT,sell_pressure,0.22,2026-09-25T01:49:56.000Z,2026-09-25T02:02:27.974Z,752,,,1,,,REJECT,UNCLASSIFIED,71590
Y4v99dfq7V8wv4gkXA21kgY7vDZL78avzSiiyrbpump,Old No. 7,0,REJECT,,0.36,2026-09-25T01:51:00.000Z,2026-09-25T02:03:57.976Z,778,,,1,,,REJECT,UNCLASSIFIED,52479
CXL3zzbYtX7Vb91YNoMQBcZ47jvQnLLWZ5JiXvYZpump,Robinhood,0,REJECT,sell_pressure,0,2026-09-25T01:56:16.000Z,2026-09-25T02:08:42.996Z,747,,,1,,,REJECT,UNCLASSIFIED,685
F8PppCZXhtMdjHjFLqcYx4koJQAcSi4eBs5vAoutpump,BGBCHEAT,0,REJECT,,0,2026-09-25T01:56:27.000Z,2026-09-25T02:08:57.996Z,751,,,1,,,REJECT,UNCLASSIFIED,10
2FHeJNKDR4yEnGGBefwYeguYSPKv7VdUFHbx18ANpump,DEVIN,1,WATCH,sell_pressure,0.3,2026-09-25T02:09:08.000Z,2026-09-25T02:12:13.006Z,185,2026-09-25T02:09:08Z,pumpswap,0,0.0,after,REJECT,UNCLASSIFIED,17268
BVV7metAePDu4HWgP41PiD4x73tNiKMVdaugtYQXJUKU,BITCOIN,1,WATCH,weak_momentum,0.29,2026-09-25T02:11:13.000Z,2026-09-25T02:13:13.009Z,120,2026-09-25T02:11:13Z,raydium,0,0.0,after,REJECT,UNCLASSIFIED,9786
6sEfSA57vXerqm3cFmwQxa78rmBgRBR6pyEPJG74pump,COMPANY,1,WATCH,thin_liquidity,0.37,2026-09-25T02:13:56.000Z,2026-09-25T02:16:28.020Z,152,2026-09-25T02:13:56Z,pumpswap,0,0.0,after,PASS,UNCLASSIFIED,27448
2q5g2nx9gJdpxCK6JtnKvq9rPAa6fQLkRCQMFvm1STNK,afk,1,WATCH,sell_pressure,0.26,2026-09-25T02:18:33.000Z,2026-09-25T02:20:43.040Z,130,2026-09-25T02:18:33Z,raydium,0,0.0,after,REJECT,UNCLASSIFIED,22168
2BXnAkkTguDycoXqJsDGu2wLRMCMo881i9ixUW5Tpump,~4°,1,WATCH,,0.34,2026-09-25T02:22:16.000Z,2026-09-25T02:26:28.049Z,252,2026-09-25T02:25:33Z,pumpswap,0,3.28,after,REJECT,UNCLASSIFIED,16845
6wA2ALm1BkypPwp8DPBGnBcnwLzQGfLd6P7YWWVdpump,STARBUCKS,0,REJECT,sell_pressure,0.04,2026-09-25T02:26:29.000Z,2026-09-25T02:28:43.054Z,134,,,1,,,REJECT,UNCLASSIFIED,36069
GP4HKwiMo9PfQmn9ptrhH9eKG8ymvZa1MdvGMZtGpump,ANGELS,1,WATCH,,0.36,2026-09-25T02:26:56.000Z,2026-09-25T02:29:58.055Z,182,2026-09-25T02:29:13Z,pumpswap,0,2.28,after,REJECT,UNCLASSIFIED,18292
n67UEDwpKUxT1kDobCKt9awUvn5k2FDx3j7HbVKpump,POKEMON,1,WATCH,thin_liquidity,0.38,2026-09-25T02:54:05.000Z,2026-09-25T02:56:13.106Z,128,,,1,,,REJECT,UNCLASSIFIED,43419
FddzrUTYjCpy4L4xHZhMCK7XS3nsxaRKrivmUcFjpump,LIQUIDPHIL,0,REJECT,sell_pressure,0.23,2026-09-25T02:55:58.000Z,2026-09-25T03:08:13.130Z,735,2026-09-25T02:56:20Z,pumpswap,0,0.37,after,REJECT,UNCLASSIFIED,2484
QEygxcPtweLQG3rRVgK7to97rR28LaX4HuiFYxHpump,POKESTRTGY,1,WATCH,,0.2,2026-09-25T03:00:01.000Z,2026-09-25T03:12:13.139Z,732,2026-09-25T03:00:01Z,pumpswap,0,0.0,after,PASS,UNCLASSIFIED,30707
hczZvue4nbvdfr6iMF1dUBbiXzpkQT5es7hszmApump,XBC,1,PASS,,0.23,2026-09-25T03:00:10.000Z,2026-09-25T03:12:43.140Z,753,2026-09-25T03:00:10Z,pumpswap,0,0.0,after,REJECT,UNCLASSIFIED,370968
2xENFwp9jh3VY7yCQgKgeQ3KsgVCzm7AZVWWruUcFLEX,TRUMPCAT,1,WATCH,sell_pressure,0.28,2026-09-25T03:04:42.000Z,2026-09-25T03:16:13.154Z,691,2026-09-25T03:04:42Z,meteora,0,0.0,after,REJECT,UNCLASSIFIED,39840
33owuxq97P85XaV2oXvBFmMoykb3ZjLH5wdAV4uDpump,IMU,1,WATCH,sell_pressure,0.35,2026-09-25T03:07:12.000Z,2026-09-25T03:18:13.163Z,661,2026-09-25T03:08:08Z,pumpswap,0,0.93,after,REJECT,UNCLASSIFIED,29619
3nqpy6tqG6ZDdDnRtZ5GKjxRRGw2ecqpAPPkMScq8izM,Robinhood,0,REJECT,sell_pressure,0,2026-09-25T03:08:19.000Z,2026-09-25T03:20:28.170Z,729,,,1,,,REJECT,UNCLASSIFIED,2089
AXpERbBdffajw45ru6RQjYFa1F6V1Wst7QrjvyzoSWRM,SWARMS,1,WATCH,sell_pressure,0.28,2026-09-25T03:23:31.000Z,2026-09-25T03:26:13.199Z,162,2026-09-25T03:23:31Z,pumpswap,0,0.0,after,REJECT,UNCLASSIFIED,17736
GrpBb7jedErsJVQ7RUU4Q32RMpycfVTVeR8XTxsSpump,Google,1,WATCH,,0.36,2026-09-25T03:51:46.000Z,2026-09-25T03:53:58.251Z,132,2026-09-25T03:51:46Z,pumpswap,0,0.0,after,PASS,UNCLASSIFIED,54108
sRD6hEkjHu8U8sDj9CigE1HcRtpYgpBA9NqGiBPpump,CATE,0,REJECT,,0.35,2026-09-25T04:00:05.000Z,2026-09-25T04:12:13.280Z,728,2026-09-25T04:00:05Z,pumpswap,0,0.0,after,REJECT,UNCLASSIFIED,207235
73HdiU21LmVf3qR7HDEoX2LayiBxNQib4teRBKCopump,FomoHood,0,REJECT,thin_liquidity,0.36,2026-09-25T04:04:25.000Z,2026-09-25T04:13:13.282Z,528,2026-09-25T04:04:25Z,pumpswap,0,0.0,after,REJECT,UNCLASSIFIED,33949
EL6Urf21PoPesMrbYSRc1yqqHjhk6DGUR63VZDmmpump,WEPE,1,WATCH,,0.33,2026-09-25T04:28:26.000Z,2026-09-25T04:30:28.319Z,122,2026-09-25T04:28:26Z,pumpswap,0,0.0,after,PASS,UNCLASSIFIED,212811
2YwsYMzUhZkFjZ1QM2Q7NkAHTNcyW5F49zoLNjJptoZZ,wiler,1,WATCH,thin_liquidity,0.41,2026-09-25T04:40:12.000Z,2026-09-25T04:46:43.370Z,391,2026-09-25T04:40:12Z,raydium,0,0.0,after,REJECT,UNCLASSIFIED,32598
8bGPqLvrvFtxwzWHDwJpqPzaHefE4VwBAtMQNKsZpump,CTcard,1,WATCH,thin_liquidity,0.36,2026-09-25T04:52:39.000Z,2026-09-25T04:55:13.386Z,154,2026-09-25T04:52:39Z,pumpswap,0,0.0,after,REJECT,UNCLASSIFIED,18991
7R9diEUR5aCk6Xf7WRmJhMFp9TiTexeXnXwKRkZWpump,shibabrain,1,WATCH,sell_pressure,0.34,2026-09-25T05:13:07.000Z,2026-09-25T05:18:13.423Z,306,2026-09-25T05:13:07Z,pumpswap,0,0.0,after,REJECT,UNCLASSIFIED,17580
6sEf597zqUxoJeW1znjtx8MUPsXFFF7zjjH2KSG8zF9y,company,1,WATCH,thin_liquidity,0.31,2026-09-25T05:16:30.000Z,2026-09-25T05:19:13.424Z,163,2026-09-25T05:16:30Z,pumpswap,0,0.0,after,REJECT,UNCLASSIFIED,18351
EMP4NwMhLxXt2fdbNCax7qCMBSQ3WrwSc8PqahSHpump,Hired,0,REJECT,sell_pressure,0.28,2026-09-25T05:15:50.000Z,2026-09-25T05:19:28.424Z,218,,,1,,,REJECT,UNCLASSIFIED,8841
6uv5Qm6pkgVMwELQaX4ZwrwGSQTLt1ohx9115njZpump,BANK,0,REJECT,sell_pressure,0.19,2026-09-25T06:07:36.000Z,2026-09-25T06:17:58.540Z,623,2026-09-25T06:07:36Z,pumpswap,0,0.0,after,REJECT,UNCLASSIFIED,3996
8ej9yf2Y9S1sLudtF6TVNvf5PXN2YqqehQ9BmzPwpump,TikTok,0,REJECT,,0.23,2026-09-25T06:08:08.000Z,2026-09-25T06:18:13.540Z,606,,,1,,,REJECT,UNCLASSIFIED,64434
CvPvKkMTxpMVuLomLjruwD5EX54qh8qRsnhmVaeBpump,OPENGAP,0,REJECT,sell_pressure,0.27,2026-09-25T06:08:34.000Z,2026-09-25T06:20:43.544Z,730,,,1,,,REJECT,UNCLASSIFIED,78210
7qCezatXvTTym98qx3QXJYiGDs1XFQAe9LVyx5dMpump,BULLIS,0,REJECT,,0.02,2026-09-25T06:08:36.000Z,2026-09-25T06:20:58.544Z,743,,,1,,,REJECT,UNCLASSIFIED,2542
9aeLpX3p4xxbZZVs5RPHXbYM3LYGAzc7wTDPvu9Ti3Ha,GRAILS,1,WATCH,thin_liquidity,0.37,2026-09-25T06:09:00.000Z,2026-09-25T06:21:13.544Z,734,2026-09-25T06:14:32Z,pumpswap,0,5.53,after,REJECT,UNCLASSIFIED,15656
5DqSbDmD9YTN28kTG318WpDxVkHYJMVZyKsMhL69n6Vm,CHILL,1,WATCH,,0.39,2026-09-25T06:29:23.000Z,2026-09-25T06:39:28.620Z,606,2026-09-25T06:38:56Z,pumpswap,0,9.55,after,REJECT,UNCLASSIFIED,17648
DKt9mhVNyVSk9P56BHQcWCYXgY2FAUebMVWgiw7kpump,Claude,0,REJECT,,0.26,2026-09-25T06:35:23.000Z,2026-09-25T06:42:28.624Z,426,2026-09-25T06:35:23Z,pumpswap,0,0.0,after,REJECT,UNCLASSIFIED,65938
4axD6RKg5BJZND2qVzBgEwD8BttsG81CaMfJcJSMpump,FOMO,0,REJECT,sell_pressure,0.24,2026-09-25T06:36:08.000Z,2026-09-25T06:48:28.633Z,741,,,1,,,REJECT,UNCLASSIFIED,64931
DMhjq6DTRNiiXnsN8URTtg33UW4vswL5BdExoY6Hpump,NUUC,0,REJECT,sell_pressure,0.02,2026-09-25T06:45:09.000Z,2026-09-25T06:51:13.638Z,365,2026-09-25T06:45:09Z,pumpswap,0,0.0,after,REJECT,UNCLASSIFIED,2496
2MFqe3ApnnBGYchcSQQSodQAAQdMFTWnYjqE5YpVpump,COLLECT,1,PASS,,0.15,2026-09-25T06:45:38.000Z,2026-09-25T06:51:13.638Z,336,,,1,,,REJECT,UNCLASSIFIED,430714
Bnz3CJQjQ3RDnxgc5ToQgR8RMT6VLxfPto1eTJaDbonk,Slop,1,WATCH,,0.36,2026-09-25T06:45:41.000Z,2026-09-25T06:51:13.638Z,333,2026-09-25T06:45:41Z,raydium,0,0.0,after,REJECT,UNCLASSIFIED,17680
HdTCFmaynjYwjUbmQoCnzoZsdLY7w9yp4nkgnyeapump,IMU,1,PASS,,0.37,2026-09-25T06:48:06.000Z,2026-09-25T06:59:13.650Z,668,,,1,,,REJECT,UNCLASSIFIED,594532
6p5LedtBbAEXX5N5GLpD8ysHco1eaYZTbHtPpL9Hpump,SpaceX,0,REJECT,sell_pressure,0,2026-09-25T06:48:42.000Z,2026-09-25T06:59:43.650Z,662,,,1,,,REJECT,UNCLASSIFIED,2097
H6S4N9YHKkFoiqkU5ALcLFHNWBUMUM4d8Qoh9s1ypump,RETCON,0,REJECT,,0,2026-09-25T06:49:41.000Z,2026-09-25T07:00:58.652Z,678,,,1,,,REJECT,UNCLASSIFIED,3
7Gi3LtPrBpYiQLhWEnpqHU8RdgpFBZ4yQu9H7coypump,STENKS,0,REJECT,thin_liquidity,0,2026-09-25T06:50:13.000Z,2026-09-25T07:01:28.653Z,676,,,1,,,REJECT,UNCLASSIFIED,7
7ortAhDhCVoT4rRX9Hi1VjSL2p6wDEyTZcpvEKHxKuhM,Robinhood,0,REJECT,sell_pressure,0,2026-09-25T06:51:05.000Z,2026-09-25T07:02:28.655Z,684,,,1,,,REJECT,UNCLASSIFIED,2065
AiCPAwwHLKtP1VqAEVw5yE5748w5sorvNYUvQZZZpump,company,0,REJECT,sell_pressure,0.34,2026-09-25T06:51:43.000Z,2026-09-25T07:03:13.656Z,691,2026-09-25T06:51:43Z,pumpswap,0,0.0,after,REJECT,UNCLASSIFIED,97797
ADAjxqfpPxyvxaWg2tmeUkuJwEux1Vx5cFHSRWjqpump,WSOS  ,1,PASS,,0.2,2026-09-25T06:52:56.000Z,2026-09-25T07:04:43.658Z,708,,,1,,,REJECT,UNCLASSIFIED,1278141
m6WQWiQB8hH2kXBPYSVh8QLtR2eGxqjSDEqsm2Lpump,LOOONGJEAN,0,REJECT,sell_pressure,0.13,2026-09-25T06:54:28.000Z,2026-09-25T07:06:58.662Z,751,,,1,,,REJECT,UNCLASSIFIED,2557
6zVxDdUGcy7nJ6B7Fu8e7KZXFE9tnvPZxwa4BRAnpump,SI,0,REJECT,,0.32,2026-09-25T06:54:37.000Z,2026-09-25T07:06:58.662Z,742,,,1,,,REJECT,UNCLASSIFIED,89107
6iArC3jkhMt9HTs8eA7GNch6XcwzFjMSjMqKKp24pump,GTA 6 Coin,0,REJECT,sell_pressure,0.24,2026-09-25T06:58:55.000Z,2026-09-25T07:08:58.667Z,604,,,1,,,REJECT,UNCLASSIFIED,66613
GtfphC17t2jpMGjPcsTeYbcZiuGhowVgB2SRAg9KMtiB,NFT,1,WATCH,,0.33,2026-09-25T07:10:25.000Z,2026-09-25T07:20:13.683Z,589,2026-09-25T07:10:25Z,pumpswap,0,0.0,after,PASS,UNCLASSIFIED,14504
BBzTNiegP9enSWwhBfNLMhZuurWFS2cKkQtBcY2apump,ZEGRIPP,0,REJECT,sell_pressure,0,2026-09-25T07:14:20.000Z,2026-09-25T07:24:58.691Z,639,2026-09-25T07:14:20Z,pumpswap,0,0.0,after,REJECT,UNCLASSIFIED,2610
DpUQg2nnk5uxPkJW5d8BZjRyVDeqddnzoVSb1bgZe4o9,GRAILS,0,REJECT,weak_momentum,0.28,2026-09-25T07:27:08.000Z,2026-09-25T07:39:58.722Z,771,,,1,,,REJECT,UNCLASSIFIED,49573
GE3VAYbwdBQxq6CdncTqCmTmT69sQHDmpnV2MWUppump,BRAIN,0,REJECT,sell_pressure,0.02,2026-09-25T07:30:32.000Z,2026-09-25T07:42:43.726Z,732,,,1,,,REJECT,UNCLASSIFIED,24940
8NHMCoBLK5HCg9vPGNuBYQLG6fQoxf3cQj46EKokpump,CLOCKOUT,1,WATCH,sell_pressure,0.25,2026-09-25T07:33:06.000Z,2026-09-25T07:44:28.736Z,683,2026-09-25T07:33:06Z,pumpswap,0,0.0,after,PASS,UNCLASSIFIED,43313
HZeiHzWaK8Pvv3ZcEFTuxFF7HJCJceBk8gh83e8epump,STARBUCKS,0,REJECT,thin_liquidity,0.2,2026-09-25T07:40:41.000Z,2026-09-25T07:52:58.764Z,738,,,1,,,REJECT,UNCLASSIFIED,2087
G4i1oQ9QHpZt8jVwomeroySgUpk8gHv7SuyjJBr2QNQj,Adora,1,WATCH,,0.33,2026-09-25T07:52:29.000Z,2026-09-25T07:58:13.774Z,345,2026-09-25T07:52:29Z,pumpswap,0,0.0,after,REJECT,UNCLASSIFIED,19331
5g9PWcRUHpmqm5uKycpShKXJB18sGLeCEzgB3qrRpump,SWARM,1,WATCH,weak_momentum,0.36,2026-09-25T08:43:25.000Z,2026-09-25T08:47:58.869Z,274,2026-09-25T08:47:14Z,pumpswap,0,3.82,after,REJECT,UNCLASSIFIED,16871
m6h457Rep2X5VbvX8P4pPYnpFkiVnWdKTiSEEzZpump,WSOS,1,PASS,,0.22,2026-09-25T09:07:56.000Z,2026-09-25T09:20:21.004Z,745,,,1,,,REJECT,UNCLASSIFIED,1627123
6HKYM8BoSssh1ANKDEaZdc38DoucaxbQbJrCF1Sfpump,Apple,0,REJECT,sell_pressure,0.18,2026-09-25T09:09:50.000Z,2026-09-25T09:22:21.008Z,751,,,1,,,REJECT,UNCLASSIFIED,66662
6XK3NouowxXV3H222PXPsBLGrNdCJGJ414oKG6fxpump,Ape,0,REJECT,thin_liquidity,0,2026-09-25T09:10:24.000Z,2026-09-25T09:22:36.008Z,732,,,1,,,REJECT,UNCLASSIFIED,16
4Ktz3UYVW5u23AqAsqbVcoF8n4TtopPikxRvwzMfMz9s,Robinhood,0,REJECT,sell_pressure,0,2026-09-25T09:11:07.000Z,2026-09-25T09:22:51.009Z,704,,,1,,,REJECT,UNCLASSIFIED,2092
7TtMjXiY1Pb8sDarHfppGpJ2HNjb8ypvhHsQ6WWzNY2Z,TAOTAO,1,WATCH,sell_pressure,0.38,2026-09-25T09:17:45.000Z,2026-09-25T09:30:21.020Z,756,2026-09-25T09:17:45Z,raydium,0,0.0,after,REJECT,UNCLASSIFIED,21178
DdsqvYwBAukwdpq8ThRFuRgDYPKs3AjXWGmEYheLpump,tneet,0,REJECT,sell_pressure,0.16,2026-09-25T09:30:53.000Z,2026-09-25T09:40:51.036Z,598,,,1,,,REJECT,UNCLASSIFIED,2892
3YjLryWiufYLnTB5ACRwEv2J8nw2vvWNQ5mvTrogpump,Google,0,REJECT,sell_pressure,0,2026-09-25T09:40:12.000Z,2026-09-25T09:52:51.056Z,759,2026-09-25T09:40:12Z,pumpswap,0,0.0,after,REJECT,UNCLASSIFIED,2111
ACn3gXxYCtkR4uRHxdm69UpMA6iG2vzNP7pYSWagpump,COLLECT,0,REJECT,thin_liquidity,0.09,2026-09-25T09:44:31.000Z,2026-09-25T09:57:21.062Z,770,,,1,,,REJECT,UNCLASSIFIED,5
3MA7dZ8nPnrphkFFt3ESVKNX2YRoHxq7Ju17i7BJpump,GOPEPE,1,WATCH,,0.41,2026-09-25T09:44:38.000Z,2026-09-25T09:57:21.062Z,763,,,1,,,REJECT,UNCLASSIFIED,57795
uQbr79ArqY4V1xqTLavMMxXAfuspvjFAqsej2N4S6r5,Robinhood,0,REJECT,,0.25,2026-09-25T09:49:03.000Z,2026-09-25T09:59:06.065Z,603,,,1,,,REJECT,UNCLASSIFIED,63425
29jxXGZW9RSFZVBjae1YrqTJrrGf6CM8NUgq73Pnpump,Claude,0,REJECT,sell_pressure,0.18,2026-09-25T09:50:16.000Z,2026-09-25T10:02:36.070Z,740,,,1,,,REJECT,UNCLASSIFIED,28315
HUfxpN4YPJiR3zNRFVJvM5GZvzV4vMhL4wQfwYoHpump,manifest,0,REJECT,sell_pressure,0,2026-09-25T09:50:20.000Z,2026-09-25T10:02:36.070Z,736,,,1,,,REJECT,UNCLASSIFIED,2311
4zEFhAkgZhjXfZeMaNsvxufgTkFvrz2trYYKDqnnpump,Google,0,REJECT,sell_pressure,0.11,2026-09-25T09:58:29.000Z,2026-09-25T10:03:51.073Z,322,,,1,,,REJECT,UNCLASSIFIED,79305
6dVCpkXEACfTFQmyzsSzmJYiJZJhVdWCbs1s6RDnpump,FDO,0,REJECT,thin_liquidity,0,2026-09-25T09:59:47.000Z,2026-09-25T10:11:36.093Z,709,,,1,,,REJECT,UNCLASSIFIED,14
phUp5cDTUHdCruGjYGoXuqKicUD1wPpZe1yy16Kpump,POKEMON,0,REJECT,,0.14,2026-09-25T10:00:08.000Z,2026-09-25T10:11:51.094Z,703,,,1,,,REJECT,UNCLASSIFIED,68624
7gaUTQNB3mY4Y7Zf3FnTm6gSatvMBcTPbMXXPRm7pump,KITTYCOIN,1,WATCH,thin_liquidity,0.12,2026-09-25T10:20:08.000Z,2026-09-25T10:22:21.144Z,133,2026-09-25T10:20:08Z,pumpswap,0,0.0,after,REJECT,UNCLASSIFIED,33072
AkTAtjusyDakvaJxUG65Pc98kddUsDTiuX7DMQJxpump,ket,1,WATCH,sell_pressure,0.27,2026-09-25T10:18:15.000Z,2026-09-25T10:23:51.148Z,336,2026-09-25T10:23:20Z,pumpswap,0,5.08,after,REJECT,UNCLASSIFIED,10907
gHSJZy5J2WXsdd2QkY4YXeb6RXxJJfgRP8z6AqSPYNj,X,0,REJECT,,0.43,2026-09-25T10:22:04.000Z,2026-09-25T10:34:21.164Z,737,,,1,,,REJECT,UNCLASSIFIED,56724
n43FmmmVzJfL6MgDPTZkNVw6kw86RppHTY7Ugo6STNK,LaunchLab,1,WATCH,sell_pressure,0.32,2026-09-25T11:16:43.000Z,2026-09-25T11:19:36.239Z,173,2026-09-25T11:14:02Z,meteora,0,-2.68,after,REJECT,UNCLASSIFIED,20378
4FyiNCQt8MqXCYhAe2HQJWzGCU6B5k7xThmDb7rwxkTG,ORGFUND,1,WATCH,sell_pressure,0.28,2026-09-25T11:50:24.000Z,2026-09-25T12:02:21.323Z,717,2026-09-25T11:59:49Z,pumpswap,0,9.42,after,REJECT,UNCLASSIFIED,19651
GN7VutGR9eAbpjrfsFgF4358wHWbtARxMnyiphaaM1ew,LaunchLab,1,WATCH,sell_pressure,0.35,2026-09-25T11:52:09.000Z,2026-09-25T12:03:51.325Z,702,2026-09-25T11:52:09Z,raydium,0,0.0,after,PASS,UNCLASSIFIED,14985
6YPBSCw75eyNg2aBzbULro2hULX5iLaeJSSZuPQTpump,Holdoween,1,PASS,,0.23,2026-09-25T11:56:07.000Z,2026-09-25T12:08:06.334Z,719,2026-09-25T11:56:07Z,pumpswap,0,0.0,after,REJECT,UNCLASSIFIED,267428
iQjiMwMyxBXiUUE3vgYq7FTfKmZAKAwYxnNBH7Rpump,0xquit,0,REJECT,,0.35,2026-09-25T11:56:29.000Z,2026-09-25T12:08:21.334Z,712,2026-09-25T11:56:29Z,pumpswap,0,0.0,after,REJECT,UNCLASSIFIED,135641
Cik8e2ALtNmPCo2zLiX9bL8NYDMbU3Ymj4aTrsXfpump,Chud,0,REJECT,thin_liquidity,0.29,2026-09-25T11:57:33.000Z,2026-09-25T12:10:06.337Z,753,,,1,,,REJECT,UNCLASSIFIED,22
6H1NBEX5WvEfuEi1v19nV3D9FSUjugrkcUSWFBLDpump,DROWZY,0,REJECT,sell_pressure,0.11,2026-09-25T11:59:06.000Z,2026-09-25T12:11:51.344Z,765,2026-09-25T11:59:06Z,pumpswap,0,0.0,after,REJECT,UNCLASSIFIED,2544
4ak1ToiHAvt9hJjim3pQyDXQVgJvvZL1iioL71Cipump,SHIBA,0,REJECT,sell_pressure,0.14,2026-09-25T12:09:50.000Z,2026-09-25T12:22:06.362Z,736,2026-09-25T12:09:50Z,pumpswap,0,0.0,after,REJECT,UNCLASSIFIED,2931
2PTaAseWecW428y4xMVZzDqF7jqAgeL3pRuNaaNXP7Kg,STRC,0,REJECT,sell_pressure,0,2026-09-25T12:12:52.000Z,2026-09-25T12:22:21.363Z,569,2026-09-25T12:12:52Z,raydium,0,0.0,after,REJECT,UNCLASSIFIED,5074
4LEcSPuPH9uUaxu5WUSGxoyetbEsenvYqmaqkUJNSTNK,Geninus,0,REJECT,sell_pressure,0.29,2026-09-25T12:15:33.000Z,2026-09-25T12:22:21.363Z,408,2026-09-25T12:15:33Z,raydium,0,0.0,after,REJECT,UNCLASSIFIED,5910
F9PvspnWkP3hSLaYxQb2LvFRBgyrLVhdUJ5q39tZZPbC,BRICK,1,WATCH,sell_pressure,0.31,2026-09-25T12:16:55.000Z,2026-09-25T12:22:21.363Z,326,2026-09-25T11:47:59Z,raydium,0,-28.93,after,REJECT,UNCLASSIFIED,59716
qFr43nVNa97tY4eKuQ8FxeUV1H9fDCo6Tbq2FFdpump,MetaMask,0,REJECT,,0.26,2026-09-25T12:18:02.000Z,2026-09-25T12:30:21.383Z,739,2026-09-25T12:18:02Z,pumpswap,0,0.0,after,REJECT,UNCLASSIFIED,64530
HWyMjL72dikK2bSU2JqS2FjyBG2GLo8mq3Q5EBzTVeN8,BANDS,1,WATCH,weak_momentum,0.41,2026-09-25T12:23:59.000Z,2026-09-25T12:34:06.391Z,607,2026-09-25T12:23:59Z,meteora,0,0.0,after,PASS,UNCLASSIFIED,34573
2VjPjLkQJZ2k4pMnqDnBzESGboZvg4dbh1qFSEffpump,BP,0,REJECT,,0.35,2026-09-25T12:30:03.000Z,2026-09-25T12:42:36.420Z,753,,,1,,,REJECT,UNCLASSIFIED,2144
QmtUKPdBHKQm1X6utftJUxMCS5h6dmazd8skymspump,EMBER,1,PASS,,0.18,2026-09-25T12:30:12.000Z,2026-09-25T12:42:36.420Z,744,,,1,,,REJECT,UNCLASSIFIED,752766
BJz7oG6kTAGKq1UUU8Tootxk1VB5zag4dDgQRhWLqJVY,𝕏,0,REJECT,weak_momentum,0.16,2026-09-25T12:30:20.000Z,2026-09-25T12:42:51.421Z,751,2026-09-25T12:32:13Z,pumpswap,0,1.88,after,REJECT,UNCLASSIFIED,3513
EEZLxhebuhzSQdxDGQ7LKw1pjCxMpvQYkCNXyBW5pump,ANONPHIL,0,REJECT,sell_pressure,0.26,2026-09-25T12:31:35.000Z,2026-09-25T12:43:51.423Z,736,2026-09-25T12:31:35Z,pumpswap,0,0.0,after,REJECT,UNCLASSIFIED,2536
BjTykKGejK3y5ixdCkZYLE8yKmwPmYLvB3PkpRL3pump,BROKE,1,WATCH,,0.41,2026-09-25T12:35:13.000Z,2026-09-25T12:45:21.430Z,608,,,1,,,REJECT,UNCLASSIFIED,28691
FAAouU2vruqbERttgmPbqgiNvPA9qCBrEgd7ZGTKpump,MrBeast,0,REJECT,sell_pressure,0.11,2026-09-25T12:35:29.000Z,2026-09-25T12:45:36.430Z,607,,,1,,,REJECT,UNCLASSIFIED,70666
FRYh6d397BR8ceJw3T1xRWvoVmi1uSpiguBBnhcWpump,BRICK,0,REJECT,sell_pressure,0,2026-09-25T12:35:40.000Z,2026-09-25T12:48:21.437Z,761,2026-09-25T12:38:55Z,pumpswap,0,3.25,after,REJECT,UNCLASSIFIED,2277
9AymdpWhL6mypJncFuq8P7DN8WX6nHZrhUemA3Qepump,FOMOINU,0,REJECT,sell_pressure,0.19,2026-09-25T12:35:53.000Z,2026-09-25T12:48:21.437Z,748,2026-09-25T12:35:53Z,pumpswap,0,0.0,after,REJECT,UNCLASSIFIED,3064
ATqKVVa4h5WqjAMqJdG3mjtWXsW5SshyyUY7dXdvSvRs,BackCat,1,WATCH,sell_pressure,0.33,2026-09-25T12:35:50.000Z,2026-09-25T12:48:36.438Z,766,2026-09-25T12:33:26Z,raydium,0,-2.4,after,PASS,UNCLASSIFIED,61802
H6XgEH1wxmE9urKgCFCm4W6ssY99moATFtsbpUmoh9MD,PB,1,WATCH,thin_liquidity,0.29,2026-09-25T13:23:03.000Z,2026-09-25T13:35:36.541Z,754,2026-09-25T13:23:03Z,raydium,0,0.0,after,REJECT,UNCLASSIFIED,21375
BYXvbpgEP4rk98kiZ4t3WJrmwCnbT6e8bGrjyiBzFMA2,Pizzly,1,WATCH,thin_liquidity,0.38,2026-09-25T13:47:40.000Z,2026-09-25T13:49:51.579Z,132,2026-09-25T13:47:40Z,pumpswap,0,0.0,after,REJECT,UNCLASSIFIED,25656
s8pc6Thv8U4g9yPwmkGj5TTGLuHGvDRr6wPcF91pump,Pizzly,0,REJECT,sell_pressure,0.04,2026-09-25T13:50:27.000Z,2026-09-25T13:57:21.592Z,415,2026-09-25T13:50:27Z,pumpswap,0,0.0,after,REJECT,UNCLASSIFIED,3758
CmTFnmtW19nCEz5QGmV7ojqhVKaXJVsPwR6t4QvCGiBd,Poocoin,1,WATCH,,0.15,2026-09-25T13:57:10.000Z,2026-09-25T14:04:36.604Z,447,2026-09-25T13:57:10Z,raydium,0,0.0,after,REJECT,UNCLASSIFIED,23927
DYM6DRb9W7dQa58Jn717dDSVKP5KwDSevdptfwwcpump,BackInu,1,WATCH,weak_momentum,0.15,2026-09-25T13:57:27.000Z,2026-09-25T14:08:36.610Z,670,2026-09-25T13:57:27Z,pumpswap,0,0.0,after,REJECT,UNCLASSIFIED,29978
HdFjuK2KPLDXHEvD46FU9GEbujiYJJG3SGKDJttCpump,NUVEX,1,WATCH,thin_liquidity,0.31,2026-09-25T14:04:58.000Z,2026-09-25T14:10:06.613Z,309,2026-09-25T14:04:58Z,pumpswap,0,0.0,after,REJECT,UNCLASSIFIED,18157
jLz71QZfjnZZMLjUaCBw7KmUyftkkNq8NkWi2u9dyap,YAP,1,WATCH,weak_momentum,0.33,2026-09-25T14:05:09.000Z,2026-09-25T14:12:06.617Z,418,2026-09-25T14:11:13Z,pumpswap,0,6.07,after,REJECT,UNCLASSIFIED,16422
CLpK5E8YfsWZoDdcpFmY4JXD4pYJmABWQdsqxfjJpump,fomo coin,0,REJECT,sell_pressure,0.21,2026-09-25T14:09:35.000Z,2026-09-25T14:21:36.632Z,722,,,1,,,REJECT,UNCLASSIFIED,74718
dHkbcqmcHjMfsZ353FvkgmyNg1fWiPNGyd4JWfipump,POKESTRTGY,1,WATCH,,0.42,2026-09-25T14:09:56.000Z,2026-09-25T14:22:06.633Z,731,,,1,,,REJECT,UNCLASSIFIED,47560
Axf52VzZTysq1eCinwCZmVQMwF8XFa1zdaE4AhMjpump,SpaceX,0,REJECT,,0.28,2026-09-25T14:13:01.000Z,2026-09-25T14:25:36.639Z,756,,,1,,,REJECT,UNCLASSIFIED,70631
5NhN6zzDkzwXFGPFqtpTopV4ttBeZ6CWy1oRL9Rkpump,Bagwork,1,WATCH,thin_liquidity,0.33,2026-09-25T14:13:01.000Z,2026-09-25T14:25:36.639Z,756,2026-09-25T14:14:54Z,pumpswap,0,1.88,after,REJECT,UNCLASSIFIED,26477
BpkNV1xBjySpdTjfL9XNhJfzNtwBtcHHEYRVZMPCYbQ5,McDonald's,0,REJECT,,0.09,2026-09-25T14:14:39.000Z,2026-09-25T14:26:51.641Z,733,,,1,,,REJECT,UNCLASSIFIED,75178
644WewHuyN7UqSAQgybrPxH3uHzLYvqjiNf1geEEQqRm,GTA VI,0,REJECT,,0.38,2026-09-25T14:21:43.000Z,2026-09-25T14:31:36.649Z,594,,,1,,,REJECT,UNCLASSIFIED,77473
CNgNK6jZk8CettAbFimjLPT4wnh9noQGt8NdKvj94QCn,tickr,0,REJECT,sell_pressure,0.06,2026-09-25T14:35:57.000Z,2026-09-25T14:44:51.672Z,535,2026-09-25T14:44:12Z,pumpswap,0,8.25,after,REJECT,UNCLASSIFIED,5653
8d6FRAKPvbr8inGe1C4NaEqd2GiBZXN2RE5ak7Qapump,Mooncake,1,WATCH,,0.27,2026-09-25T14:44:10.000Z,2026-09-25T14:46:21.674Z,132,2026-09-25T14:45:28Z,pumpswap,0,1.3,after,REJECT,UNCLASSIFIED,20194
yRoPXsCoJ4SrHB3z3jygqGdGCXMgvYnbLhBAUTrpump,ORANGE,1,WATCH,weak_momentum,0.22,2026-09-25T14:44:18.000Z,2026-09-25T14:50:51.686Z,394,2026-09-25T14:50:08Z,pumpswap,0,5.83,after,REJECT,UNCLASSIFIED,17905
5cBzxNN5CsjNgwP3QRJKh4EzmKH8bZtRCJ3EuJ5cpump,NIULAIJAK,1,WATCH,thin_liquidity,0.3,2026-09-25T15:04:52.000Z,2026-09-25T15:07:06.723Z,135,2026-09-25T15:04:52Z,pumpswap,0,0.0,after,REJECT,UNCLASSIFIED,21164
3f9gHGMaVy2EXFwv4sDixWZHFohUswLpFFwFS3PQpump,AMD,1,WATCH,,0.37,2026-09-25T15:01:40.000Z,2026-09-25T15:12:51.735Z,672,2026-09-25T15:01:40Z,pumpswap,0,0.0,after,REJECT,UNCLASSIFIED,36680
G3ejrAGGbqvYpDKja11VnXcoC8giaebDuf8iabMDtVek,月cake,0,REJECT,sell_pressure,0,2026-09-25T15:05:08.000Z,2026-09-25T15:17:51.743Z,764,,,1,,,REJECT,UNCLASSIFIED,2166
CvGrKzmaonHfXNTtjRx17Wq94LHhJJVdNKAAbbnNpump,STONKERZ,1,WATCH,thin_liquidity,0.42,2026-09-25T15:05:54.000Z,2026-09-25T15:17:51.743Z,718,2026-09-25T15:05:54Z,pumpswap,0,0.0,after,REJECT,UNCLASSIFIED,13159
12rgUrX6g3nd2G6oXMz657mys5DFfyoLWm8YTL57pump,ZPAD,1,WATCH,,0.35,2026-09-25T15:08:46.000Z,2026-09-25T15:17:51.743Z,546,2026-09-25T15:08:46Z,pumpswap,0,0.0,after,REJECT,UNCLASSIFIED,20844
8FMbrNAfcUC7WZVJ7AVdtTayP5NvCDXJbKDTZfL1nHjE,SI,1,WATCH,thin_liquidity,0.29,2026-09-25T15:13:51.000Z,2026-09-25T15:17:51.743Z,241,2026-09-25T15:13:51Z,raydium,0,0.0,after,PASS,UNCLASSIFIED,22175
2hLZtoXmV2erZYrdQLCiar6UiZvtfmHTmFY5rxMLpump,PILLY,1,WATCH,thin_liquidity,0.33,2026-09-25T15:22:49.000Z,2026-09-25T15:24:51.753Z,123,2026-09-25T15:22:49Z,pumpswap,0,0.0,after,REJECT,UNCLASSIFIED,17738
2GmucKY24YngqYGy84Yj3XpdttsARr3oA4PRbZ38dWm1,NiggerInu,1,WATCH,,0.35,2026-09-25T15:27:43.000Z,2026-09-25T15:40:21.779Z,759,2026-09-25T15:27:43Z,raydium,0,0.0,after,REJECT,UNCLASSIFIED,8267
FYmMbCQLUKF4DRmCmVCX5atYwqXAUEiQ3Y6udK5Hpump,SQUIRREL,0,REJECT,sell_pressure,0.13,2026-09-25T15:28:23.000Z,2026-09-25T15:40:36.779Z,734,2026-09-25T15:31:46Z,pumpswap,0,3.38,after,REJECT,UNCLASSIFIED,3111
7Da5hXJsQgmPsmFyRRmXrVKJUyNh5i79sqDFLUak6v8n,Income,1,WATCH,thin_liquidity,0.39,2026-09-25T15:39:01.000Z,2026-09-25T15:44:06.785Z,306,2026-09-25T15:36:56Z,pumpswap,0,-2.08,after,REJECT,UNCLASSIFIED,27550
pQQysUmjy4LyCmScKmDD5mJLaf4qM6eFs4sV2mRpomo,POMO,1,WATCH,thin_liquidity,0.37,2026-09-25T15:52:56.000Z,2026-09-25T15:55:36.825Z,161,2026-09-25T15:52:29Z,pumpswap,0,-0.45,after,REJECT,UNCLASSIFIED,7663
5cq3mmpT6LeWJHb5ME56n2Hn8RsEXkvkqKaW6eU9pump,JUMP,0,REJECT,thin_liquidity,0.18,2026-09-25T15:57:17.000Z,2026-09-25T16:09:36.861Z,740,,,1,,,REJECT,UNCLASSIFIED,162
Togz5qtY4NC9eYMtT9CjSChp9D4TzrgGvqR98odreeL,REEL,1,WATCH,thin_liquidity,0.37,2026-09-25T16:00:55.000Z,2026-09-25T16:09:51.861Z,537,2026-09-25T16:00:55Z,pumpswap,0,0.0,after,REJECT,UNCLASSIFIED,8849
2yyQGySj9G17M8G8maRTmahcnf6MxkdJYe5SdyRapump,GROKBOOK,0,REJECT,sell_pressure,0.33,2026-09-25T16:04:57.000Z,2026-09-25T16:10:06.862Z,310,2026-09-25T16:05:10Z,pumpswap,0,0.22,after,REJECT,UNCLASSIFIED,25888
8SerkEicthsnmh5hVubrH5GxSCwJD2FYK5MgnA96pump,PUMPGO,1,WATCH,weak_momentum,0.35,2026-09-25T16:06:04.000Z,2026-09-25T16:18:06.874Z,723,2026-09-25T16:06:04Z,pumpswap,0,0.0,after,REJECT,UNCLASSIFIED,30226
BXnL73Ao2wDekVf72oi5gYnhoorwoLoZYQgStTZcpump,FOMOGO,1,WATCH,thin_liquidity,0.12,2026-09-25T16:10:12.000Z,2026-09-25T16:18:21.874Z,490,2026-09-25T16:10:12Z,pumpswap,0,0.0,after,REJECT,UNCLASSIFIED,35728
3V43dHnk3kkU3w8RnxEsmbJcHQppGjTJ3Mni3owDpump,SHIBA,0,REJECT,sell_pressure,0.19,2026-09-25T16:09:27.000Z,2026-09-25T16:18:51.875Z,565,2026-09-25T16:09:27Z,pumpswap,0,0.0,after,PASS,UNCLASSIFIED,66168
FpNQoEmY39RBVr7i2PHxmmhY3KCTEPveJ5mmyyVZHKiY,PUMPS,0,REJECT,thin_liquidity,0.31,2026-09-25T16:10:36.000Z,2026-09-25T16:20:21.878Z,586,2026-09-25T16:19:01Z,pumpswap,0,8.42,after,REJECT,UNCLASSIFIED,31532
CmuBeUrVtq3M7r8U7NB8AkAcb3HKq5vPbvG4xDjipump,ONIT,1,PASS,,0.42,2026-09-25T16:10:33.000Z,2026-09-25T16:21:51.880Z,679,2026-09-25T16:21:19Z,pumpswap,0,10.77,after,REJECT,UNCLASSIFIED,18956
GPpvznazgLo6XcjRpgfDjGZyesfKDXxzGDkSRcrDpump,SI,1,WATCH,,0.36,2026-09-25T16:13:36.000Z,2026-09-25T16:22:36.882Z,541,2026-09-25T16:13:54Z,pumpswap,0,0.3,after,REJECT,UNCLASSIFIED,29906
3p8DRqCd4kWpTzP2aPqyQpAmEh5wShaBE5GmrPAdpump,watch,0,REJECT,thin_liquidity,0.4,2026-09-25T16:14:37.000Z,2026-09-25T16:27:06.889Z,750,,,1,,,REJECT,UNCLASSIFIED,65
9RwpdvyDWqArwZvtw2LGgVBGuDX3PYgYsEaohFPYpump,GOCAT,1,WATCH,sell_pressure,0.35,2026-09-25T16:17:52.000Z,2026-09-25T16:29:00.301Z,668,,,1,,,REJECT,UNCLASSIFIED,41406
7psgx8mWXMWWywFjLkqUDdfYJKCAssaFCEbZtjkJpump,🚀,0,REJECT,sell_pressure,0.21,2026-09-25T16:18:09.000Z,2026-09-25T16:29:00.301Z,651,,,1,,,REJECT,UNCLASSIFIED,32
YfiiXt4bBUTdFSYLfsdoM7q2GtJWbe4SbkuNnsRpump,WOAR,1,WATCH,,0.26,2026-09-25T16:20:39.000Z,2026-09-25T16:32:46.354Z,727,2026-09-25T16:20:39Z,pumpswap,0,0.0,after,REJECT,UNCLASSIFIED,25093
G8MK7zUaG9B8Ndu8L3HzmMgPBhfjVaXCmrPrEYWfpump,🚀,0,REJECT,thin_liquidity,0,2026-09-25T16:30:02.000Z,2026-09-25T16:42:16.368Z,734,2026-09-25T16:40:36Z,pumpswap,0,10.57,after,REJECT,UNCLASSIFIED,7
3mdhQQvziUgdYCvLCzG9niB2Mrt2aBzghYbLL8PVZ9Ty,fomolings,0,REJECT,sell_pressure,0.23,2026-09-25T16:31:31.000Z,2026-09-25T16:44:01.371Z,750,2026-09-25T16:31:31Z,pumpswap,0,0.0,after,REJECT,UNCLASSIFIED,4601
mQ44Ep2WYPqufZ13E7NoFzVLWpgTSknwfGNM5WZpump,SHINY,1,WATCH,thin_liquidity,0.35,2026-09-25T16:31:48.000Z,2026-09-25T16:44:31.372Z,763,2026-09-25T16:42:18Z,pumpswap,0,10.5,after,REJECT,UNCLASSIFIED,19941
GQAVcxqVVn22VQ9tcg3hJmMEnGwqHfwNSfPuStyHpump,Chillfam,0,REJECT,sell_pressure,0.25,2026-09-25T16:42:41.000Z,2026-09-25T16:54:16.388Z,695,2026-09-25T16:42:41Z,pumpswap,0,0.0,after,REJECT,UNCLASSIFIED,2705
LLMWKSJ8em3a5NBN4ffEUFXzEBXJzdqPwDz6LN624sg,LLMARENA,1,WATCH,thin_liquidity,0.33,2026-09-25T16:43:31.000Z,2026-09-25T16:54:16.388Z,645,2026-09-25T16:48:41Z,pumpswap,0,5.17,after,REJECT,UNCLASSIFIED,16240
DJv8Waune2b6DhzxWyrUz6Hj7kRSXtXPuUdSSGhhpump,WIN,1,WATCH,,0.38,2026-09-25T16:45:05.000Z,2026-09-25T16:54:16.388Z,551,2026-09-25T16:45:05Z,pumpswap,0,0.0,after,REJECT,UNCLASSIFIED,24363
FBpXztpzVJ8TUpGKqnd3CWbRrAYwsU7mKW73rD5tpump,CLARABELLE,1,WATCH,sell_pressure,0.33,2026-09-25T16:46:50.000Z,2026-09-25T16:59:16.396Z,746,2026-09-25T16:58:03Z,pumpswap,0,11.22,after,REJECT,UNCLASSIFIED,18085
zunF4VfvP1aPmyVx69hSh7zZ9KVtWeCF5iWo75jpump,VSOF,0,REJECT,sell_pressure,0.27,2026-09-25T16:52:51.000Z,2026-09-25T17:05:01.407Z,730,,,1,,,REJECT,UNCLASSIFIED,2393
BzLBq1SuYToxp9uJvY6rKsBSrQqfcT4xz3DUYmDvpump,GONSA,0,REJECT,sell_pressure,0,2026-09-25T16:59:46.000Z,2026-09-25T17:12:01.419Z,735,2026-09-25T16:59:46Z,pumpswap,0,0.0,after,REJECT,UNCLASSIFIED,2692
9fif7tQE91Kjsk24byPiFShVAPQDk8HHnCBZ8hAYpump,VENOM,0,REJECT,thin_liquidity,0.3,2026-09-25T17:00:23.000Z,2026-09-25T17:12:31.420Z,728,2026-09-25T17:02:23Z,pumpswap,0,2.0,after,REJECT,UNCLASSIFIED,17
93Q1FohrzWzsvJXJujLW7PrZLZtpCPmviKyWKEX3pump,SOLRISING,0,REJECT,sell_pressure,0.18,2026-09-25T17:00:31.000Z,2026-09-25T17:12:31.420Z,720,2026-09-25T17:00:31Z,pumpswap,0,0.0,after,PASS,UNCLASSIFIED,61941
9qV2ud5qRfQt91By2Ycy2k2QnThtR8TBHZpLRW6Tpute,Compute,1,WATCH,thin_liquidity,0.35,2026-09-25T17:04:46.000Z,2026-09-25T17:14:16.423Z,570,2026-09-25T17:04:46Z,pumpswap,0,0.0,after,REJECT,UNCLASSIFIED,16930
7tPks6AbTE2Kz4KkxxVYN9sBETMtzSL5Kqj2jbrXpump,OnlyJeans,1,WATCH,thin_liquidity,0.35,2026-09-25T17:08:43.000Z,2026-09-25T17:14:16.423Z,333,2026-09-25T17:08:43Z,pumpswap,0,0.0,after,PASS,UNCLASSIFIED,27518
jU7hpVbGfLPFzfHB1iy74hPA379iubPqVQwLGBepump,PEEP,1,WATCH,thin_liquidity,0.28,2026-09-25T17:10:50.000Z,2026-09-25T17:22:01.436Z,671,2026-09-25T17:10:50Z,pumpswap,0,0.0,after,PASS,UNCLASSIFIED,50172
AzwaixEgjszRfsM8mdjbvR6mAh9kJHrAYRkSJNfmpump,PUMPCAT,1,WATCH,,0.22,2026-09-25T17:36:51.000Z,2026-09-25T17:47:46.513Z,656,,,1,,,REJECT,UNCLASSIFIED,36656
GLiphm9DxdyCDy8fjgP2B1B3R46puVUA6rfKUaYtNVb3,LESTER,1,WATCH,,0.4,2026-09-25T17:39:18.000Z,2026-09-25T17:50:16.517Z,659,2026-09-25T17:37:02Z,raydium,0,-2.27,after,PASS,UNCLASSIFIED,39864
2EuNVtEvLUZbfwZTaDyyvye1hR47A5a6aUQwPXbQpump,GoWifHat,1,WATCH,thin_liquidity,0.24,2026-09-25T17:51:02.000Z,2026-09-25T17:53:16.522Z,135,,,1,,,REJECT,UNCLASSIFIED,22266
9N9tAT19ncQvxtjpQNevrGP3zmWRNrAZZtonTygMpump,ETCH,1,WATCH,thin_liquidity,0.28,2026-09-25T18:01:17.000Z,2026-09-25T18:03:31.539Z,135,2026-09-25T18:01:17Z,pumpswap,0,0.0,after,PASS,UNCLASSIFIED,36382
FU5nq9if5tredi4sLSyX2sumwytrz3Xt4BFTa6Q5pump,FLOW,1,WATCH,thin_liquidity,0.33,2026-09-25T18:12:31.000Z,2026-09-25T18:18:16.563Z,346,2026-09-25T18:12:31Z,pumpswap,0,0.0,after,REJECT,UNCLASSIFIED,18054
HCUwNGSeHhRi18RysMnCa6ugd5Fzkco7udjQQFmgmLc1,BEARRON,1,WATCH,sell_pressure,0.17,2026-09-25T18:18:56.000Z,2026-09-25T18:21:01.567Z,126,2026-09-25T18:18:56Z,raydium,0,0.0,after,REJECT,UNCLASSIFIED,23283
dTy7BbHMP57nTtTiugCnuWAi7GPU7pMa5QmN3mmpump,degenborn,0,REJECT,sell_pressure,0,2026-09-25T18:19:09.000Z,2026-09-25T18:23:16.571Z,248,2026-09-25T18:19:09Z,pumpswap,0,0.0,after,REJECT,UNCLASSIFIED,2652
GZHVA9LL2WUbWnnT88KGCqtEpYeTTLzX59WvLtGpump,GGS,1,WATCH,,0.19,2026-09-25T18:47:09.000Z,2026-09-25T18:52:01.623Z,293,2026-09-25T18:47:09Z,pumpswap,0,0.0,after,REJECT,UNCLASSIFIED,31141
CoqvUVKhkyLTJE871KzM8beCt7Dc1pTrK6aaetiDpump,minilesgo,1,WATCH,thin_liquidity,0.35,2026-09-25T18:56:56.000Z,2026-09-25T19:00:16.645Z,201,2026-09-25T18:56:56Z,pumpswap,0,0.0,after,REJECT,UNCLASSIFIED,34317
9jNazP3TmSGCMkQuxesn48ZUjQa1CqaVa1St2DWpump,TOAST,0,REJECT,sell_pressure,0.3,2026-09-25T19:07:46.000Z,2026-09-25T19:20:16.680Z,751,2026-09-25T19:07:47Z,pumpswap,0,0.02,after,REJECT,UNCLASSIFIED,2766
HR8QwCZ7UqeWWunNh7eSrhx2cRf7AXgTYAftu8K1DQJf,muse,1,WATCH,thin_liquidity,0.33,2026-09-25T19:10:28.000Z,2026-09-25T19:20:31.681Z,604,2026-09-25T19:18:14Z,pumpswap,0,7.77,after,REJECT,UNCLASSIFIED,21251
3oGc9vUpuxV45dBM4x9qX9LdspZJ31NaZ7keCq4cvHF7,C,1,WATCH,sell_pressure,0.38,2026-09-25T19:14:06.000Z,2026-09-25T19:25:01.688Z,656,2026-09-25T19:14:06Z,raydium,0,0.0,after,REJECT,UNCLASSIFIED,25736
2EtvJ8beqG6dTUX5NHr4RHJyAULFuoQqDTb9bRxQpump,TOM,1,WATCH,sell_pressure,0.34,2026-09-25T19:14:32.000Z,2026-09-25T19:27:16.692Z,765,,,1,,,REJECT,UNCLASSIFIED,33714
4D3HChvc4WNbw5Z6HSQaWKsisqFTk4GSiMepEs3Lpump,PILLS,0,REJECT,sell_pressure,0.31,2026-09-25T19:18:21.000Z,2026-09-25T19:27:16.692Z,536,2026-09-25T19:18:21Z,pumpswap,0,0.0,after,REJECT,UNCLASSIFIED,7846
GivoPBF7FobXfini3pgPgFiEQ9DVL7mFTYdRbQgxpump,TEARS,1,WATCH,sell_pressure,0.3,2026-09-25T19:22:15.000Z,2026-09-25T19:27:16.692Z,302,2026-09-25T19:22:15Z,pumpswap,0,0.0,after,REJECT,UNCLASSIFIED,29108
HbnpoUzBTGRnz6Wa9qxv9kR3SneBwbmR2HAxg5F7pump,SLUICE,0,REJECT,sell_pressure,0,2026-09-25T19:23:04.000Z,2026-09-25T19:35:46.715Z,763,,,1,,,REJECT,UNCLASSIFIED,2480
DmWpQ6a4hXs4JDjiKZou9Lsd6AmrYtLtsWipYvZzLHte,TALIS,0,REJECT,sell_pressure,0.27,2026-09-25T19:35:39.000Z,2026-09-25T19:47:46.735Z,728,,,1,,,REJECT,UNCLASSIFIED,72865
1i52VY1McWthhxXQeL37cCNUUgBZCic9NcagRKJeJgt,Cassie,1,WATCH,,0.37,2026-09-25T19:41:03.000Z,2026-09-25T19:52:01.742Z,659,2026-09-25T19:41:03Z,pumpswap,0,0.0,after,REJECT,UNCLASSIFIED,17938
pwfAeX3kpWpkuumA6iodJxtVcGAen6BkRPToR2VqLp9,AMERICA,1,WATCH,thin_liquidity,0.35,2026-09-25T19:47:21.000Z,2026-09-25T19:57:46.756Z,626,2026-09-25T18:56:03Z,pumpswap,0,-51.3,after,PASS,UNCLASSIFIED,89662
Hv5r1v7d4yTbQMwokrhs2zAMWvebVdzE33vqft8gUXob,Cassie,1,WATCH,sell_pressure,0.24,2026-09-25T19:51:53.000Z,2026-09-25T19:59:31.759Z,459,2026-09-25T19:58:41Z,pumpswap,0,6.8,after,REJECT,UNCLASSIFIED,17958
4FzDYuqGg3HCuK2He9vM1Gc25E8V3Z94Ysys7W2ipump,twin,1,WATCH,sell_pressure,0.25,2026-09-25T19:59:42.000Z,2026-09-25T20:04:31.792Z,290,2026-09-25T19:59:42Z,pumpswap,0,0.0,after,REJECT,UNCLASSIFIED,22633
FzVLxoL3T2GQELH4fGDfgpvJw3ouyk8NUoPnvk81pump,rocky,1,WATCH,thin_liquidity,0.17,2026-09-25T20:10:19.000Z,2026-09-25T20:12:31.805Z,133,2026-09-25T20:10:19Z,pumpswap,0,0.0,after,PASS,UNCLASSIFIED,20738
FbvPc772EQ8j2rxNTW4jxC9NSsZDYjTtcVRMqFPqpump,MILK,0,REJECT,sell_pressure,0,2026-09-25T20:13:35.000Z,2026-09-25T20:20:01.819Z,387,2026-09-25T20:13:35Z,pumpswap,0,0.0,after,REJECT,UNCLASSIFIED,3124
9NPmnDgL39NmoivaE1XfiFWm7o61repcfkVyvyv9pump,merci,0,REJECT,thin_liquidity,0.26,2026-09-25T20:18:29.000Z,2026-09-25T20:26:46.829Z,498,2026-09-25T20:25:49Z,pumpswap,0,7.33,after,REJECT,UNCLASSIFIED,27102
Gh6k5FNVRFk1eNUNhwLHbwf7854ioY16yZs9izUppump,COLONY,1,WATCH,,0.33,2026-09-25T20:30:07.000Z,2026-09-25T20:34:16.842Z,250,2026-09-25T20:30:07Z,pumpswap,0,0.0,after,REJECT,UNCLASSIFIED,10756
ALqy1h4kYr5Z44sQ2BXQVJcGQxb72GPp58JK3bBQpump,Vox,1,WATCH,sell_pressure,0.35,2026-09-25T20:31:41.000Z,2026-09-25T20:39:01.851Z,441,,,1,,,REJECT,UNCLASSIFIED,16945
6e5Jwy4Gai8FHXLJ8FT8mEQ6qsQhAp5zwLsXje2Fpump,SSTONKS,0,REJECT,sell_pressure,0,2026-09-25T20:47:06.000Z,2026-09-25T20:55:46.885Z,521,2026-09-25T20:47:06Z,pumpswap,0,0.0,after,REJECT,UNCLASSIFIED,2648
qe3mRdFWAGpKkKdGn1N3zsDMR6k7aRKCAN5APkSpump,JEANPHIL,1,WATCH,,0.35,2026-09-25T20:51:43.000Z,2026-09-25T20:56:16.886Z,274,,,1,,,PASS,UNCLASSIFIED,142903
FaWBF7djnFysJVHptwUAHLN7ZqM1BUis3QMnbsM1pump,PHISH,1,WATCH,thin_liquidity,0.37,2026-09-25T20:48:18.000Z,2026-09-25T20:57:16.887Z,539,2026-09-25T20:48:18Z,pumpswap,0,0.0,after,REJECT,UNCLASSIFIED,35635
4C233XAZysAJUFACthGLzd2rjhYt1RvZQgczBqpH6kEf,DCAT,1,WATCH,,0.38,2026-09-25T21:04:36.000Z,2026-09-25T21:17:01.965Z,746,2026-09-25T21:04:36Z,raydium,0,0.0,after,REJECT,UNCLASSIFIED,6776
DQGcxnYnMLnaCeMmJU6Sq4AmsVCjcunyZaA6PzMDfomo,.FOMO,1,WATCH,thin_liquidity,0.33,2026-09-25T21:07:13.000Z,2026-09-25T21:17:16.965Z,604,2026-09-25T21:07:21Z,pumpswap,0,0.13,after,REJECT,UNCLASSIFIED,15627
9weqSZP1m2NCMTyQU7uimc8HAfcVVd2VSc4qR9y1pump,Holdoween,1,PASS,,0.2,2026-09-25T21:07:18.000Z,2026-09-25T21:17:16.965Z,599,2026-09-25T21:07:18Z,pumpswap,0,0.0,after,REJECT,UNCLASSIFIED,504345
2gewoLMdSaSL1kDKBbRU2PvXfqetd7XYy6J5CZdgpump,muses,1,WATCH,thin_liquidity,0.38,2026-09-25T21:12:34.000Z,2026-09-25T21:20:46.972Z,493,2026-09-25T21:12:34Z,pumpswap,0,0.0,after,REJECT,UNCLASSIFIED,23463
DKwLwRg4z1XKdZcJxi2Ws1e7PPjQqzViPeELaBBCpump,WIKI,1,WATCH,,0.4,2026-09-25T21:13:13.000Z,2026-09-25T21:21:01.973Z,469,,,1,,,REJECT,UNCLASSIFIED,10138
9mQGNgd9YK4sUMjQ3v9S8KvJPbsXpkqoPrU5nGX2qTLD,WAGMI,0,REJECT,thin_liquidity,0.06,2026-09-25T21:11:53.000Z,2026-09-25T21:21:31.974Z,579,,,1,,,REJECT,UNCLASSIFIED,1
GxFAHAHbbA1QivGWtHwU8f5fpF9QSaHiaPUmHTXopump,Staffed,1,WATCH,sell_pressure,0,2026-09-25T21:18:47.000Z,2026-09-25T21:25:31.982Z,405,2026-09-25T21:24:26Z,pumpswap,0,5.65,after,REJECT,UNCLASSIFIED,18082
CbcyNo7m1amFWqEQm2m4PLv1UNvpcL3C1Ujm6AkzpKoU,e/acc,1,WATCH,thin_liquidity,0.26,2026-09-25T21:22:42.000Z,2026-09-25T21:25:31.982Z,170,2026-09-25T21:15:15Z,pumpswap,0,-7.45,after,PASS,UNCLASSIFIED,66593
26JCsJvgj7Yp59cgLzP5p4194S18JgfYN6k5KYTypump,Agents,0,REJECT,sell_pressure,0.2,2026-09-25T21:13:43.000Z,2026-09-25T21:26:01.983Z,739,2026-09-25T21:38:56Z,pumpswap,0,25.22,before,REJECT,UNCLASSIFIED,530
98CVfKawsiAbnTFLNbLkkeasBvmWfVMobcjCMED1pump,ASTR,1,WATCH,thin_liquidity,0.38,2026-09-25T21:43:01.000Z,2026-09-25T21:46:17.023Z,196,2026-09-25T21:43:01Z,pumpswap,0,0.0,after,REJECT,UNCLASSIFIED,20022
2pn4Up7bm7FeR3J7NkfEXpYVyLXcyLbSYXowo9wWpump,CHUD,1,WATCH,thin_liquidity,0.32,2026-09-25T21:46:03.000Z,2026-09-25T21:48:47.028Z,164,2026-09-25T21:46:03Z,pumpswap,0,0.0,after,PASS,UNCLASSIFIED,42119
BArKYT7FAEmgvmrGSczAPeyiY5RAbdZgzj2GX7HyR5vw,GIFT,1,WATCH,thin_liquidity,0.38,2026-09-25T21:58:38.000Z,2026-09-25T22:01:02.052Z,144,2026-09-25T21:58:38Z,raydium,0,0.0,after,PASS,UNCLASSIFIED,31776
6gR5wH5mRM5qrrAxx9duaeKaCsj6tPtBFcgv3oXNpump,Ranger,1,WATCH,,0.46,2026-09-25T21:58:37.000Z,2026-09-25T22:06:17.062Z,460,2026-09-25T22:05:35Z,pumpswap,0,6.97,after,REJECT,UNCLASSIFIED,18897
CtFc55to2syfMCnihwB2yW7p8DGDz6UCNYdBJkMtpump,CATECOIN,1,WATCH,,0.18,2026-09-25T22:02:38.000Z,2026-09-25T22:08:47.069Z,369,2026-09-25T22:02:38Z,pumpswap,0,0.0,after,REJECT,UNCLASSIFIED,21596
JDTbMru2JshKekUZPDHxcJQgK2FDRCQ34KLMSuhMpump,builders,0,REJECT,sell_pressure,0.27,2026-09-25T22:06:03.000Z,2026-09-25T22:13:17.082Z,434,2026-09-25T22:06:03Z,pumpswap,0,0.0,after,REJECT,UNCLASSIFIED,3415
7pax2o5X7aWSCYm3xfAeMvhB7aXdzdWzuA6yycuAoeoZ,MINT,1,WATCH,thin_liquidity,0.39,2026-09-25T22:56:21.000Z,2026-09-25T23:03:02.210Z,401,2026-09-25T22:57:26Z,pumpswap,0,1.08,after,REJECT,UNCLASSIFIED,24723
AJzWtzVh77uQxK1aLPt4STMtFnHVQKNkNPRA4ebfpump,ASI,1,WATCH,thin_liquidity,0.35,2026-09-25T23:15:08.000Z,2026-09-25T23:26:17.264Z,669,2026-09-25T23:15:08Z,pumpswap,0,0.0,after,REJECT,UNCLASSIFIED,41324
GGRWi4ASFSAgNK61QiLHUboyyG3kUMAdhQLQZZropump,ALON,0,REJECT,sell_pressure,0.33,2026-09-25T23:35:08.000Z,2026-09-25T23:46:47.326Z,699,,,1,,,REJECT,UNCLASSIFIED,19578
Erta21kb7sPLT1yRAJm3KPAvVrFSiJ8TLmpStVVWStjT,ZAT,1,WATCH,,0.36,2026-09-26T00:16:21.000Z,2026-09-26T00:21:32.388Z,311,2026-09-26T00:16:21Z,meteora,0,0.0,after,REJECT,UNCLASSIFIED,17195
DANUEWXQrLoRsevHzUrMLXRjbZ3iJX3EoNeTB2w9pQDB,DANU,1,WATCH,thin_liquidity,0.42,2026-09-26T00:18:41.000Z,2026-09-26T00:26:02.395Z,441,2026-09-26T00:18:41Z,pumpswap,0,0.0,after,PASS,UNCLASSIFIED,26598
GXo4tjMfYxijNBoQZFkUXcMv8as8S7qDytVGxYVKpump,HI,1,WATCH,,0.42,2026-09-26T00:50:33.000Z,2026-09-26T01:02:32.491Z,719,2026-09-26T00:50:33Z,pumpswap,0,0.0,after,REJECT,UNCLASSIFIED,17118
GKY6erzzkLeNoFub8A7YDZ7h8aiXKzecC8xYiohypump,UNIPAD,0,REJECT,thin_liquidity,0.18,2026-09-26T00:52:08.000Z,2026-09-26T01:05:02.496Z,774,,,1,,,REJECT,UNCLASSIFIED,6
2Lr3PLrMiZBg5MMRVu8mY38dRUheRoJNNBwkAuYapump,XMR,1,WATCH,sell_pressure,0.25,2026-09-26T00:53:13.000Z,2026-09-26T01:05:47.497Z,754,2026-09-26T00:53:24Z,pumpswap,0,0.18,after,REJECT,UNCLASSIFIED,21411
12W9rBZafdn4Jb2YSLGp8Pn96zbppBsMD5qw29Rapump,FRIC,1,WATCH,,0.38,2026-09-26T00:54:44.000Z,2026-09-26T01:07:17.500Z,754,,,1,,,PASS,UNCLASSIFIED,63352
DmB3oUjBpsXscdqcx4eYPaMaJRhRJ1oovwvjgzj7BoNA,roon,1,WATCH,sell_pressure,0.41,2026-09-26T01:08:00.000Z,2026-09-26T01:20:32.522Z,753,2026-09-26T01:01:29Z,pumpswap,0,-6.52,after,REJECT,UNCLASSIFIED,35393
BatqzS6y6VoYMdz7xt1MBKvMtBxyTFTpLmqk1BQTvtPr,Extropic,0,REJECT,sell_pressure,0.33,2026-09-26T01:10:59.000Z,2026-09-26T01:23:47.527Z,769,2026-09-26T01:22:09Z,pumpswap,0,11.17,after,REJECT,UNCLASSIFIED,16854
GT5FKgCGWgDdmwNNAEWdG91qgMZ2UctBYb7TeNYCmoon,OFFWORLD,1,PASS,,0.37,2026-09-26T01:39:41.000Z,2026-09-26T01:41:47.558Z,127,,,1,,,PASS,UNCLASSIFIED,27064
zpTj1yA68UauZqdz5276qrpTV7ALkeoLp9LLa7Bpump,DDOS,1,WATCH,sell_pressure,0.31,2026-09-26T01:41:34.000Z,2026-09-26T01:46:17.565Z,284,2026-09-26T01:45:38Z,pumpswap,0,4.07,after,REJECT,UNCLASSIFIED,19241
9LnufUxbgFwHJu9SmWsZhA5H2u9AFwQjYK5Gwtzepump,BLUEPRINT,0,REJECT,sell_pressure,0.33,2026-09-26T01:44:04.000Z,2026-09-26T01:56:47.592Z,764,,,1,,,REJECT,UNCLASSIFIED,84675
Es8wwMScS1MWvjpmtyUoC8XM7KEhY2K1XrPTro7avpW8,alon,0,REJECT,thin_liquidity,0.22,2026-09-26T01:57:08.000Z,2026-09-26T02:07:47.627Z,640,2026-09-26T01:57:13Z,pumpswap,0,0.08,after,REJECT,UNCLASSIFIED,4614
5CSqYstmLPgKhb2vUkG5PZp7r4FHkijqKkzXbqDoTstk,ALON,0,REJECT,,0.02,2026-09-26T01:57:09.000Z,2026-09-26T02:07:47.627Z,639,,,1,,,REJECT,UNCLASSIFIED,4502
EGtJWZF9MfyiJZdLzreQ8kLBrweg3iH5wbB5Z2LBpump,WMC,0,REJECT,sell_pressure,0.17,2026-09-26T02:01:03.000Z,2026-09-26T02:13:47.637Z,765,2026-09-26T02:01:03Z,pumpswap,0,0.0,after,REJECT,UNCLASSIFIED,6051
3pVv9iav75CfaVb2YFLtX1ijYDXSEPLmweWxUYp8q8nG,STEVEWILLDOIT,1,WATCH,sell_pressure,0.33,2026-09-26T02:18:14.000Z,2026-09-26T02:27:02.659Z,529,2026-09-26T02:22:25Z,pumpswap,0,4.18,after,PASS,UNCLASSIFIED,29787
922btFfsnLwD1MeEAhBgHcaR45FLsdBGisgCCAPKpump,Nubfrog,0,REJECT,sell_pressure,0.33,2026-09-26T02:27:32.000Z,2026-09-26T02:29:32.663Z,121,,,1,,,REJECT,UNCLASSIFIED,23371
56aJJAoXnWstEGA6zx6k6mrgdd6hVMN99sfwUtQfrNW3,a/aut,1,WATCH,thin_liquidity,0.35,2026-09-26T02:31:15.000Z,2026-09-26T02:34:17.673Z,183,2026-09-26T02:31:15Z,pumpswap,0,0.0,after,REJECT,UNCLASSIFIED,20139
CQ54EeEnJNahem9XU9enXnnWFBNB9XN3P2XxLBeBsfQp,ZACK,1,WATCH,sell_pressure,0.33,2026-09-26T02:39:22.000Z,2026-09-26T02:44:32.691Z,311,2026-09-26T02:39:22Z,pumpswap,0,0.0,after,REJECT,UNCLASSIFIED,13990
5cQReyzgJQbtbGLvkm1vN9GDGFBWzcAC6TDprBwzVVjL,ai/maxxi,1,WATCH,sell_pressure,0.35,2026-09-26T02:55:51.000Z,2026-09-26T03:04:32.725Z,522,2026-09-26T02:55:51Z,pumpswap,0,0.0,after,REJECT,UNCLASSIFIED,20336
G5Gg3ySGiEcPtvr3q74pPb6UzXXCZc6cvnQi1b4Bpump,PAIDDOG,1,WATCH,,0.44,2026-09-26T02:53:16.000Z,2026-09-26T03:06:02.731Z,767,2026-09-26T02:53:16Z,pumpswap,0,0.0,after,REJECT,UNCLASSIFIED,31577
H7UXSDLN6iVzMdAaiAtqabCJix2M4m7PKEn784jBqxw5,FOOTJOB,0,REJECT,sell_pressure,0.12,2026-09-26T03:03:28.000Z,2026-09-26T03:16:17.773Z,770,2026-09-26T03:03:38Z,pumpswap,0,0.17,after,REJECT,UNCLASSIFIED,4233
4HeT1fTFbae8BUEzWvSJaoP46siUTtmpcCLmKSGPpump,LMAO,0,REJECT,thin_liquidity,0,2026-09-26T03:04:14.000Z,2026-09-26T03:16:17.773Z,724,2026-09-26T03:11:37Z,pumpswap,0,7.38,after,REJECT,UNCLASSIFIED,22
26Jj4wZrxkHLWKCwxr8SrDFwm7K8jzVkvsdmAgjdpump,footjob,0,REJECT,sell_pressure,0,2026-09-26T03:04:16.000Z,2026-09-26T03:16:17.773Z,722,,,1,,,REJECT,UNCLASSIFIED,16
8X1cr7nxrBPbU7d2Zzy3G84bi95u91aQPrsFoHd5pump,Tesla,0,REJECT,sell_pressure,0.18,2026-09-26T03:04:18.000Z,2026-09-26T03:16:32.773Z,735,2026-09-26T03:04:18Z,pumpswap,0,0.0,after,REJECT,UNCLASSIFIED,60367
AMqJDyt4gmcg7LqX1FTioKJ73H7Bz6jxHzBzTiXkqzoi,NOETIC,1,WATCH,thin_liquidity,0.37,2026-09-26T03:13:35.000Z,2026-09-26T03:25:47.787Z,733,2026-09-26T03:23:21Z,pumpswap,0,9.77,after,PASS,UNCLASSIFIED,19945
4tCQHQ7Ymped6NrHBczthnNeGwKzLdniPPSiV8J3pump,PMARCA,1,PASS,,0.29,2026-09-26T03:28:34.000Z,2026-09-26T03:39:32.809Z,659,,,1,,,REJECT,UNCLASSIFIED,263112
oQWh9i5FqHf75HCjs5KjbQqgjBYq4inyZo238sZpump,XBC,1,PASS,,0.19,2026-09-26T03:32:10.000Z,2026-09-26T03:44:32.818Z,743,2026-09-26T03:32:10Z,pumpswap,0,0.0,after,REJECT,UNCLASSIFIED,187233
8V1JHHQbfBPVTr255VNwADJ4outZZwwAaCkDZoVRpump,a/aut,1,WATCH,,0.44,2026-09-26T03:35:14.000Z,2026-09-26T03:47:17.822Z,724,2026-09-26T03:35:14Z,pumpswap,0,0.0,after,REJECT,UNCLASSIFIED,45179
6E1ey7oZ8uVEKwC9ByQp8d5WfatRfmNuXFWHYBn6pump,DONATE,1,WATCH,thin_liquidity,0.27,2026-09-26T03:36:20.000Z,2026-09-26T03:47:17.822Z,658,2026-09-26T03:36:20Z,pumpswap,0,0.0,after,REJECT,UNCLASSIFIED,20247
GmPuERh5xhjdH3zGKz1nJdZ7WsqXYMpdxTju9hdDpump,TOC,1,WATCH,,0.23,2026-09-26T03:42:39.000Z,2026-09-26T03:47:47.823Z,309,,,1,,,REJECT,UNCLASSIFIED,22486
3ymQkma77Rr2NZ2dRENqgACEmbu9CPpUa68PXPmYpump,HTTPS,1,WATCH,thin_liquidity,0.32,2026-09-26T03:42:45.000Z,2026-09-26T03:47:47.823Z,303,2026-09-26T03:42:45Z,pumpswap,0,0.0,after,REJECT,UNCLASSIFIED,4180
E3BX7Qy61vpDPUw4CMgvhiXPRxQCp8A8tvQ9kyh4wU97,HANSEN,1,WATCH,sell_pressure,0.33,2026-09-26T04:02:24.000Z,2026-09-26T04:11:02.860Z,519,2026-09-26T04:02:24Z,pumpswap,0,0.0,after,REJECT,UNCLASSIFIED,12366
DMZtsWeDaPRGU4ziXxcEMuPbXh1BmDm5iR9LirT8ZoHG,BEEPLE,1,WATCH,thin_liquidity,0.1,2026-09-26T04:15:10.000Z,2026-09-26T04:17:17.870Z,128,2026-09-26T04:06:22Z,pumpswap,0,-8.8,after,PASS,UNCLASSIFIED,44923
CcZE21ZGJkeDtfG5NeZvRjzPM5ujGGW2Vw5X8wxDqNFW,Bayes,1,WATCH,,0.36,2026-09-26T04:20:09.000Z,2026-09-26T04:29:32.907Z,564,2026-09-26T04:20:09Z,pumpswap,0,0.0,after,REJECT,UNCLASSIFIED,11425
bxcymnS68EYsgJJU22YGJVkUZoiCUQHkAoTYRwZjRbV,BIER,0,REJECT,sell_pressure,0.06,2026-09-26T04:35:40.000Z,2026-09-26T04:38:32.923Z,173,2026-09-26T04:35:40Z,pumpswap,0,0.0,after,REJECT,UNCLASSIFIED,4940
HSnCtWsw5YmfAkJo9S3eetWtGHPMrc2pAxvCu24AnQEa,DDOS,1,WATCH,thin_liquidity,0.34,2026-09-26T04:37:13.000Z,2026-09-26T04:41:32.928Z,260,2026-09-26T04:35:48Z,pumpswap,0,-1.42,after,PASS,UNCLASSIFIED,82655
693L8NbWor3m3TGdSML15GftutdewRvEKLRUhJFFpump,manifest,1,PASS,,0.46,2026-09-26T04:52:32.000Z,2026-09-26T05:00:17.961Z,466,,,1,,,REJECT,UNCLASSIFIED,21085
72eqYo4mFL2hX3FTsmZCrQ3HfnHRURRUPgrX8z13pump,$CAT,0,REJECT,thin_liquidity,0,2026-09-26T04:53:25.000Z,2026-09-26T05:06:17.971Z,773,2026-09-26T05:01:31Z,pumpswap,0,8.1,after,REJECT,UNCLASSIFIED,17
Nzu2XbakLV6eZnVevaesZbjKVfB4GDoVFrc2PY3pump,Hermès,1,WATCH,,0.25,2026-09-26T04:53:58.000Z,2026-09-26T05:06:32.971Z,755,,,1,,,REJECT,UNCLASSIFIED,34011
7nzr9ThEQuRG8sBWii2dT94afNxLF3Qnenod4dSwpump,FOMO,0,REJECT,sell_pressure,0.18,2026-09-26T04:58:33.000Z,2026-09-26T05:11:02.978Z,750,,,1,,,REJECT,UNCLASSIFIED,60931
2Zij3mVUnyN7dxAbxmZLUSH765WcVF24qEvvsDrjhzU7,DDOS,0,REJECT,sell_pressure,0.02,2026-09-26T05:06:07.000Z,2026-09-26T05:18:47.991Z,761,2026-09-26T05:07:33Z,pumpswap,0,1.43,after,REJECT,UNCLASSIFIED,7237
CgNTQEHhX7QGc7HjthxEzujU9bWz8bddk9n1ihYwpump,ZCALI,0,REJECT,thin_liquidity,0.28,2026-09-26T05:06:13.000Z,2026-09-26T05:18:47.991Z,755,2026-09-26T05:06:13Z,pumpswap,0,0.0,after,REJECT,UNCLASSIFIED,35452
B3oVHCtXZjr8E4Ec1PHmBDRRpQqRBgGBiLGYvqwMpump,NFL,0,REJECT,,0.29,2026-09-26T05:06:37.000Z,2026-09-26T05:19:02.992Z,746,,,1,,,REJECT,UNCLASSIFIED,61646
4hP6EiDZGEkqzRguzAWKJ2QYht5VRxn4t78evNELpump,e/pepe,0,REJECT,sell_pressure,0.25,2026-09-26T05:07:08.000Z,2026-09-26T05:19:17.992Z,730,2026-09-26T05:07:09Z,pumpswap,0,0.02,after,REJECT,UNCLASSIFIED,20836
8ncS5CY9sL2tpDuZC3y1nGs9D6q3kpeso2AkeiZsiXzG,GTA VI,0,REJECT,,0.36,2026-09-26T05:07:36.000Z,2026-09-26T05:20:32.994Z,777,,,1,,,REJECT,UNCLASSIFIED,85990
FgzsaQEoWMhEqx5vSQAFXDeHbY7oFFW3LmmEo9MBAfuX,p(doom),1,WATCH,sell_pressure,0.31,2026-09-26T05:07:47.000Z,2026-09-26T05:20:32.994Z,766,2026-09-26T05:10:19Z,pumpswap,0,2.53,after,PASS,UNCLASSIFIED,23072
ASFPi37TuVdoFnU9Xek94Rong7ad9Sfw7FGjR5WLpump,Shoggoth,0,REJECT,sell_pressure,0,2026-09-26T05:09:51.000Z,2026-09-26T05:22:32.997Z,762,,,1,,,REJECT,UNCLASSIFIED,2279
8uKywGrFiXkwcwsV7hSU91x5VtXKcsqLWe46LGrKpump,WIZPAID,0,REJECT,sell_pressure,0.14,2026-09-26T05:20:26.000Z,2026-09-26T05:32:03.016Z,697,2026-09-26T05:20:26Z,pumpswap,0,0.0,after,REJECT,UNCLASSIFIED,2687
9A3JE3hGaKT2V6NpktZXXu2ecxTzzWWrxjPnuhY4pump,BINK,0,REJECT,sell_pressure,0.24,2026-09-26T05:20:29.000Z,2026-09-26T05:32:33.017Z,724,2026-09-26T05:24:51Z,pumpswap,0,4.37,after,REJECT,UNCLASSIFIED,21302
DDSZNbBSaTJP3GsoctEyZCCPZYaJk2ZTBh1AmF7dpump,UVC,0,REJECT,sell_pressure,0,2026-09-26T05:21:50.000Z,2026-09-26T05:33:33.023Z,703,,,1,,,REJECT,UNCLASSIFIED,2182
3CygRs4eebhT6ysTU4hQEmLfN1eT1UQ7tSbBmGzFpump,Claude,0,REJECT,sell_pressure,0.26,2026-09-26T05:23:37.000Z,2026-09-26T05:35:33.028Z,716,2026-09-26T05:23:37Z,pumpswap,0,0.0,after,REJECT,UNCLASSIFIED,63145
E55rCLrmQy7P3fygLxanefKJALLUxvi1N11BuUbWpump,QUOTE,0,REJECT,sell_pressure,0,2026-09-26T05:34:59.000Z,2026-09-26T05:47:33.048Z,754,2026-09-26T05:34:59Z,pumpswap,0,0.0,after,REJECT,UNCLASSIFIED,2724
3WzBo4fkXzMp4NRJFiaK3HXTzPmSZJFjRoxtxJyzpump,YAP,0,REJECT,sell_pressure,0.16,2026-09-26T05:37:33.000Z,2026-09-26T05:47:33.048Z,600,2026-09-26T05:37:33Z,pumpswap,0,0.0,after,REJECT,UNCLASSIFIED,2748
2nsZYgBmzN3fQUZWSCoZEJRc1CsbWJGGmrcK4ncZpump,JEANPHIL,1,PASS,,0.23,2026-09-26T05:37:45.000Z,2026-09-26T05:48:03.049Z,618,,,1,,,REJECT,UNCLASSIFIED,238521
4Ewm7jAWFGL7VCEMwz4pf1sTV1W6u35HwzorWmZzpump,Gemini AI,0,REJECT,,0.33,2026-09-26T05:38:47.000Z,2026-09-26T05:50:48.054Z,721,,,1,,,REJECT,UNCLASSIFIED,58859
jbUjNiWr3TcaePcVcY2usFF16m2NYRLAdUnBG43pump,Samsung,0,REJECT,sell_pressure,0,2026-09-26T05:39:08.000Z,2026-09-26T05:51:18.054Z,730,,,1,,,REJECT,UNCLASSIFIED,2157
3Ugvzc5xPZsFjgyQHKh7Pj5MMvUnPG2gpYdvQTk8pump,MUSKPEPE,1,WATCH,thin_liquidity,0.37,2026-09-26T05:41:06.000Z,2026-09-26T05:52:18.056Z,672,2026-09-26T05:41:06Z,pumpswap,0,0.0,after,REJECT,UNCLASSIFIED,35694
BG3aDfHDs1qi2Rqk8tGrNXcTXdA65M6sb6hc3eHgmV4e,Walter,0,REJECT,sell_pressure,0.23,2026-09-26T05:42:11.000Z,2026-09-26T05:52:33.057Z,622,2026-09-26T05:47:02Z,pumpswap,0,4.85,after,REJECT,UNCLASSIFIED,4680
3uweEXZMXJTVFT6Gv9e2LPmMdCe6FQgJwY31TK3RHERo,SPONGIES,0,REJECT,,0.21,2026-09-26T05:43:53.000Z,2026-09-26T05:56:48.064Z,775,,,1,,,REJECT,UNCLASSIFIED,73361
EC9CztYxdZ8jTsa8fmwuDFddCz1yunUddcN8Exk3pump,ddoscat,1,WATCH,weak_momentum,0.35,2026-09-26T05:44:00.000Z,2026-09-26T05:56:48.064Z,768,,,1,,,REJECT,UNCLASSIFIED,33577
84uAGZ6oYprkr2pzvtEUgSmF7Z67w78zPBoc8L5Npump,34%,0,REJECT,thin_liquidity,0.14,2026-09-26T05:45:10.000Z,2026-09-26T05:57:18.064Z,728,,,1,,,REJECT,UNCLASSIFIED,651
12z4buJ5yKb8fHWLHPxLhscfyHK31Lmpq8ekzduRpump,XBC,0,REJECT,,0.3,2026-09-26T05:49:27.000Z,2026-09-26T06:02:03.073Z,756,,,1,,,REJECT,UNCLASSIFIED,2145
2TqjTjURqnnqWMtouKMRnRomVSFuFYSCZMDHBigipump,fomobanana,0,REJECT,sell_pressure,0,2026-09-26T05:49:31.000Z,2026-09-26T06:02:03.073Z,752,2026-09-26T05:51:40Z,pumpswap,0,2.15,after,REJECT,UNCLASSIFIED,3614
sFSP2Mwm6jpdT4CyMwCswMiTPHZnLH3AFDr2mrcpump,SpaceX,0,REJECT,sell_pressure,0.24,2026-09-26T05:51:20.000Z,2026-09-26T06:04:03.077Z,763,,,1,,,REJECT,UNCLASSIFIED,61673
fNNBiywHm5hoCNqhdPsyTY7H8hEYAdVWANnH2zUpump,USWR,0,REJECT,,0.36,2026-09-26T05:53:21.000Z,2026-09-26T06:06:18.083Z,777,2026-09-26T05:53:21Z,pumpswap,0,0.0,after,REJECT,UNCLASSIFIED,404214
Er9dAwDyHcQQ9cA6F8xM18op2iVg4VipqbHUsFGYpump,GrokDick,0,REJECT,sell_pressure,0,2026-09-26T05:53:25.000Z,2026-09-26T06:06:18.083Z,773,2026-09-26T05:55:10Z,pumpswap,0,1.75,after,REJECT,UNCLASSIFIED,4271
UDj2pjitf7Mi23Z8yaveZaPwCpGNqY4j15k8wiapump,Gucci,0,REJECT,sell_pressure,0.24,2026-09-26T05:54:05.000Z,2026-09-26T06:06:33.088Z,748,,,1,,,REJECT,UNCLASSIFIED,43072
A3xq9KHstnRLfwi52Nqb3N74zXdzmctZqKqrQkhjpump,CRAB,0,REJECT,thin_liquidity,0,2026-09-26T05:58:24.000Z,2026-09-26T06:11:18.096Z,774,2026-09-26T06:10:20Z,pumpswap,0,11.93,after,REJECT,UNCLASSIFIED,17
6GgwJpDqUy4gunPs3HyAbFM7KLu559hNb3isUgPeEgtc,SirDoge,1,WATCH,sell_pressure,0.35,2026-09-26T06:11:38.000Z,2026-09-26T06:21:18.112Z,580,2026-09-26T06:11:38Z,pumpswap,0,0.0,after,REJECT,UNCLASSIFIED,14668
AqsFAaGA7hQmNx1hqEMoQ56Gj2ebELe4bKtNzvjpPUSR,Orang,0,REJECT,thin_liquidity,0.27,2026-09-26T06:15:56.000Z,2026-09-26T06:21:18.112Z,322,,,1,,,REJECT,UNCLASSIFIED,22
84PCeAcEoACNYEMqG59tuo6o2GoeadDLiZYztW7upump,AIMUSEBOOK,0,REJECT,sell_pressure,0.03,2026-09-26T06:18:51.000Z,2026-09-26T06:31:03.128Z,732,2026-09-26T06:18:51Z,pumpswap,0,0.0,after,REJECT,UNCLASSIFIED,2558
J58QXSAjRsp4f9jc7oYiKdaaBh9MnAgy7oqDLL4Jpump,MIM,0,UNAVAILABLE,jev_http_403: RBAC: access denied,0,2026-09-26T06:22:30.000Z,2026-09-26T06:35:18.136Z,768,2026-09-26T06:24:50Z,pumpswap,0,2.33,after,REJECT,UNCLASSIFIED,2393
5TZKF2ZGQ4Nud4NMUVFUudPm5xG5BPtf6atZZgwMpump,𝕏,0,UNAVAILABLE,jev_http_403: RBAC: access denied,0,2026-09-26T06:23:49.000Z,2026-09-26T06:36:33.145Z,764,,,1,,,REJECT,UNCLASSIFIED,62177
dQdThfv9BEgAKyWHCfJjXzcSU5rzVpGow66ayqQpump,KMbappe,1,WATCH,sell_pressure,0.19,2026-09-26T06:35:43.000Z,2026-09-26T06:40:18.173Z,275,,,1,,,REJECT,UNCLASSIFIED,73257
7iRw29LLSFG6wgCtv9tKumP7GSBKu1yupmXR7VwUpump,SHIBOB,0,REJECT,thin_liquidity,0.38,2026-09-26T06:36:30.000Z,2026-09-26T06:48:48.193Z,738,2026-09-26T06:36:30Z,pumpswap,0,0.0,after,REJECT,UNCLASSIFIED,21961
8TP6xYfjHZPeBAuVtkQXonUjnXjdJuEktHFR2sGcpump,pwease,1,WATCH,thin_liquidity,0.37,2026-09-26T06:38:12.000Z,2026-09-26T06:49:33.195Z,681,2026-09-26T06:38:12Z,pumpswap,0,0.0,after,REJECT,UNCLASSIFIED,24525
HGLzDFzFLS7iNxw2jPYDFGGFP3SR6LEAnTM4jzzvpump,m/acc,1,WATCH,sell_pressure,0.29,2026-09-26T07:04:53.000Z,2026-09-26T07:08:18.227Z,205,2026-09-26T07:06:12Z,pumpswap,0,1.32,after,REJECT,UNCLASSIFIED,17672
8wESwMSZX6syX47iqXk3QoEXve59kLiSoCrjHQAupump,m/acc,0,REJECT,sell_pressure,0.08,2026-09-26T07:05:59.000Z,2026-09-26T07:18:03.244Z,724,2026-09-26T07:15:16Z,pumpswap,0,9.28,after,REJECT,UNCLASSIFIED,8030
HwEUTPWZxsqvSDm6Jp5dC2Gn6DT8pjsVb8rmFVgXpump,FOMOWIFHAT,0,REJECT,,0,2026-09-26T07:06:04.000Z,2026-09-26T07:18:18.244Z,734,2026-09-26T07:06:04Z,pumpswap,0,0.0,after,REJECT,UNCLASSIFIED,2565
H36dUGA8xfCfqs6F1TnVL66iz2QrU1mFkEyG5Scpump,MASK,0,REJECT,,0.34,2026-09-26T07:06:36.000Z,2026-09-26T07:19:03.245Z,747,2026-09-26T07:06:36Z,pumpswap,0,0.0,after,REJECT,UNCLASSIFIED,117506
6nzwhYEyyy7oXurXJtuE2z1v8gUfsupcP1KN8sFWpump,DDOSINU,1,WATCH,weak_momentum,0.38,2026-09-26T07:07:19.000Z,2026-09-26T07:20:18.247Z,779,,,1,,,REJECT,UNCLASSIFIED,30992
8KU4pQ8aPk5nZzC6JZxHoNE6FwNjMrXnmk1d92EMpump,ATM,0,REJECT,thin_liquidity,0.14,2026-09-26T07:14:22.000Z,2026-09-26T07:20:18.247Z,356,2026-09-26T07:16:22Z,pumpswap,0,2.0,after,REJECT,UNCLASSIFIED,35
7QcJh428tMBAAfNQv18GbwavfvVDZYV9dcjEVxFFpump,SKY,0,REJECT,,0.32,2026-09-26T07:17:25.000Z,2026-09-26T07:29:57.271Z,752,,,1,,,REJECT,UNCLASSIFIED,76642
FhA1uYvyK4nUZM6agYaQ16mJrqYgR7edbi7rrry8pump,DDOS,1,WATCH,,0.38,2026-09-26T07:17:47.000Z,2026-09-26T07:29:57.271Z,730,2026-09-26T07:17:47Z,pumpswap,0,0.0,after,REJECT,UNCLASSIFIED,82840
qu65SiodgP7sYZEqhaGq7s8Y84zmwKkjAN3Svqipump,Robinhood,0,REJECT,,0.35,2026-09-26T07:17:55.000Z,2026-09-26T07:30:12.342Z,737,2026-09-26T07:17:55Z,pumpswap,0,0.0,after,REJECT,UNCLASSIFIED,70967
BTZjpWhQFVkSbxmoE5JP2TzPA4yjaWF5e9S1qeQspump,fg,0,REJECT,thin_liquidity,0,2026-09-26T07:21:04.000Z,2026-09-26T07:31:42.345Z,638,,,1,,,REJECT,UNCLASSIFIED,7
8djn1VrSxvzEsx6z686teQmCNBE97KiSohVnYxvLpump,DAWN,0,REJECT,sell_pressure,0.14,2026-09-26T07:27:30.000Z,2026-09-26T07:33:52.797Z,383,2026-09-26T07:31:01Z,pumpswap,0,3.52,after,REJECT,UNCLASSIFIED,6918
7kQ4KabG7CTiat3qjKuury3ZeTf33PiWp4Jgx39mpump,OUROCHAT,0,REJECT,sell_pressure,0.22,2026-09-26T07:31:26.000Z,2026-09-26T07:42:49.055Z,683,2026-09-26T07:34:43Z,pumpswap,0,3.28,after,PASS,UNCLASSIFIED,14496
o6zmPZYrznnnbG7HUnq1NUNGk7G4CqG5rsAnpy7pump,USDF,0,REJECT,,0.34,2026-09-26T07:33:39.000Z,2026-09-26T07:45:49.060Z,730,2026-09-26T07:33:39Z,pumpswap,0,0.0,after,REJECT,UNCLASSIFIED,190818
CTZt37dv3BziP2rM8fFPk9retLpVgQ3aLNft9X8TWQgg,XFREEZE,0,REJECT,sell_pressure,0,2026-09-26T07:34:02.000Z,2026-09-26T07:46:49.061Z,767,2026-09-26T07:34:19Z,pumpswap,0,0.28,after,REJECT,UNCLASSIFIED,2316
8uDQka5bV4K2BaqZirBnyCY9J2BeN1VAAkwdAvpApump,DERP,0,REJECT,thin_liquidity,0,2026-09-26T07:34:13.000Z,2026-09-26T07:47:04.062Z,771,,,1,,,REJECT,UNCLASSIFIED,19
1kLgXCkSbyu1SA3Ph8PZuGcmU7vGioAPwoxqg8Upump,NIPPLE,1,WATCH,,0.33,2026-09-26T07:58:15.000Z,2026-09-26T08:11:03.586Z,769,2026-09-26T07:58:15Z,pumpswap,0,0.0,after,PASS,UNCLASSIFIED,65213
DNeg5WcSu82tgJbJaJmKGYJN7TRnMsNMiujZetfHpump,FOMOCAT,0,REJECT,thin_liquidity,0,2026-09-26T08:07:40.000Z,2026-09-26T08:20:03.600Z,744,,,1,,,REJECT,UNCLASSIFIED,6
zzmUs44ZwUZK6MAnJh3M61vL4YcJGZLzkRVmxhFpump,USDFA,0,REJECT,,0.36,2026-09-26T08:07:52.000Z,2026-09-26T08:20:03.600Z,732,2026-09-26T08:07:52Z,pumpswap,0,0.0,after,REJECT,UNCLASSIFIED,153351
3BLSsAu7aNkF24xHN2hju95QpHJKPpfmyD5AHXnUwikM,NEWGUY,1,WATCH,,0.37,2026-09-26T08:15:34.000Z,2026-09-26T08:22:18.603Z,405,2026-09-26T08:19:16Z,pumpswap,0,3.7,after,REJECT,UNCLASSIFIED,20509
9mDfKuCJqhs3V1b5sQswbbsxPCfs8Bto842VNspCpump,song,1,WATCH,thin_liquidity,0.33,2026-09-26T08:25:55.000Z,2026-09-26T08:37:03.625Z,669,2026-09-26T08:36:32Z,pumpswap,0,10.62,after,REJECT,UNCLASSIFIED,257
5JB6aQ5JRxchFYdJ9DTfEvy2sWtnuM4qA1CErXpMpump,TikTok,0,REJECT,,0.16,2026-09-26T08:35:39.000Z,2026-09-26T08:47:48.641Z,730,,,1,,,REJECT,UNCLASSIFIED,2200
2VbTPXqtHLmB7keTjbS6UxqWtdZB8qXXv4GFCERUhEUR,bio/acc,0,REJECT,thin_liquidity,0.21,2026-09-26T08:39:12.000Z,2026-09-26T08:52:03.648Z,772,2026-09-26T08:43:51Z,pumpswap,0,4.65,after,REJECT,UNCLASSIFIED,8883
8F8uX4rVod5ANGLQgTou3anmnp2wiv2kD38eh45Ypump,trumpf,0,REJECT,sell_pressure,0.2,2026-09-26T08:39:14.000Z,2026-09-26T08:52:03.648Z,770,2026-09-26T08:39:29Z,pumpswap,0,0.25,after,REJECT,UNCLASSIFIED,2766
2rwARchJsUweL8ZAqGiEUMVqn7PVBsqM5r1geNFQpump,GAZETTE,0,REJECT,sell_pressure,0,2026-09-26T08:41:12.000Z,2026-09-26T08:54:03.651Z,772,2026-09-26T08:44:46Z,pumpswap,0,3.57,after,REJECT,UNCLASSIFIED,2515
mKKXFJe9nWLL2SCRvExkSv62o3Y9xzhBdQJWaCypump,AMP,1,PASS,,0.39,2026-09-26T08:43:02.000Z,2026-09-26T08:55:18.653Z,737,,,1,,,REJECT,UNCLASSIFIED,72970
6aHoh5Q5Bw41DH8c5X3aYZufnGHoytUsFXiNChv8pump,P(DOOM),0,REJECT,sell_pressure,0.31,2026-09-26T08:47:08.000Z,2026-09-26T08:59:33.659Z,746,2026-09-26T08:56:54Z,pumpswap,0,9.77,after,REJECT,UNCLASSIFIED,15815
AcB6wNdQVuqLPb6ifTUtvzaVDXAoBAb53AQRW44hpump,SOLape,0,REJECT,,0.19,2026-09-26T08:49:41.000Z,2026-09-26T08:59:48.659Z,608,,,1,,,REJECT,UNCLASSIFIED,2497
8ZVyxxEEtyGEESQHKxEAaqZiPaeyeRiXiNdvYAnapump,Grok,0,REJECT,,0.33,2026-09-26T08:54:04.000Z,2026-09-26T09:06:43.694Z,760,,,1,,,REJECT,UNCLASSIFIED,58252
BVNvrQzUKNsgZtuKg2G4NPVrsbZGbxancDqYkVCdQsn3,GLANCE,1,WATCH,thin_liquidity,0.37,2026-09-26T09:19:20.000Z,2026-09-26T09:25:44.765Z,385,2026-09-26T09:19:20Z,pumpswap,0,0.0,after,REJECT,UNCLASSIFIED,18769
oYDSxgZdxFa61U5VWoTvCXQ2a3Y2Lkpss83wMKfpump,SAI,1,PASS,,0.35,2026-09-26T09:27:10.000Z,2026-09-26T09:39:24.438Z,734,2026-09-26T09:27:10Z,pumpswap,0,0.0,after,REJECT,UNCLASSIFIED,132059
CbsZExYJNoGLreDEoyeS9REt1NKVSczog75pANapump,MRBEAST,1,WATCH,weak_momentum,0.18,2026-09-26T09:30:15.000Z,2026-09-26T09:41:24.441Z,669,2026-09-26T09:30:15Z,pumpswap,0,0.0,after,PASS,UNCLASSIFIED,64346
3XZQyw2cZtKCNyM7mN2fbwsDfXPEUNYgLYHzBrjcpump,PAIDE,0,REJECT,sell_pressure,0,2026-09-26T09:34:59.000Z,2026-09-26T09:46:39.450Z,700,2026-09-26T09:35:53Z,pumpswap,0,0.9,after,REJECT,UNCLASSIFIED,3099
Amxw95TPeZb49oEKr58VRcGi4KhY4BbwV2nhx8jfpump,SINUACC,0,REJECT,sell_pressure,0.13,2026-09-26T09:53:03.000Z,2026-09-26T10:04:24.480Z,681,2026-09-26T09:53:03Z,pumpswap,0,0.0,after,REJECT,UNCLASSIFIED,2583
BmP71ELowgA534tLn6EWfivamA4f4mcv85LPmEGPNPAY,PAY,1,WATCH,thin_liquidity,0.37,2026-09-26T10:03:37.000Z,2026-09-26T10:11:22.971Z,466,2026-09-26T10:07:05Z,pumpswap,0,3.47,after,PASS,UNCLASSIFIED,26953
8JoJT3v6DftAyPyNvcQMAaDBQnbU3NxbRkatihBXpump,Jeanjak,0,REJECT,sell_pressure,0.13,2026-09-26T10:06:08.000Z,2026-09-26T10:18:29.674Z,742,2026-09-26T10:06:08Z,pumpswap,0,0.0,after,REJECT,UNCLASSIFIED,27366
GPyM1ohx7tnN7CbTshXfW1m8mHRPtHKNxjW1988nquyn,ELIZA,1,WATCH,weak_momentum,0.35,2026-09-26T10:10:53.000Z,2026-09-26T10:19:30.335Z,517,2026-09-26T10:19:00Z,pumpswap,0,8.12,after,REJECT,UNCLASSIFIED,16410
uNJqEVuqQDN1JEi32X6KG7gUHopUzfmEgsbFzvppump,₽,0,REJECT,sell_pressure,0.22,2026-09-26T10:17:19.000Z,2026-09-26T10:26:00.387Z,521,,,1,,,REJECT,UNCLASSIFIED,2735
CQ1v3S8nCbEqHtamChaF7gjExawo5TwgHXDL4rkgpump,fomoapple,0,REJECT,sell_pressure,0.04,2026-09-26T10:17:31.000Z,2026-09-26T10:26:00.387Z,509,2026-09-26T10:18:19Z,pumpswap,0,0.8,after,REJECT,UNCLASSIFIED,3087
82w6YGQD7cb7SypvkoQrRTHG3qNzmVTNUcZ6njNRpump,AROS,1,PASS,,0.19,2026-09-26T10:17:56.000Z,2026-09-26T10:26:00.387Z,484,2026-09-26T10:17:56Z,pumpswap,0,0.0,after,REJECT,UNCLASSIFIED,1461168
Gu8jPqcm2K2yZdcWh1spKL27ssSNfeE6nbsb16T5qwC4,Antithesis,0,REJECT,sell_pressure,0.07,2026-09-26T10:18:50.000Z,2026-09-26T10:31:00.398Z,730,2026-09-26T10:21:38Z,pumpswap,0,2.8,after,REJECT,UNCLASSIFIED,10771
3dMEcjM8s9PPPVsw9YxprmZnhYsnqKmhqghfaM1etA9q,House,1,WATCH,thin_liquidity,0.32,2026-09-26T10:25:30.000Z,2026-09-26T10:37:45.412Z,735,2026-09-26T10:30:45Z,meteora,0,5.25,after,PASS,UNCLASSIFIED,28742
CiG97nmZ6wF61DfSsu4oakHEa9zR8yZ6RSRAohygpump,e/fomo,0,REJECT,sell_pressure,0,2026-09-26T10:31:19.000Z,2026-09-26T10:44:00.421Z,761,2026-09-26T10:31:19Z,pumpswap,0,0.0,after,REJECT,UNCLASSIFIED,2468
94z2YR9Ra1TS9HCJWaQsfQVagfFz35y5pAvfDL4pump,Anthropic,0,REJECT,,0.37,2026-09-26T10:31:39.000Z,2026-09-26T10:44:30.422Z,771,2026-09-26T10:31:39Z,pumpswap,0,0.0,after,REJECT,UNCLASSIFIED,84271
FK7uteEB8HE2UVA4B7GjY2h9dFGybQQ9kRghKxEQpump,cicada,0,REJECT,sell_pressure,0.27,2026-09-26T10:33:45.000Z,2026-09-26T10:46:00.424Z,735,2026-09-26T10:34:30Z,pumpswap,0,0.75,after,REJECT,UNCLASSIFIED,3106
EjTmcUQQdrqZ76GYyTcqMiYkwcoeM5JvX9JBJap3pump,UEFA,0,REJECT,sell_pressure,0,2026-09-26T10:34:49.000Z,2026-09-26T10:46:45.425Z,716,2026-09-26T10:34:49Z,pumpswap,0,0.0,after,REJECT,UNCLASSIFIED,62107
FPf5b63bnFi9vzWALoxbVGbsH5EHQaJmqSEpY4k6erXa,DEBT,1,WATCH,thin_liquidity,0.38,2026-09-26T10:44:22.000Z,2026-09-26T10:51:45.433Z,443,2026-09-26T10:39:12Z,pumpswap,0,-5.17,after,REJECT,UNCLASSIFIED,7967
5u8nBxxcc2wxBmurh4oZkGuurt3PRYHZagZCG1M8b48B,XLife,1,WATCH,,0.38,2026-09-26T10:48:51.000Z,2026-09-26T10:53:00.434Z,249,2026-09-26T10:52:17Z,pumpswap,0,3.43,after,REJECT,UNCLASSIFIED,18805
Gt4aXuoVGkDgXKSjJ4qsvtvWi9si3rUwi8jDuJZ28kEm,BEFF,1,WATCH,,0.44,2026-09-26T10:46:37.000Z,2026-09-26T10:58:45.443Z,728,2026-09-26T10:46:37Z,pumpswap,0,0.0,after,REJECT,UNCLASSIFIED,13965
ABpcbZTQhBWHWTuksrHoRou5Dp8ASzNZrWsH4LmPpump,JEANPHIL,1,PASS,,0.3,2026-09-26T10:57:39.000Z,2026-09-26T11:10:00.461Z,741,2026-09-26T10:57:39Z,pumpswap,0,0.0,after,REJECT,UNCLASSIFIED,240600
2AzfJy8gxHTpzcno67LFq49KhvfQYkc5Wg4h3bkYz5fa,Office,0,REJECT,sell_pressure,0.13,2026-09-26T11:00:21.000Z,2026-09-26T11:13:00.466Z,759,2026-09-26T11:06:55Z,pumpswap,0,6.57,after,REJECT,UNCLASSIFIED,7769
924hu8kGVQLAJLEZ4Y7xjVEWKi6nYvrQTdQLJnjyohoZ,Unicoin,1,WATCH,thin_liquidity,0.39,2026-09-26T11:02:41.000Z,2026-09-26T11:13:00.466Z,619,2026-09-26T11:02:16Z,pumpswap,0,-0.42,after,PASS,UNCLASSIFIED,30766
AdLPQ62KvMmpPHtgfvSPtrtG3sNAfUMU55CaijTXpump,s/acc,0,REJECT,sell_pressure,0.11,2026-09-26T11:03:36.000Z,2026-09-26T11:16:15.471Z,759,,,1,,,REJECT,UNCLASSIFIED,2675
5vJru816VLtPmkoPs9cYPvznw3RvexXXWFuBtxtGpump,Mercedes,0,REJECT,,0.13,2026-09-26T11:05:04.000Z,2026-09-26T11:18:00.474Z,776,,,1,,,REJECT,UNCLASSIFIED,56417
5BoGVxUTJcGXpFCWiLm7crvQJnqHuNXcZnkfk7Hcpump,Stuck ,0,REJECT,thin_liquidity,0,2026-09-26T11:12:24.000Z,2026-09-26T11:20:15.477Z,471,,,1,,,REJECT,UNCLASSIFIED,18
3gLCmbKsF2eps3JpFLykgVhkzi8Vh2wLAco7FUnvpump,act/acc,1,WATCH,,0.24,2026-09-26T11:11:19.000Z,2026-09-26T11:24:00.487Z,761,2026-09-26T11:11:19Z,pumpswap,0,0.0,after,PASS,UNCLASSIFIED,102480
CkkNjyB6r1xraRyTrwejehZMSW8Bqw3123sV4aNXpump,ZTRACE,1,WATCH,,0.43,2026-09-26T11:24:26.000Z,2026-09-26T11:36:15.533Z,710,2026-09-26T11:34:16Z,pumpswap,0,9.83,after,PASS,UNCLASSIFIED,21252
9MfPGrdb3b7LZbXR4jC4CvXhH3zdkUn8TWBJgM69pump,Dog Think,0,REJECT,sell_pressure,0,2026-09-26T11:32:19.000Z,2026-09-26T11:37:30.535Z,312,,,1,,,REJECT,UNCLASSIFIED,10
F3C2t4hXyeGXsUSVQ2zJ5fbD2tFrjQygZosCS1cHRC5J,TOE,1,WATCH,thin_liquidity,0.34,2026-09-26T11:36:33.000Z,2026-09-26T11:45:00.548Z,508,2026-09-26T11:36:33Z,pumpswap,0,0.0,after,PASS,UNCLASSIFIED,34950
35ynznV9r2RVSXYDrZtfsngvLRrkD3iGKjzv5c3U2i7u,XCOMPANY,1,WATCH,weak_momentum,0.22,2026-09-26T11:41:15.000Z,2026-09-26T11:46:30.551Z,316,2026-09-26T11:45:34Z,pumpswap,0,4.32,after,REJECT,UNCLASSIFIED,18192
68CSbyK1hmAxpmF97uYsVyxfomdPTmBnN6Q5ojmCpump,TOE,0,REJECT,thin_liquidity,0.19,2026-09-26T11:50:35.000Z,2026-09-26T12:03:00.580Z,746,,,1,,,REJECT,UNCLASSIFIED,15
5jcH4EjDJzQVKfQqYKcDCzbG77Lz6yaYuv39Gh1Vpump,DEX,0,REJECT,,0.37,2026-09-26T12:06:36.000Z,2026-09-26T12:18:45.608Z,730,2026-09-26T12:06:36Z,pumpswap,0,0.0,after,REJECT,UNCLASSIFIED,136639
FRPx89z9kPzC88CowtAbnUTJAMvs8oAVvSW8vqAepump,BUGAPAID,0,REJECT,sell_pressure,0,2026-09-26T12:07:02.000Z,2026-09-26T12:20:00.611Z,779,2026-09-26T12:07:02Z,pumpswap,0,0.0,after,REJECT,UNCLASSIFIED,2900
5kyriddPuXfWMp9FB5Ne3TKLpFa2D1kw5nB9EkzDbeRQ,DEBT,0,REJECT,sell_pressure,0.23,2026-09-26T12:09:19.000Z,2026-09-26T12:21:45.614Z,747,2026-09-26T12:11:08Z,pumpswap,0,1.82,after,REJECT,UNCLASSIFIED,4599
FXinT5foNxWXJAKjMNXr7Hx3bmT1WVDWU2YkjJR9pump,TOE,0,REJECT,thin_liquidity,0,2026-09-26T12:11:22.000Z,2026-09-26T12:23:30.616Z,729,2026-09-26T12:13:10Z,pumpswap,0,1.8,after,REJECT,UNCLASSIFIED,29
FYM6PhwAS3QwTBwvgLj8JYeMgpNfKsWtW3hGxPM9eFkt,DEBT,1,WATCH,thin_liquidity,0.28,2026-09-26T12:13:28.000Z,2026-09-26T12:25:45.620Z,738,2026-09-26T12:02:36Z,pumpswap,0,-10.87,after,PASS,UNCLASSIFIED,68891
3nhR3QpMvGymZiqbhRHnesV4g29aENLbTHUycWMDWV3d,nietzschean,1,WATCH,thin_liquidity,0.37,2026-09-26T12:43:32.000Z,2026-09-26T12:48:45.682Z,314,,,1,,,REJECT,UNCLASSIFIED,399
6HN3T9jdw7JE8y9cXCzyKyPZmyxrMyhRoANyNMgApump,ROCKETEMP,0,REJECT,thin_liquidity,0,2026-09-26T12:47:10.000Z,2026-09-26T12:59:13.041Z,723,,,1,,,REJECT,UNCLASSIFIED,4
EJ5KfdKAc8Dnm3ou86d6PuFQiLhk5tgKwkLBaGgFpump,MONY,0,REJECT,thin_liquidity,0.19,2026-09-26T12:50:40.000Z,2026-09-26T13:01:14.588Z,635,,,1,,,REJECT,UNCLASSIFIED,17
4KYEVxAN6uXCbSHX1cDYihUyHxM9m7yceEA8RBnUpump,0DTE,0,REJECT,sell_pressure,0.01,2026-09-26T12:54:48.000Z,2026-09-26T13:05:15.732Z,628,,,1,,,REJECT,UNCLASSIFIED,11
23SWJGfUkr8YGAmyF7kHnsBUUyzw3LCSbo5bQUnxpump,FREE,1,WATCH,,0.4,2026-09-26T12:55:10.000Z,2026-09-26T13:05:15.732Z,606,2026-09-26T13:04:42Z,pumpswap,0,9.53,after,REJECT,UNCLASSIFIED,19300
9v2FVaAQihNssfHVwX5BU5wxbYgeXh7Wtg9k3Cipump,USDFA,1,PASS,,0.18,2026-09-26T12:58:43.000Z,2026-09-26T13:09:07.887Z,625,2026-09-26T12:58:43Z,pumpswap,0,0.0,after,REJECT,UNCLASSIFIED,312835
gmzzdHD5RgfAmTCdYbCajXVis1FFayWrTRQBsenpump,GTA6 VI,1,WATCH,,0.35,2026-09-26T13:01:10.000Z,2026-09-26T13:12:12.193Z,662,2026-09-26T13:01:10Z,pumpswap,0,0.0,after,REJECT,UNCLASSIFIED,49696
BiGStZtwjJEh3tFCLh8gTcSAVr7uSKBHKAEYHufqs3jP,STAN,0,REJECT,sell_pressure,0.11,2026-09-26T13:03:55.000Z,2026-09-26T13:14:12.205Z,617,2026-09-26T13:06:58Z,pumpswap,0,3.05,after,PASS,UNCLASSIFIED,30838
HPEqcsDiHc5jopYSng6furMwS6NwarirCGtvAMmepump,Grok Bot ,0,REJECT,thin_liquidity,0.2,2026-09-26T13:05:10.000Z,2026-09-26T13:17:27.211Z,737,,,1,,,REJECT,UNCLASSIFIED,10
5kcJz9yt7y2xdYccwnkU2mDS3x8zBNQiYtPk6DPWBiZr,Franklin,0,REJECT,sell_pressure,0.16,2026-09-26T13:06:35.000Z,2026-09-26T13:18:42.213Z,727,2026-09-26T13:13:08Z,pumpswap,0,6.55,after,REJECT,UNCLASSIFIED,15011
HwX9f6NUQypHQ4S4U8UDKT6ECvbKABkrnsneFec5pump,DCAT,0,REJECT,sell_pressure,0,2026-09-26T13:12:52.000Z,2026-09-26T13:25:27.223Z,755,,,1,,,REJECT,UNCLASSIFIED,2226
6hzyHMwR1S2wAbPfDjTcQtM5fTq4XZBWFTRSdTsvZ2DH,tinycat,1,WATCH,,0.42,2026-09-26T13:24:22.000Z,2026-09-26T13:35:42.239Z,680,2026-09-26T13:24:22Z,pumpswap,0,0.0,after,PASS,UNCLASSIFIED,30469
HfR6vvGvbSFhFo6sokVRUytAm6DKRR6pZ6RuPPsXpump,FO,0,REJECT,sell_pressure,0.3,2026-09-26T13:39:00.000Z,2026-09-26T13:51:42.266Z,762,,,1,,,REJECT,UNCLASSIFIED,13023
9JSdbhKMtFFY6xf449CbFKfHkvwMWvycPe8XADQyuW17,KCAT,0,REJECT,thin_liquidity,0.16,2026-09-26T13:39:45.000Z,2026-09-26T13:51:57.266Z,732,2026-09-26T13:50:10Z,pumpswap,0,10.42,after,REJECT,UNCLASSIFIED,82
BUWrBe6rd89jFdJPPG54Cw3JmXxQFPMRuNDNuv2ByLZa,Q4,0,REJECT,thin_liquidity,0.04,2026-09-26T13:40:43.000Z,2026-09-26T13:52:57.268Z,734,2026-09-26T13:52:22Z,pumpswap,0,11.65,after,REJECT,UNCLASSIFIED,60
4R1xHd8tBFSg5tqvJiqGvUfm8W1VNAx496u37CKXpump,kitty,0,REJECT,thin_liquidity,0.24,2026-09-26T14:02:36.000Z,2026-09-26T14:14:27.304Z,711,2026-09-26T14:02:37Z,pumpswap,0,0.02,after,REJECT,UNCLASSIFIED,2669
7e4jSEHbPRshSwhQaiDCq41pZ4gc9PUma9hanZqhpump,chill/acc,0,REJECT,,0.13,2026-09-26T14:04:12.000Z,2026-09-26T14:16:57.308Z,765,,,1,,,REJECT,UNCLASSIFIED,2678
AXWoSuAGX6t19PoABFP85jfDoTJ4RU5EmMVzsMo8pump,DEBT,1,WATCH,sell_pressure,0.3,2026-09-26T14:05:15.000Z,2026-09-26T14:17:12.308Z,717,2026-09-26T14:05:22Z,pumpswap,0,0.12,after,REJECT,UNCLASSIFIED,21046
CwRtN7KBDkdXURWS71ymoSEEUDLtmjSw2YEZjhbPpump,Onepiece,0,REJECT,weak_momentum,0.3,2026-09-26T14:08:49.000Z,2026-09-26T14:21:27.317Z,758,2026-09-26T14:14:36Z,pumpswap,0,5.78,after,REJECT,UNCLASSIFIED,10752
Avk25UtvVCimfCh5dn7pBAvo39GDqLUoYZg78L6pump,PAIDHOUSE,1,WATCH,,0.37,2026-09-26T14:09:18.000Z,2026-09-26T14:21:57.318Z,759,2026-09-26T14:09:18Z,pumpswap,0,0.0,after,REJECT,UNCLASSIFIED,32060
3rLbP63g74ugwqpwqTpwsELmRkQR9wnR2fv5mhtGHNZi,PHISH,1,WATCH,,0.41,2026-09-26T14:11:30.000Z,2026-09-26T14:22:12.318Z,642,2026-09-26T14:11:30Z,raydium,0,0.0,after,REJECT,UNCLASSIFIED,23319
FaCaM57NEEs2yEfmPuoX8jtwfwsJqjC5Qbp7NzApump,MetaMask,0,REJECT,sell_pressure,0,2026-09-26T14:33:59.000Z,2026-09-26T14:35:59.160Z,120,2026-09-26T14:33:59Z,pumpswap,0,0.0,after,REJECT,UNCLASSIFIED,2195
AfWLRnMkvb2PMLxZDbrantuqZhKMkqRUcrxz6KVSpump,PAIDINU,1,WATCH,,0.19,2026-09-26T14:34:11.000Z,2026-09-26T14:36:17.448Z,126,,,1,,,REJECT,UNCLASSIFIED,25969
CofkMbp5Xxsitz7uG9ndLv74ibDPUny4zxTsVZArpump,C@T,1,WATCH,,0.36,2026-09-26T14:25:29.000Z,2026-09-26T14:37:03.707Z,695,2026-09-26T14:25:29Z,pumpswap,0,0.0,after,REJECT,UNCLASSIFIED,42524
6vtaJaoXXeYmM1KVuLheRWnTeDJNhrQKBNcbS9A9pump,TRUMPED,0,REJECT,thin_liquidity,0.03,2026-09-26T14:33:48.000Z,2026-09-26T14:40:03.770Z,376,2026-09-26T14:37:37Z,pumpswap,0,3.82,after,REJECT,UNCLASSIFIED,2
Cu1pUSrEMSg37eJPc9h6REn8vS5PitmkJCXaQt4zwoAJ,NPM,0,REJECT,sell_pressure,0.23,2026-09-26T14:36:05.000Z,2026-09-26T14:48:48.786Z,764,2026-09-26T14:36:41Z,pumpswap,0,0.6,after,REJECT,UNCLASSIFIED,8410
JBKJ4VvPfweP7QwZW6L5ztqJpbqZ2mjKz1BrVC1Yx9hK,𝕏/ACC,0,REJECT,sell_pressure,0.21,2026-09-26T14:48:48.000Z,2026-09-26T14:53:48.794Z,301,2026-09-26T14:48:48Z,pumpswap,0,0.0,after,REJECT,UNCLASSIFIED,3769
127AcbXjeLujzbu6Ms8NftPvEDAMp154TTyBsi6Apump,$TAPE,1,WATCH,thin_liquidity,0.36,2026-09-26T14:47:00.000Z,2026-09-26T14:55:03.796Z,484,2026-09-26T14:47:00Z,pumpswap,0,0.0,after,REJECT,UNCLASSIFIED,23538
39Js38M4nUxkjVpEjQVTnxKBL2FvedktMPS619Cmpump,Meta,0,REJECT,sell_pressure,0.32,2026-09-26T15:01:29.000Z,2026-09-26T15:12:18.822Z,650,2026-09-26T15:01:29Z,pumpswap,0,0.0,after,REJECT,UNCLASSIFIED,24702
DT3t4sKiJViZDiL5jx4mbwuyouTkfhDh3GBh2SQNpump,DEBT,1,WATCH,thin_liquidity,0.38,2026-09-26T15:20:11.000Z,2026-09-26T15:32:48.854Z,758,,,1,,,REJECT,UNCLASSIFIED,50374
2GMowfFBuhy6ZxHMdKiC8fTKZFQhnCnmC5x27bTSpump,OnlyX,1,WATCH,thin_liquidity,0.4,2026-09-26T15:22:25.000Z,2026-09-26T15:34:48.858Z,744,,,1,,,REJECT,UNCLASSIFIED,30723
7TopJi5V8Q7WJFgsnNAiGL7w8UVp1JHUqHJx518X1owW,bloom,1,WATCH,,0.41,2026-09-26T15:23:39.000Z,2026-09-26T15:36:18.862Z,760,2026-09-26T15:24:37Z,pumpswap,0,0.97,after,REJECT,UNCLASSIFIED,10986
5F8cX7hVai2ayvCfF8HFmXApQnRnrsxvBrbcy6Qapump,TALK,1,WATCH,sell_pressure,0.31,2026-09-26T15:24:55.000Z,2026-09-26T15:37:03.865Z,729,2026-09-26T15:33:49Z,pumpswap,0,8.9,after,REJECT,UNCLASSIFIED,16330
5hDCwHfkYirUpz5pD6JhSkEYMT7EyPgLkixVmCFUpump,ELONG,0,REJECT,thin_liquidity,0.16,2026-09-26T15:25:38.000Z,2026-09-26T15:38:18.869Z,761,2026-09-26T15:29:44Z,pumpswap,0,4.1,after,REJECT,UNCLASSIFIED,2405
teoW7dN4mTQTgbjbgjUAjAVZDHQBGxHGDx74LMbpump,m/acc,1,WATCH,thin_liquidity,0.3,2026-09-26T15:26:11.000Z,2026-09-26T15:38:48.869Z,758,2026-09-26T15:30:46Z,pumpswap,0,4.58,after,REJECT,UNCLASSIFIED,7182
9M374yVvrcinzMNiACjzoEaZ7e1dFMniy5n9Zcnzpump,FIRM,1,WATCH,,0.23,2026-09-26T15:29:23.000Z,2026-09-26T15:39:18.870Z,596,2026-09-26T15:37:22Z,pumpswap,0,7.98,after,REJECT,UNCLASSIFIED,22961
G4PF5viRAdYCA3QLf3g81J7NoWyMWoyZxMLJ52f4xon7,froges,1,WATCH,thin_liquidity,0.27,2026-09-26T15:31:51.000Z,2026-09-26T15:39:33.870Z,463,2026-09-26T15:31:51Z,meteora,0,0.0,after,PASS,UNCLASSIFIED,50318
9fgGFfdHUfeMeDUd9DjJaRjpJ7oz38j4ikwf3uxrayPS,FROGE,1,WATCH,sell_pressure,0.33,2026-09-26T15:34:15.000Z,2026-09-26T15:43:18.877Z,544,2026-09-26T15:34:15Z,raydium,0,0.0,after,REJECT,UNCLASSIFIED,11123
1dL5fDQpjTrXPnttms7BQq8hiQ7zwDadjjquby4RSLS,Max,1,WATCH,thin_liquidity,0.3,2026-09-26T16:03:51.000Z,2026-09-26T16:06:03.913Z,133,2026-09-26T16:03:51Z,pumpswap,0,0.0,after,REJECT,UNCLASSIFIED,19414
HeEC24FVai9uFMnz4PHCjuAdHcCMQQ1Uw3MZPWyxBGMe,Elizabeth,1,WATCH,sell_pressure,0.33,2026-09-26T16:12:54.000Z,2026-09-26T16:18:03.933Z,310,2026-09-26T16:17:25Z,pumpswap,0,4.52,after,REJECT,UNCLASSIFIED,16152
4fjif4GBpvLNBkZDXANw5S6HMZ6W64BbMTX8Rd9TRhY9,LUMMIS,0,REJECT,sell_pressure,0.17,2026-09-26T16:19:41.000Z,2026-09-26T16:28:48.951Z,548,2026-09-26T16:22:49Z,pumpswap,0,3.13,after,REJECT,UNCLASSIFIED,4475
fP2UhwtcNSYUHFTLJVoMnjYp3Hgfd7AqaAXhTDEpump,USPR,0,REJECT,,0.37,2026-09-26T16:24:01.000Z,2026-09-26T16:34:03.959Z,603,2026-09-26T16:24:01Z,pumpswap,0,0.0,after,REJECT,UNCLASSIFIED,149550
3m67rYMbyZDngLKhQcZjgmG6t3cnepM3owAUxEFdpump,PROFIT,0,REJECT,sell_pressure,0.15,2026-09-26T16:26:32.000Z,2026-09-26T16:38:48.969Z,737,2026-09-26T16:28:11Z,pumpswap,0,1.65,after,REJECT,UNCLASSIFIED,5502
AZRVe9zEmCgVgjcgnu7X18Sth26bYP8hj6vNVdQ4pump,CrazyMaiz,0,REJECT,thin_liquidity,0.35,2026-09-26T16:29:15.000Z,2026-09-26T16:42:03.977Z,769,2026-09-26T16:32:48Z,pumpswap,0,3.55,after,REJECT,UNCLASSIFIED,188
CDbZLeUgK5P82xXU7FG52c2mmWfpucmXabDwMGWKTAGG,TAGG,1,WATCH,thin_liquidity,0.39,2026-09-26T16:31:22.000Z,2026-09-26T16:43:33.979Z,732,2026-09-26T16:32:20Z,pumpswap,0,0.97,after,REJECT,UNCLASSIFIED,30734
4FqfuANxarRT6cSeQptzUz7m8AZNKsgzzVj9E3USpump,Work,0,REJECT,sell_pressure,0.16,2026-09-26T16:32:54.000Z,2026-09-26T16:44:48.982Z,715,2026-09-26T16:36:26Z,pumpswap,0,3.53,after,REJECT,UNCLASSIFIED,9
5wFvQuJm7L67ZY3XbzwZw39RkVSXy1wuM4rhCjmvpump,GOAT,0,REJECT,thin_liquidity,0.1,2026-09-26T16:35:53.000Z,2026-09-26T16:48:33.993Z,761,2026-09-26T16:38:05Z,pumpswap,0,2.2,after,REJECT,UNCLASSIFIED,12
9mpiXvz5bu6AvJE83kFf9ngd3WruuA1M8xVZiaykpump,20xx,0,REJECT,sell_pressure,0,2026-09-26T16:55:14.000Z,2026-09-26T17:07:55.936Z,762,2026-09-26T16:55:14Z,pumpswap,0,0.0,after,REJECT,UNCLASSIFIED,3030
KkrAM5d9YRzFZ9wMHNapfJ3LeTuKfQ9kuARkbuipump,IRAN,0,REJECT,sell_pressure,0,2026-09-26T16:56:19.000Z,2026-09-26T17:08:55.938Z,757,,,1,,,REJECT,UNCLASSIFIED,2770
BkuopU9ufiJoEHScHDF8MS14J3McWSPjHk5GkghhKbhj,SC,0,REJECT,sell_pressure,0.31,2026-09-26T16:57:33.000Z,2026-09-26T17:10:10.939Z,758,2026-09-26T16:55:10Z,meteora,0,-2.38,after,REJECT,UNCLASSIFIED,16857
9jEbkZPhcwYCpYEiyNj5NPdj1ewNRppc7XQBSupVpump,AMP,1,WATCH,sell_pressure,0.28,2026-09-26T17:00:13.000Z,2026-09-26T17:10:25.940Z,613,2026-09-26T17:07:02Z,pumpswap,0,6.82,after,REJECT,UNCLASSIFIED,15089
GFWj43Huw6LMYT5yfyf5k4MVRuRUFfZvcRZJRa9MWcs3,CHATTY,0,REJECT,sell_pressure,0.23,2026-09-26T17:02:23.000Z,2026-09-26T17:15:10.947Z,768,2026-09-26T17:02:23Z,pumpswap,0,0.0,after,REJECT,UNCLASSIFIED,10130
BRN8PquhscNmq7kvarpFtoup7cZVxh65RQcXRyPppump,SFROG,1,WATCH,,0.36,2026-09-26T17:09:02.000Z,2026-09-26T17:21:40.957Z,759,2026-09-26T17:09:02Z,pumpswap,0,0.0,after,REJECT,UNCLASSIFIED,35399
VH8jXt2XqqyEtnSfmBwSmt4U8ZXhGxrj3dYDRCG2vbC,gork,0,REJECT,sell_pressure,0,2026-09-26T17:10:36.000Z,2026-09-26T17:21:40.957Z,665,2026-09-26T17:10:36Z,pumpswap,0,0.0,after,REJECT,UNCLASSIFIED,8356
F3bGLCQrDNeRnr29ttowfKkkE6sjAn9FFHBPXCqUpump,TJR,0,REJECT,,0.38,2026-09-26T17:12:01.000Z,2026-09-26T17:22:10.958Z,610,2026-09-26T17:12:01Z,pumpswap,0,0.0,after,REJECT,UNCLASSIFIED,135917
25UThw41PUqCTRpGSBzoZRB1MYEZsjVo7AUAn7Nupump,E/DOG,1,WATCH,,0.39,2026-09-26T17:11:05.000Z,2026-09-26T17:22:40.959Z,696,,,1,,,REJECT,UNCLASSIFIED,37915
p5nP7S29nCpjgUY1iaSts9iCuZZmMmiHNwdNfm5gpad,pad,0,REJECT,sell_pressure,0.34,2026-09-26T17:17:34.000Z,2026-09-26T17:26:10.964Z,517,2026-09-26T17:17:34Z,pumpswap,0,0.0,after,REJECT,UNCLASSIFIED,11211
3z217AHMN55rEwX9W54v7jBWyHhJrMBSM5tVrHZF7WuW,RO,0,REJECT,,0.41,2026-09-26T17:26:41.000Z,2026-09-26T17:39:25.986Z,765,2026-09-26T17:26:41Z,pumpswap,0,0.0,after,REJECT,UNCLASSIFIED,3829
BGfP1fRkrZujrc6qT3gvxuzdRC9Enre2xMiwiNWCpump,RO,0,REJECT,sell_pressure,0.05,2026-09-26T17:27:32.000Z,2026-09-26T17:39:55.987Z,744,2026-09-26T17:27:32Z,pumpswap,0,0.0,after,REJECT,UNCLASSIFIED,3531
HJ1vNgAUNT9Nncseiozeu72Uem1hTfy3tdiPMfbWpump,DEX,0,REJECT,,0.36,2026-09-26T17:32:04.000Z,2026-09-26T17:44:10.994Z,727,2026-09-26T17:32:04Z,pumpswap,0,0.0,after,REJECT,UNCLASSIFIED,134986
228J2hxbou6CS7meQNpuu5gZHT8qaPXmeXnupmzzpump,DOGE,0,REJECT,,0.12,2026-09-26T17:32:25.000Z,2026-09-26T17:45:10.997Z,766,,,1,,,REJECT,UNCLASSIFIED,886
DHzjVpsQPzcZP7ugHTD4N9yNHRvSB6NGVQinawRwpump,Mr Beast,0,REJECT,,0.23,2026-09-26T17:33:15.000Z,2026-09-26T17:45:25.998Z,731,2026-09-26T17:33:15Z,pumpswap,0,0.0,after,REJECT,UNCLASSIFIED,74642
PiHNYefSuPLQpGGwxnaJrZ3HqtiPBvuWt3XvYv6pump,DUO,1,WATCH,,0.17,2026-09-26T17:51:49.000Z,2026-09-26T17:53:56.011Z,127,2026-09-26T17:51:49Z,pumpswap,0,0.0,after,PASS,UNCLASSIFIED,130866
4TQiE8UY2pbpsguBDjm2hEkxCExzU9Z2CzbkAE4Sw3nw,SIDELINED,1,WATCH,,0.35,2026-09-26T18:08:00.000Z,2026-09-26T18:10:11.038Z,131,2026-09-26T18:04:47Z,meteora,0,-3.22,after,REJECT,UNCLASSIFIED,24460
777XNvfVmvumMEc6M9yxJQJQnQtjbUYJyx53cqrwo777,7,1,WATCH,sell_pressure,0.37,2026-09-26T18:13:50.000Z,2026-09-26T18:16:11.047Z,141,2026-09-26T17:59:30Z,raydium,0,-14.33,after,PASS,UNCLASSIFIED,203799
GDT8UZGGuaa9YAevWxh7yBcNvj4otQUv4xf6j4RsForK,FORK,1,WATCH,thin_liquidity,0.29,2026-09-26T18:19:03.000Z,2026-09-26T18:21:11.055Z,128,2026-09-26T18:16:56Z,pumpswap,0,-2.12,after,PASS,UNCLASSIFIED,28667
Ghvn5nKzvtmrT96YpwEq8dQq9eUaw9upjvDF5ZBypump,e/Z,0,REJECT,sell_pressure,0,2026-09-26T18:17:21.000Z,2026-09-26T18:29:26.069Z,725,2026-09-26T18:17:21Z,pumpswap,0,0.0,after,REJECT,UNCLASSIFIED,3468
5jhLEBR4YiXp5W9d7NGpiTeWzFjyWUXpbpWXgPjpe7QW,UP,0,REJECT,thin_liquidity,0.48,2026-09-26T18:25:49.000Z,2026-09-26T18:36:11.079Z,622,2026-09-26T18:25:49Z,raydium,0,0.0,after,REJECT,UNCLASSIFIED,5068
AqmTjSLmpcE5hr1UnxAPkPxReZcWLMS7fnD5YknRpump,PINO,1,WATCH,sell_pressure,0.23,2026-09-26T18:38:02.000Z,2026-09-26T18:50:11.103Z,729,2026-09-26T18:39:07Z,pumpswap,0,1.08,after,REJECT,UNCLASSIFIED,9879
5M82TFgoVD97Xxs77XSzZzQbmoEuppDGMyqJDnTLpump,WOAR,0,REJECT,,0.21,2026-09-26T18:41:05.000Z,2026-09-26T18:53:11.108Z,726,2026-09-26T18:41:05Z,pumpswap,0,0.0,after,REJECT,UNCLASSIFIED,510030
CgXXVX4E7HihNxVrSfCex4rhsj8zSkGki1wgZY3hpump,AMERICA,1,WATCH,sell_pressure,0.24,2026-09-26T18:42:39.000Z,2026-09-26T18:54:41.110Z,722,,,1,,,REJECT,UNCLASSIFIED,60894
CCLLzQBcM6n2A4BapnDeasmFDeAqmb4Mny5QTjWEpump,drump,0,REJECT,sell_pressure,0,2026-09-26T18:44:02.000Z,2026-09-26T18:56:56.114Z,774,2026-09-26T18:48:16Z,pumpswap,0,4.23,after,REJECT,UNCLASSIFIED,3
55L4fyWFNneNiRCR1M2D4cRGS31wMcL5VnG9hVs6pump,SPOODERMAN,0,REJECT,,0.36,2026-09-26T18:47:02.000Z,2026-09-26T18:58:56.117Z,714,2026-09-26T18:47:02Z,pumpswap,0,0.0,after,REJECT,UNCLASSIFIED,137201
2BhV3a1yvoEsBYcbsUDzSYxd5P88MdAVWy9CQiZepump,e/dollar,0,REJECT,thin_liquidity,0.34,2026-09-26T18:47:30.000Z,2026-09-26T18:59:56.118Z,746,2026-09-26T18:47:35Z,pumpswap,0,0.08,after,PASS,UNCLASSIFIED,56031
HicQoC9e9kW7befsQWdWgWMqEvDzHHH2Gmcn6nRvn6KL,cat,1,WATCH,thin_liquidity,0.27,2026-09-26T18:53:55.000Z,2026-09-26T19:00:11.119Z,376,2026-09-26T18:53:55Z,pumpswap,0,0.0,after,REJECT,UNCLASSIFIED,13339
gsDC8WbXwtyEmbh8f8HfvpPEJ7nG4FV4zX4GWXzSjyD,DILLINGER,1,WATCH,thin_liquidity,0.4,2026-09-26T18:54:24.000Z,2026-09-26T19:00:11.119Z,347,2026-09-26T18:54:24Z,pumpswap,0,0.0,after,PASS,UNCLASSIFIED,22777
ZrQdfsbm4XVBXMBr8V9Qxvy4Jkt36b5K9iEZmR9pump,TROLLOWEEN,0,REJECT,sell_pressure,0,2026-09-26T18:52:06.000Z,2026-09-26T19:01:11.121Z,545,2026-09-26T18:52:06Z,pumpswap,0,0.0,after,REJECT,UNCLASSIFIED,21623
HCFC1EyKA1WyPNeLNdB3L6YhcBoMGugNpTnVrGQxpump,BOOM,1,WATCH,thin_liquidity,0.45,2026-09-26T19:05:18.000Z,2026-09-26T19:15:11.153Z,593,2026-09-26T19:05:18Z,pumpswap,0,0.0,after,REJECT,UNCLASSIFIED,26798
EKZwDZR1SVdEQHCdnCKFMCbG9ZLpZCHf8jHQtD6tpump,Meta,0,REJECT,sell_pressure,0.19,2026-09-26T19:09:07.000Z,2026-09-26T19:20:11.164Z,664,2026-09-26T19:09:07Z,pumpswap,0,0.0,after,REJECT,UNCLASSIFIED,68410
vSbd6sGt9MFDa5X778V8Lq9CWQ7PQ91PCsWNZDvpump,XBC,1,WATCH,,0.41,2026-09-26T19:11:10.000Z,2026-09-26T19:23:26.178Z,736,2026-09-26T19:11:10Z,pumpswap,0,0.0,after,PASS,UNCLASSIFIED,67423
AnoqEL6BD2vQMhERxaY9iAK2d2gqZvZvGLbEidURpump,Glasses,0,REJECT,thin_liquidity,0.21,2026-09-26T19:11:28.000Z,2026-09-26T19:23:41.178Z,733,2026-09-26T19:16:23Z,pumpswap,0,4.92,after,REJECT,UNCLASSIFIED,26
8c4pJJPJDK1TTC2usT39aBWs93gFufZjC7zqqPJ6pump,Chat GPT,0,REJECT,,0.18,2026-09-26T19:12:18.000Z,2026-09-26T19:23:56.179Z,698,2026-09-26T19:12:18Z,pumpswap,0,0.0,after,REJECT,UNCLASSIFIED,72477
FEamXZx6VAawJeM82Dan8gVKjEyk8Nd1xmic5Cxypump,e/send,0,REJECT,sell_pressure,0.23,2026-09-26T19:18:35.000Z,2026-09-26T19:27:26.184Z,531,2026-09-26T19:18:35Z,pumpswap,0,0.0,after,PASS,UNCLASSIFIED,60684
DRKGYsGALqr5p2aTcGLK9zqiPB5wk7JV78bJv4mPpump,SPLIT,1,WATCH,sell_pressure,0.4,2026-09-26T19:21:59.000Z,2026-09-26T19:31:41.191Z,582,2026-09-26T19:31:01Z,pumpswap,0,9.03,after,REJECT,UNCLASSIFIED,23746
7Pyhmi1QhVY4PsAd68KFh3GdGT4EFjJw3LPfwmxepump,e/acc,0,REJECT,sell_pressure,0.13,2026-09-26T19:22:04.000Z,2026-09-26T19:34:41.197Z,757,2026-09-26T19:22:04Z,pumpswap,0,0.0,after,REJECT,UNCLASSIFIED,74350
8mKBdobXgNqtHFvRGgYQaMa7nfJHNcENtVP8JQcGpump,t/acc,0,REJECT,,0.39,2026-09-26T19:47:05.000Z,2026-09-26T19:59:41.237Z,756,2026-09-26T19:47:05Z,pumpswap,0,0.0,after,REJECT,UNCLASSIFIED,136868
88AmJzX1aCSp2aFq3cJxZv9ownKD7ebtDK3J8XPSpump,Pair,0,REJECT,sell_pressure,0.25,2026-09-26T19:52:24.000Z,2026-09-26T20:04:56.246Z,752,2026-09-26T19:54:43Z,pumpswap,0,2.32,after,REJECT,UNCLASSIFIED,11808
EtKrzGx6kTHtV4xZJwPALJJDuTHonYwHkwhWvomepump,sift,0,REJECT,thin_liquidity,0.21,2026-09-26T19:58:03.000Z,2026-09-26T20:10:41.256Z,758,2026-09-26T20:03:24Z,pumpswap,0,5.35,after,REJECT,UNCLASSIFIED,10
6wR1Ee3NR9H8VECGnQo2EcjXFA2PRimkHeBTErucpump,POST,1,WATCH,sell_pressure,0.24,2026-09-26T19:59:15.000Z,2026-09-26T20:12:11.258Z,776,2026-09-26T20:01:42Z,pumpswap,0,2.45,after,REJECT,UNCLASSIFIED,8143
BnerQHCzXH96R72C8hLxK29xQxYByw1ggCvbo6mWpump,Pac,0,REJECT,thin_liquidity,0,2026-09-26T20:12:50.000Z,2026-09-26T20:25:11.284Z,741,2026-09-26T20:17:33Z,pumpswap,0,4.72,after,REJECT,UNCLASSIFIED,34
7cXWSNTq71PZREBmGCBvZirkNwoGokWBQz9fWferViiV,ASTEROID,1,WATCH,,0.39,2026-09-26T20:18:51.000Z,2026-09-26T20:28:56.292Z,605,2026-09-15T21:57:07Z,pumpswap,0,-15741.73,after,PASS,UNCLASSIFIED,128290
BnaEBPMkjLmmSbfHTjdN9o4errqPvS3kAzUhRcUspump,Liberty,0,REJECT,,0.37,2026-09-26T20:20:26.000Z,2026-09-26T20:32:41.299Z,735,2026-09-26T20:20:26Z,pumpswap,0,0.0,after,REJECT,UNCLASSIFIED,137223
3uTTAARetWv4VEHpg7GnaKuQWGGvVpy5WixFkCx2pump,p/acc,1,WATCH,,0.4,2026-09-26T20:45:25.000Z,2026-09-26T20:57:26.340Z,721,2026-09-26T20:45:25Z,pumpswap,0,0.0,after,REJECT,UNCLASSIFIED,36543
2CAVg6TdcUyzbZKLVLtS5bUdkW5i23HEgP3i5L84pump,GENT,0,REJECT,thin_liquidity,0.36,2026-09-26T21:03:31.000Z,2026-09-26T21:07:11.356Z,220,2026-09-26T21:06:12Z,pumpswap,0,2.68,after,REJECT,UNCLASSIFIED,8
8PJfHXeLUVcf24RQiBAa9Bj5mRSMQxyoPCzdL1aypump,Molview,0,REJECT,sell_pressure,0.38,2026-09-26T21:04:26.000Z,2026-09-26T21:17:11.373Z,765,2026-09-26T21:11:26Z,pumpswap,0,7.0,after,REJECT,UNCLASSIFIED,23191
4YHbtGNfwdr1H11rJbVeizeEVVJzFYYiX7qFWJ1WPoaS,PLEASEINU,0,REJECT,sell_pressure,0.22,2026-09-26T21:08:57.000Z,2026-09-26T21:21:11.379Z,734,2026-09-26T21:16:42Z,pumpswap,0,7.75,after,REJECT,UNCLASSIFIED,23012
4ecSqqdPi5DZ5wpajg5kVUGDU13rjr19weBHLz2Kpump,RELOAD,1,WATCH,sell_pressure,0.32,2026-09-26T21:45:03.000Z,2026-09-26T21:57:11.452Z,728,2026-09-26T21:55:10Z,pumpswap,0,10.12,after,REJECT,UNCLASSIFIED,19709
KRgzWZHyLpMnfyND8WGz52SkNZ4qBLTxDNZxsvupump,POKESTRTGY,1,WATCH,thin_liquidity,0.41,2026-09-26T21:53:38.000Z,2026-09-26T21:58:56.454Z,318,2026-09-26T21:53:38Z,pumpswap,0,0.0,after,PASS,UNCLASSIFIED,87664
G6vNKu5xhB2RN7tK6HXRPTG5pYgy5nc6CEnWqPuG2edn,WOOLLY,0,REJECT,sell_pressure,0.3,2026-09-26T21:52:35.000Z,2026-09-26T22:05:11.465Z,756,2026-09-26T21:52:35Z,pumpswap,0,0.0,after,REJECT,UNCLASSIFIED,15318
4dBsoKgo7XypAQjKH8MYiddJ2VEhdK9kJpLYHJ6zpump,PAIDBOT,1,WATCH,weak_momentum,0.36,2026-09-26T21:54:43.000Z,2026-09-26T22:07:11.468Z,748,2026-09-26T21:54:43Z,pumpswap,0,0.0,after,REJECT,UNCLASSIFIED,34993
7amYuaF1XF2mMvRrsnGrbanQgUT2wJxSgrBuTmt1pump,CopiumCat,1,WATCH,weak_momentum,0.36,2026-09-26T22:02:45.000Z,2026-09-26T22:11:11.476Z,506,2026-09-26T22:02:45Z,pumpswap,0,0.0,after,REJECT,UNCLASSIFIED,22291
J6Vj6PoWaAt4xf7dNqdwq4mMhTi3hHWAT4XsLCVKpump,$RETRY,0,REJECT,sell_pressure,0,2026-09-26T22:13:33.000Z,2026-09-26T22:26:11.501Z,759,2026-09-26T22:20:13Z,pumpswap,0,6.67,after,REJECT,UNCLASSIFIED,21
3Wm23LhtKutatDGRwaDSrcDE2XjBKYJKLnKC9HKMpump,etfpad,1,WATCH,weak_momentum,0.37,2026-09-26T22:25:54.000Z,2026-09-26T22:37:11.520Z,678,2026-09-26T22:25:54Z,pumpswap,0,0.0,after,REJECT,UNCLASSIFIED,9141
4BwiKgni8NnqB4NVBqBtRKrLRxA31RPLDaZTvqdzpump,w/acc,0,REJECT,sell_pressure,0.18,2026-09-26T22:27:19.000Z,2026-09-26T22:37:26.520Z,608,2026-09-26T22:27:19Z,pumpswap,0,0.0,after,REJECT,UNCLASSIFIED,2745
8DwNVMzpcc3mq7Tk4gyWeTkvmFhnXcnDDCLayFFhXvex,HEISENBERG,1,WATCH,sell_pressure,0.32,2026-09-26T22:28:42.000Z,2026-09-26T22:40:56.530Z,735,2026-09-26T22:18:30Z,pumpswap,0,-10.2,after,PASS,UNCLASSIFIED,76781
aCfLwDESzbfuDAnDjWawTw1yf5KAFoyccjCZUnmpump,C@T,1,WATCH,,0.36,2026-09-26T22:40:19.000Z,2026-09-26T22:50:26.560Z,608,2026-09-26T22:40:19Z,pumpswap,0,0.0,after,REJECT,UNCLASSIFIED,37672
9gFZYUENTKsdVm1zvyU3NX7imQxYQocFDnz2ur5bpump,Fantasy,0,REJECT,sell_pressure,0.16,2026-09-26T22:56:23.000Z,2026-09-26T23:03:56.585Z,454,2026-09-26T23:03:01Z,pumpswap,0,6.63,after,REJECT,UNCLASSIFIED,6720
FdfMy7b1pxPCZ4LBo38D2BRSX8dhzc3srL9byrXBGLZH,shitcoin,1,WATCH,sell_pressure,0.39,2026-09-26T22:56:52.000Z,2026-09-26T23:04:26.585Z,455,2026-09-26T22:56:52Z,pumpswap,0,0.0,after,PASS,UNCLASSIFIED,13816
3w9wUyvhGci6fHEAH85giS1xhrbnY8pasqQnkN8a9MMv,Memex,1,WATCH,sell_pressure,0.37,2026-09-26T22:59:41.000Z,2026-09-26T23:04:26.585Z,286,2026-09-26T23:02:54Z,pumpswap,0,3.22,after,REJECT,UNCLASSIFIED,28122
FyWNr5BC8enZbTZ8FnrQ7CXsY4audjFzhkYPV2hrpump,HUDL,1,WATCH,thin_liquidity,0.33,2026-09-26T23:00:41.000Z,2026-09-26T23:05:11.587Z,271,2026-09-26T23:00:41Z,pumpswap,0,0.0,after,REJECT,UNCLASSIFIED,15301
Fws6SrevnWB24pbRSwdAWB7MgFZnzTuPDZHXmK8tpack,XPacks,1,WATCH,thin_liquidity,0.42,2026-09-26T22:54:30.000Z,2026-09-26T23:07:11.590Z,762,2026-09-26T23:05:56Z,pumpswap,0,11.43,after,PASS,UNCLASSIFIED,22988
5XMwocwvoh2bhNaK5iCXHV2UyjnLYWGZb4AgxfT4gmzi,shitcoin,0,REJECT,sell_pressure,0.05,2026-09-26T23:09:53.000Z,2026-09-26T23:20:41.613Z,649,2026-09-26T23:09:53Z,pumpswap,0,0.0,after,REJECT,UNCLASSIFIED,8794
AdK9FeZuxsyXLgruAGsJ7au3GksPPqedqCeNfh9Tpump,HOVSM,1,WATCH,sell_pressure,0.24,2026-09-26T23:16:59.000Z,2026-09-26T23:27:41.625Z,643,2026-09-26T23:26:56Z,pumpswap,0,9.95,after,REJECT,UNCLASSIFIED,16862
FErgMUvV6XeBJNm3v9DnqzxE4aqcMS3KRvXmps3epump,H/ACC,1,WATCH,,0.38,2026-09-26T23:16:52.000Z,2026-09-26T23:28:26.626Z,695,2026-09-26T23:16:52Z,pumpswap,0,0.0,after,REJECT,UNCLASSIFIED,37324
DpoZVSB3jJvfGZW2xtccQ2CkzFnJUpwxBHsvzm5Gpump,p/acc,1,WATCH,,0.39,2026-09-26T23:26:44.000Z,2026-09-26T23:39:11.645Z,748,2026-09-26T23:26:44Z,pumpswap,0,0.0,after,REJECT,UNCLASSIFIED,34083
BnHiRKbv91dXmzQFzXNNor5WCxDmWxWfs46vqNWbpump,RELOAD,1,WATCH,,0.39,2026-09-26T23:27:11.000Z,2026-09-26T23:39:11.645Z,721,2026-09-26T23:27:11Z,pumpswap,0,0.0,after,REJECT,UNCLASSIFIED,31154
5MkWRA9nPorGyGH8To7kVwvHAariRsvmvQVuyXm1pump,CS18,1,WATCH,thin_liquidity,0.33,2026-09-26T23:49:33.000Z,2026-09-26T23:52:11.670Z,159,2026-09-26T23:49:33Z,pumpswap,0,0.0,after,REJECT,UNCLASSIFIED,18225
2PiCu43DNW5Yk1tozwvh67PxtFqu4CU91LSMYKzppump,GROKTOWN,1,WATCH,sell_pressure,0.3,2026-09-27T00:13:01.000Z,2026-09-27T00:18:26.720Z,326,2026-09-27T00:13:01Z,pumpswap,0,0.0,after,PASS,UNCLASSIFIED,32791
AciM27Z9vURTsPo2ZCm14WnsYNjANs8SvC1Zp72Epump,Jon,1,WATCH,thin_liquidity,0.13,2026-09-27T00:25:41.000Z,2026-09-27T00:27:41.736Z,121,2026-09-27T00:25:41Z,pumpswap,0,0.0,after,REJECT,UNCLASSIFIED,19702
EASix8FKXzV6pYUEHB39eLnjZL5WHhbQBSwTmWKRpump,k/acc,1,WATCH,,0.38,2026-09-27T00:28:28.000Z,2026-09-27T00:40:26.760Z,719,2026-09-27T00:28:28Z,pumpswap,0,0.0,after,REJECT,UNCLASSIFIED,32338
8LDx44WshyF3g3eJG23BFioRDPHauqTQQ6Jw95sepump,RELAUNCH,0,REJECT,sell_pressure,0.02,2026-09-27T00:30:57.000Z,2026-09-27T00:43:26.769Z,750,2026-09-27T00:34:11Z,pumpswap,0,3.23,after,REJECT,UNCLASSIFIED,3891
FoPDjaxotYYRRbVGcnoepWfaTrDRbc3J93mBmVxXpump,CONNECT,0,REJECT,sell_pressure,0.14,2026-09-27T00:51:45.000Z,2026-09-27T00:55:11.801Z,207,2026-09-27T00:51:45Z,pumpswap,0,0.0,after,REJECT,UNCLASSIFIED,17528
6dzqoER9BZy8uFJPxfKSauqGndczFycnVx6EobEB5HMp,TwoDonalds,0,REJECT,,0.39,2026-09-27T01:21:56.000Z,2026-09-27T01:23:56.864Z,121,2026-09-27T01:21:56Z,pumpswap,0,0.0,after,REJECT,UNCLASSIFIED,75916
5v8ruZ6RRUW9kVmNr98Ym39kRBSwftTMbgJsNYaeQV8x,OPTIMUS,1,WATCH,sell_pressure,0.35,2026-09-27T01:20:41.000Z,2026-09-27T01:31:41.878Z,661,2026-09-27T01:20:41Z,pumpswap,0,0.0,after,REJECT,UNCLASSIFIED,21305
E61pPxQLKexRWg83VzDa6x3J6S6TUEyWk2prcfpvpump,MEMERS,0,REJECT,sell_pressure,0.13,2026-09-27T01:30:06.000Z,2026-09-27T01:35:26.885Z,321,2026-09-27T01:33:24Z,pumpswap,0,3.3,after,REJECT,UNCLASSIFIED,4291
H6Tf73JFjgPpeaNETwnN4fiNaRGbU8NNVL6gpbPDpump,dec/acc,0,REJECT,sell_pressure,0.08,2026-09-27T01:30:07.000Z,2026-09-27T01:35:26.885Z,320,2026-09-27T01:30:07Z,pumpswap,0,0.0,after,REJECT,UNCLASSIFIED,2678
9zriPbmELWGzEqEJH29qQY4TZ4xVMQLVLXV3RtSDpump,XPAY,1,WATCH,,0.36,2026-09-27T01:27:50.000Z,2026-09-27T01:38:26.891Z,637,2026-09-27T01:27:50Z,pumpswap,0,0.0,after,REJECT,UNCLASSIFIED,42618
4bAyEiHfas154SWMNgXSyqERoWP2hBAJYN83e8LyqQTb,pls,0,REJECT,sell_pressure,0.17,2026-09-27T01:52:24.000Z,2026-09-27T02:03:11.952Z,648,2026-09-27T01:59:48Z,pumpswap,0,7.4,after,REJECT,UNCLASSIFIED,5166
4jipzXcySV6ywKPHihKGc4ESCwstJMWk9BWzQPRapump,shh,1,WATCH,thin_liquidity,0.26,2026-09-27T01:58:38.000Z,2026-09-27T02:03:26.953Z,289,2026-09-27T01:58:38Z,pumpswap,0,0.0,after,REJECT,UNCLASSIFIED,25671
ESiCXV1NnNz1r3Uj1xQjD9VVdpcRCFmETBu2AWaLpump,CATE,1,WATCH,thin_liquidity,0.46,2026-09-27T02:18:42.000Z,2026-09-27T02:30:57.022Z,735,2026-09-27T02:18:42Z,pumpswap,0,0.0,after,REJECT,UNCLASSIFIED,39521
TeR2nY6H1S1fDTLQugN3qZeznxa2wm84HZicNDEpump,POKEMON,0,REJECT,,0.33,2026-09-27T02:19:07.000Z,2026-09-27T02:31:27.022Z,740,2026-09-27T02:19:07Z,pumpswap,0,0.0,after,REJECT,UNCLASSIFIED,49822
FHqE61a53VA3GCkJ5PxKex3kJs5dHzqQUGpofe5Wpump,Games,0,REJECT,,0.27,2026-09-27T02:20:21.000Z,2026-09-27T02:32:27.024Z,726,2026-09-27T02:20:21Z,pumpswap,0,0.0,after,REJECT,UNCLASSIFIED,61819
J1yxV53EmVRmt9RUj6PPufMfdAYUbtgwXCuNYTBTsYzJ,JACK,1,WATCH,sell_pressure,0.29,2026-09-27T02:32:31.000Z,2026-09-27T02:45:27.049Z,776,2026-09-27T00:36:09Z,pumpswap,0,-116.37,after,PASS,UNCLASSIFIED,121318
FvYjAkbhhzpp3Rk3BoSLVKjYpi2zJ4baAS26R9hupump,XLife,1,WATCH,,0.24,2026-09-27T02:34:38.000Z,2026-09-27T02:45:27.049Z,649,2026-09-27T02:34:38Z,pumpswap,0,0.0,after,REJECT,UNCLASSIFIED,41670
H7kfBWQqs5asqvzynqRaS6h9jLFc9g1tDQYPnbDSpump,DKILL,1,WATCH,thin_liquidity,0.37,2026-09-27T02:44:40.000Z,2026-09-27T02:47:12.052Z,152,2026-09-27T02:44:40Z,pumpswap,0,0.0,after,PASS,UNCLASSIFIED,19384
BJDfhK6xJhj9Ln7PXCFZL6ZofEXfuDAo9cAmKCFvpump,CAKECAT,1,WATCH,,0.38,2026-09-27T02:39:04.000Z,2026-09-27T02:50:27.057Z,683,2026-09-27T02:39:04Z,pumpswap,0,0.0,after,REJECT,UNCLASSIFIED,39821
5EcAbK48VTjRPrq962Tw3atTWNvz5GJquaH9iqZnpump,FOMO,0,REJECT,sell_pressure,0.15,2026-09-27T02:52:13.000Z,2026-09-27T03:04:27.086Z,734,2026-09-27T02:52:13Z,pumpswap,0,0.0,after,REJECT,UNCLASSIFIED,2191
Fr9QtjHxQpL2EQv2AoCqtfDWqjz4HG9TZDbTbtKFpump,MXM,0,REJECT,sell_pressure,0,2026-09-27T03:02:58.000Z,2026-09-27T03:15:57.135Z,779,2026-09-27T03:02:58Z,pumpswap,0,0.0,after,REJECT,UNCLASSIFIED,2174
B1MDEzPJe8NDdXcffdVQTrHLLMoXwPe7k1LEzNffh6iK,Satoshi,1,WATCH,sell_pressure,0.36,2026-09-27T03:25:35.000Z,2026-09-27T03:27:42.177Z,127,2026-09-27T03:25:35Z,pumpswap,0,0.0,after,REJECT,UNCLASSIFIED,20830
3o8mjHfWQY29dY3P5SdbZ5grkKhqcoYZVR2uoixnpump,d/acc,1,WATCH,thin_liquidity,0.32,2026-09-27T03:50:06.000Z,2026-09-27T04:01:27.237Z,681,2026-09-27T03:50:06Z,pumpswap,0,0.0,after,REJECT,UNCLASSIFIED,12769
CqesPNzTPLaazY2g5qiZNtThEJkw8bmgCNQ8gqG6pump,ROULETTE,1,WATCH,sell_pressure,0.42,2026-09-27T04:10:25.000Z,2026-09-27T04:13:57.261Z,212,2026-09-27T04:13:14Z,pumpswap,0,2.82,after,PASS,UNCLASSIFIED,23425
1BxyCmWhypBnPFUiBYAwWYYdZgEoaVDhnZWY4yVpump,IQD,1,WATCH,,0.19,2026-09-27T04:32:00.000Z,2026-09-27T04:34:12.321Z,132,2026-09-27T04:32:00Z,pumpswap,0,0.0,after,PASS,UNCLASSIFIED,139336
7nG5dJxuuUFXqxE4J8LecUZwP2m2HD6m83Xhae6jpzU1,jizz,0,REJECT,sell_pressure,0.21,2026-09-27T04:28:25.000Z,2026-09-27T04:40:12.332Z,707,2026-09-27T04:28:25Z,raydium,0,0.0,after,REJECT,UNCLASSIFIED,32712
tiBBgHoj215z9n6C1E9v1CWS6Lygdki5LkgH25Cpump,Simpsons,0,REJECT,sell_pressure,0.2,2026-09-27T04:35:03.000Z,2026-09-27T04:45:57.342Z,654,2026-09-27T04:35:03Z,pumpswap,0,0.0,after,REJECT,UNCLASSIFIED,23317
BhdN7LGqJyExj2xdvPE9spVBw4b6k75FHFQTTJopump,BARRON,0,REJECT,,0.38,2026-09-27T04:37:08.000Z,2026-09-27T04:49:27.349Z,739,2026-09-27T04:37:08Z,pumpswap,0,0.0,after,REJECT,UNCLASSIFIED,82158
FT39vdzb2mqZPaobFQrNcz4N4RAK37yLkFSaeid3nQdB,UNPAID,1,WATCH,,0.37,2026-09-27T04:37:42.000Z,2026-09-27T04:49:42.349Z,720,2026-09-27T04:37:42Z,raydium,0,0.0,after,REJECT,UNCLASSIFIED,14793
7USjqWWUssjpc6fE8TgP65hFFKjqLTHH1MAa4JVYpump,$BWIZ,0,REJECT,thin_liquidity,0.23,2026-09-27T04:39:53.000Z,2026-09-27T04:50:12.350Z,619,2026-09-27T04:42:28Z,pumpswap,0,2.58,after,REJECT,UNCLASSIFIED,28
gW1yhy7qoxFaeNuCAa1qP5zjENBBhgPVrVNVn7Gpump,USDF,0,REJECT,sell_pressure,0.18,2026-09-27T04:39:54.000Z,2026-09-27T04:50:12.350Z,618,2026-09-27T04:39:54Z,pumpswap,0,0.0,after,REJECT,UNCLASSIFIED,137105
HxvdU8StKjmyi68ugvP6GX9uiUg1z2uRAZFw2ZGtRBYt,MORTGAGE,0,REJECT,sell_pressure,0.25,2026-09-27T04:49:28.000Z,2026-09-27T05:01:57.371Z,749,2026-09-27T04:59:32Z,pumpswap,0,10.07,after,REJECT,UNCLASSIFIED,14568
3vWELruJqeqVkfyJ4DJar2HWm219PLzMBJEsocjypump,CAKE,0,REJECT,sell_pressure,0.06,2026-09-27T04:56:13.000Z,2026-09-27T05:08:12.383Z,719,2026-09-27T04:56:13Z,pumpswap,0,0.0,after,REJECT,UNCLASSIFIED,37740
DQqZ3fgNypnFgCcukjF5qikHZ3cSJGiVXiC4PHvfpump,PARAPAID,0,REJECT,sell_pressure,0,2026-09-27T05:07:21.000Z,2026-09-27T05:19:57.403Z,756,2026-09-27T05:07:21Z,pumpswap,0,0.0,after,REJECT,UNCLASSIFIED,2590
rsuyGfvTcpcoD2B9U6RMWeoT7hzXN6NDegMDb3Ypump,ECTF,0,REJECT,,0.38,2026-09-27T05:09:50.000Z,2026-09-27T05:20:12.404Z,622,2026-09-27T05:09:50Z,pumpswap,0,0.0,after,REJECT,UNCLASSIFIED,185955
4gaM9TqYAoD6NxV8YScqj3NMCx1QLiS1cgzgy2f1pump,Duo,0,REJECT,,0.36,2026-09-27T05:25:22.000Z,2026-09-27T05:36:12.442Z,650,2026-09-27T05:25:22Z,pumpswap,0,0.0,after,REJECT,UNCLASSIFIED,143873
zA6Cnens5RYpkokjHcmV7Fv2TYkSjFJ3HmVFTrkpump,GTA6,1,WATCH,,0.38,2026-09-27T05:29:07.000Z,2026-09-27T05:40:12.452Z,665,2026-09-27T05:29:07Z,pumpswap,0,0.0,after,REJECT,UNCLASSIFIED,67385
23xK5jg1CVjQAn1rCP5Aty38JsdUxmNuh4uNLUe8pump,LEMON,0,REJECT,sell_pressure,0.09,2026-09-27T05:44:15.000Z,2026-09-27T05:57:12.498Z,777,2026-09-27T05:49:33Z,pumpswap,0,5.3,after,REJECT,UNCLASSIFIED,8522
NVW67WK8sGJTMK164AHhywAu38aXCMrZMnon4yvpump,BMW,0,REJECT,,0.24,2026-09-27T05:52:01.000Z,2026-09-27T05:57:12.498Z,311,2026-09-27T05:52:01Z,pumpswap,0,0.0,after,REJECT,UNCLASSIFIED,61047
5Wgf2qwdxr9c8fqbAPnLoFZsGTGFtnC8oSHGW7Jnpump,MrBeast,0,REJECT,sell_pressure,0.01,2026-09-27T06:02:36.000Z,2026-09-27T06:14:57.527Z,742,2026-09-27T06:02:36Z,pumpswap,0,0.0,after,REJECT,UNCLASSIFIED,68210
FQWmxjARwLyAxkpCUfw1UFsrXP3RbqjFWuaFsaK3pump,SAIL,0,REJECT,,0,2026-09-27T06:03:37.000Z,2026-09-27T06:15:42.528Z,726,2026-09-27T06:03:37Z,pumpswap,0,0.0,after,REJECT,UNCLASSIFIED,2140
8cbUxiSoU7rP4aywvUJT5Zg9FML1LnwVGp16Pm4npump,Robinhood,0,REJECT,,0.31,2026-09-27T06:05:15.000Z,2026-09-27T06:17:57.532Z,763,2026-09-27T06:05:15Z,pumpswap,0,0.0,after,REJECT,UNCLASSIFIED,144227
hxy2Ls6SV2gMVHjWGSHgHAhyZZ2fGUTiZVgYcGXStox,STOX,1,WATCH,thin_liquidity,0.41,2026-09-27T06:24:16.000Z,2026-09-27T06:30:57.554Z,402,2026-09-27T06:30:04Z,pumpswap,0,5.8,after,PASS,UNCLASSIFIED,18758
6p92UuCmdyd6MXRpsVVbSdrJoLkMYRPFGc7uREpGw47e,MarioNawfal,1,WATCH,thin_liquidity,0.34,2026-09-27T06:19:05.000Z,2026-09-27T06:31:42.556Z,758,2026-09-27T06:19:05Z,pumpswap,0,0.0,after,PASS,UNCLASSIFIED,30241
45n3QoVUEbx7SSQPQk38TNgssFz1NTP983zPCPxspump,Speed,0,REJECT,,0.39,2026-09-27T06:44:05.000Z,2026-09-27T06:49:57.598Z,353,2026-09-27T06:44:05Z,pumpswap,0,0.0,after,REJECT,UNCLASSIFIED,159531
TeuSBZMaeHpba7xDVAR4aU1iKjDH7JCVCsxMr7spump,GTA 7 VII,0,REJECT,sell_pressure,0.27,2026-09-27T07:07:13.000Z,2026-09-27T07:20:06.003Z,773,2026-09-27T07:07:13Z,pumpswap,0,0.0,after,REJECT,UNCLASSIFIED,62939
6UTgBWACzB1zX2GA2uEvVn6325XE99wNvkVTXv5qpump,Dougherty,1,WATCH,thin_liquidity,0.36,2026-09-27T07:12:04.000Z,2026-09-27T07:22:06.007Z,602,2026-09-27T07:12:04Z,pumpswap,0,0.0,after,PASS,UNCLASSIFIED,33906
RgQLyRBEe8RpGNMMzGxAVmFBKSideQ9ZjoSnkh4pump,NTDA,0,REJECT,,0,2026-09-27T07:20:59.000Z,2026-09-27T07:31:06.023Z,607,2026-09-27T07:20:59Z,pumpswap,0,0.0,after,REJECT,UNCLASSIFIED,2488
DYun3JRTnnmznKuAcHoeYxzJGjNJi1c4JGoJMNT1pump,Rockstar,0,REJECT,sell_pressure,0.17,2026-09-27T07:31:32.000Z,2026-09-27T07:43:21.045Z,709,2026-09-27T07:31:32Z,pumpswap,0,0.0,after,REJECT,UNCLASSIFIED,63852
7qzph6zUoYeUc53fP9RmrXKR5fauCa2ASiEd9Q8uVfHz,BOLD,0,REJECT,sell_pressure,0.13,2026-09-27T07:47:09.000Z,2026-09-27T07:59:06.072Z,717,2026-09-27T07:47:09Z,pumpswap,0,0.0,after,REJECT,UNCLASSIFIED,8858
4xDT5jPscGPh761Ln3er4zuQ2R1QEcEaB8oTZMjvpump,Jack,1,WATCH,thin_liquidity,0.35,2026-09-27T08:10:40.000Z,2026-09-27T08:22:36.122Z,716,2026-09-27T08:13:32Z,pumpswap,0,2.87,after,REJECT,UNCLASSIFIED,20
G87g2Wm14j4zn32h4BWTGSu9eCtbNQDXubh1oSZ8pump,PLUSHPAID,0,REJECT,sell_pressure,0.12,2026-09-27T08:13:38.000Z,2026-09-27T08:23:51.124Z,613,2026-09-27T08:13:38Z,pumpswap,0,0.0,after,REJECT,UNCLASSIFIED,2792
eWeba1zQcDocHMMKEdppehGF2nZPjghdHbDDSzqpump,GTA 6 Coin,1,WATCH,,0.13,2026-09-27T08:14:15.000Z,2026-09-27T08:24:06.125Z,591,2026-09-27T08:14:15Z,pumpswap,0,0.0,after,PASS,UNCLASSIFIED,67500
B1LRCeqmcbk7meh9CwVjk8LCcEVNJvVHcKM2zbJspump,CAKE,0,REJECT,,0.4,2026-09-27T08:34:37.000Z,2026-09-27T08:46:36.169Z,719,2026-09-27T08:34:37Z,pumpswap,0,0.0,after,REJECT,UNCLASSIFIED,284637
FAyiSaJCYcEmJy7ejoBEncPZY5HkGARU6VYDyNaUpump,MRBEAST,0,REJECT,sell_pressure,0.11,2026-09-27T08:34:37.000Z,2026-09-27T08:46:36.169Z,719,2026-09-27T08:34:37Z,pumpswap,0,0.0,after,REJECT,UNCLASSIFIED,68750
FJjzxugoJUJd9UNk9M43eo2V8SCmu8NMvTYbYjZHpump,NFL,0,REJECT,sell_pressure,0.25,2026-09-27T08:34:49.000Z,2026-09-27T08:46:51.169Z,722,2026-09-27T08:34:49Z,pumpswap,0,0.0,after,REJECT,UNCLASSIFIED,62364
9LbKkVVhrFRqAKCRDnSVAeWHgoBgNgej25J1ZHEPeURe,⋈,0,REJECT,sell_pressure,0.29,2026-09-27T08:53:45.000Z,2026-09-27T09:02:06.201Z,501,2026-09-27T08:53:45Z,raydium,0,0.0,after,REJECT,UNCLASSIFIED,19881
3jg5Zvqbg37afKLPGui2YevW1scuf5ra1Y8f3ejPDHiM,BUX,1,WATCH,thin_liquidity,0.39,2026-09-27T09:03:58.000Z,2026-09-27T09:15:51.238Z,713,2026-09-27T09:03:58Z,raydium,0,0.0,after,REJECT,UNCLASSIFIED,28813
FP58cH8iH7uzimbNocHLszbPpBLfd9rnvQrSyWPJpump,Dog Think,0,REJECT,thin_liquidity,0.09,2026-09-27T09:05:26.000Z,2026-09-27T09:17:51.241Z,745,2026-09-27T09:10:22Z,pumpswap,0,4.93,after,REJECT,UNCLASSIFIED,7
bt3VpUSESiGupgNm9jerFARaYqWHC8D1ejEBTocpump,ELONCOIN,0,REJECT,,0.4,2026-09-27T09:09:09.000Z,2026-09-27T09:19:51.244Z,642,2026-09-27T09:09:09Z,pumpswap,0,0.0,after,REJECT,UNCLASSIFIED,69666
5UwDB5oy5muNkLW7W8i9cnmedxysygs4J2xybMAjpump,d/acc,0,REJECT,sell_pressure,0.28,2026-09-27T09:25:15.000Z,2026-09-27T09:32:06.266Z,411,2026-09-27T09:25:15Z,pumpswap,0,0.0,after,PASS,UNCLASSIFIED,63705
HRqJYwz1pQk137jobbZPVvuhn1VsUPAKX5vWL6XQpump,Grok,0,REJECT,,0.34,2026-09-27T09:37:40.000Z,2026-09-27T09:39:51.279Z,131,2026-09-27T09:37:40Z,pumpswap,0,0.0,after,REJECT,UNCLASSIFIED,66507
EkecPutgymChcA2YsPgnZPp6SqemPHijp4JzMZQwbCoj,JAIL,0,REJECT,sell_pressure,0.24,2026-09-27T09:50:53.000Z,2026-09-27T10:01:36.326Z,643,2026-09-27T09:50:53Z,pumpswap,0,0.0,after,REJECT,UNCLASSIFIED,3554
4pcAtLZuswYExm5HEkwLyP8E3jWnk38Njufxih4rpump,NEARCAT,1,WATCH,,0.35,2026-09-27T09:55:58.000Z,2026-09-27T10:01:36.326Z,338,2026-09-27T09:55:58Z,pumpswap,0,0.0,after,REJECT,UNCLASSIFIED,26872
YGWP1F6tX72bDcXXvBGkLAfAqnjgobj5D5AueC3pump,MEMED,0,REJECT,,0.18,2026-09-27T09:57:10.000Z,2026-09-27T10:02:21.327Z,311,2026-09-27T09:57:10Z,pumpswap,0,0.0,after,REJECT,UNCLASSIFIED,2774
XZCXQ7R97MTA5VSqDsfjpRS3JMtE7VpbgbAZEyZpaid,REPLIGATE,1,WATCH,thin_liquidity,0.36,2026-09-27T10:02:53.000Z,2026-09-27T10:15:06.359Z,733,2026-09-27T10:09:25Z,pumpswap,0,6.53,after,REJECT,UNCLASSIFIED,25321
9PWfMpu86soWYSaDHS8NycccmaqKzZGHQyW8oEXxpump,Claude,0,REJECT,sell_pressure,0.08,2026-09-27T10:20:22.000Z,2026-09-27T10:31:21.406Z,659,2026-09-27T10:20:22Z,pumpswap,0,0.0,after,REJECT,UNCLASSIFIED,2190
CWnSXvLdwdzUhAPy1df3hjbqvt51NMyaSiatYYospump,Dog Think,0,REJECT,,0,2026-09-27T10:21:31.000Z,2026-09-27T10:31:36.406Z,605,2026-09-27T10:25:05Z,pumpswap,0,3.57,after,REJECT,UNCLASSIFIED,5
8grGbXSz4Z3K9RVwoUSAunnggKGUuu3DGv2Dd5xEpump,Treasury,1,WATCH,,0.27,2026-09-27T11:16:34.000Z,2026-09-27T11:18:36.507Z,123,2026-09-27T11:18:01Z,pumpswap,0,1.45,after,REJECT,UNCLASSIFIED,18487
6TKf3zm2nmd6rosDCr5DZ8VwUWhy9MJfrA5gPGqDpump,$OGSHIBA,1,WATCH,thin_liquidity,0.35,2026-09-27T11:25:31.000Z,2026-09-27T11:37:36.546Z,726,2026-09-27T11:29:21Z,pumpswap,0,3.83,after,REJECT,UNCLASSIFIED,182
kgS3x1aHr9DttpnKuTYRmkcwSGJRvi7WH2Qdhwbpump,HOOD,0,REJECT,sell_pressure,0,2026-09-27T11:48:47.000Z,2026-09-27T12:00:51.600Z,725,2026-09-27T11:48:47Z,pumpswap,0,0.0,after,REJECT,UNCLASSIFIED,2732
F1z5FQdToNDLQYJ72grqePaWJrcrf39HR4gaKA57ySUQ,Q4,0,REJECT,sell_pressure,0.26,2026-09-27T11:51:57.000Z,2026-09-27T12:04:21.609Z,745,2026-09-27T11:51:57Z,pumpswap,0,0.0,after,REJECT,UNCLASSIFIED,24864
6uPEdkU2xPg1iyfLzV1ssUwvve8nndA2sd6nBFrb1n58,NEARPAD,1,WATCH,sell_pressure,0.33,2026-09-27T12:09:50.000Z,2026-09-27T12:16:06.638Z,377,2026-09-27T12:11:00Z,pumpswap,0,1.17,after,REJECT,UNCLASSIFIED,13806
ozFDasepuumAToJN6EknNFgpZWvK4BKr9czaFZSpump,HOOD,1,WATCH,thin_liquidity,0.2,2026-09-27T12:18:55.000Z,2026-09-27T12:21:06.654Z,132,2026-09-27T12:18:55Z,pumpswap,0,0.0,after,PASS,UNCLASSIFIED,60895
64tUZQBCDKhkxPYNey9PXdV8Hz36ra28FuDhMMULpump,WARP,1,WATCH,thin_liquidity,0.37,2026-09-27T12:22:04.000Z,2026-09-27T12:33:51.682Z,708,2026-09-27T12:29:37Z,meteora,0,7.55,after,REJECT,UNCLASSIFIED,674
12mHDRzSgf5xo8NPyVQY2nZ3XarQuYUEShaVTgAFpump,AROS,0,REJECT,,0.33,2026-09-27T12:22:22.000Z,2026-09-27T12:34:21.686Z,720,2026-09-27T12:22:22Z,pumpswap,0,0.0,after,REJECT,UNCLASSIFIED,1257592
G3tVtSxKneK3oMyezU5QRoEKRtffsivS9RbTq3MMpump,BLOX,1,WATCH,sell_pressure,0.35,2026-09-27T12:32:00.000Z,2026-09-27T12:37:36.695Z,337,2026-09-27T12:36:48Z,pumpswap,0,4.8,after,REJECT,UNCLASSIFIED,20968
SJ2ocs5NcFiqgEZSJgsjTvWXhtohAKwJY8UMUyMpump,$CBACK,0,REJECT,thin_liquidity,0.17,2026-09-27T12:55:40.000Z,2026-09-27T13:08:15.058Z,755,2026-09-27T13:00:02Z,pumpswap,0,4.37,after,REJECT,UNCLASSIFIED,12
2NZbzH4xGn7N79uA64XYZ3C6frsnKpcZaMMecSNyNoMq,PumpFirm,0,REJECT,sell_pressure,0.28,2026-09-27T12:56:28.000Z,2026-09-27T13:08:15.058Z,707,2026-09-27T12:58:37Z,pumpswap,0,2.15,after,REJECT,UNCLASSIFIED,4470
DCkyd9Gs3wH55UFKjBLVvRkj3FuTMJLrd7D4DRQ4pump,inu/acc,0,REJECT,,0.3,2026-09-27T13:02:47.000Z,2026-09-27T13:13:45.068Z,658,2026-09-27T13:02:47Z,pumpswap,0,0.0,after,REJECT,UNCLASSIFIED,2628
G6UNyTkM2QDVkTaZn6S6VKHKxpnciTJGgagNSFPppump,CHWICK,0,REJECT,sell_pressure,0.26,2026-09-27T13:04:05.000Z,2026-09-27T13:16:30.073Z,745,2026-09-27T13:04:05Z,pumpswap,0,0.0,after,PASS,UNCLASSIFIED,23393
cewSp1NJDcSgrzEsFfWuoQgarHBeVx2NQ334HJxpump,AORP,0,REJECT,,0.4,2026-09-27T13:07:09.000Z,2026-09-27T13:17:00.074Z,591,2026-09-27T13:07:09Z,pumpswap,0,0.0,after,REJECT,UNCLASSIFIED,150492
CdGkGUBpkZkSURCffQfZipKvPjbxiMRZ68mCP25Fpump,Backpacknami,1,WATCH,sell_pressure,0.33,2026-09-27T13:12:44.000Z,2026-09-27T13:20:30.080Z,466,2026-09-27T13:12:44Z,pumpswap,0,0.0,after,REJECT,UNCLASSIFIED,21428
6SX9kc1bYv4zvxTg6uVUGP7MNiZq88eMJnyPumLQpump,WANT,0,REJECT,sell_pressure,0,2026-09-27T13:15:45.000Z,2026-09-27T13:20:45.080Z,300,2026-09-27T13:15:45Z,pumpswap,0,0.0,after,REJECT,UNCLASSIFIED,2619
J2sy2AjTtC5sPEW9dwJL5a2hFQ8zhwg8ZbEaB2Dhpump,JACK,0,REJECT,sell_pressure,0.38,2026-09-27T13:19:44.000Z,2026-09-27T13:31:45.099Z,721,2026-09-27T13:19:44Z,pumpswap,0,0.0,after,REJECT,UNCLASSIFIED,53044
jGtePoMNqpG4DdzcqSPcvZGirtdivEEzMLKk3Lxpump,Venice,0,REJECT,,0.35,2026-09-27T13:20:55.000Z,2026-09-27T13:33:00.102Z,725,2026-09-27T13:20:55Z,pumpswap,0,0.0,after,REJECT,UNCLASSIFIED,152266
8TDzS6riLub2RCyz2DBKgu9UrUTNLZjmAAyZTeAApump,Google,0,REJECT,sell_pressure,0.29,2026-09-27T13:25:14.000Z,2026-09-27T13:35:30.106Z,616,2026-09-27T13:25:14Z,pumpswap,0,0.0,after,REJECT,UNCLASSIFIED,65893
5hkZHERg1EWVtJfXFkpSsrTZk97N7tDqywEzmMtzpump,RWM,0,REJECT,sell_pressure,0.19,2026-09-27T13:28:29.000Z,2026-09-27T13:39:45.114Z,676,2026-09-27T13:38:56Z,pumpswap,0,10.45,after,PASS,UNCLASSIFIED,10679
7rZAhiQtmJy6XYXxvkwYNCy3qqzFUYEozpQzjcHUpump,KITTY,1,WATCH,thin_liquidity,0.39,2026-09-27T13:34:57.000Z,2026-09-27T13:47:00.127Z,723,2026-09-27T13:34:57Z,pumpswap,0,0.0,after,REJECT,UNCLASSIFIED,23227
39JRjoQBnxzMqGmieYf3Y22Hk58pUiTijmfyqt4Cpump,THESIS,1,WATCH,,0.42,2026-09-27T13:44:34.000Z,2026-09-27T13:57:23.679Z,770,2026-09-27T13:56:51Z,pumpswap,0,12.28,after,REJECT,UNCLASSIFIED,19430
eVWeaZqvuDrGu8VQEDGsCy4wAw6GHUnJGd67yXfpump,MRBEAST,0,REJECT,,0.14,2026-09-27T13:57:34.000Z,2026-09-27T14:10:24.877Z,771,2026-09-27T13:57:34Z,pumpswap,0,0.0,after,REJECT,UNCLASSIFIED,126111
CYCiBxww3b8X1hSuMCXgbH2WMQxGYD7fBK19UefE6onC,Yee,1,WATCH,thin_liquidity,0.12,2026-09-27T14:50:55.000Z,2026-09-27T14:53:09.961Z,135,2026-09-27T14:50:55Z,pumpswap,0,0.0,after,PASS,UNCLASSIFIED,21220
AKYCMsrwky5BACBD5qt2r7Zx936iueBnaHnVgiwAJQK1,CIRCLE,1,WATCH,weak_momentum,0.38,2026-09-27T14:58:16.000Z,2026-09-27T15:01:24.980Z,189,2026-09-27T15:00:50Z,pumpswap,0,2.57,after,PASS,UNCLASSIFIED,18190
vsDTcShuQD45Fm5nM5UoLFhmaHAaBa3hQYk3NQopump,pumpacc,1,WATCH,sell_pressure,0.31,2026-09-27T14:58:31.000Z,2026-09-27T15:04:24.986Z,354,2026-09-27T14:58:31Z,pumpswap,0,0.0,after,REJECT,UNCLASSIFIED,26744
7T97zzMWJzJvvjRNLn2QtDCyvMZr7Gs5CxniwjJgpump,moneropad,1,WATCH,,0.41,2026-09-27T14:55:07.000Z,2026-09-27T15:07:24.991Z,738,2026-09-27T15:06:29Z,pumpswap,0,11.37,after,REJECT,UNCLASSIFIED,22155
6Fzn6PtAiVFvweUibxAiqQrofo138k9YZtJ1HK9EVShp,Excatlibur,1,WATCH,,0.14,2026-09-27T15:10:36.000Z,2026-09-27T15:14:40.004Z,244,2026-09-27T15:14:22Z,pumpswap,0,3.77,after,REJECT,UNCLASSIFIED,19566
CUJNLUPMreMVs3GBBkLduwToNyz8AQF8tvCtrW2Lpump,e/paid,1,WATCH,thin_liquidity,0.39,2026-09-27T15:34:08.000Z,2026-09-27T15:36:25.046Z,137,2026-09-27T15:34:08Z,pumpswap,0,0.0,after,REJECT,UNCLASSIFIED,25839
6nSM2HxvaetyDrUYjjAUKwgWGi8CGjmboLee7wcHeKN4,ZSHIB ,1,WATCH,,0.4,2026-09-27T15:30:15.000Z,2026-09-27T15:39:10.051Z,535,2026-09-27T15:30:15Z,raydium,0,0.0,after,REJECT,UNCLASSIFIED,13189
GKsN6JLduD93DiV1tAFSam8egQYW3xwtv4dGf3jUpump,NEARDOG,1,WATCH,thin_liquidity,0.33,2026-09-27T15:52:55.000Z,2026-09-27T15:59:25.122Z,390,2026-09-27T15:52:55Z,pumpswap,0,0.0,after,PASS,UNCLASSIFIED,26411
6EnB3XhTqXbAcRaLwk86zRQCLFrFwM3nL9W5CdXSpump,FOMO,1,WATCH,thin_liquidity,0.35,2026-09-27T15:57:31.000Z,2026-09-27T16:05:25.132Z,474,2026-09-27T15:57:31Z,pumpswap,0,0.0,after,REJECT,UNCLASSIFIED,28801
BgJ7oWVWWujBemxEn3ntDeQNvTjmyn1ebNrKwvEhpump,PRIVATE,1,WATCH,,0.37,2026-09-27T16:07:22.000Z,2026-09-27T16:19:19.808Z,718,2026-09-27T16:17:43Z,pumpswap,0,10.35,after,REJECT,UNCLASSIFIED,21656
FCRphxLLRGCRs7zyR5krcHPxAiw2nZqkGU4RoEUbpump,Open AI,0,REJECT,,0.16,2026-09-27T16:11:06.000Z,2026-09-27T16:23:19.817Z,734,2026-09-27T16:11:06Z,pumpswap,0,0.0,after,REJECT,UNCLASSIFIED,73854
7QiyCnBd4g4d4qY7byX5SeqvtpSmmdhB849qoCiHpump,jeancock,0,REJECT,sell_pressure,0.14,2026-09-27T16:11:26.000Z,2026-09-27T16:24:04.818Z,759,2026-09-27T16:11:28Z,pumpswap,0,0.03,after,PASS,UNCLASSIFIED,61928
3K9XzpAs2wn5bXJPpgxpExmNjJLvFCV9BhPGFuPipump,PUMPPET,1,WATCH,sell_pressure,0.42,2026-09-27T16:11:56.000Z,2026-09-27T16:24:34.819Z,759,2026-09-27T16:13:08Z,pumpswap,0,1.2,after,REJECT,UNCLASSIFIED,22222
URfFBeW1BebDDquBVfztRmL2ugh3rytybBoke9epump,TRUMPCAT,0,REJECT,,0.38,2026-09-27T16:20:09.000Z,2026-09-27T16:32:49.831Z,761,2026-09-27T16:20:09Z,pumpswap,0,0.0,after,REJECT,UNCLASSIFIED,70881
76R3Mbb3w66VQg7u7tQHoCMqq6QofD59bncoZKnpump,NTDA,0,REJECT,,0.36,2026-09-27T16:20:52.000Z,2026-09-27T16:33:04.832Z,733,2026-09-27T16:20:52Z,pumpswap,0,0.0,after,REJECT,UNCLASSIFIED,230817
F4K2SbLNgyz9gzNqT8bPeLpRkxy4oMA9twaffUDdZtB6,POD,1,WATCH,,0.43,2026-09-27T16:45:21.000Z,2026-09-27T16:50:04.858Z,284,2026-09-27T16:45:21Z,orca,0,0.0,after,REJECT,UNCLASSIFIED,7304
Et44nuUcsdzhuDvob71YtF4mYGpFMgUuawzDf6cpump,OURA,0,REJECT,,0.36,2026-09-27T16:49:07.000Z,2026-09-27T17:01:34.877Z,748,2026-09-27T16:49:07Z,pumpswap,0,0.0,after,REJECT,UNCLASSIFIED,253712
ECAGLpyRvNrqj7eDcyLboSsqATLGwkw3g6Rhvestpump,dfp,1,WATCH,thin_liquidity,0.25,2026-09-27T17:14:00.000Z,2026-09-27T17:20:19.919Z,380,2026-09-27T17:14:00Z,pumpswap,0,0.0,after,REJECT,UNCLASSIFIED,30345
forgeTXPSbgswABcgaQGpc4FkFQr8pLzFWLmZ4KDDLw,KEYFORGE,1,WATCH,thin_liquidity,0.42,2026-09-27T17:14:58.000Z,2026-09-27T17:20:19.919Z,322,2026-09-27T17:14:58Z,pumpswap,0,0.0,after,REJECT,UNCLASSIFIED,14347
FrWAoFYzeFkBBCpgWqJUcuG47ozj6MHJrvQbJdCZpigg,Piggy,1,WATCH,,0.38,2026-09-27T17:25:17.000Z,2026-09-27T17:33:19.942Z,483,2026-09-27T17:32:10Z,pumpswap,0,6.88,after,REJECT,UNCLASSIFIED,20641
B2kipu1WYBPBDQrCX5yv9p7dhjhG1FwwnxBjUDhSkbdG,RAMP,1,WATCH,sell_pressure,0.3,2026-09-27T17:40:56.000Z,2026-09-27T17:45:04.960Z,249,2026-09-27T17:25:19Z,pumpswap,0,-15.62,after,PASS,UNCLASSIFIED,49049
YEDQVmoGhndzakejhJxbZJK7gobNmaN2QgsPpCvpump,Elonhotdog,1,WATCH,sell_pressure,0.23,2026-09-27T17:43:56.000Z,2026-09-27T17:46:49.962Z,174,2026-09-27T17:43:56Z,pumpswap,0,0.0,after,REJECT,UNCLASSIFIED,56906
4Sbqpaa1pvn7RibuKc6caNJ77tjcQC9WuxHRnzdSpump,BOARD,0,REJECT,sell_pressure,0.2,2026-09-27T17:43:15.000Z,2026-09-27T17:55:19.976Z,725,2026-09-27T17:43:15Z,pumpswap,0,0.0,after,PASS,UNCLASSIFIED,24679
BgLULABxd8THAz1AMmJw6HbqFKkKzwqG1Ecs9BT28koS,nLAUNCH,1,WATCH,,0.42,2026-09-27T18:06:35.000Z,2026-09-27T18:15:35.010Z,540,2026-09-27T18:06:35Z,pumpswap,0,0.0,after,REJECT,UNCLASSIFIED,13110
E5PMiZKfEe1NQhw32izNihZFT2FEERT9WRyKGiq9ZK3u,kidney,1,WATCH,sell_pressure,0.28,2026-09-27T18:07:20.000Z,2026-09-27T18:15:35.010Z,495,2026-09-27T18:11:49Z,pumpswap,0,4.48,after,PASS,UNCLASSIFIED,13335
4JjcFYnYQnFnGWRr43V1WaqV8ot7AZV6n1BJ9Cp7pump,FTRENCHER,0,REJECT,sell_pressure,0.17,2026-09-27T18:27:31.000Z,2026-09-27T18:31:50.046Z,259,2026-09-27T18:27:31Z,pumpswap,0,0.0,after,REJECT,UNCLASSIFIED,2672
FHAXLUVMSaGf1eQYgFe95okoUAeH1hwfHs6mb9Tcpump,n/acc,1,WATCH,,0.47,2026-09-27T18:33:58.000Z,2026-09-27T18:46:20.069Z,742,2026-09-27T18:45:48Z,pumpswap,0,11.83,after,REJECT,UNCLASSIFIED,20787
AQP3DdJJS1AUqBNNcq7bMAwABP9s728j5zGhnTUPb9jx,100x,0,REJECT,sell_pressure,0.15,2026-09-27T18:39:40.000Z,2026-09-27T18:47:05.070Z,445,2026-09-27T18:42:16Z,pumpswap,0,2.6,after,REJECT,UNCLASSIFIED,4652
Cmrq8EkYn8qhjtq6iYfqrfzet3q4aC5F38tLQGUvearn,EARN,1,WATCH,thin_liquidity,0.37,2026-09-27T18:48:34.000Z,2026-09-27T18:50:35.076Z,121,2026-09-27T18:44:23Z,meteora,0,-4.18,after,REJECT,UNCLASSIFIED,23235
