"Time","Line","id","labels","streams","streamId","detected_level"
2026-09-28 08:10:20,"[earlier-entry] no as-of anchor candles for 4n7hKbjRQ8kikDXoZJj6QSpr2ZtTNJCJTf7NuCnipump (firstSeen=1787689034855 t60=1787692634855, candles=13) — row stays pending",27c47b823b9aa0a9,[object Object],,0000000000000000e4c27620c476a6b0403e273e52e5578f,info
2026-09-28 08:10:19,"[earlier-entry] no as-of anchor candles for Hr4TZjRcphKM21oh4BrQjH66kHhuBPDEzRTuMTXFpump (firstSeen=1787688442375 t60=1787692042375, candles=3) — row stays pending",bbad715a0e0aee1f,[object Object],,0000000000000000e4c27620c476a6b0403e273e52e5578f,info
2026-09-28 08:10:18,"[earlier-entry] no as-of anchor candles for H2qTatoCJMx1fXFWZpjYLAdc6it7TYmzeQTnY7Mjpump (firstSeen=1787688441901 t60=1787692041901, candles=25) — row stays pending",2eb91acef3590e8a,[object Object],,0000000000000000e4c27620c476a6b0403e273e52e5578f,info
2026-09-28 08:10:17,"[earlier-entry] no as-of anchor candles for FWRkpgMqsAhY6aQrz7npK32VwTkwjCBF5n4Enybnpump (firstSeen=1787688319574 t60=1787691919574, candles=3) — row stays pending",eb1d89d63981e515,[object Object],,0000000000000000e4c27620c476a6b0403e273e52e5578f,info
2026-09-28 08:10:16,"[earlier-entry] no as-of anchor candles for 7gLfH99aqSjBaRXfhrzm2vEgrxKvvSgm2JctF5rgpump (firstSeen=1787688148054 t60=1787691748054, candles=33) — row stays pending",ae1230e2628b3688,[object Object],,0000000000000000e4c27620c476a6b0403e273e52e5578f,info
2026-09-28 08:10:16,[hot] poll source=mevx candidates=121 passing=1 newest_age_min=16,7d7a381c622572b3,[object Object],,0000000000000000e4c27620c476a6b0403e273e52e5578f,info
2026-09-28 08:10:16,[mevx] notifications=200 parseSkips=0 endpoints=2,4b36e2508d5a647e,[object Object],,0000000000000000e4c27620c476a6b0403e273e52e5578f,info
2026-09-28 08:10:16,"[earlier-entry] no as-of anchor candles for 4izEqGCX9KxD2xWZkJkMn8WRqNiBqkq2eX8PZqRDpump (firstSeen=1787687575575 t60=1787691175575, candles=7) — row stays pending",feb5849f587eebf1,[object Object],,0000000000000000e4c27620c476a6b0403e273e52e5578f,info
2026-09-28 08:10:15,"[earlier-entry] no as-of anchor candles for 4185dnL3PaVsKyikTEQApEhgRXbYbyxJGwYK6qQ2pump (firstSeen=1787687522215 t60=1787691122215, candles=6) — row stays pending",ab17c214d5016eb,[object Object],,0000000000000000e4c27620c476a6b0403e273e52e5578f,info
2026-09-28 08:10:14,"[earlier-entry] no as-of anchor candles for FDcGUXTEGpn3dZDhW3PLnk3jvEyuLLWEXM8Jpg81pump (firstSeen=1787687437815 t60=1787691037815, candles=10) — row stays pending",f25ac7ffc9b2905e,[object Object],,0000000000000000e4c27620c476a6b0403e273e52e5578f,info
2026-09-28 08:10:13,"[earlier-entry] no as-of anchor candles for pbiX8giTJnC2nKAMfxTStJrTtT9XbNz5zPx6y7mpump (firstSeen=1787687380536 t60=1787690980536, candles=9) — row stays pending",a35650fb4066d163,[object Object],,0000000000000000e4c27620c476a6b0403e273e52e5578f,info
2026-09-28 08:10:12,"[earlier-entry] no as-of anchor candles for CebGgVwrWHkAhfWZi6jHgeduKRSDzijnGZVQ97k6pump (firstSeen=1787687278695 t60=1787690878695, candles=20) — row stays pending",ea579eb7e5d8de12,[object Object],,0000000000000000e4c27620c476a6b0403e273e52e5578f,info
2026-09-28 08:10:12,[gmgn-feed] kol poll: events=88 tx=32 mints=21 new=4,38532a8e5682a249,[object Object],,0000000000000000e4c27620c476a6b0403e273e52e5578f,info
2026-09-28 08:10:11,"[earlier-entry] no as-of anchor candles for En9sQtnHpByLEE7ykhFQ25PirV54rYegEJCjBV87pump (firstSeen=1787686994060 t60=1787690594060, candles=16) — row stays pending",3f85489fae37313b,[object Object],,0000000000000000e4c27620c476a6b0403e273e52e5578f,info
2026-09-28 08:10:11,[gmgn-feed] discovery poll: saw=60 new=33 deduped=27,8474d5787253bac5,[object Object],,0000000000000000e4c27620c476a6b0403e273e52e5578f,info
2026-09-28 08:10:10,"[earlier-entry] no as-of anchor candles for 5N8vsaxFs7cVuw7fQyhTSYMPpdzMt8nGNr2f5kaHpump (firstSeen=1787686853336 t60=1787690453336, candles=11) — row stays pending",3505d06553a998c5,[object Object],,0000000000000000e4c27620c476a6b0403e273e52e5578f,info
2026-09-28 08:10:10,"[earlier-entry] no as-of anchor candles for J1TNHqaAYuratcbSwgsPcTXi2jShxvZMsC2HBBZJpump (firstSeen=1787686693415 t60=1787690293415, candles=29) — row stays pending",5ce9d6aea6a27ce8,[object Object],,0000000000000000e4c27620c476a6b0403e273e52e5578f,info
2026-09-28 08:10:09,"[earlier-entry] no as-of anchor candles for 98fAqajBY3ZthsUiHKXSat7tSt4PEutdbdUGy4pfpump (firstSeen=1787686439472 t60=1787690039472, candles=9) — row stays pending",86a689136892fc70,[object Object],,0000000000000000e4c27620c476a6b0403e273e52e5578f,info
2026-09-28 08:10:08,"[earlier-entry] no as-of anchor candles for 7RCftn8rC3tXJ9W3hGyDYYkE2XznET9P7Je2549Jpump (firstSeen=1787686352258 t60=1787689952258, candles=38) — row stays pending",3214bad91f694720,[object Object],,0000000000000000e4c27620c476a6b0403e273e52e5578f,info
2026-09-28 08:10:07,"[earlier-entry] no as-of anchor candles for HsvQv85YpRn8xkrg4b2J5MmVCAyESMF5hX8G2BUEqzr7 (firstSeen=1787685017096 t60=1787688617096, candles=18) — row stays pending",96aea50b5f5dc869,[object Object],,0000000000000000e4c27620c476a6b0403e273e52e5578f,info
2026-09-28 08:10:06,"[earlier-entry] no as-of anchor candles for EB7QuhGEXp8wib68Km92tBqYanwUdrA3f7Sk6dMypump (firstSeen=1787684697580 t60=1787688297580, candles=7) — row stays pending",583856fddf147832,[object Object],,0000000000000000e4c27620c476a6b0403e273e52e5578f,info
2026-09-28 08:10:06,"[earlier-entry] no as-of anchor candles for FxvtBMd5ngXRsbZd61HGf3LHvcKk6z59EMV3H25ppump (firstSeen=1787684410683 t60=1787688010683, candles=5) — row stays pending",f3f95e197125f1c4,[object Object],,0000000000000000e4c27620c476a6b0403e273e52e5578f,info
2026-09-28 08:10:05,"[earlier-entry] no as-of anchor candles for 3idZz5MN5L9edMVFfyGq1SxPYjgUza6PMNnBvFdcpump (firstSeen=1787684410683 t60=1787688010683, candles=24) — row stays pending",5128414e246420aa,[object Object],,0000000000000000e4c27620c476a6b0403e273e52e5578f,info
2026-09-28 08:10:04,"[earlier-entry] no as-of anchor candles for DYDxcfzyx9hG7wHMNnt7LVeXbZ53YhDwozdKK5Zopump (firstSeen=1787684406374 t60=1787688006374, candles=3) — row stays pending",c460b322862f0a75,[object Object],,0000000000000000e4c27620c476a6b0403e273e52e5578f,info
2026-09-28 08:10:04,[dexscreener] Polled 27 Solana pairs,a70047dc9e3260ee,[object Object],,0000000000000000e4c27620c476a6b0403e273e52e5578f,info
2026-09-28 08:10:04,"[dexscreener] Got 30 profiles, 15 Solana",4dcb73bb060c2417,[object Object],,0000000000000000e4c27620c476a6b0403e273e52e5578f,info
2026-09-28 08:10:04,[mevx] notifications=200 parseSkips=0 endpoints=2,9fc4a5fc961237ed,[object Object],,0000000000000000e4c27620c476a6b0403e273e52e5578f,info
2026-09-28 08:10:04,[gmgn-budget] earlier-entry=5600req/3b feed-kol=290req/0b feed-discovery=145req/0b conviction=110req/0b hot-netflow=21req/10b over ~116min since=2026-09-28T09:14:20.414Z dropped=1179,fd8e6475fa0083f8,[object Object],,0000000000000000e4c27620c476a6b0403e273e52e5578f,info
2026-09-28 08:10:04,[mevx] notifications=200 parseSkips=0 endpoints=2,9c4454e71cc8e18,[object Object],,0000000000000000e4c27620c476a6b0403e273e52e5578f,info
2026-09-28 08:10:03,"[earlier-entry] no as-of anchor candles for F5CPPs42UKS6LcJzSXwTEgh2e3oXxzCBTa1iMfftpump (firstSeen=1787684400726 t60=1787688000726, candles=6) — row stays pending",847abcad51ffc0f1,[object Object],,0000000000000000e4c27620c476a6b0403e273e52e5578f,info
2026-09-28 08:10:02,"[earlier-entry] no as-of anchor candles for A4ihj8g1RCjFT44vDjtkfYFT41yjmf1NbXtkdoiBnvwp (firstSeen=1787684375043 t60=1787687975043, candles=3) — row stays pending",9324462ed76e64cb,[object Object],,0000000000000000e4c27620c476a6b0403e273e52e5578f,info
2026-09-28 08:10:02,"[earlier-entry] no as-of anchor candles for CW7HuFKJKGWYd932ziUtD4FddXLkofKCzaW3y5c4pump (firstSeen=1787684375041 t60=1787687975041, candles=12) — row stays pending",57d15f29dde46f84,[object Object],,0000000000000000e4c27620c476a6b0403e273e52e5578f,info
2026-09-28 08:10:01,[hot] poll source=mevx candidates=121 passing=1 newest_age_min=15,f6b3c3f99f306f38,[object Object],,0000000000000000e4c27620c476a6b0403e273e52e5578f,info
2026-09-28 08:10:01,[mevx] notifications=200 parseSkips=0 endpoints=2,33dda1430682c0d1,[object Object],,0000000000000000e4c27620c476a6b0403e273e52e5578f,info
2026-09-28 08:10:01,[earlier-entry] GMGN kline EMPTY history for 2rqRG1GH8iiXjNc5S3eBaJJQtsnuKxjp7cEGWwm5pump (window 1787684255034..1787688095034) — row stays pending,47dabfd59e7af425,[object Object],,0000000000000000e4c27620c476a6b0403e273e52e5578f,info
2026-09-28 08:10:00,"[earlier-entry] no as-of anchor candles for Fy3n6AqYfwZrHosrdxKKvsxWh8CKaUste2DCpHTspump (firstSeen=1787684375032 t60=1787687975032, candles=7) — row stays pending",935ad4f692e0d30c,[object Object],,0000000000000000e4c27620c476a6b0403e273e52e5578f,info
2026-09-28 08:09:59,"[earlier-entry] no as-of anchor candles for USCSiKDUVap6hj33JvRDYq6bEmiBwVm3BvE6o5fNgRf (firstSeen=1787684375031 t60=1787687975031, candles=5) — row stays pending",a263ab218f3ecd06,[object Object],,0000000000000000e4c27620c476a6b0403e273e52e5578f,info
2026-09-28 08:09:58,"[earlier-entry] no as-of anchor candles for FBCStPyNtdW5gnEmsmdFY1whJ7jxEuPggN6un416oJ77 (firstSeen=1787684375030 t60=1787687975030, candles=3) — row stays pending",8cfe97a3f96cbdd8,[object Object],,0000000000000000e4c27620c476a6b0403e273e52e5578f,info
2026-09-28 08:09:46,[hot] poll source=mevx candidates=121 passing=1 newest_age_min=15,c62d713e87d3bb06,[object Object],,0000000000000000e4c27620c476a6b0403e273e52e5578f,info
2026-09-28 08:09:46,[mevx] notifications=200 parseSkips=0 endpoints=2,eb746e2be443e264,[object Object],,0000000000000000e4c27620c476a6b0403e273e52e5578f,info
2026-09-28 08:09:34,[dexscreener] Polled 27 Solana pairs,7a10de84916c5372,[object Object],,0000000000000000e4c27620c476a6b0403e273e52e5578f,info
2026-09-28 08:09:34,"[dexscreener] Got 30 profiles, 15 Solana",6236290443bc00bd,[object Object],,0000000000000000e4c27620c476a6b0403e273e52e5578f,info
2026-09-28 08:09:31,[hot] poll source=mevx candidates=121 passing=1 newest_age_min=15,fde168755f70f8b3,[object Object],,0000000000000000e4c27620c476a6b0403e273e52e5578f,info
2026-09-28 08:09:31,[mevx] notifications=200 parseSkips=0 endpoints=2,3e8581d66536fa55,[object Object],,0000000000000000e4c27620c476a6b0403e273e52e5578f,info
2026-09-28 08:09:31,"[earlier-entry] no as-of anchor candles for G1fDSMMg6GsreL343Y8PGVzYht2CTfEtjZFuX3vRpump (firstSeen=1787694184135 t60=1787697784135, candles=36) — row stays pending",c694db8377681eed,[object Object],,0000000000000000e4c27620c476a6b0403e273e52e5578f,info
2026-09-28 08:09:30,"[earlier-entry] no as-of anchor candles for EJUTDNaakydzbVJa7qisRuSFBpBAKWchuWvbwWXppump (firstSeen=1787694131175 t60=1787697731175, candles=8) — row stays pending",2c8335087f2342f7,[object Object],,0000000000000000e4c27620c476a6b0403e273e52e5578f,info
2026-09-28 08:09:29,"[earlier-entry] no as-of anchor candles for 5VsmPH57C3ApqVVV7D2B2yELj7moVJ8VWc1DNWTspump (firstSeen=1787693539578 t60=1787697139578, candles=22) — row stays pending",a8325c27a8b136e8,[object Object],,0000000000000000e4c27620c476a6b0403e273e52e5578f,info
2026-09-28 08:09:28,"[earlier-entry] no as-of anchor candles for 87UDuAH5UxDxtHJ6TbuvZJut78JxcQU1X4h8HyKLpump (firstSeen=1787693012218 t60=1787696612218, candles=21) — row stays pending",ea51cc46f2226b5d,[object Object],,0000000000000000e4c27620c476a6b0403e273e52e5578f,info
2026-09-28 08:09:27,[earlier-entry] GMGN kline EMPTY history for GZR59y93kd9mhSf1y9jj3MQaaDRTLjKHkAumj5wZpump (window 1787692284174..1787696124174) — row stays pending,5f555c6983f47192,[object Object],,0000000000000000e4c27620c476a6b0403e273e52e5578f,info
2026-09-28 08:09:26,"[earlier-entry] no as-of anchor candles for FASuHwpPmEMV5eR97eveRShvFynoqMi4uyTk9Qxvpump (firstSeen=1787692374995 t60=1787695974995, candles=13) — row stays pending",1c6a6f5e0bcc701c,[object Object],,0000000000000000e4c27620c476a6b0403e273e52e5578f,info
2026-09-28 08:09:26,"[earlier-entry] no as-of anchor candles for ETTE5N3HsJd1m9BFtHsadZqRU1x8ZsxByehUugtZpump (firstSeen=1787692355448 t60=1787695955448, candles=2) — row stays pending",877c77027c8b8055,[object Object],,0000000000000000e4c27620c476a6b0403e273e52e5578f,info
2026-09-28 08:09:26,"[microaudit:priority] tick done: 0 queued, 0 cooldown-skipped, 0 capped, 0 fetched, 0 stamped, 0 deferred, 0 stale-skipped",de678e4e41e0f789,[object Object],,0000000000000000e4c27620c476a6b0403e273e52e5578f,info
2026-09-28 08:09:25,"[earlier-entry] no as-of anchor candles for 42SYB3Fyd7KV9GkHjVW36WxgzNJpu3EKNvUyp9sHpump (firstSeen=1787692355442 t60=1787695955442, candles=23) — row stays pending",f1d009a71bcd1eaa,[object Object],,0000000000000000e4c27620c476a6b0403e273e52e5578f,info
2026-09-28 08:09:24,"[earlier-entry] no as-of anchor candles for 9FFDy5LsmrQJVGevooMomQtwZ6nByeD95CB43qy4pump (firstSeen=1787692355440 t60=1787695955440, candles=10) — row stays pending",b85d65b980889066,[object Object],,0000000000000000e4c27620c476a6b0403e273e52e5578f,info
2026-09-28 08:09:23,"[earlier-entry] no as-of anchor candles for 672KyXWJE8infxtD3gNHAZGdDGuWSmgVCUKrScB6pump (firstSeen=1787692355435 t60=1787695955435, candles=7) — row stays pending",24f601d27982a786,[object Object],,0000000000000000e4c27620c476a6b0403e273e52e5578f,info
2026-09-28 08:09:22,"[earlier-entry] no as-of anchor candles for 4qjPZWnR8usFJsMmgU4thuWuasvN7rV45VMthMbdpump (firstSeen=1787692355334 t60=1787695955334, candles=15) — row stays pending",3457a82f964a0c26,[object Object],,0000000000000000e4c27620c476a6b0403e273e52e5578f,info
2026-09-28 08:09:21,"[earlier-entry] no as-of anchor candles for TKLCx7SBsPLT2DvoHAGwW348RBL4jEDtDdFck7opump (firstSeen=1787692355333 t60=1787695955333, candles=14) — row stays pending",f18fd9f24d91d85d,[object Object],,0000000000000000e4c27620c476a6b0403e273e52e5578f,info
2026-09-28 08:09:21,"[earlier-entry] no as-of anchor candles for 2fqG8LbiKNDYgFpZZZ6F9uke6GhRe7fqw9Pa4oJupump (firstSeen=1787689254230 t60=1787692854230, candles=1) — row stays pending",529dadc3b3ffc9aa,[object Object],,0000000000000000e4c27620c476a6b0403e273e52e5578f,info
2026-09-28 08:09:20,"[perf] 5tCju6YNxHq5zrA6tGndr6F7TK42mpUFmeE31cSFpump: 20.04x (new peak, was 19.61x)",e976c8d0f8825b15,[object Object],,0000000000000000e4c27620c476a6b0403e273e52e5578f,info
2026-09-28 08:09:20,"[earlier-entry] no as-of anchor candles for 4n7hKbjRQ8kikDXoZJj6QSpr2ZtTNJCJTf7NuCnipump (firstSeen=1787689034855 t60=1787692634855, candles=13) — row stays pending",f38c1c6c57f75591,[object Object],,0000000000000000e4c27620c476a6b0403e273e52e5578f,info
2026-09-28 08:09:19,"[earlier-entry] no as-of anchor candles for Hr4TZjRcphKM21oh4BrQjH66kHhuBPDEzRTuMTXFpump (firstSeen=1787688442375 t60=1787692042375, candles=3) — row stays pending",b179925116c1b26d,[object Object],,0000000000000000e4c27620c476a6b0403e273e52e5578f,info
2026-09-28 08:09:18,"[earlier-entry] no as-of anchor candles for H2qTatoCJMx1fXFWZpjYLAdc6it7TYmzeQTnY7Mjpump (firstSeen=1787688441901 t60=1787692041901, candles=25) — row stays pending",2a6342e8fcc630c9,[object Object],,0000000000000000e4c27620c476a6b0403e273e52e5578f,info
2026-09-28 08:09:17,"[earlier-entry] no as-of anchor candles for FWRkpgMqsAhY6aQrz7npK32VwTkwjCBF5n4Enybnpump (firstSeen=1787688319574 t60=1787691919574, candles=3) — row stays pending",5770cbd17b900a6c,[object Object],,0000000000000000e4c27620c476a6b0403e273e52e5578f,info
2026-09-28 08:09:16,"[earlier-entry] no as-of anchor candles for 7gLfH99aqSjBaRXfhrzm2vEgrxKvvSgm2JctF5rgpump (firstSeen=1787688148054 t60=1787691748054, candles=33) — row stays pending",1122ac24cde06015,[object Object],,0000000000000000e4c27620c476a6b0403e273e52e5578f,info
2026-09-28 08:09:16,[hot] poll source=mevx candidates=121 passing=1 newest_age_min=15,58aa5e7a19b01a4a,[object Object],,0000000000000000e4c27620c476a6b0403e273e52e5578f,info
2026-09-28 08:09:16,[mevx] notifications=200 parseSkips=0 endpoints=2,957b3e660b76007a,[object Object],,0000000000000000e4c27620c476a6b0403e273e52e5578f,info
2026-09-28 08:09:16,"[earlier-entry] no as-of anchor candles for 4izEqGCX9KxD2xWZkJkMn8WRqNiBqkq2eX8PZqRDpump (firstSeen=1787687575575 t60=1787691175575, candles=7) — row stays pending",29bdf0489553456a,[object Object],,0000000000000000e4c27620c476a6b0403e273e52e5578f,info
2026-09-28 08:09:15,"[earlier-entry] no as-of anchor candles for 4185dnL3PaVsKyikTEQApEhgRXbYbyxJGwYK6qQ2pump (firstSeen=1787687522215 t60=1787691122215, candles=6) — row stays pending",a2661694d4630c80,[object Object],,0000000000000000e4c27620c476a6b0403e273e52e5578f,info
2026-09-28 08:09:14,"[earlier-entry] no as-of anchor candles for FDcGUXTEGpn3dZDhW3PLnk3jvEyuLLWEXM8Jpg81pump (firstSeen=1787687437815 t60=1787691037815, candles=10) — row stays pending",cf5e9852813a5fea,[object Object],,0000000000000000e4c27620c476a6b0403e273e52e5578f,info
2026-09-28 08:09:13,"[earlier-entry] no as-of anchor candles for pbiX8giTJnC2nKAMfxTStJrTtT9XbNz5zPx6y7mpump (firstSeen=1787687380536 t60=1787690980536, candles=9) — row stays pending",8a8ad5395d481d72,[object Object],,0000000000000000e4c27620c476a6b0403e273e52e5578f,info
2026-09-28 08:09:13,"[channel-gate] sweep done: 0 invited, 0 kicked, 4 already in, 36 outstanding-skipped, 0 errors (members=15, admins=2)",e364f54ceb791f3c,[object Object],,0000000000000000e4c27620c476a6b0403e273e52e5578f,info
2026-09-28 08:09:12,"[earlier-entry] no as-of anchor candles for CebGgVwrWHkAhfWZi6jHgeduKRSDzijnGZVQ97k6pump (firstSeen=1787687278695 t60=1787690878695, candles=20) — row stays pending",ece5522ef821d331,[object Object],,0000000000000000e4c27620c476a6b0403e273e52e5578f,info
2026-09-28 08:09:12,[gmgn-feed] kol poll: events=89 tx=32 mints=19 new=3,d43c1244379855de,[object Object],,0000000000000000e4c27620c476a6b0403e273e52e5578f,info
2026-09-28 08:09:11,"[earlier-entry] no as-of anchor candles for En9sQtnHpByLEE7ykhFQ25PirV54rYegEJCjBV87pump (firstSeen=1787686994060 t60=1787690594060, candles=16) — row stays pending",95517d936e2acd62,[object Object],,0000000000000000e4c27620c476a6b0403e273e52e5578f,info
2026-09-28 08:09:11,[gmgn-feed] discovery poll: saw=60 new=31 deduped=29,fe38bab04c9d030c,[object Object],,0000000000000000e4c27620c476a6b0403e273e52e5578f,info
2026-09-28 08:09:11,"[earlier-entry] no as-of anchor candles for 5N8vsaxFs7cVuw7fQyhTSYMPpdzMt8nGNr2f5kaHpump (firstSeen=1787686853336 t60=1787690453336, candles=11) — row stays pending",2de5d4a510ecc3c6,[object Object],,0000000000000000e4c27620c476a6b0403e273e52e5578f,info
2026-09-28 08:09:10,"[earlier-entry] no as-of anchor candles for J1TNHqaAYuratcbSwgsPcTXi2jShxvZMsC2HBBZJpump (firstSeen=1787686693415 t60=1787690293415, candles=29) — row stays pending",4964fd403ff93b81,[object Object],,0000000000000000e4c27620c476a6b0403e273e52e5578f,info
2026-09-28 08:09:09,"[earlier-entry] no as-of anchor candles for 98fAqajBY3ZthsUiHKXSat7tSt4PEutdbdUGy4pfpump (firstSeen=1787686439472 t60=1787690039472, candles=9) — row stays pending",9ff65bea4c90efb6,[object Object],,0000000000000000e4c27620c476a6b0403e273e52e5578f,info
2026-09-28 08:09:08,"[earlier-entry] no as-of anchor candles for 7RCftn8rC3tXJ9W3hGyDYYkE2XznET9P7Je2549Jpump (firstSeen=1787686352258 t60=1787689952258, candles=38) — row stays pending",f510fedf88ea6df8,[object Object],,0000000000000000e4c27620c476a6b0403e273e52e5578f,info
2026-09-28 08:09:07,"[earlier-entry] no as-of anchor candles for HsvQv85YpRn8xkrg4b2J5MmVCAyESMF5hX8G2BUEqzr7 (firstSeen=1787685017096 t60=1787688617096, candles=18) — row stays pending",bfbc499279f4f05d,[object Object],,0000000000000000e4c27620c476a6b0403e273e52e5578f,info
2026-09-28 08:09:06,"[earlier-entry] no as-of anchor candles for EB7QuhGEXp8wib68Km92tBqYanwUdrA3f7Sk6dMypump (firstSeen=1787684697580 t60=1787688297580, candles=7) — row stays pending",1afe31d3a0d8e3fa,[object Object],,0000000000000000e4c27620c476a6b0403e273e52e5578f,info
2026-09-28 08:09:06,"[earlier-entry] no as-of anchor candles for FxvtBMd5ngXRsbZd61HGf3LHvcKk6z59EMV3H25ppump (firstSeen=1787684410683 t60=1787688010683, candles=5) — row stays pending",d8e93b2fc3aac93d,[object Object],,0000000000000000e4c27620c476a6b0403e273e52e5578f,info
2026-09-28 08:09:05,"[earlier-entry] no as-of anchor candles for 3idZz5MN5L9edMVFfyGq1SxPYjgUza6PMNnBvFdcpump (firstSeen=1787684410683 t60=1787688010683, candles=24) — row stays pending",793f16c4d93c4291,[object Object],,0000000000000000e4c27620c476a6b0403e273e52e5578f,info
2026-09-28 08:09:04,[dexscreener] Polled 27 Solana pairs,ca8dc977bf5c508e,[object Object],,0000000000000000e4c27620c476a6b0403e273e52e5578f,info
2026-09-28 08:09:04,"[dexscreener] Got 30 profiles, 15 Solana",d74353a59b2a6f42,[object Object],,0000000000000000e4c27620c476a6b0403e273e52e5578f,info
2026-09-28 08:09:04,"[earlier-entry] no as-of anchor candles for DYDxcfzyx9hG7wHMNnt7LVeXbZ53YhDwozdKK5Zopump (firstSeen=1787684406374 t60=1787688006374, candles=3) — row stays pending",66a59a5219b5d483,[object Object],,0000000000000000e4c27620c476a6b0403e273e52e5578f,info
2026-09-28 08:09:04,[healthcheck] ping ok (HTTP 200),ba86692b0c609555,[object Object],,0000000000000000e4c27620c476a6b0403e273e52e5578f,info
2026-09-28 08:09:04,[mevx] notifications=200 parseSkips=0 endpoints=2,64a1c483b6249ec6,[object Object],,0000000000000000e4c27620c476a6b0403e273e52e5578f,info
2026-09-28 08:09:04,[gmgn-budget] earlier-entry=5560req/3b feed-kol=288req/0b feed-discovery=144req/0b conviction=110req/0b hot-netflow=21req/10b over ~116min since=2026-09-28T09:13:20.033Z dropped=1136,31f3d7d634072704,[object Object],,0000000000000000e4c27620c476a6b0403e273e52e5578f,info
2026-09-28 08:09:04,[mevx] notifications=200 parseSkips=0 endpoints=2,5cdd0926bc566755,[object Object],,0000000000000000e4c27620c476a6b0403e273e52e5578f,info
2026-09-28 08:09:03,"[earlier-entry] no as-of anchor candles for F5CPPs42UKS6LcJzSXwTEgh2e3oXxzCBTa1iMfftpump (firstSeen=1787684400726 t60=1787688000726, candles=6) — row stays pending",7f84049d7867b4e9,[object Object],,0000000000000000e4c27620c476a6b0403e273e52e5578f,info
2026-09-28 08:09:02,"[earlier-entry] no as-of anchor candles for A4ihj8g1RCjFT44vDjtkfYFT41yjmf1NbXtkdoiBnvwp (firstSeen=1787684375043 t60=1787687975043, candles=3) — row stays pending",d20707e5a937104a,[object Object],,0000000000000000e4c27620c476a6b0403e273e52e5578f,info
2026-09-28 08:09:01,"[earlier-entry] no as-of anchor candles for CW7HuFKJKGWYd932ziUtD4FddXLkofKCzaW3y5c4pump (firstSeen=1787684375041 t60=1787687975041, candles=12) — row stays pending",dc14344e09542143,[object Object],,0000000000000000e4c27620c476a6b0403e273e52e5578f,info
2026-09-28 08:09:01,[hot] poll source=mevx candidates=121 passing=1 newest_age_min=14,f2c08e0ec12d787d,[object Object],,0000000000000000e4c27620c476a6b0403e273e52e5578f,info
2026-09-28 08:09:01,[mevx] notifications=200 parseSkips=0 endpoints=2,18cf3de605e975b5,[object Object],,0000000000000000e4c27620c476a6b0403e273e52e5578f,info
2026-09-28 08:09:01,[earlier-entry] GMGN kline EMPTY history for 2rqRG1GH8iiXjNc5S3eBaJJQtsnuKxjp7cEGWwm5pump (window 1787684255034..1787688095034) — row stays pending,bb823c84011fd32,[object Object],,0000000000000000e4c27620c476a6b0403e273e52e5578f,info
2026-09-28 08:09:00,"[earlier-entry] no as-of anchor candles for Fy3n6AqYfwZrHosrdxKKvsxWh8CKaUste2DCpHTspump (firstSeen=1787684375032 t60=1787687975032, candles=7) — row stays pending",3833c003de23c012,[object Object],,0000000000000000e4c27620c476a6b0403e273e52e5578f,info
2026-09-28 08:08:59,"[earlier-entry] no as-of anchor candles for USCSiKDUVap6hj33JvRDYq6bEmiBwVm3BvE6o5fNgRf (firstSeen=1787684375031 t60=1787687975031, candles=5) — row stays pending",1306e67ca1dbdbbb,[object Object],,0000000000000000e4c27620c476a6b0403e273e52e5578f,info
2026-09-28 08:08:58,"[earlier-entry] no as-of anchor candles for FBCStPyNtdW5gnEmsmdFY1whJ7jxEuPggN6un416oJ77 (firstSeen=1787684375030 t60=1787687975030, candles=3) — row stays pending",58c36d02b7846d6e,[object Object],,0000000000000000e4c27620c476a6b0403e273e52e5578f,info
2026-09-28 08:08:46,[hot] poll source=mevx candidates=121 passing=1 newest_age_min=14,3a223c6fd7a679e5,[object Object],,0000000000000000e4c27620c476a6b0403e273e52e5578f,info
2026-09-28 08:08:46,[mevx] notifications=200 parseSkips=0 endpoints=2,a291f2376a2a58d6,[object Object],,0000000000000000e4c27620c476a6b0403e273e52e5578f,info
2026-09-28 08:08:34,[dexscreener] Polled 27 Solana pairs,a205a92b7fc9c5e2,[object Object],,0000000000000000e4c27620c476a6b0403e273e52e5578f,info
2026-09-28 08:08:34,"[dexscreener] Got 30 profiles, 15 Solana",860263b726399c9e,[object Object],,0000000000000000e4c27620c476a6b0403e273e52e5578f,info
2026-09-28 08:08:31,[hot] poll source=mevx candidates=121 passing=1 newest_age_min=14,67fae09733d6d99f,[object Object],,0000000000000000e4c27620c476a6b0403e273e52e5578f,info
2026-09-28 08:08:31,[mevx] notifications=200 parseSkips=0 endpoints=2,5761d22b4502b569,[object Object],,0000000000000000e4c27620c476a6b0403e273e52e5578f,info
2026-09-28 08:08:30,"[earlier-entry] no as-of anchor candles for G1fDSMMg6GsreL343Y8PGVzYht2CTfEtjZFuX3vRpump (firstSeen=1787694184135 t60=1787697784135, candles=36) — row stays pending",5bc23fb6f04335ed,[object Object],,0000000000000000e4c27620c476a6b0403e273e52e5578f,info
2026-09-28 08:08:30,"[earlier-entry] no as-of anchor candles for EJUTDNaakydzbVJa7qisRuSFBpBAKWchuWvbwWXppump (firstSeen=1787694131175 t60=1787697731175, candles=8) — row stays pending",5d67d63921920b0c,[object Object],,0000000000000000e4c27620c476a6b0403e273e52e5578f,info
2026-09-28 08:08:29,"[earlier-entry] no as-of anchor candles for 5VsmPH57C3ApqVVV7D2B2yELj7moVJ8VWc1DNWTspump (firstSeen=1787693539578 t60=1787697139578, candles=22) — row stays pending",307c1b56ad638878,[object Object],,0000000000000000e4c27620c476a6b0403e273e52e5578f,info
2026-09-28 08:08:28,"[earlier-entry] no as-of anchor candles for 87UDuAH5UxDxtHJ6TbuvZJut78JxcQU1X4h8HyKLpump (firstSeen=1787693012218 t60=1787696612218, candles=21) — row stays pending",39d1155c07a8d311,[object Object],,0000000000000000e4c27620c476a6b0403e273e52e5578f,info
2026-09-28 08:08:27,[earlier-entry] GMGN kline EMPTY history for GZR59y93kd9mhSf1y9jj3MQaaDRTLjKHkAumj5wZpump (window 1787692284174..1787696124174) — row stays pending,7c6797894b9669ac,[object Object],,0000000000000000e4c27620c476a6b0403e273e52e5578f,info
2026-09-28 08:08:26,"[earlier-entry] no as-of anchor candles for FASuHwpPmEMV5eR97eveRShvFynoqMi4uyTk9Qxvpump (firstSeen=1787692374995 t60=1787695974995, candles=13) — row stays pending",f42c12dab48bdc14,[object Object],,0000000000000000e4c27620c476a6b0403e273e52e5578f,info
2026-09-28 08:08:26,"[microaudit:priority] tick done: 0 queued, 0 cooldown-skipped, 0 capped, 0 fetched, 0 stamped, 0 deferred, 0 stale-skipped",bf62bd4b8bac629b,[object Object],,0000000000000000e4c27620c476a6b0403e273e52e5578f,info
2026-09-28 08:08:25,"[earlier-entry] no as-of anchor candles for ETTE5N3HsJd1m9BFtHsadZqRU1x8ZsxByehUugtZpump (firstSeen=1787692355448 t60=1787695955448, candles=2) — row stays pending",603c61c73ad177d5,[object Object],,0000000000000000e4c27620c476a6b0403e273e52e5578f,info
2026-09-28 08:08:24,"[earlier-entry] no as-of anchor candles for 42SYB3Fyd7KV9GkHjVW36WxgzNJpu3EKNvUyp9sHpump (firstSeen=1787692355442 t60=1787695955442, candles=23) — row stays pending",b9edc55fbcbff93b,[object Object],,0000000000000000e4c27620c476a6b0403e273e52e5578f,info
2026-09-28 08:08:24,"[earlier-entry] no as-of anchor candles for 9FFDy5LsmrQJVGevooMomQtwZ6nByeD95CB43qy4pump (firstSeen=1787692355440 t60=1787695955440, candles=10) — row stays pending",7a74cbd6d6ed374c,[object Object],,0000000000000000e4c27620c476a6b0403e273e52e5578f,info
2026-09-28 08:08:23,"[earlier-entry] no as-of anchor candles for 672KyXWJE8infxtD3gNHAZGdDGuWSmgVCUKrScB6pump (firstSeen=1787692355435 t60=1787695955435, candles=7) — row stays pending",9aa64b75d1030834,[object Object],,0000000000000000e4c27620c476a6b0403e273e52e5578f,info
2026-09-28 08:08:22,"[earlier-entry] no as-of anchor candles for 4qjPZWnR8usFJsMmgU4thuWuasvN7rV45VMthMbdpump (firstSeen=1787692355334 t60=1787695955334, candles=15) — row stays pending",5e2691fefea7f1d8,[object Object],,0000000000000000e4c27620c476a6b0403e273e52e5578f,info
2026-09-28 08:08:21,"[earlier-entry] no as-of anchor candles for TKLCx7SBsPLT2DvoHAGwW348RBL4jEDtDdFck7opump (firstSeen=1787692355333 t60=1787695955333, candles=14) — row stays pending",c36ccde1dd3b04f4,[object Object],,0000000000000000e4c27620c476a6b0403e273e52e5578f,info
2026-09-28 08:08:20,"[earlier-entry] no as-of anchor candles for 2fqG8LbiKNDYgFpZZZ6F9uke6GhRe7fqw9Pa4oJupump (firstSeen=1787689254230 t60=1787692854230, candles=1) — row stays pending",52eaa63ab2cabaa2,[object Object],,0000000000000000e4c27620c476a6b0403e273e52e5578f,info
2026-09-28 08:08:20,"[earlier-entry] no as-of anchor candles for 4n7hKbjRQ8kikDXoZJj6QSpr2ZtTNJCJTf7NuCnipump (firstSeen=1787689034855 t60=1787692634855, candles=13) — row stays pending",83acc515a4b55db8,[object Object],,0000000000000000e4c27620c476a6b0403e273e52e5578f,info
2026-09-28 08:08:19,"[earlier-entry] no as-of anchor candles for Hr4TZjRcphKM21oh4BrQjH66kHhuBPDEzRTuMTXFpump (firstSeen=1787688442375 t60=1787692042375, candles=3) — row stays pending",3c0800fadc712e3d,[object Object],,0000000000000000e4c27620c476a6b0403e273e52e5578f,info
2026-09-28 08:08:18,"[earlier-entry] no as-of anchor candles for H2qTatoCJMx1fXFWZpjYLAdc6it7TYmzeQTnY7Mjpump (firstSeen=1787688441901 t60=1787692041901, candles=25) — row stays pending",c084347969136a01,[object Object],,0000000000000000e4c27620c476a6b0403e273e52e5578f,info
2026-09-28 08:08:17,"[earlier-entry] no as-of anchor candles for FWRkpgMqsAhY6aQrz7npK32VwTkwjCBF5n4Enybnpump (firstSeen=1787688319574 t60=1787691919574, candles=3) — row stays pending",b85e3e9d64314a0e,[object Object],,0000000000000000e4c27620c476a6b0403e273e52e5578f,info
2026-09-28 08:08:16,"[earlier-entry] no as-of anchor candles for 7gLfH99aqSjBaRXfhrzm2vEgrxKvvSgm2JctF5rgpump (firstSeen=1787688148054 t60=1787691748054, candles=33) — row stays pending",24fdfd637f0edaf8,[object Object],,0000000000000000e4c27620c476a6b0403e273e52e5578f,info
2026-09-28 08:08:16,[hot] poll source=mevx candidates=121 passing=1 newest_age_min=14,b0ed4d0506417fc8,[object Object],,0000000000000000e4c27620c476a6b0403e273e52e5578f,info
2026-09-28 08:08:16,[mevx] notifications=200 parseSkips=0 endpoints=2,4e1fe2fae34c1550,[object Object],,0000000000000000e4c27620c476a6b0403e273e52e5578f,info
2026-09-28 08:08:16,"[earlier-entry] no as-of anchor candles for 4izEqGCX9KxD2xWZkJkMn8WRqNiBqkq2eX8PZqRDpump (firstSeen=1787687575575 t60=1787691175575, candles=7) — row stays pending",686edd8e3b82c3f7,[object Object],,0000000000000000e4c27620c476a6b0403e273e52e5578f,info
2026-09-28 08:08:15,"[earlier-entry] no as-of anchor candles for 4185dnL3PaVsKyikTEQApEhgRXbYbyxJGwYK6qQ2pump (firstSeen=1787687522215 t60=1787691122215, candles=6) — row stays pending",1a3a7d7899adeb68,[object Object],,0000000000000000e4c27620c476a6b0403e273e52e5578f,info
2026-09-28 08:08:14,"[earlier-entry] no as-of anchor candles for FDcGUXTEGpn3dZDhW3PLnk3jvEyuLLWEXM8Jpg81pump (firstSeen=1787687437815 t60=1787691037815, candles=10) — row stays pending",c27ae3e094d95f88,[object Object],,0000000000000000e4c27620c476a6b0403e273e52e5578f,info
2026-09-28 08:08:13,"[earlier-entry] no as-of anchor candles for pbiX8giTJnC2nKAMfxTStJrTtT9XbNz5zPx6y7mpump (firstSeen=1787687380536 t60=1787690980536, candles=9) — row stays pending",14fc3696ff64bd62,[object Object],,0000000000000000e4c27620c476a6b0403e273e52e5578f,info
2026-09-28 08:08:12,[gmgn-feed] discovery poll: saw=60 new=25 deduped=35,ad7b32e28ff64a63,[object Object],,0000000000000000e4c27620c476a6b0403e273e52e5578f,info
2026-09-28 08:08:12,"[earlier-entry] no as-of anchor candles for CebGgVwrWHkAhfWZi6jHgeduKRSDzijnGZVQ97k6pump (firstSeen=1787687278695 t60=1787690878695, candles=20) — row stays pending",7b2c981e6799643,[object Object],,0000000000000000e4c27620c476a6b0403e273e52e5578f,info
2026-09-28 08:08:11,[gmgn-feed] kol poll: events=89 tx=36 mints=16 new=5,548d7f3ba725934f,[object Object],,0000000000000000e4c27620c476a6b0403e273e52e5578f,info
2026-09-28 08:08:11,"[earlier-entry] no as-of anchor candles for En9sQtnHpByLEE7ykhFQ25PirV54rYegEJCjBV87pump (firstSeen=1787686994060 t60=1787690594060, candles=16) — row stays pending",93921b83cb7c8b86,[object Object],,0000000000000000e4c27620c476a6b0403e273e52e5578f,info
2026-09-28 08:08:10,"[earlier-entry] no as-of anchor candles for 5N8vsaxFs7cVuw7fQyhTSYMPpdzMt8nGNr2f5kaHpump (firstSeen=1787686853336 t60=1787690453336, candles=11) — row stays pending",2c1b26945250e72b,[object Object],,0000000000000000e4c27620c476a6b0403e273e52e5578f,info
2026-09-28 08:08:10,"[earlier-entry] no as-of anchor candles for J1TNHqaAYuratcbSwgsPcTXi2jShxvZMsC2HBBZJpump (firstSeen=1787686693415 t60=1787690293415, candles=29) — row stays pending",fa16be5e5ff0980f,[object Object],,0000000000000000e4c27620c476a6b0403e273e52e5578f,info
2026-09-28 08:08:09,"[earlier-entry] no as-of anchor candles for 98fAqajBY3ZthsUiHKXSat7tSt4PEutdbdUGy4pfpump (firstSeen=1787686439472 t60=1787690039472, candles=9) — row stays pending",57e13aed6e8c6808,[object Object],,0000000000000000e4c27620c476a6b0403e273e52e5578f,info
2026-09-28 08:08:08,"[earlier-entry] no as-of anchor candles for 7RCftn8rC3tXJ9W3hGyDYYkE2XznET9P7Je2549Jpump (firstSeen=1787686352258 t60=1787689952258, candles=38) — row stays pending",7f99d9b9f7876849,[object Object],,0000000000000000e4c27620c476a6b0403e273e52e5578f,info
2026-09-28 08:08:07,"[earlier-entry] no as-of anchor candles for HsvQv85YpRn8xkrg4b2J5MmVCAyESMF5hX8G2BUEqzr7 (firstSeen=1787685017096 t60=1787688617096, candles=18) — row stays pending",f5d292648d790f65,[object Object],,0000000000000000e4c27620c476a6b0403e273e52e5578f,info
2026-09-28 08:08:06,"[earlier-entry] no as-of anchor candles for EB7QuhGEXp8wib68Km92tBqYanwUdrA3f7Sk6dMypump (firstSeen=1787684697580 t60=1787688297580, candles=7) — row stays pending",74d3dd0d3dc1db47,[object Object],,0000000000000000e4c27620c476a6b0403e273e52e5578f,info
2026-09-28 08:08:06,"[earlier-entry] no as-of anchor candles for FxvtBMd5ngXRsbZd61HGf3LHvcKk6z59EMV3H25ppump (firstSeen=1787684410683 t60=1787688010683, candles=5) — row stays pending",1f67e69a3b477f2d,[object Object],,0000000000000000e4c27620c476a6b0403e273e52e5578f,info
2026-09-28 08:08:05,"[earlier-entry] no as-of anchor candles for 3idZz5MN5L9edMVFfyGq1SxPYjgUza6PMNnBvFdcpump (firstSeen=1787684410683 t60=1787688010683, candles=24) — row stays pending",3773eede6e1cadb8,[object Object],,0000000000000000e4c27620c476a6b0403e273e52e5578f,info
2026-09-28 08:08:04,[dexscreener] Polled 27 Solana pairs,fca4c870104e1c26,[object Object],,0000000000000000e4c27620c476a6b0403e273e52e5578f,info
2026-09-28 08:08:04,"[dexscreener] Got 30 profiles, 15 Solana",2bcb66becc4dad50,[object Object],,0000000000000000e4c27620c476a6b0403e273e52e5578f,info
2026-09-28 08:08:04,"[earlier-entry] no as-of anchor candles for DYDxcfzyx9hG7wHMNnt7LVeXbZ53YhDwozdKK5Zopump (firstSeen=1787684406374 t60=1787688006374, candles=3) — row stays pending",973b194454a8201f,[object Object],,0000000000000000e4c27620c476a6b0403e273e52e5578f,info
2026-09-28 08:08:04,[mevx] notifications=200 parseSkips=0 endpoints=2,835cb14496f93f57,[object Object],,0000000000000000e4c27620c476a6b0403e273e52e5578f,info
2026-09-28 08:08:04,[gmgn-budget] earlier-entry=5520req/3b feed-kol=286req/0b feed-discovery=143req/0b conviction=110req/0b hot-netflow=21req/10b over ~117min since=2026-09-28T09:11:26.221Z dropped=1093,3ffddd4fc7b9242b,[object Object],,0000000000000000e4c27620c476a6b0403e273e52e5578f,info
2026-09-28 08:08:04,[mevx] notifications=200 parseSkips=0 endpoints=2,f72e1a9edf6a317,[object Object],,0000000000000000e4c27620c476a6b0403e273e52e5578f,info
2026-09-28 08:08:03,"[earlier-entry] no as-of anchor candles for F5CPPs42UKS6LcJzSXwTEgh2e3oXxzCBTa1iMfftpump (firstSeen=1787684400726 t60=1787688000726, candles=6) — row stays pending",673a7cc258a47eb9,[object Object],,0000000000000000e4c27620c476a6b0403e273e52e5578f,info
2026-09-28 08:08:02,"[earlier-entry] no as-of anchor candles for A4ihj8g1RCjFT44vDjtkfYFT41yjmf1NbXtkdoiBnvwp (firstSeen=1787684375043 t60=1787687975043, candles=3) — row stays pending",e164bcbb1a42ac57,[object Object],,0000000000000000e4c27620c476a6b0403e273e52e5578f,info
2026-09-28 08:08:02,"[earlier-entry] no as-of anchor candles for CW7HuFKJKGWYd932ziUtD4FddXLkofKCzaW3y5c4pump (firstSeen=1787684375041 t60=1787687975041, candles=12) — row stays pending",583a58eff9c35e35,[object Object],,0000000000000000e4c27620c476a6b0403e273e52e5578f,info
2026-09-28 08:08:01,[hot] poll source=mevx candidates=121 passing=1 newest_age_min=13,75c1d247d3e17951,[object Object],,0000000000000000e4c27620c476a6b0403e273e52e5578f,info
2026-09-28 08:08:01,[mevx] notifications=200 parseSkips=0 endpoints=2,6ae995473b91cc41,[object Object],,0000000000000000e4c27620c476a6b0403e273e52e5578f,info
2026-09-28 08:08:01,[earlier-entry] GMGN kline EMPTY history for 2rqRG1GH8iiXjNc5S3eBaJJQtsnuKxjp7cEGWwm5pump (window 1787684255034..1787688095034) — row stays pending,65e19f0e201f4b5b,[object Object],,0000000000000000e4c27620c476a6b0403e273e52e5578f,info
2026-09-28 08:08:00,"[earlier-entry] no as-of anchor candles for Fy3n6AqYfwZrHosrdxKKvsxWh8CKaUste2DCpHTspump (firstSeen=1787684375032 t60=1787687975032, candles=7) — row stays pending",37fc5717a5dfc8cc,[object Object],,0000000000000000e4c27620c476a6b0403e273e52e5578f,info
2026-09-28 08:07:59,"[earlier-entry] no as-of anchor candles for USCSiKDUVap6hj33JvRDYq6bEmiBwVm3BvE6o5fNgRf (firstSeen=1787684375031 t60=1787687975031, candles=5) — row stays pending",2321f21930bfd815,[object Object],,0000000000000000e4c27620c476a6b0403e273e52e5578f,info
2026-09-28 08:07:58,"[earlier-entry] no as-of anchor candles for FBCStPyNtdW5gnEmsmdFY1whJ7jxEuPggN6un416oJ77 (firstSeen=1787684375030 t60=1787687975030, candles=3) — row stays pending",d7c75ee94c52e7ff,[object Object],,0000000000000000e4c27620c476a6b0403e273e52e5578f,info
2026-09-28 08:07:46,[hot] poll source=mevx candidates=121 passing=1 newest_age_min=13,fb95d3249f52891,[object Object],,0000000000000000e4c27620c476a6b0403e273e52e5578f,info
2026-09-28 08:07:46,[mevx] notifications=200 parseSkips=0 endpoints=2,ba5c1b5c435729e,[object Object],,0000000000000000e4c27620c476a6b0403e273e52e5578f,info
2026-09-28 08:07:34,[dexscreener] Polled 27 Solana pairs,f54573cd3dbaa3ac,[object Object],,0000000000000000e4c27620c476a6b0403e273e52e5578f,info
2026-09-28 08:07:34,"[dexscreener] Got 30 profiles, 15 Solana",4fd8d420ea5d83e4,[object Object],,0000000000000000e4c27620c476a6b0403e273e52e5578f,info
2026-09-28 08:07:31,[hot] poll source=mevx candidates=121 passing=1 newest_age_min=13,14ba3d141e7c4091,[object Object],,0000000000000000e4c27620c476a6b0403e273e52e5578f,info
2026-09-28 08:07:31,[mevx] notifications=200 parseSkips=0 endpoints=2,3e6a64dc21f51cf1,[object Object],,0000000000000000e4c27620c476a6b0403e273e52e5578f,info
2026-09-28 08:07:30,"[earlier-entry] no as-of anchor candles for G1fDSMMg6GsreL343Y8PGVzYht2CTfEtjZFuX3vRpump (firstSeen=1787694184135 t60=1787697784135, candles=36) — row stays pending",25db448314fbc5c2,[object Object],,0000000000000000e4c27620c476a6b0403e273e52e5578f,info
2026-09-28 08:07:30,"[earlier-entry] no as-of anchor candles for EJUTDNaakydzbVJa7qisRuSFBpBAKWchuWvbwWXppump (firstSeen=1787694131175 t60=1787697731175, candles=8) — row stays pending",a35178c0bf510b60,[object Object],,0000000000000000e4c27620c476a6b0403e273e52e5578f,info
2026-09-28 08:07:29,"[earlier-entry] no as-of anchor candles for 5VsmPH57C3ApqVVV7D2B2yELj7moVJ8VWc1DNWTspump (firstSeen=1787693539578 t60=1787697139578, candles=22) — row stays pending",e5d198ab0e7a3723,[object Object],,0000000000000000e4c27620c476a6b0403e273e52e5578f,info
2026-09-28 08:07:28,"[earlier-entry] no as-of anchor candles for 87UDuAH5UxDxtHJ6TbuvZJut78JxcQU1X4h8HyKLpump (firstSeen=1787693012218 t60=1787696612218, candles=21) — row stays pending",53d62f17c7e2d85f,[object Object],,0000000000000000e4c27620c476a6b0403e273e52e5578f,info
2026-09-28 08:07:27,[earlier-entry] GMGN kline EMPTY history for GZR59y93kd9mhSf1y9jj3MQaaDRTLjKHkAumj5wZpump (window 1787692284174..1787696124174) — row stays pending,11bd902fdbc6b17e,[object Object],,0000000000000000e4c27620c476a6b0403e273e52e5578f,info
2026-09-28 08:07:26,"[earlier-entry] no as-of anchor candles for FASuHwpPmEMV5eR97eveRShvFynoqMi4uyTk9Qxvpump (firstSeen=1787692374995 t60=1787695974995, candles=13) — row stays pending",c56fcaa3dbe634cb,[object Object],,0000000000000000e4c27620c476a6b0403e273e52e5578f,info
2026-09-28 08:07:26,"[microaudit:priority] tick done: 0 queued, 0 cooldown-skipped, 0 capped, 0 fetched, 0 stamped, 0 deferred, 0 stale-skipped",1c53463fa14cfe1e,[object Object],,0000000000000000e4c27620c476a6b0403e273e52e5578f,info
2026-09-28 08:07:25,"[earlier-entry] no as-of anchor candles for ETTE5N3HsJd1m9BFtHsadZqRU1x8ZsxByehUugtZpump (firstSeen=1787692355448 t60=1787695955448, candles=2) — row stays pending",fef22bbd5ecc592f,[object Object],,0000000000000000e4c27620c476a6b0403e273e52e5578f,info
2026-09-28 08:07:24,"[earlier-entry] no as-of anchor candles for 42SYB3Fyd7KV9GkHjVW36WxgzNJpu3EKNvUyp9sHpump (firstSeen=1787692355442 t60=1787695955442, candles=23) — row stays pending",f3cddfbb767c2853,[object Object],,0000000000000000e4c27620c476a6b0403e273e52e5578f,info
2026-09-28 08:07:24,"[earlier-entry] no as-of anchor candles for 9FFDy5LsmrQJVGevooMomQtwZ6nByeD95CB43qy4pump (firstSeen=1787692355440 t60=1787695955440, candles=10) — row stays pending",9d3e5914602c9b34,[object Object],,0000000000000000e4c27620c476a6b0403e273e52e5578f,info
2026-09-28 08:07:23,"[earlier-entry] no as-of anchor candles for 672KyXWJE8infxtD3gNHAZGdDGuWSmgVCUKrScB6pump (firstSeen=1787692355435 t60=1787695955435, candles=7) — row stays pending",33b67c2dee3fed63,[object Object],,0000000000000000e4c27620c476a6b0403e273e52e5578f,info
2026-09-28 08:07:22,"[earlier-entry] no as-of anchor candles for 4qjPZWnR8usFJsMmgU4thuWuasvN7rV45VMthMbdpump (firstSeen=1787692355334 t60=1787695955334, candles=15) — row stays pending",f563f45318556177,[object Object],,0000000000000000e4c27620c476a6b0403e273e52e5578f,info
2026-09-28 08:07:21,"[earlier-entry] no as-of anchor candles for TKLCx7SBsPLT2DvoHAGwW348RBL4jEDtDdFck7opump (firstSeen=1787692355333 t60=1787695955333, candles=14) — row stays pending",af149dc0a57f1792,[object Object],,0000000000000000e4c27620c476a6b0403e273e52e5578f,info
2026-09-28 08:07:20,"[earlier-entry] no as-of anchor candles for 2fqG8LbiKNDYgFpZZZ6F9uke6GhRe7fqw9Pa4oJupump (firstSeen=1787689254230 t60=1787692854230, candles=1) — row stays pending",9bf46e6a9b9d5427,[object Object],,0000000000000000e4c27620c476a6b0403e273e52e5578f,info
2026-09-28 08:07:20,"[earlier-entry] no as-of anchor candles for 4n7hKbjRQ8kikDXoZJj6QSpr2ZtTNJCJTf7NuCnipump (firstSeen=1787689034855 t60=1787692634855, candles=13) — row stays pending",2ac2ebfba79c51a,[object Object],,0000000000000000e4c27620c476a6b0403e273e52e5578f,info
2026-09-28 08:07:19,"[earlier-entry] no as-of anchor candles for Hr4TZjRcphKM21oh4BrQjH66kHhuBPDEzRTuMTXFpump (firstSeen=1787688442375 t60=1787692042375, candles=3) — row stays pending",85ba9e3b095ee4f2,[object Object],,0000000000000000e4c27620c476a6b0403e273e52e5578f,info
2026-09-28 08:07:18,"[earlier-entry] no as-of anchor candles for H2qTatoCJMx1fXFWZpjYLAdc6it7TYmzeQTnY7Mjpump (firstSeen=1787688441901 t60=1787692041901, candles=25) — row stays pending",8365bd3110dec5e2,[object Object],,0000000000000000e4c27620c476a6b0403e273e52e5578f,info
2026-09-28 08:07:17,"[earlier-entry] no as-of anchor candles for FWRkpgMqsAhY6aQrz7npK32VwTkwjCBF5n4Enybnpump (firstSeen=1787688319574 t60=1787691919574, candles=3) — row stays pending",e6c10ee382cbe8a9,[object Object],,0000000000000000e4c27620c476a6b0403e273e52e5578f,info
2026-09-28 08:07:16,"[earlier-entry] no as-of anchor candles for 7gLfH99aqSjBaRXfhrzm2vEgrxKvvSgm2JctF5rgpump (firstSeen=1787688148054 t60=1787691748054, candles=33) — row stays pending",b3b3b755cfb26cbe,[object Object],,0000000000000000e4c27620c476a6b0403e273e52e5578f,info
2026-09-28 08:07:16,[hot] poll source=mevx candidates=121 passing=1 newest_age_min=13,29794d1c72fbd69,[object Object],,0000000000000000e4c27620c476a6b0403e273e52e5578f,info
2026-09-28 08:07:16,[mevx] notifications=200 parseSkips=0 endpoints=2,41dcbc937528857a,[object Object],,0000000000000000e4c27620c476a6b0403e273e52e5578f,info
2026-09-28 08:07:16,"[earlier-entry] no as-of anchor candles for 4izEqGCX9KxD2xWZkJkMn8WRqNiBqkq2eX8PZqRDpump (firstSeen=1787687575575 t60=1787691175575, candles=7) — row stays pending",cc2be4097d83318d,[object Object],,0000000000000000e4c27620c476a6b0403e273e52e5578f,info
2026-09-28 08:07:15,"[earlier-entry] no as-of anchor candles for 4185dnL3PaVsKyikTEQApEhgRXbYbyxJGwYK6qQ2pump (firstSeen=1787687522215 t60=1787691122215, candles=6) — row stays pending",96b4bb358aece3c9,[object Object],,0000000000000000e4c27620c476a6b0403e273e52e5578f,info
2026-09-28 08:07:14,"[earlier-entry] no as-of anchor candles for FDcGUXTEGpn3dZDhW3PLnk3jvEyuLLWEXM8Jpg81pump (firstSeen=1787687437815 t60=1787691037815, candles=10) — row stays pending",b8e655b74efe75db,[object Object],,0000000000000000e4c27620c476a6b0403e273e52e5578f,info
2026-09-28 08:07:13,"[earlier-entry] no as-of anchor candles for pbiX8giTJnC2nKAMfxTStJrTtT9XbNz5zPx6y7mpump (firstSeen=1787687380536 t60=1787690980536, candles=9) — row stays pending",f3b69992d5b9050e,[object Object],,0000000000000000e4c27620c476a6b0403e273e52e5578f,info
2026-09-28 08:07:12,"[earlier-entry] no as-of anchor candles for CebGgVwrWHkAhfWZi6jHgeduKRSDzijnGZVQ97k6pump (firstSeen=1787687278695 t60=1787690878695, candles=20) — row stays pending",fccbf045c3212541,[object Object],,0000000000000000e4c27620c476a6b0403e273e52e5578f,info
2026-09-28 08:07:12,[gmgn-feed] kol poll: events=90 tx=38 mints=17 new=1,755b666be78d445c,[object Object],,0000000000000000e4c27620c476a6b0403e273e52e5578f,info
2026-09-28 08:07:11,"[earlier-entry] no as-of anchor candles for En9sQtnHpByLEE7ykhFQ25PirV54rYegEJCjBV87pump (firstSeen=1787686994060 t60=1787690594060, candles=16) — row stays pending",12da5d31b046c9c6,[object Object],,0000000000000000e4c27620c476a6b0403e273e52e5578f,info
2026-09-28 08:07:11,[gmgn-feed] discovery poll: saw=60 new=15 deduped=45,66d2eb2d5f0a69b8,[object Object],,0000000000000000e4c27620c476a6b0403e273e52e5578f,info
2026-09-28 08:07:10,"[earlier-entry] no as-of anchor candles for 5N8vsaxFs7cVuw7fQyhTSYMPpdzMt8nGNr2f5kaHpump (firstSeen=1787686853336 t60=1787690453336, candles=11) — row stays pending",32cdca6ae38d2f50,[object Object],,0000000000000000e4c27620c476a6b0403e273e52e5578f,info
2026-09-28 08:07:10,"[earlier-entry] no as-of anchor candles for J1TNHqaAYuratcbSwgsPcTXi2jShxvZMsC2HBBZJpump (firstSeen=1787686693415 t60=1787690293415, candles=29) — row stays pending",c084634c6ff8bebf,[object Object],,0000000000000000e4c27620c476a6b0403e273e52e5578f,info
2026-09-28 08:07:09,"[earlier-entry] no as-of anchor candles for 98fAqajBY3ZthsUiHKXSat7tSt4PEutdbdUGy4pfpump (firstSeen=1787686439472 t60=1787690039472, candles=9) — row stays pending",cca951d5e975afa5,[object Object],,0000000000000000e4c27620c476a6b0403e273e52e5578f,info
2026-09-28 08:07:08,"[earlier-entry] no as-of anchor candles for 7RCftn8rC3tXJ9W3hGyDYYkE2XznET9P7Je2549Jpump (firstSeen=1787686352258 t60=1787689952258, candles=38) — row stays pending",8a442f1f22506c64,[object Object],,0000000000000000e4c27620c476a6b0403e273e52e5578f,info
2026-09-28 08:07:07,"[earlier-entry] no as-of anchor candles for HsvQv85YpRn8xkrg4b2J5MmVCAyESMF5hX8G2BUEqzr7 (firstSeen=1787685017096 t60=1787688617096, candles=18) — row stays pending",d2377eb0465f994,[object Object],,0000000000000000e4c27620c476a6b0403e273e52e5578f,info
2026-09-28 08:07:06,"[earlier-entry] no as-of anchor candles for EB7QuhGEXp8wib68Km92tBqYanwUdrA3f7Sk6dMypump (firstSeen=1787684697580 t60=1787688297580, candles=7) — row stays pending",83ab8ed3deef3966,[object Object],,0000000000000000e4c27620c476a6b0403e273e52e5578f,info
2026-09-28 08:07:06,"[earlier-entry] no as-of anchor candles for FxvtBMd5ngXRsbZd61HGf3LHvcKk6z59EMV3H25ppump (firstSeen=1787684410683 t60=1787688010683, candles=5) — row stays pending",15f4a114ee6f16bf,[object Object],,0000000000000000e4c27620c476a6b0403e273e52e5578f,info
2026-09-28 08:07:05,"[earlier-entry] no as-of anchor candles for 3idZz5MN5L9edMVFfyGq1SxPYjgUza6PMNnBvFdcpump (firstSeen=1787684410683 t60=1787688010683, candles=24) — row stays pending",8c02aca0d4206d83,[object Object],,0000000000000000e4c27620c476a6b0403e273e52e5578f,info
2026-09-28 08:07:04,[dexscreener] Polled 27 Solana pairs,f374248378c1c84d,[object Object],,0000000000000000e4c27620c476a6b0403e273e52e5578f,info
2026-09-28 08:07:04,"[dexscreener] Got 30 profiles, 15 Solana",ce413f0d81499a71,[object Object],,0000000000000000e4c27620c476a6b0403e273e52e5578f,info
2026-09-28 08:07:04,"[earlier-entry] no as-of anchor candles for DYDxcfzyx9hG7wHMNnt7LVeXbZ53YhDwozdKK5Zopump (firstSeen=1787684406374 t60=1787688006374, candles=3) — row stays pending",ee6c2bfa9d30161b,[object Object],,0000000000000000e4c27620c476a6b0403e273e52e5578f,info
2026-09-28 08:07:04,[mevx] notifications=200 parseSkips=0 endpoints=2,56a55abdef13c870,[object Object],,0000000000000000e4c27620c476a6b0403e273e52e5578f,info
2026-09-28 08:07:04,[gmgn-budget] earlier-entry=5480req/3b feed-kol=284req/0b feed-discovery=142req/0b conviction=110req/0b hot-netflow=21req/10b over ~117min since=2026-09-28T09:10:26.352Z dropped=1050,9d316fb7cd5ec335,[object Object],,0000000000000000e4c27620c476a6b0403e273e52e5578f,info
2026-09-28 08:07:04,[mevx] notifications=200 parseSkips=0 endpoints=2,fd0f6bd6ea84de54,[object Object],,0000000000000000e4c27620c476a6b0403e273e52e5578f,info
2026-09-28 08:07:03,"[earlier-entry] no as-of anchor candles for F5CPPs42UKS6LcJzSXwTEgh2e3oXxzCBTa1iMfftpump (firstSeen=1787684400726 t60=1787688000726, candles=6) — row stays pending",ba44f10ff4da0ed9,[object Object],,0000000000000000e4c27620c476a6b0403e273e52e5578f,info
2026-09-28 08:07:02,"[earlier-entry] no as-of anchor candles for A4ihj8g1RCjFT44vDjtkfYFT41yjmf1NbXtkdoiBnvwp (firstSeen=1787684375043 t60=1787687975043, candles=3) — row stays pending",f175699b5f52e775,[object Object],,0000000000000000e4c27620c476a6b0403e273e52e5578f,info
2026-09-28 08:07:02,"[earlier-entry] no as-of anchor candles for CW7HuFKJKGWYd932ziUtD4FddXLkofKCzaW3y5c4pump (firstSeen=1787684375041 t60=1787687975041, candles=12) — row stays pending",31a84586cf836e82,[object Object],,0000000000000000e4c27620c476a6b0403e273e52e5578f,info
2026-09-28 08:07:01,[hot] poll source=mevx candidates=121 passing=1 newest_age_min=12,58aef9aee4ca75f2,[object Object],,0000000000000000e4c27620c476a6b0403e273e52e5578f,info
2026-09-28 08:07:01,[mevx] notifications=200 parseSkips=0 endpoints=2,3750f3217c1a4298,[object Object],,0000000000000000e4c27620c476a6b0403e273e52e5578f,info
2026-09-28 08:07:01,[earlier-entry] GMGN kline EMPTY history for 2rqRG1GH8iiXjNc5S3eBaJJQtsnuKxjp7cEGWwm5pump (window 1787684255034..1787688095034) — row stays pending,b8b77d889495000a,[object Object],,0000000000000000e4c27620c476a6b0403e273e52e5578f,info
2026-09-28 08:07:00,"[earlier-entry] no as-of anchor candles for Fy3n6AqYfwZrHosrdxKKvsxWh8CKaUste2DCpHTspump (firstSeen=1787684375032 t60=1787687975032, candles=7) — row stays pending",118e7219ad798b1f,[object Object],,0000000000000000e4c27620c476a6b0403e273e52e5578f,info
2026-09-28 08:06:59,"[earlier-entry] no as-of anchor candles for USCSiKDUVap6hj33JvRDYq6bEmiBwVm3BvE6o5fNgRf (firstSeen=1787684375031 t60=1787687975031, candles=5) — row stays pending",f943036d2e2a67cf,[object Object],,0000000000000000e4c27620c476a6b0403e273e52e5578f,info
2026-09-28 08:06:58,"[earlier-entry] no as-of anchor candles for FBCStPyNtdW5gnEmsmdFY1whJ7jxEuPggN6un416oJ77 (firstSeen=1787684375030 t60=1787687975030, candles=3) — row stays pending",4425af49f34b528b,[object Object],,0000000000000000e4c27620c476a6b0403e273e52e5578f,info
2026-09-28 08:06:46,[hot] poll source=mevx candidates=121 passing=1 newest_age_min=12,449f23f37cda9aac,[object Object],,0000000000000000e4c27620c476a6b0403e273e52e5578f,info
2026-09-28 08:06:46,[mevx] notifications=200 parseSkips=0 endpoints=2,edabeb8bfe064a25,[object Object],,0000000000000000e4c27620c476a6b0403e273e52e5578f,info
2026-09-28 08:06:34,[dexscreener] Polled 27 Solana pairs,3fba3467f2a29f55,[object Object],,0000000000000000e4c27620c476a6b0403e273e52e5578f,info
2026-09-28 08:06:34,"[dexscreener] Got 30 profiles, 15 Solana",24d6d39a1118bad8,[object Object],,0000000000000000e4c27620c476a6b0403e273e52e5578f,info
2026-09-28 08:06:31,[hot] poll source=mevx candidates=121 passing=1 newest_age_min=12,de1f154b34f3c2d9,[object Object],,0000000000000000e4c27620c476a6b0403e273e52e5578f,info
2026-09-28 08:06:31,[mevx] notifications=200 parseSkips=0 endpoints=2,7bed4d4e2ab5c608,[object Object],,0000000000000000e4c27620c476a6b0403e273e52e5578f,info
2026-09-28 08:06:31,"[earlier-entry] no as-of anchor candles for G1fDSMMg6GsreL343Y8PGVzYht2CTfEtjZFuX3vRpump (firstSeen=1787694184135 t60=1787697784135, candles=36) — row stays pending",47717f713901f8c2,[object Object],,0000000000000000e4c27620c476a6b0403e273e52e5578f,info
2026-09-28 08:06:30,"[earlier-entry] no as-of anchor candles for EJUTDNaakydzbVJa7qisRuSFBpBAKWchuWvbwWXppump (firstSeen=1787694131175 t60=1787697731175, candles=8) — row stays pending",3e33e0180f36469,[object Object],,0000000000000000e4c27620c476a6b0403e273e52e5578f,info
2026-09-28 08:06:29,"[earlier-entry] no as-of anchor candles for 5VsmPH57C3ApqVVV7D2B2yELj7moVJ8VWc1DNWTspump (firstSeen=1787693539578 t60=1787697139578, candles=22) — row stays pending",5bc08a948edc0e53,[object Object],,0000000000000000e4c27620c476a6b0403e273e52e5578f,info
2026-09-28 08:06:28,"[earlier-entry] no as-of anchor candles for 87UDuAH5UxDxtHJ6TbuvZJut78JxcQU1X4h8HyKLpump (firstSeen=1787693012218 t60=1787696612218, candles=21) — row stays pending",2fdce45cbd9d2c86,[object Object],,0000000000000000e4c27620c476a6b0403e273e52e5578f,info
2026-09-28 08:06:27,[earlier-entry] GMGN kline EMPTY history for GZR59y93kd9mhSf1y9jj3MQaaDRTLjKHkAumj5wZpump (window 1787692284174..1787696124174) — row stays pending,4f4a29203a0fcf25,[object Object],,0000000000000000e4c27620c476a6b0403e273e52e5578f,info
2026-09-28 08:06:26,"[earlier-entry] no as-of anchor candles for FASuHwpPmEMV5eR97eveRShvFynoqMi4uyTk9Qxvpump (firstSeen=1787692374995 t60=1787695974995, candles=13) — row stays pending",acbe4d39f320d4e6,[object Object],,0000000000000000e4c27620c476a6b0403e273e52e5578f,info
2026-09-28 08:06:26,"[microaudit:priority] tick done: 0 queued, 0 cooldown-skipped, 0 capped, 0 fetched, 0 stamped, 0 deferred, 0 stale-skipped",6c449e4637761820,[object Object],,0000000000000000e4c27620c476a6b0403e273e52e5578f,info
2026-09-28 08:06:25,"[earlier-entry] no as-of anchor candles for ETTE5N3HsJd1m9BFtHsadZqRU1x8ZsxByehUugtZpump (firstSeen=1787692355448 t60=1787695955448, candles=2) — row stays pending",b9836c5ca8c2c143,[object Object],,0000000000000000e4c27620c476a6b0403e273e52e5578f,info
2026-09-28 08:06:24,"[earlier-entry] no as-of anchor candles for 42SYB3Fyd7KV9GkHjVW36WxgzNJpu3EKNvUyp9sHpump (firstSeen=1787692355442 t60=1787695955442, candles=23) — row stays pending",1a928f10d5bcbf8a,[object Object],,0000000000000000e4c27620c476a6b0403e273e52e5578f,info
2026-09-28 08:06:24,"[earlier-entry] no as-of anchor candles for 9FFDy5LsmrQJVGevooMomQtwZ6nByeD95CB43qy4pump (firstSeen=1787692355440 t60=1787695955440, candles=10) — row stays pending",96adfa351c21e65c,[object Object],,0000000000000000e4c27620c476a6b0403e273e52e5578f,info
2026-09-28 08:06:23,"[earlier-entry] no as-of anchor candles for 672KyXWJE8infxtD3gNHAZGdDGuWSmgVCUKrScB6pump (firstSeen=1787692355435 t60=1787695955435, candles=7) — row stays pending",ca959af93991e98b,[object Object],,0000000000000000e4c27620c476a6b0403e273e52e5578f,info
2026-09-28 08:06:22,"[earlier-entry] no as-of anchor candles for 4qjPZWnR8usFJsMmgU4thuWuasvN7rV45VMthMbdpump (firstSeen=1787692355334 t60=1787695955334, candles=15) — row stays pending",5a690a93ddd69a7,[object Object],,0000000000000000e4c27620c476a6b0403e273e52e5578f,info
2026-09-28 08:06:21,"[earlier-entry] no as-of anchor candles for TKLCx7SBsPLT2DvoHAGwW348RBL4jEDtDdFck7opump (firstSeen=1787692355333 t60=1787695955333, candles=14) — row stays pending",c9d583d9ad46dba,[object Object],,0000000000000000e4c27620c476a6b0403e273e52e5578f,info
2026-09-28 08:06:21,"[earlier-entry] no as-of anchor candles for 2fqG8LbiKNDYgFpZZZ6F9uke6GhRe7fqw9Pa4oJupump (firstSeen=1787689254230 t60=1787692854230, candles=1) — row stays pending",ffbd2a3a1a0112d,[object Object],,0000000000000000e4c27620c476a6b0403e273e52e5578f,info
2026-09-28 08:06:20,"[earlier-entry] no as-of anchor candles for 4n7hKbjRQ8kikDXoZJj6QSpr2ZtTNJCJTf7NuCnipump (firstSeen=1787689034855 t60=1787692634855, candles=13) — row stays pending",2588336032e274e,[object Object],,0000000000000000e4c27620c476a6b0403e273e52e5578f,info
2026-09-28 08:06:19,"[earlier-entry] no as-of anchor candles for Hr4TZjRcphKM21oh4BrQjH66kHhuBPDEzRTuMTXFpump (firstSeen=1787688442375 t60=1787692042375, candles=3) — row stays pending",7a339f4d58b13256,[object Object],,0000000000000000e4c27620c476a6b0403e273e52e5578f,info
2026-09-28 08:06:18,"[earlier-entry] no as-of anchor candles for H2qTatoCJMx1fXFWZpjYLAdc6it7TYmzeQTnY7Mjpump (firstSeen=1787688441901 t60=1787692041901, candles=25) — row stays pending",5b8a296b77f0d34f,[object Object],,0000000000000000e4c27620c476a6b0403e273e52e5578f,info
2026-09-28 08:06:17,"[earlier-entry] no as-of anchor candles for FWRkpgMqsAhY6aQrz7npK32VwTkwjCBF5n4Enybnpump (firstSeen=1787688319574 t60=1787691919574, candles=3) — row stays pending",7a2270471a818c7e,[object Object],,0000000000000000e4c27620c476a6b0403e273e52e5578f,info
2026-09-28 08:06:17,"[earlier-entry] no as-of anchor candles for 7gLfH99aqSjBaRXfhrzm2vEgrxKvvSgm2JctF5rgpump (firstSeen=1787688148054 t60=1787691748054, candles=33) — row stays pending",29331a7f71469b43,[object Object],,0000000000000000e4c27620c476a6b0403e273e52e5578f,info
2026-09-28 08:06:16,[hot] poll source=mevx candidates=121 passing=1 newest_age_min=12,c39985a648be7ed5,[object Object],,0000000000000000e4c27620c476a6b0403e273e52e5578f,info
2026-09-28 08:06:16,[mevx] notifications=200 parseSkips=0 endpoints=2,4f222c4f13ed5cdf,[object Object],,0000000000000000e4c27620c476a6b0403e273e52e5578f,info
2026-09-28 08:06:16,"[earlier-entry] no as-of anchor candles for 4izEqGCX9KxD2xWZkJkMn8WRqNiBqkq2eX8PZqRDpump (firstSeen=1787687575575 t60=1787691175575, candles=7) — row stays pending",9b4c5fdd501962da,[object Object],,0000000000000000e4c27620c476a6b0403e273e52e5578f,info
2026-09-28 08:06:15,"[earlier-entry] no as-of anchor candles for 4185dnL3PaVsKyikTEQApEhgRXbYbyxJGwYK6qQ2pump (firstSeen=1787687522215 t60=1787691122215, candles=6) — row stays pending",72abc2d3a4466c39,[object Object],,0000000000000000e4c27620c476a6b0403e273e52e5578f,info
2026-09-28 08:06:14,"[earlier-entry] no as-of anchor candles for FDcGUXTEGpn3dZDhW3PLnk3jvEyuLLWEXM8Jpg81pump (firstSeen=1787687437815 t60=1787691037815, candles=10) — row stays pending",1457f23c9c93c05,[object Object],,0000000000000000e4c27620c476a6b0403e273e52e5578f,info
2026-09-28 08:06:13,"[earlier-entry] no as-of anchor candles for pbiX8giTJnC2nKAMfxTStJrTtT9XbNz5zPx6y7mpump (firstSeen=1787687380536 t60=1787690980536, candles=9) — row stays pending",d03e45be11e06f18,[object Object],,0000000000000000e4c27620c476a6b0403e273e52e5578f,info
2026-09-28 08:06:12,"[earlier-entry] no as-of anchor candles for CebGgVwrWHkAhfWZi6jHgeduKRSDzijnGZVQ97k6pump (firstSeen=1787687278695 t60=1787690878695, candles=20) — row stays pending",46b9be5294b4321f,[object Object],,0000000000000000e4c27620c476a6b0403e273e52e5578f,info
2026-09-28 08:06:12,"[earlier-entry] no as-of anchor candles for En9sQtnHpByLEE7ykhFQ25PirV54rYegEJCjBV87pump (firstSeen=1787686994060 t60=1787690594060, candles=16) — row stays pending",c1e4fdb4d91f9fb9,[object Object],,0000000000000000e4c27620c476a6b0403e273e52e5578f,info
2026-09-28 08:06:11,[gmgn-feed] kol poll: events=92 tx=49 mints=16 new=4,afa805abf76d3e9e,[object Object],,0000000000000000e4c27620c476a6b0403e273e52e5578f,info
2026-09-28 08:06:11,[gmgn-feed] discovery poll: saw=60 new=16 deduped=44,965ff303657ffb2a,[object Object],,0000000000000000e4c27620c476a6b0403e273e52e5578f,info
2026-09-28 08:06:10,"[earlier-entry] no as-of anchor candles for 5N8vsaxFs7cVuw7fQyhTSYMPpdzMt8nGNr2f5kaHpump (firstSeen=1787686853336 t60=1787690453336, candles=11) — row stays pending",e7ec3601d8d562f2,[object Object],,0000000000000000e4c27620c476a6b0403e273e52e5578f,info
2026-09-28 08:06:10,"[earlier-entry] no as-of anchor candles for J1TNHqaAYuratcbSwgsPcTXi2jShxvZMsC2HBBZJpump (firstSeen=1787686693415 t60=1787690293415, candles=29) — row stays pending",41b768d24cb2c383,[object Object],,0000000000000000e4c27620c476a6b0403e273e52e5578f,info
2026-09-28 08:06:09,"[earlier-entry] no as-of anchor candles for 98fAqajBY3ZthsUiHKXSat7tSt4PEutdbdUGy4pfpump (firstSeen=1787686439472 t60=1787690039472, candles=9) — row stays pending",6bb0e338bb784c33,[object Object],,0000000000000000e4c27620c476a6b0403e273e52e5578f,info
2026-09-28 08:06:08,"[earlier-entry] no as-of anchor candles for 7RCftn8rC3tXJ9W3hGyDYYkE2XznET9P7Je2549Jpump (firstSeen=1787686352258 t60=1787689952258, candles=38) — row stays pending",b5a5580fe8e1bd78,[object Object],,0000000000000000e4c27620c476a6b0403e273e52e5578f,info
2026-09-28 08:06:07,"[earlier-entry] no as-of anchor candles for HsvQv85YpRn8xkrg4b2J5MmVCAyESMF5hX8G2BUEqzr7 (firstSeen=1787685017096 t60=1787688617096, candles=18) — row stays pending",4eac48edfabeb6e2,[object Object],,0000000000000000e4c27620c476a6b0403e273e52e5578f,info
2026-09-28 08:06:06,"[earlier-entry] no as-of anchor candles for EB7QuhGEXp8wib68Km92tBqYanwUdrA3f7Sk6dMypump (firstSeen=1787684697580 t60=1787688297580, candles=7) — row stays pending",e198ca9fe399f2e5,[object Object],,0000000000000000e4c27620c476a6b0403e273e52e5578f,info
2026-09-28 08:06:06,"[earlier-entry] no as-of anchor candles for FxvtBMd5ngXRsbZd61HGf3LHvcKk6z59EMV3H25ppump (firstSeen=1787684410683 t60=1787688010683, candles=5) — row stays pending",bce2547cab852b3b,[object Object],,0000000000000000e4c27620c476a6b0403e273e52e5578f,info
2026-09-28 08:06:05,"[earlier-entry] no as-of anchor candles for 3idZz5MN5L9edMVFfyGq1SxPYjgUza6PMNnBvFdcpump (firstSeen=1787684410683 t60=1787688010683, candles=24) — row stays pending",cb965217f9a3ed8a,[object Object],,0000000000000000e4c27620c476a6b0403e273e52e5578f,info
2026-09-28 08:06:04,"[earlier-entry] no as-of anchor candles for DYDxcfzyx9hG7wHMNnt7LVeXbZ53YhDwozdKK5Zopump (firstSeen=1787684406374 t60=1787688006374, candles=3) — row stays pending",c0c25eb9d1e75eca,[object Object],,0000000000000000e4c27620c476a6b0403e273e52e5578f,info
2026-09-28 08:06:04,[dexscreener] Polled 27 Solana pairs,cc0391d96f36dbee,[object Object],,0000000000000000e4c27620c476a6b0403e273e52e5578f,info
2026-09-28 08:06:04,"[dexscreener] Got 30 profiles, 15 Solana",8133968938d59adc,[object Object],,0000000000000000e4c27620c476a6b0403e273e52e5578f,info
2026-09-28 08:06:04,[mevx] notifications=200 parseSkips=0 endpoints=2,82d0541030656e5a,[object Object],,0000000000000000e4c27620c476a6b0403e273e52e5578f,info
2026-09-28 08:06:04,[gmgn-budget] earlier-entry=5440req/3b feed-kol=282req/0b feed-discovery=141req/0b conviction=110req/0b hot-netflow=21req/10b over ~117min since=2026-09-28T09:09:26.851Z dropped=1007,1004d5bf57411b5a,[object Object],,0000000000000000e4c27620c476a6b0403e273e52e5578f,info
2026-09-28 08:06:04,"[exit] tp_3 card for $MAMESUKE (3.7x live, peak 3.7x) → 0 subscriber(s)",dc443296b4bd8116,[object Object],,0000000000000000e4c27620c476a6b0403e273e52e5578f,info
2026-09-28 08:06:04,[exit] TP2 skipped for MAMESUKE — jumped straight to TP3 (3.7x live),58133935e21fbcb3,[object Object],,0000000000000000e4c27620c476a6b0403e273e52e5578f,info
2026-09-28 08:06:04,[mevx] notifications=200 parseSkips=0 endpoints=2,84b017c155e3b53f,[object Object],,0000000000000000e4c27620c476a6b0403e273e52e5578f,info
2026-09-28 08:06:03,"[earlier-entry] no as-of anchor candles for F5CPPs42UKS6LcJzSXwTEgh2e3oXxzCBTa1iMfftpump (firstSeen=1787684400726 t60=1787688000726, candles=6) — row stays pending",87914f38ae3c9fd0,[object Object],,0000000000000000e4c27620c476a6b0403e273e52e5578f,info
2026-09-28 08:06:02,"[earlier-entry] no as-of anchor candles for A4ihj8g1RCjFT44vDjtkfYFT41yjmf1NbXtkdoiBnvwp (firstSeen=1787684375043 t60=1787687975043, candles=3) — row stays pending",56887bd3252bb0cb,[object Object],,0000000000000000e4c27620c476a6b0403e273e52e5578f,info
2026-09-28 08:06:02,"[earlier-entry] no as-of anchor candles for CW7HuFKJKGWYd932ziUtD4FddXLkofKCzaW3y5c4pump (firstSeen=1787684375041 t60=1787687975041, candles=12) — row stays pending",48a378e877fe56a5,[object Object],,0000000000000000e4c27620c476a6b0403e273e52e5578f,info
2026-09-28 08:06:01,[hot] poll source=mevx candidates=121 passing=1 newest_age_min=11,e0aeb84889a2ce7e,[object Object],,0000000000000000e4c27620c476a6b0403e273e52e5578f,info
2026-09-28 08:06:01,[mevx] notifications=200 parseSkips=0 endpoints=2,c81f7df7daecdc03,[object Object],,0000000000000000e4c27620c476a6b0403e273e52e5578f,info
2026-09-28 08:06:01,[earlier-entry] GMGN kline EMPTY history for 2rqRG1GH8iiXjNc5S3eBaJJQtsnuKxjp7cEGWwm5pump (window 1787684255034..1787688095034) — row stays pending,4da1d7ccf3c7dde5,[object Object],,0000000000000000e4c27620c476a6b0403e273e52e5578f,info
2026-09-28 08:06:00,"[earlier-entry] no as-of anchor candles for Fy3n6AqYfwZrHosrdxKKvsxWh8CKaUste2DCpHTspump (firstSeen=1787684375032 t60=1787687975032, candles=7) — row stays pending",25e92d493403d477,[object Object],,0000000000000000e4c27620c476a6b0403e273e52e5578f,info
2026-09-28 08:05:59,"[earlier-entry] no as-of anchor candles for USCSiKDUVap6hj33JvRDYq6bEmiBwVm3BvE6o5fNgRf (firstSeen=1787684375031 t60=1787687975031, candles=5) — row stays pending",fa52ae2793cc28bf,[object Object],,0000000000000000e4c27620c476a6b0403e273e52e5578f,info
2026-09-28 08:05:58,"[earlier-entry] no as-of anchor candles for FBCStPyNtdW5gnEmsmdFY1whJ7jxEuPggN6un416oJ77 (firstSeen=1787684375030 t60=1787687975030, candles=3) — row stays pending",af00348f9c3d1455,[object Object],,0000000000000000e4c27620c476a6b0403e273e52e5578f,info
2026-09-28 08:05:46,[hot] poll source=mevx candidates=121 passing=1 newest_age_min=11,6b1a6e0f05c29a38,[object Object],,0000000000000000e4c27620c476a6b0403e273e52e5578f,info
2026-09-28 08:05:46,[mevx] notifications=200 parseSkips=0 endpoints=2,5f4e564c0135f37f,[object Object],,0000000000000000e4c27620c476a6b0403e273e52e5578f,info
2026-09-28 08:05:34,"[earlier-entry] no as-of anchor candles for G1fDSMMg6GsreL343Y8PGVzYht2CTfEtjZFuX3vRpump (firstSeen=1787694184135 t60=1787697784135, candles=36) — row stays pending",eaddca647d88a690,[object Object],,0000000000000000e4c27620c476a6b0403e273e52e5578f,info
2026-09-28 08:05:34,[dexscreener] Polled 27 Solana pairs,7853e569908b9164,[object Object],,0000000000000000e4c27620c476a6b0403e273e52e5578f,info
2026-09-28 08:05:34,"[dexscreener] Got 30 profiles, 15 Solana",dd8a72bf3c7c8f13,[object Object],,0000000000000000e4c27620c476a6b0403e273e52e5578f,info
2026-09-28 08:05:33,"[earlier-entry] no as-of anchor candles for EJUTDNaakydzbVJa7qisRuSFBpBAKWchuWvbwWXppump (firstSeen=1787694131175 t60=1787697731175, candles=8) — row stays pending",9c95dde564d0ff68,[object Object],,0000000000000000e4c27620c476a6b0403e273e52e5578f,info
2026-09-28 08:05:32,"[earlier-entry] no as-of anchor candles for 5VsmPH57C3ApqVVV7D2B2yELj7moVJ8VWc1DNWTspump (firstSeen=1787693539578 t60=1787697139578, candles=22) — row stays pending",f0e57a091840e664,[object Object],,0000000000000000e4c27620c476a6b0403e273e52e5578f,info
2026-09-28 08:05:32,"[earlier-entry] no as-of anchor candles for 87UDuAH5UxDxtHJ6TbuvZJut78JxcQU1X4h8HyKLpump (firstSeen=1787693012218 t60=1787696612218, candles=21) — row stays pending",df91e20b1612effe,[object Object],,0000000000000000e4c27620c476a6b0403e273e52e5578f,info
2026-09-28 08:05:31,[hot] poll source=mevx candidates=121 passing=1 newest_age_min=11,4c192ff89c0fea61,[object Object],,0000000000000000e4c27620c476a6b0403e273e52e5578f,info
2026-09-28 08:05:31,[mevx] notifications=200 parseSkips=0 endpoints=2,318b04d785bbf49d,[object Object],,0000000000000000e4c27620c476a6b0403e273e52e5578f,info
2026-09-28 08:05:31,[earlier-entry] GMGN kline EMPTY history for GZR59y93kd9mhSf1y9jj3MQaaDRTLjKHkAumj5wZpump (window 1787692284174..1787696124174) — row stays pending,fe778ea6fe015dc1,[object Object],,0000000000000000e4c27620c476a6b0403e273e52e5578f,info
2026-09-28 08:05:30,"[earlier-entry] no as-of anchor candles for FASuHwpPmEMV5eR97eveRShvFynoqMi4uyTk9Qxvpump (firstSeen=1787692374995 t60=1787695974995, candles=13) — row stays pending",9b4197f72b616f6f,[object Object],,0000000000000000e4c27620c476a6b0403e273e52e5578f,info
2026-09-28 08:05:29,"[earlier-entry] no as-of anchor candles for ETTE5N3HsJd1m9BFtHsadZqRU1x8ZsxByehUugtZpump (firstSeen=1787692355448 t60=1787695955448, candles=2) — row stays pending",1de576e8e2dda592,[object Object],,0000000000000000e4c27620c476a6b0403e273e52e5578f,info
2026-09-28 08:05:28,"[earlier-entry] no as-of anchor candles for 42SYB3Fyd7KV9GkHjVW36WxgzNJpu3EKNvUyp9sHpump (firstSeen=1787692355442 t60=1787695955442, candles=23) — row stays pending",d6ecb9f8ac5a20c1,[object Object],,0000000000000000e4c27620c476a6b0403e273e52e5578f,info
2026-09-28 08:05:27,"[earlier-entry] no as-of anchor candles for 9FFDy5LsmrQJVGevooMomQtwZ6nByeD95CB43qy4pump (firstSeen=1787692355440 t60=1787695955440, candles=10) — row stays pending",33e80c960b2f6a9c,[object Object],,0000000000000000e4c27620c476a6b0403e273e52e5578f,info
2026-09-28 08:05:26,"[earlier-entry] no as-of anchor candles for 672KyXWJE8infxtD3gNHAZGdDGuWSmgVCUKrScB6pump (firstSeen=1787692355435 t60=1787695955435, candles=7) — row stays pending",958c13cb72f55ebc,[object Object],,0000000000000000e4c27620c476a6b0403e273e52e5578f,info
2026-09-28 08:05:26,"[microaudit:priority] tick done: 0 queued, 0 cooldown-skipped, 0 capped, 0 fetched, 0 stamped, 0 deferred, 0 stale-skipped",7b25b605ad10c1d8,[object Object],,0000000000000000e4c27620c476a6b0403e273e52e5578f,info
2026-09-28 08:05:25,"[earlier-entry] no as-of anchor candles for 4qjPZWnR8usFJsMmgU4thuWuasvN7rV45VMthMbdpump (firstSeen=1787692355334 t60=1787695955334, candles=15) — row stays pending",eac024c7171c172d,[object Object],,0000000000000000e4c27620c476a6b0403e273e52e5578f,info
2026-09-28 08:05:25,"[earlier-entry] no as-of anchor candles for TKLCx7SBsPLT2DvoHAGwW348RBL4jEDtDdFck7opump (firstSeen=1787692355333 t60=1787695955333, candles=14) — row stays pending",b65c07ed68d59967,[object Object],,0000000000000000e4c27620c476a6b0403e273e52e5578f,info
2026-09-28 08:05:24,"[earlier-entry] no as-of anchor candles for 2fqG8LbiKNDYgFpZZZ6F9uke6GhRe7fqw9Pa4oJupump (firstSeen=1787689254230 t60=1787692854230, candles=1) — row stays pending",992caa747ab36c03,[object Object],,0000000000000000e4c27620c476a6b0403e273e52e5578f,info
2026-09-28 08:05:23,"[earlier-entry] no as-of anchor candles for 4n7hKbjRQ8kikDXoZJj6QSpr2ZtTNJCJTf7NuCnipump (firstSeen=1787689034855 t60=1787692634855, candles=13) — row stays pending",785912d022843b63,[object Object],,0000000000000000e4c27620c476a6b0403e273e52e5578f,info
2026-09-28 08:05:22,"[earlier-entry] no as-of anchor candles for Hr4TZjRcphKM21oh4BrQjH66kHhuBPDEzRTuMTXFpump (firstSeen=1787688442375 t60=1787692042375, candles=3) — row stays pending",fc37aee226a12cd,[object Object],,0000000000000000e4c27620c476a6b0403e273e52e5578f,info
2026-09-28 08:05:21,"[earlier-entry] no as-of anchor candles for H2qTatoCJMx1fXFWZpjYLAdc6it7TYmzeQTnY7Mjpump (firstSeen=1787688441901 t60=1787692041901, candles=25) — row stays pending",6a5c29e21d78c5ca,[object Object],,0000000000000000e4c27620c476a6b0403e273e52e5578f,info
2026-09-28 08:05:21,"[earlier-entry] no as-of anchor candles for FWRkpgMqsAhY6aQrz7npK32VwTkwjCBF5n4Enybnpump (firstSeen=1787688319574 t60=1787691919574, candles=3) — row stays pending",6ff023de2787ae5f,[object Object],,0000000000000000e4c27620c476a6b0403e273e52e5578f,info
2026-09-28 08:05:20, — set CHANNEL_CHAT_ID=-1004298581354 to enable the publisher,971940b4c866e670,[object Object],,0000000000000000e4c27620c476a6b0403e273e52e5578f,info
2026-09-28 08:05:20,JVNThAXvkB1f7PLb3Fq7KjsJYCLTCvZYXMmrSQKpump,df8493cb2a9698b3,[object Object],,0000000000000000e4c27620c476a6b0403e273e52e5578f,info
2026-09-28 08:05:20,[channel] channel_post from chat id -1004298581354: $MAMESUKE (Pump→Raydium) - Solana,f13e9b106aeb1ae4,[object Object],,0000000000000000e4c27620c476a6b0403e273e52e5578f,info
2026-09-28 08:05:20,[support] channel post: -1004298581354 $MAMESUKE (Pump→Raydium) - Solana JVNThAXvkB1f7PLb3Fq7KjsJYCLTCvZYXMmrSQKpump �…,50167973f5f32219,[object Object],,0000000000000000e4c27620c476a6b0403e273e52e5578f,info
2026-09-28 08:05:20,"[earlier-entry] no as-of anchor candles for 7gLfH99aqSjBaRXfhrzm2vEgrxKvvSgm2JctF5rgpump (firstSeen=1787688148054 t60=1787691748054, candles=33) — row stays pending",73bfd51eb0eceec8,[object Object],,0000000000000000e4c27620c476a6b0403e273e52e5578f,info
2026-09-28 08:05:19,"[earlier-entry] no as-of anchor candles for 4izEqGCX9KxD2xWZkJkMn8WRqNiBqkq2eX8PZqRDpump (firstSeen=1787687575575 t60=1787691175575, candles=7) — row stays pending",fda0917d6a6568b4,[object Object],,0000000000000000e4c27620c476a6b0403e273e52e5578f,info
2026-09-28 08:05:18,"[earlier-entry] no as-of anchor candles for 4185dnL3PaVsKyikTEQApEhgRXbYbyxJGwYK6qQ2pump (firstSeen=1787687522215 t60=1787691122215, candles=6) — row stays pending",47f677adb3506f3b,[object Object],,0000000000000000e4c27620c476a6b0403e273e52e5578f,info
2026-09-28 08:05:17,"[earlier-entry] no as-of anchor candles for FDcGUXTEGpn3dZDhW3PLnk3jvEyuLLWEXM8Jpg81pump (firstSeen=1787687437815 t60=1787691037815, candles=10) — row stays pending",f603693e416ec757,[object Object],,0000000000000000e4c27620c476a6b0403e273e52e5578f,info
2026-09-28 08:05:17,"[earlier-entry] no as-of anchor candles for pbiX8giTJnC2nKAMfxTStJrTtT9XbNz5zPx6y7mpump (firstSeen=1787687380536 t60=1787690980536, candles=9) — row stays pending",ab7565e10b99f2ed,[object Object],,0000000000000000e4c27620c476a6b0403e273e52e5578f,info
2026-09-28 08:05:16,[hot] poll source=mevx candidates=121 passing=1 newest_age_min=11,95ac580c948f194b,[object Object],,0000000000000000e4c27620c476a6b0403e273e52e5578f,info
2026-09-28 08:05:16,[mevx] notifications=200 parseSkips=0 endpoints=2,78849fe409743a1c,[object Object],,0000000000000000e4c27620c476a6b0403e273e52e5578f,info
2026-09-28 08:05:16,"[earlier-entry] no as-of anchor candles for CebGgVwrWHkAhfWZi6jHgeduKRSDzijnGZVQ97k6pump (firstSeen=1787687278695 t60=1787690878695, candles=20) — row stays pending",ec8b075b9b640310,[object Object],,0000000000000000e4c27620c476a6b0403e273e52e5578f,info
2026-09-28 08:05:15,"[earlier-entry] no as-of anchor candles for En9sQtnHpByLEE7ykhFQ25PirV54rYegEJCjBV87pump (firstSeen=1787686994060 t60=1787690594060, candles=16) — row stays pending",e01d6c9c43ae9a39,[object Object],,0000000000000000e4c27620c476a6b0403e273e52e5578f,info
2026-09-28 08:05:14,[channel] teaser fired MAMESUKE 3.5x (3.7x live) → chat -1004298581354,23c2c932fcdf322d,[object Object],,0000000000000000e4c27620c476a6b0403e273e52e5578f,info
2026-09-28 08:05:14,"[earlier-entry] no as-of anchor candles for 5N8vsaxFs7cVuw7fQyhTSYMPpdzMt8nGNr2f5kaHpump (firstSeen=1787686853336 t60=1787690453336, candles=11) — row stays pending",2fe743b382361bc8,[object Object],,0000000000000000e4c27620c476a6b0403e273e52e5578f,info
2026-09-28 08:05:13,"[earlier-entry] no as-of anchor candles for J1TNHqaAYuratcbSwgsPcTXi2jShxvZMsC2HBBZJpump (firstSeen=1787686693415 t60=1787690293415, candles=29) — row stays pending",e8005c0aae0fb35,[object Object],,0000000000000000e4c27620c476a6b0403e273e52e5578f,info
2026-09-28 08:05:11,[gmgn-feed] kol poll: events=97 tx=43 mints=22 new=6,43db851f6699c441,[object Object],,0000000000000000e4c27620c476a6b0403e273e52e5578f,info
2026-09-28 08:05:11,[gmgn-feed] discovery poll: saw=60 new=29 deduped=31,4986281afeddb163,[object Object],,0000000000000000e4c27620c476a6b0403e273e52e5578f,info
2026-09-28 08:05:09,"[earlier-entry] no as-of anchor candles for 98fAqajBY3ZthsUiHKXSat7tSt4PEutdbdUGy4pfpump (firstSeen=1787686439472 t60=1787690039472, candles=9) — row stays pending",198c3252d112cfef,[object Object],,0000000000000000e4c27620c476a6b0403e273e52e5578f,info
2026-09-28 08:05:08,"[earlier-entry] no as-of anchor candles for 7RCftn8rC3tXJ9W3hGyDYYkE2XznET9P7Je2549Jpump (firstSeen=1787686352258 t60=1787689952258, candles=38) — row stays pending",4a31ca74fe6e20f0,[object Object],,0000000000000000e4c27620c476a6b0403e273e52e5578f,info
2026-09-28 08:05:07,"[earlier-entry] no as-of anchor candles for HsvQv85YpRn8xkrg4b2J5MmVCAyESMF5hX8G2BUEqzr7 (firstSeen=1787685017096 t60=1787688617096, candles=18) — row stays pending",e59e61fa9a763b9,[object Object],,0000000000000000e4c27620c476a6b0403e273e52e5578f,info
2026-09-28 08:05:07,"[earlier-entry] no as-of anchor candles for EB7QuhGEXp8wib68Km92tBqYanwUdrA3f7Sk6dMypump (firstSeen=1787684697580 t60=1787688297580, candles=7) — row stays pending",b7302dacf2efc325,[object Object],,0000000000000000e4c27620c476a6b0403e273e52e5578f,info
2026-09-28 08:05:06,"[earlier-entry] no as-of anchor candles for FxvtBMd5ngXRsbZd61HGf3LHvcKk6z59EMV3H25ppump (firstSeen=1787684410683 t60=1787688010683, candles=5) — row stays pending",1b9d3d244a9cb767,[object Object],,0000000000000000e4c27620c476a6b0403e273e52e5578f,info
2026-09-28 08:05:05,"[earlier-entry] no as-of anchor candles for 3idZz5MN5L9edMVFfyGq1SxPYjgUza6PMNnBvFdcpump (firstSeen=1787684410683 t60=1787688010683, candles=24) — row stays pending",d724210c14edf7e2,[object Object],,0000000000000000e4c27620c476a6b0403e273e52e5578f,info
2026-09-28 08:05:04,"[perf] JVNThAXvkB1f7PLb3Fq7KjsJYCLTCvZYXMmrSQKpump: 3.69x (new peak, was 1.74x)",4c58c9c9ef7718e,[object Object],,0000000000000000e4c27620c476a6b0403e273e52e5578f,info
2026-09-28 08:05:04,"[perf] 76fFhcA142kf9gdg11ahYTmEiZnPXokxJkcF1axupump: 1.26x (new peak, was 1.18x)",431ed8931222fb9e,[object Object],,0000000000000000e4c27620c476a6b0403e273e52e5578f,info
2026-09-28 08:05:04,"[perf] 5tCju6YNxHq5zrA6tGndr6F7TK42mpUFmeE31cSFpump: 19.61x (new peak, was 15.46x)",beca5952f8a62282,[object Object],,0000000000000000e4c27620c476a6b0403e273e52e5578f,info
2026-09-28 08:05:04,"[earlier-entry] no as-of anchor candles for DYDxcfzyx9hG7wHMNnt7LVeXbZ53YhDwozdKK5Zopump (firstSeen=1787684406374 t60=1787688006374, candles=3) — row stays pending",1e07491b3cf32643,[object Object],,0000000000000000e4c27620c476a6b0403e273e52e5578f,info
2026-09-28 08:05:04,[dexscreener] Polled 27 Solana pairs,efe676645a309978,[object Object],,0000000000000000e4c27620c476a6b0403e273e52e5578f,info
2026-09-28 08:05:04,"[dexscreener] Got 30 profiles, 15 Solana",ff0be6c1c54809fa,[object Object],,0000000000000000e4c27620c476a6b0403e273e52e5578f,info
2026-09-28 08:05:04,[mevx] notifications=200 parseSkips=0 endpoints=2,1bd3f1d379414a59,[object Object],,0000000000000000e4c27620c476a6b0403e273e52e5578f,info
2026-09-28 08:05:04,[gmgn-budget] earlier-entry=5400req/3b feed-kol=280req/0b feed-discovery=140req/0b conviction=110req/0b hot-netflow=21req/10b over ~117min since=2026-09-28T09:08:27.126Z dropped=964,f2f5ea1b6b2df43e,[object Object],,0000000000000000e4c27620c476a6b0403e273e52e5578f,info
2026-09-28 08:05:04,[mevx] notifications=200 parseSkips=0 endpoints=2,f37b2b2e3a232466,[object Object],,0000000000000000e4c27620c476a6b0403e273e52e5578f,info
2026-09-28 08:05:03,"[earlier-entry] no as-of anchor candles for F5CPPs42UKS6LcJzSXwTEgh2e3oXxzCBTa1iMfftpump (firstSeen=1787684400726 t60=1787688000726, candles=6) — row stays pending",4b1aa7e59d01658a,[object Object],,0000000000000000e4c27620c476a6b0403e273e52e5578f,info
2026-09-28 08:05:03,"[earlier-entry] no as-of anchor candles for A4ihj8g1RCjFT44vDjtkfYFT41yjmf1NbXtkdoiBnvwp (firstSeen=1787684375043 t60=1787687975043, candles=3) — row stays pending",754b8e6ff2226760,[object Object],,0000000000000000e4c27620c476a6b0403e273e52e5578f,info
2026-09-28 08:05:02,"[earlier-entry] no as-of anchor candles for CW7HuFKJKGWYd932ziUtD4FddXLkofKCzaW3y5c4pump (firstSeen=1787684375041 t60=1787687975041, candles=12) — row stays pending",bf3cb67ceaf9f5e0,[object Object],,0000000000000000e4c27620c476a6b0403e273e52e5578f,info
2026-09-28 08:05:01,[hot] poll source=mevx candidates=121 passing=1 newest_age_min=10,8743302bffd574c,[object Object],,0000000000000000e4c27620c476a6b0403e273e52e5578f,info
2026-09-28 08:05:01,[mevx] notifications=200 parseSkips=0 endpoints=2,7598444ca2eabe74,[object Object],,0000000000000000e4c27620c476a6b0403e273e52e5578f,info
2026-09-28 08:05:01,[earlier-entry] GMGN kline EMPTY history for 2rqRG1GH8iiXjNc5S3eBaJJQtsnuKxjp7cEGWwm5pump (window 1787684255034..1787688095034) — row stays pending,1b7d646c11ff9182,[object Object],,0000000000000000e4c27620c476a6b0403e273e52e5578f,info
2026-09-28 08:05:00,"[dexscreener] Rate limited (429), retrying in 4000ms (attempt 3/3)...",d977ab589b2d2e95,[object Object],,0000000000000000e4c27620c476a6b0403e273e52e5578f,info
2026-09-28 08:05:00,"[earlier-entry] no as-of anchor candles for Fy3n6AqYfwZrHosrdxKKvsxWh8CKaUste2DCpHTspump (firstSeen=1787684375032 t60=1787687975032, candles=7) — row stays pending",16c2885ad9c217ea,[object Object],,0000000000000000e4c27620c476a6b0403e273e52e5578f,info
2026-09-28 08:04:59,"[earlier-entry] no as-of anchor candles for USCSiKDUVap6hj33JvRDYq6bEmiBwVm3BvE6o5fNgRf (firstSeen=1787684375031 t60=1787687975031, candles=5) — row stays pending",f14166bba69952a7,[object Object],,0000000000000000e4c27620c476a6b0403e273e52e5578f,info
2026-09-28 08:04:58,"[earlier-entry] no as-of anchor candles for FBCStPyNtdW5gnEmsmdFY1whJ7jxEuPggN6un416oJ77 (firstSeen=1787684375030 t60=1787687975030, candles=3) — row stays pending",8cb5c8915b93cb0a,[object Object],,0000000000000000e4c27620c476a6b0403e273e52e5578f,info
2026-09-28 08:04:58,"[dexscreener] Rate limited (429), retrying in 2000ms (attempt 2/3)...",d2615bff5c94a30c,[object Object],,0000000000000000e4c27620c476a6b0403e273e52e5578f,info
2026-09-28 08:04:57,"[dexscreener] Rate limited (429), retrying in 1000ms (attempt 1/3)...",3f4a77fbd75c3600,[object Object],,0000000000000000e4c27620c476a6b0403e273e52e5578f,info
2026-09-28 08:04:57,[dexscreener] Rate limit exhausted after retries,bf00bfd40f27b271,[object Object],,0000000000000000e4c27620c476a6b0403e273e52e5578f,info
2026-09-28 08:04:53,"[dexscreener] Rate limited (429), retrying in 4000ms (attempt 3/3)...",6a4baa3f1f55bcad,[object Object],,0000000000000000e4c27620c476a6b0403e273e52e5578f,info
2026-09-28 08:04:51,"[dexscreener] Rate limited (429), retrying in 2000ms (attempt 2/3)...",561ad23d5d0df956,[object Object],,0000000000000000e4c27620c476a6b0403e273e52e5578f,info
2026-09-28 08:04:50,"[dexscreener] Rate limited (429), retrying in 1000ms (attempt 1/3)...",9270d6d0826ffed0,[object Object],,0000000000000000e4c27620c476a6b0403e273e52e5578f,info
2026-09-28 08:04:50,[dexscreener] Rate limit exhausted after retries,aeb6100746a6c7a4,[object Object],,0000000000000000e4c27620c476a6b0403e273e52e5578f,info
2026-09-28 08:04:46,"[dexscreener] Rate limited (429), retrying in 4000ms (attempt 3/3)...",cf4ada89be8ec489,[object Object],,0000000000000000e4c27620c476a6b0403e273e52e5578f,info
2026-09-28 08:04:46,[hot] poll source=mevx candidates=121 passing=1 newest_age_min=10,ecce7eff1aafc0e1,[object Object],,0000000000000000e4c27620c476a6b0403e273e52e5578f,info
2026-09-28 08:04:46,[mevx] notifications=200 parseSkips=0 endpoints=2,2d4f32186afcf3d,[object Object],,0000000000000000e4c27620c476a6b0403e273e52e5578f,info
2026-09-28 08:04:44,"[dexscreener] Rate limited (429), retrying in 2000ms (attempt 2/3)...",bd890957d938f784,[object Object],,0000000000000000e4c27620c476a6b0403e273e52e5578f,info
2026-09-28 08:04:43,"[dexscreener] Rate limited (429), retrying in 1000ms (attempt 1/3)...",efc633d41b94e6be,[object Object],,0000000000000000e4c27620c476a6b0403e273e52e5578f,info
2026-09-28 08:04:43,[dexscreener] Rate limit exhausted after retries,f1fee0f5fc93a03c,[object Object],,0000000000000000e4c27620c476a6b0403e273e52e5578f,info
2026-09-28 08:04:41,[dexscreener] Profiles fetch failed: 429,2b4256c474d9e5c4,[object Object],,0000000000000000e4c27620c476a6b0403e273e52e5578f,info
2026-09-28 08:04:41,[dexscreener] Rate limit exhausted after retries,9ae440f3e5513b55,[object Object],,0000000000000000e4c27620c476a6b0403e273e52e5578f,info
2026-09-28 08:04:39,"[dexscreener] Rate limited (429), retrying in 4000ms (attempt 3/3)...",6315952a2795f10d,[object Object],,0000000000000000e4c27620c476a6b0403e273e52e5578f,info
2026-09-28 08:04:37,"[dexscreener] Rate limited (429), retrying in 4000ms (attempt 3/3)...",7d946f652ff27aa,[object Object],,0000000000000000e4c27620c476a6b0403e273e52e5578f,info
2026-09-28 08:04:37,"[dexscreener] Rate limited (429), retrying in 2000ms (attempt 2/3)...",e74f8cd1bcbd19b8,[object Object],,0000000000000000e4c27620c476a6b0403e273e52e5578f,info
2026-09-28 08:04:36,"[dexscreener] Rate limited (429), retrying in 1000ms (attempt 1/3)...",8f4b8191e06fe1cb,[object Object],,0000000000000000e4c27620c476a6b0403e273e52e5578f,info
2026-09-28 08:04:36,[dexscreener] Rate limit exhausted after retries,fa6de9ea6159d39c,[object Object],,0000000000000000e4c27620c476a6b0403e273e52e5578f,info
2026-09-28 08:04:35,"[dexscreener] Rate limited (429), retrying in 2000ms (attempt 2/3)...",4de1ff4160b35ba7,[object Object],,0000000000000000e4c27620c476a6b0403e273e52e5578f,info
2026-09-28 08:04:34,"[dexscreener] Rate limited (429), retrying in 1000ms (attempt 1/3)...",da195313f3c20960,[object Object],,0000000000000000e4c27620c476a6b0403e273e52e5578f,info
2026-09-28 08:04:32,"[dexscreener] Rate limited (429), retrying in 4000ms (attempt 3/3)...",bde3ff19ab4c7954,[object Object],,0000000000000000e4c27620c476a6b0403e273e52e5578f,info
2026-09-28 08:04:31,[hot] poll source=mevx candidates=121 passing=1 newest_age_min=10,844a2331e513885b,[object Object],,0000000000000000e4c27620c476a6b0403e273e52e5578f,info
2026-09-28 08:04:31,[mevx] notifications=200 parseSkips=0 endpoints=2,34b1a3e0a9b83f54,[object Object],,0000000000000000e4c27620c476a6b0403e273e52e5578f,info
2026-09-28 08:04:31,"[earlier-entry] no as-of anchor candles for G1fDSMMg6GsreL343Y8PGVzYht2CTfEtjZFuX3vRpump (firstSeen=1787694184135 t60=1787697784135, candles=36) — row stays pending",4dbdd04ec5474156,[object Object],,0000000000000000e4c27620c476a6b0403e273e52e5578f,info
2026-09-28 08:04:30,"[dexscreener] Rate limited (429), retrying in 2000ms (attempt 2/3)...",9a65bfb738c5cf2d,[object Object],,0000000000000000e4c27620c476a6b0403e273e52e5578f,info
2026-09-28 08:04:30,"[earlier-entry] no as-of anchor candles for EJUTDNaakydzbVJa7qisRuSFBpBAKWchuWvbwWXppump (firstSeen=1787694131175 t60=1787697731175, candles=8) — row stays pending",63d14ba7b89baf84,[object Object],,0000000000000000e4c27620c476a6b0403e273e52e5578f,info
2026-09-28 08:04:29,"[earlier-entry] no as-of anchor candles for 5VsmPH57C3ApqVVV7D2B2yELj7moVJ8VWc1DNWTspump (firstSeen=1787693539578 t60=1787697139578, candles=22) — row stays pending",d8809c93f4d352b4,[object Object],,0000000000000000e4c27620c476a6b0403e273e52e5578f,info
2026-09-28 08:04:28,"[earlier-entry] no as-of anchor candles for 87UDuAH5UxDxtHJ6TbuvZJut78JxcQU1X4h8HyKLpump (firstSeen=1787693012218 t60=1787696612218, candles=21) — row stays pending",a6b066cf4341b58d,[object Object],,0000000000000000e4c27620c476a6b0403e273e52e5578f,info
2026-09-28 08:04:27,[earlier-entry] GMGN kline EMPTY history for GZR59y93kd9mhSf1y9jj3MQaaDRTLjKHkAumj5wZpump (window 1787692284174..1787696124174) — row stays pending,17bf530af8d8b962,[object Object],,0000000000000000e4c27620c476a6b0403e273e52e5578f,info
2026-09-28 08:04:26,"[dexscreener] Rate limited (429), retrying in 1000ms (attempt 1/3)...",291035d3bf77685e,[object Object],,0000000000000000e4c27620c476a6b0403e273e52e5578f,info
2026-09-28 08:04:26,[dexscreener] Rate limit exhausted after retries,2163e3cf2f1d28e5,[object Object],,0000000000000000e4c27620c476a6b0403e273e52e5578f,info
2026-09-28 08:04:26,"[earlier-entry] no as-of anchor candles for FASuHwpPmEMV5eR97eveRShvFynoqMi4uyTk9Qxvpump (firstSeen=1787692374995 t60=1787695974995, candles=13) — row stays pending",c57ca661bf68bbcc,[object Object],,0000000000000000e4c27620c476a6b0403e273e52e5578f,info
2026-09-28 08:04:26,"[microaudit:priority] tick done: 0 queued, 0 cooldown-skipped, 0 capped, 0 fetched, 0 stamped, 0 deferred, 0 stale-skipped",66c226382de8194e,[object Object],,0000000000000000e4c27620c476a6b0403e273e52e5578f,info
2026-09-28 08:04:25,"[earlier-entry] no as-of anchor candles for ETTE5N3HsJd1m9BFtHsadZqRU1x8ZsxByehUugtZpump (firstSeen=1787692355448 t60=1787695955448, candles=2) — row stays pending",d06f0fa84d5f76c9,[object Object],,0000000000000000e4c27620c476a6b0403e273e52e5578f,info
2026-09-28 08:04:25,"[earlier-entry] no as-of anchor candles for 42SYB3Fyd7KV9GkHjVW36WxgzNJpu3EKNvUyp9sHpump (firstSeen=1787692355442 t60=1787695955442, candles=23) — row stays pending",ae3c48472de427d3,[object Object],,0000000000000000e4c27620c476a6b0403e273e52e5578f,info
2026-09-28 08:04:24,"[earlier-entry] no as-of anchor candles for 9FFDy5LsmrQJVGevooMomQtwZ6nByeD95CB43qy4pump (firstSeen=1787692355440 t60=1787695955440, candles=10) — row stays pending",600ac2a4c7ea60df,[object Object],,0000000000000000e4c27620c476a6b0403e273e52e5578f,info
2026-09-28 08:04:23,"[earlier-entry] no as-of anchor candles for 672KyXWJE8infxtD3gNHAZGdDGuWSmgVCUKrScB6pump (firstSeen=1787692355435 t60=1787695955435, candles=7) — row stays pending",4ac8b8dca6ebaa96,[object Object],,0000000000000000e4c27620c476a6b0403e273e52e5578f,info
2026-09-28 08:04:22,"[dexscreener] Rate limited (429), retrying in 4000ms (attempt 3/3)...",eba86c476e8870b2,[object Object],,0000000000000000e4c27620c476a6b0403e273e52e5578f,info
2026-09-28 08:04:22,"[earlier-entry] no as-of anchor candles for 4qjPZWnR8usFJsMmgU4thuWuasvN7rV45VMthMbdpump (firstSeen=1787692355334 t60=1787695955334, candles=15) — row stays pending",ba66d19bc02cfac5,[object Object],,0000000000000000e4c27620c476a6b0403e273e52e5578f,info
2026-09-28 08:04:21,"[earlier-entry] no as-of anchor candles for TKLCx7SBsPLT2DvoHAGwW348RBL4jEDtDdFck7opump (firstSeen=1787692355333 t60=1787695955333, candles=14) — row stays pending",43e219342505e950,[object Object],,0000000000000000e4c27620c476a6b0403e273e52e5578f,info
2026-09-28 08:04:20,"[earlier-entry] no as-of anchor candles for 2fqG8LbiKNDYgFpZZZ6F9uke6GhRe7fqw9Pa4oJupump (firstSeen=1787689254230 t60=1787692854230, candles=1) — row stays pending",24fb03be7a8b89d6,[object Object],,0000000000000000e4c27620c476a6b0403e273e52e5578f,info
2026-09-28 08:04:20,"[dexscreener] Rate limited (429), retrying in 2000ms (attempt 2/3)...",dd613bf7fed29586,[object Object],,0000000000000000e4c27620c476a6b0403e273e52e5578f,info
2026-09-28 08:04:20,"[earlier-entry] no as-of anchor candles for 4n7hKbjRQ8kikDXoZJj6QSpr2ZtTNJCJTf7NuCnipump (firstSeen=1787689034855 t60=1787692634855, candles=13) — row stays pending",1257d6ac449eb50,[object Object],,0000000000000000e4c27620c476a6b0403e273e52e5578f,info
2026-09-28 08:04:19,"[dexscreener] Rate limited (429), retrying in 1000ms (attempt 1/3)...",109928ecc2c92a19,[object Object],,0000000000000000e4c27620c476a6b0403e273e52e5578f,info
2026-09-28 08:04:19,"[earlier-entry] no as-of anchor candles for Hr4TZjRcphKM21oh4BrQjH66kHhuBPDEzRTuMTXFpump (firstSeen=1787688442375 t60=1787692042375, candles=3) — row stays pending",1fa46cc3bdaeeacb,[object Object],,0000000000000000e4c27620c476a6b0403e273e52e5578f,info
2026-09-28 08:04:18,"[earlier-entry] no as-of anchor candles for H2qTatoCJMx1fXFWZpjYLAdc6it7TYmzeQTnY7Mjpump (firstSeen=1787688441901 t60=1787692041901, candles=25) — row stays pending",c696589162958cb,[object Object],,0000000000000000e4c27620c476a6b0403e273e52e5578f,info
2026-09-28 08:04:17,"[earlier-entry] no as-of anchor candles for FWRkpgMqsAhY6aQrz7npK32VwTkwjCBF5n4Enybnpump (firstSeen=1787688319574 t60=1787691919574, candles=3) — row stays pending",66cfe227086f4cdc,[object Object],,0000000000000000e4c27620c476a6b0403e273e52e5578f,info
2026-09-28 08:04:16,"[earlier-entry] no as-of anchor candles for 7gLfH99aqSjBaRXfhrzm2vEgrxKvvSgm2JctF5rgpump (firstSeen=1787688148054 t60=1787691748054, candles=33) — row stays pending",b12faed018c84f3b,[object Object],,0000000000000000e4c27620c476a6b0403e273e52e5578f,info
2026-09-28 08:04:16,[hot] poll source=mevx candidates=121 passing=1 newest_age_min=10,76658b51e5ff9868,[object Object],,0000000000000000e4c27620c476a6b0403e273e52e5578f,info
2026-09-28 08:04:16,[mevx] notifications=200 parseSkips=0 endpoints=2,7095a9656fb086f8,[object Object],,0000000000000000e4c27620c476a6b0403e273e52e5578f,info
2026-09-28 08:04:16,"[earlier-entry] no as-of anchor candles for 4izEqGCX9KxD2xWZkJkMn8WRqNiBqkq2eX8PZqRDpump (firstSeen=1787687575575 t60=1787691175575, candles=7) — row stays pending",c9fb07eaaf734a3a,[object Object],,0000000000000000e4c27620c476a6b0403e273e52e5578f,info
2026-09-28 08:04:15,"[earlier-entry] no as-of anchor candles for 4185dnL3PaVsKyikTEQApEhgRXbYbyxJGwYK6qQ2pump (firstSeen=1787687522215 t60=1787691122215, candles=6) — row stays pending",f06540f912fa5f30,[object Object],,0000000000000000e4c27620c476a6b0403e273e52e5578f,info
2026-09-28 08:04:14,"[earlier-entry] no as-of anchor candles for FDcGUXTEGpn3dZDhW3PLnk3jvEyuLLWEXM8Jpg81pump (firstSeen=1787687437815 t60=1787691037815, candles=10) — row stays pending",73503136a2b5dac5,[object Object],,0000000000000000e4c27620c476a6b0403e273e52e5578f,info
2026-09-28 08:04:14,"[channel-gate] sweep done: 0 invited, 0 kicked, 4 already in, 36 outstanding-skipped, 0 errors (members=15, admins=2)",569b1aa23425e20d,[object Object],,0000000000000000e4c27620c476a6b0403e273e52e5578f,info
2026-09-28 08:04:13,"[earlier-entry] no as-of anchor candles for pbiX8giTJnC2nKAMfxTStJrTtT9XbNz5zPx6y7mpump (firstSeen=1787687380536 t60=1787690980536, candles=9) — row stays pending",45f608d7292f3b54,[object Object],,0000000000000000e4c27620c476a6b0403e273e52e5578f,info
2026-09-28 08:04:12,"[earlier-entry] no as-of anchor candles for CebGgVwrWHkAhfWZi6jHgeduKRSDzijnGZVQ97k6pump (firstSeen=1787687278695 t60=1787690878695, candles=20) — row stays pending",d3834e3a650a0214,[object Object],,0000000000000000e4c27620c476a6b0403e273e52e5578f,info
2026-09-28 08:04:12,[gmgn-feed] discovery poll: saw=60 new=29 deduped=31,93b7c04e221b7252,[object Object],,0000000000000000e4c27620c476a6b0403e273e52e5578f,info
2026-09-28 08:04:11,"[earlier-entry] no as-of anchor candles for En9sQtnHpByLEE7ykhFQ25PirV54rYegEJCjBV87pump (firstSeen=1787686994060 t60=1787690594060, candles=16) — row stays pending",495f1c6f6d3f6f7c,[object Object],,0000000000000000e4c27620c476a6b0403e273e52e5578f,info
2026-09-28 08:04:11,[gmgn-feed] kol poll: events=98 tx=50 mints=13 new=2,be398ea460a17d52,[object Object],,0000000000000000e4c27620c476a6b0403e273e52e5578f,info
2026-09-28 08:04:11,[dexscreener] Profiles fetch failed: 429,19dd690cd3c3293b,[object Object],,0000000000000000e4c27620c476a6b0403e273e52e5578f,info
2026-09-28 08:04:11,[dexscreener] Rate limit exhausted after retries,9196dd24c5b988a,[object Object],,0000000000000000e4c27620c476a6b0403e273e52e5578f,info
2026-09-28 08:04:10,"[earlier-entry] no as-of anchor candles for 5N8vsaxFs7cVuw7fQyhTSYMPpdzMt8nGNr2f5kaHpump (firstSeen=1787686853336 t60=1787690453336, candles=11) — row stays pending",995c58c2dae04ff,[object Object],,0000000000000000e4c27620c476a6b0403e273e52e5578f,info
2026-09-28 08:04:10,"[earlier-entry] no as-of anchor candles for J1TNHqaAYuratcbSwgsPcTXi2jShxvZMsC2HBBZJpump (firstSeen=1787686693415 t60=1787690293415, candles=29) — row stays pending",49593ec1f08b8f25,[object Object],,0000000000000000e4c27620c476a6b0403e273e52e5578f,info
2026-09-28 08:04:09,"[earlier-entry] no as-of anchor candles for 98fAqajBY3ZthsUiHKXSat7tSt4PEutdbdUGy4pfpump (firstSeen=1787686439472 t60=1787690039472, candles=9) — row stays pending",d3288359c6a9bd34,[object Object],,0000000000000000e4c27620c476a6b0403e273e52e5578f,info
2026-09-28 08:04:08,"[earlier-entry] no as-of anchor candles for 7RCftn8rC3tXJ9W3hGyDYYkE2XznET9P7Je2549Jpump (firstSeen=1787686352258 t60=1787689952258, candles=38) — row stays pending",9d07000d79ac4306,[object Object],,0000000000000000e4c27620c476a6b0403e273e52e5578f,info
2026-09-28 08:04:07,"[earlier-entry] no as-of anchor candles for HsvQv85YpRn8xkrg4b2J5MmVCAyESMF5hX8G2BUEqzr7 (firstSeen=1787685017096 t60=1787688617096, candles=18) — row stays pending",e892710dfa5a05a6,[object Object],,0000000000000000e4c27620c476a6b0403e273e52e5578f,info
2026-09-28 08:04:07,"[dexscreener] Rate limited (429), retrying in 4000ms (attempt 3/3)...",df341d54defa6be4,[object Object],,0000000000000000e4c27620c476a6b0403e273e52e5578f,info
2026-09-28 08:04:06,"[earlier-entry] no as-of anchor candles for EB7QuhGEXp8wib68Km92tBqYanwUdrA3f7Sk6dMypump (firstSeen=1787684697580 t60=1787688297580, candles=7) — row stays pending",38ec882e5f272dd9,[object Object],,0000000000000000e4c27620c476a6b0403e273e52e5578f,info
2026-09-28 08:04:06,"[earlier-entry] no as-of anchor candles for FxvtBMd5ngXRsbZd61HGf3LHvcKk6z59EMV3H25ppump (firstSeen=1787684410683 t60=1787688010683, candles=5) — row stays pending",f7bf709604bd5a25,[object Object],,0000000000000000e4c27620c476a6b0403e273e52e5578f,info
2026-09-28 08:04:05,"[dexscreener] Rate limited (429), retrying in 2000ms (attempt 2/3)...",26062990756eecef,[object Object],,0000000000000000e4c27620c476a6b0403e273e52e5578f,info
2026-09-28 08:04:05,"[earlier-entry] no as-of anchor candles for 3idZz5MN5L9edMVFfyGq1SxPYjgUza6PMNnBvFdcpump (firstSeen=1787684410683 t60=1787688010683, candles=24) — row stays pending",fb2b1777cb8b07b9,[object Object],,0000000000000000e4c27620c476a6b0403e273e52e5578f,info
2026-09-28 08:04:04,"[earlier-entry] no as-of anchor candles for DYDxcfzyx9hG7wHMNnt7LVeXbZ53YhDwozdKK5Zopump (firstSeen=1787684406374 t60=1787688006374, candles=3) — row stays pending",bbd613f67508fccb,[object Object],,0000000000000000e4c27620c476a6b0403e273e52e5578f,info
2026-09-28 08:04:04,"[dexscreener] Rate limited (429), retrying in 1000ms (attempt 1/3)...",95fedadf5f7972ca,[object Object],,0000000000000000e4c27620c476a6b0403e273e52e5578f,info
2026-09-28 08:04:04,[healthcheck] ping ok (HTTP 200),70659fc0b17f873f,[object Object],,0000000000000000e4c27620c476a6b0403e273e52e5578f,info
2026-09-28 08:04:04,[mevx] notifications=200 parseSkips=0 endpoints=2,49b8de4411f98e4,[object Object],,0000000000000000e4c27620c476a6b0403e273e52e5578f,info
2026-09-28 08:04:04,[gmgn-budget] earlier-entry=5360req/3b feed-kol=278req/0b feed-discovery=139req/0b conviction=110req/0b hot-netflow=21req/10b over ~117min since=2026-09-28T09:07:26.244Z dropped=921,883f5541bb8a0fa,[object Object],,0000000000000000e4c27620c476a6b0403e273e52e5578f,info
2026-09-28 08:04:04,[mevx] notifications=200 parseSkips=0 endpoints=2,747a33816fee8cd1,[object Object],,0000000000000000e4c27620c476a6b0403e273e52e5578f,info
2026-09-28 08:04:03,"[earlier-entry] no as-of anchor candles for F5CPPs42UKS6LcJzSXwTEgh2e3oXxzCBTa1iMfftpump (firstSeen=1787684400726 t60=1787688000726, candles=6) — row stays pending",a3fd8972a0bfc128,[object Object],,0000000000000000e4c27620c476a6b0403e273e52e5578f,info
2026-09-28 08:04:02,"[earlier-entry] no as-of anchor candles for A4ihj8g1RCjFT44vDjtkfYFT41yjmf1NbXtkdoiBnvwp (firstSeen=1787684375043 t60=1787687975043, candles=3) — row stays pending",c2f26675ec50d523,[object Object],,0000000000000000e4c27620c476a6b0403e273e52e5578f,info
2026-09-28 08:04:02,"[earlier-entry] no as-of anchor candles for CW7HuFKJKGWYd932ziUtD4FddXLkofKCzaW3y5c4pump (firstSeen=1787684375041 t60=1787687975041, candles=12) — row stays pending",6bda56f4b5d91e80,[object Object],,0000000000000000e4c27620c476a6b0403e273e52e5578f,info
2026-09-28 08:04:01,[hot] poll source=mevx candidates=121 passing=1 newest_age_min=9,2c88ab90658ddc08,[object Object],,0000000000000000e4c27620c476a6b0403e273e52e5578f,info
2026-09-28 08:04:01,[mevx] notifications=200 parseSkips=0 endpoints=2,e1e6563f3ebdf628,[object Object],,0000000000000000e4c27620c476a6b0403e273e52e5578f,info
2026-09-28 08:04:01,[earlier-entry] GMGN kline EMPTY history for 2rqRG1GH8iiXjNc5S3eBaJJQtsnuKxjp7cEGWwm5pump (window 1787684255034..1787688095034) — row stays pending,457a970ae40c91b0,[object Object],,0000000000000000e4c27620c476a6b0403e273e52e5578f,info
2026-09-28 08:04:00,"[earlier-entry] no as-of anchor candles for Fy3n6AqYfwZrHosrdxKKvsxWh8CKaUste2DCpHTspump (firstSeen=1787684375032 t60=1787687975032, candles=7) — row stays pending",77884599cd1e9a27,[object Object],,0000000000000000e4c27620c476a6b0403e273e52e5578f,info
2026-09-28 08:03:59,"[earlier-entry] no as-of anchor candles for USCSiKDUVap6hj33JvRDYq6bEmiBwVm3BvE6o5fNgRf (firstSeen=1787684375031 t60=1787687975031, candles=5) — row stays pending",258d19970a00ab23,[object Object],,0000000000000000e4c27620c476a6b0403e273e52e5578f,info
2026-09-28 08:03:58,"[earlier-entry] no as-of anchor candles for FBCStPyNtdW5gnEmsmdFY1whJ7jxEuPggN6un416oJ77 (firstSeen=1787684375030 t60=1787687975030, candles=3) — row stays pending",b52cf50e2b518bb7,[object Object],,0000000000000000e4c27620c476a6b0403e273e52e5578f,info
2026-09-28 08:03:46,[hot] poll source=mevx candidates=121 passing=1 newest_age_min=9,5b2661097a184ff5,[object Object],,0000000000000000e4c27620c476a6b0403e273e52e5578f,info
2026-09-28 08:03:46,[mevx] notifications=200 parseSkips=0 endpoints=2,9a22b05810aa78c0,[object Object],,0000000000000000e4c27620c476a6b0403e273e52e5578f,info
2026-09-28 08:03:34,[dexscreener] Polled 27 Solana pairs,170f4f52b80c607b,[object Object],,0000000000000000e4c27620c476a6b0403e273e52e5578f,info
2026-09-28 08:03:34,"[dexscreener] Got 30 profiles, 15 Solana",acd11afcbb747223,[object Object],,0000000000000000e4c27620c476a6b0403e273e52e5578f,info
2026-09-28 08:03:31,[hot] poll source=mevx candidates=121 passing=1 newest_age_min=9,1e969d047e02c5f6,[object Object],,0000000000000000e4c27620c476a6b0403e273e52e5578f,info
2026-09-28 08:03:31,[mevx] notifications=200 parseSkips=0 endpoints=2,50865847adc4f6d9,[object Object],,0000000000000000e4c27620c476a6b0403e273e52e5578f,info
2026-09-28 08:03:30,"[earlier-entry] no as-of anchor candles for G1fDSMMg6GsreL343Y8PGVzYht2CTfEtjZFuX3vRpump (firstSeen=1787694184135 t60=1787697784135, candles=36) — row stays pending",7fbb6661e7a280c4,[object Object],,0000000000000000e4c27620c476a6b0403e273e52e5578f,info
2026-09-28 08:03:29,"[earlier-entry] no as-of anchor candles for EJUTDNaakydzbVJa7qisRuSFBpBAKWchuWvbwWXppump (firstSeen=1787694131175 t60=1787697731175, candles=8) — row stays pending",baef2efdd87910b3,[object Object],,0000000000000000e4c27620c476a6b0403e273e52e5578f,info
2026-09-28 08:03:28,"[earlier-entry] no as-of anchor candles for 5VsmPH57C3ApqVVV7D2B2yELj7moVJ8VWc1DNWTspump (firstSeen=1787693539578 t60=1787697139578, candles=22) — row stays pending",da199215e024067e,[object Object],,0000000000000000e4c27620c476a6b0403e273e52e5578f,info
2026-09-28 08:03:28,"[earlier-entry] no as-of anchor candles for 87UDuAH5UxDxtHJ6TbuvZJut78JxcQU1X4h8HyKLpump (firstSeen=1787693012218 t60=1787696612218, candles=21) — row stays pending",3ad1c343be9397b7,[object Object],,0000000000000000e4c27620c476a6b0403e273e52e5578f,info
2026-09-28 08:03:27,[earlier-entry] GMGN kline EMPTY history for GZR59y93kd9mhSf1y9jj3MQaaDRTLjKHkAumj5wZpump (window 1787692284174..1787696124174) — row stays pending,1d894887e71d24a6,[object Object],,0000000000000000e4c27620c476a6b0403e273e52e5578f,info
2026-09-28 08:03:26,"[earlier-entry] no as-of anchor candles for FASuHwpPmEMV5eR97eveRShvFynoqMi4uyTk9Qxvpump (firstSeen=1787692374995 t60=1787695974995, candles=13) — row stays pending",dc656575d2ef8bc0,[object Object],,0000000000000000e4c27620c476a6b0403e273e52e5578f,info
2026-09-28 08:03:26,"[microaudit:priority] tick done: 0 queued, 0 cooldown-skipped, 0 capped, 0 fetched, 0 stamped, 0 deferred, 0 stale-skipped",fddeaa551408fd49,[object Object],,0000000000000000e4c27620c476a6b0403e273e52e5578f,info
2026-09-28 08:03:25,"[earlier-entry] no as-of anchor candles for ETTE5N3HsJd1m9BFtHsadZqRU1x8ZsxByehUugtZpump (firstSeen=1787692355448 t60=1787695955448, candles=2) — row stays pending",698ae65ecbca8942,[object Object],,0000000000000000e4c27620c476a6b0403e273e52e5578f,info
2026-09-28 08:03:24,"[earlier-entry] no as-of anchor candles for 42SYB3Fyd7KV9GkHjVW36WxgzNJpu3EKNvUyp9sHpump (firstSeen=1787692355442 t60=1787695955442, candles=23) — row stays pending",609389acb404456f,[object Object],,0000000000000000e4c27620c476a6b0403e273e52e5578f,info
2026-09-28 08:03:23,"[earlier-entry] no as-of anchor candles for 9FFDy5LsmrQJVGevooMomQtwZ6nByeD95CB43qy4pump (firstSeen=1787692355440 t60=1787695955440, candles=10) — row stays pending",73ac5a770630298c,[object Object],,0000000000000000e4c27620c476a6b0403e273e52e5578f,info
2026-09-28 08:03:23,"[earlier-entry] no as-of anchor candles for 672KyXWJE8infxtD3gNHAZGdDGuWSmgVCUKrScB6pump (firstSeen=1787692355435 t60=1787695955435, candles=7) — row stays pending",59ef3d203b04f581,[object Object],,0000000000000000e4c27620c476a6b0403e273e52e5578f,info
2026-09-28 08:03:22,"[earlier-entry] no as-of anchor candles for 4qjPZWnR8usFJsMmgU4thuWuasvN7rV45VMthMbdpump (firstSeen=1787692355334 t60=1787695955334, candles=15) — row stays pending",ea4f26a0f708385f,[object Object],,0000000000000000e4c27620c476a6b0403e273e52e5578f,info
2026-09-28 08:03:21,"[earlier-entry] no as-of anchor candles for TKLCx7SBsPLT2DvoHAGwW348RBL4jEDtDdFck7opump (firstSeen=1787692355333 t60=1787695955333, candles=14) — row stays pending",376c0b1fd968086d,[object Object],,0000000000000000e4c27620c476a6b0403e273e52e5578f,info
2026-09-28 08:03:20,"[earlier-entry] no as-of anchor candles for 2fqG8LbiKNDYgFpZZZ6F9uke6GhRe7fqw9Pa4oJupump (firstSeen=1787689254230 t60=1787692854230, candles=1) — row stays pending",dd4f33e726e489b9,[object Object],,0000000000000000e4c27620c476a6b0403e273e52e5578f,info
2026-09-28 08:03:20,"[earlier-entry] no as-of anchor candles for 4n7hKbjRQ8kikDXoZJj6QSpr2ZtTNJCJTf7NuCnipump (firstSeen=1787689034855 t60=1787692634855, candles=13) — row stays pending",be498de94f24084c,[object Object],,0000000000000000e4c27620c476a6b0403e273e52e5578f,info
2026-09-28 08:03:19,"[earlier-entry] no as-of anchor candles for Hr4TZjRcphKM21oh4BrQjH66kHhuBPDEzRTuMTXFpump (firstSeen=1787688442375 t60=1787692042375, candles=3) — row stays pending",85277fe4c6f3ea5c,[object Object],,0000000000000000e4c27620c476a6b0403e273e52e5578f,info
2026-09-28 08:03:18,"[earlier-entry] no as-of anchor candles for H2qTatoCJMx1fXFWZpjYLAdc6it7TYmzeQTnY7Mjpump (firstSeen=1787688441901 t60=1787692041901, candles=25) — row stays pending",1f17134304cead00,[object Object],,0000000000000000e4c27620c476a6b0403e273e52e5578f,info
2026-09-28 08:03:17,"[earlier-entry] no as-of anchor candles for FWRkpgMqsAhY6aQrz7npK32VwTkwjCBF5n4Enybnpump (firstSeen=1787688319574 t60=1787691919574, candles=3) — row stays pending",4c07d4687bdbbf06,[object Object],,0000000000000000e4c27620c476a6b0403e273e52e5578f,info
2026-09-28 08:03:16,"[earlier-entry] no as-of anchor candles for 7gLfH99aqSjBaRXfhrzm2vEgrxKvvSgm2JctF5rgpump (firstSeen=1787688148054 t60=1787691748054, candles=33) — row stays pending",676e94cc986f1b05,[object Object],,0000000000000000e4c27620c476a6b0403e273e52e5578f,info
2026-09-28 08:03:16,[hot] poll source=mevx candidates=121 passing=1 newest_age_min=9,8a1e25345cee28d8,[object Object],,0000000000000000e4c27620c476a6b0403e273e52e5578f,info
2026-09-28 08:03:16,[mevx] notifications=200 parseSkips=0 endpoints=2,8f83b3a58498e006,[object Object],,0000000000000000e4c27620c476a6b0403e273e52e5578f,info
2026-09-28 08:03:16,"[earlier-entry] no as-of anchor candles for 4izEqGCX9KxD2xWZkJkMn8WRqNiBqkq2eX8PZqRDpump (firstSeen=1787687575575 t60=1787691175575, candles=7) — row stays pending",7acfebd9f172deee,[object Object],,0000000000000000e4c27620c476a6b0403e273e52e5578f,info
2026-09-28 08:03:15,"[earlier-entry] no as-of anchor candles for 4185dnL3PaVsKyikTEQApEhgRXbYbyxJGwYK6qQ2pump (firstSeen=1787687522215 t60=1787691122215, candles=6) — row stays pending",c35e6a9e1d7c7573,[object Object],,0000000000000000e4c27620c476a6b0403e273e52e5578f,info
2026-09-28 08:03:14,"[earlier-entry] no as-of anchor candles for FDcGUXTEGpn3dZDhW3PLnk3jvEyuLLWEXM8Jpg81pump (firstSeen=1787687437815 t60=1787691037815, candles=10) — row stays pending",64d6fd8faeaf45ac,[object Object],,0000000000000000e4c27620c476a6b0403e273e52e5578f,info
2026-09-28 08:03:13,"[earlier-entry] no as-of anchor candles for pbiX8giTJnC2nKAMfxTStJrTtT9XbNz5zPx6y7mpump (firstSeen=1787687380536 t60=1787690980536, candles=9) — row stays pending",fee835e2e69e4b46,[object Object],,0000000000000000e4c27620c476a6b0403e273e52e5578f,info
2026-09-28 08:03:12,"[earlier-entry] no as-of anchor candles for CebGgVwrWHkAhfWZi6jHgeduKRSDzijnGZVQ97k6pump (firstSeen=1787687278695 t60=1787690878695, candles=20) — row stays pending",6981703a3573df20,[object Object],,0000000000000000e4c27620c476a6b0403e273e52e5578f,info
2026-09-28 08:03:12,"[earlier-entry] no as-of anchor candles for En9sQtnHpByLEE7ykhFQ25PirV54rYegEJCjBV87pump (firstSeen=1787686994060 t60=1787690594060, candles=16) — row stays pending",cb9f7688b09394a7,[object Object],,0000000000000000e4c27620c476a6b0403e273e52e5578f,info
2026-09-28 08:03:11,[gmgn-feed] kol poll: events=96 tx=47 mints=14 new=2,443c23a34450ac85,[object Object],,0000000000000000e4c27620c476a6b0403e273e52e5578f,info
2026-09-28 08:03:11,[gmgn-feed] discovery poll: saw=60 new=23 deduped=37,108cb97c37324358,[object Object],,0000000000000000e4c27620c476a6b0403e273e52e5578f,info
2026-09-28 08:03:10,"[earlier-entry] no as-of anchor candles for 5N8vsaxFs7cVuw7fQyhTSYMPpdzMt8nGNr2f5kaHpump (firstSeen=1787686853336 t60=1787690453336, candles=11) — row stays pending",a19972106f9ba6b9,[object Object],,0000000000000000e4c27620c476a6b0403e273e52e5578f,info
2026-09-28 08:03:10,"[earlier-entry] no as-of anchor candles for J1TNHqaAYuratcbSwgsPcTXi2jShxvZMsC2HBBZJpump (firstSeen=1787686693415 t60=1787690293415, candles=29) — row stays pending",54ce7feca9eff5f5,[object Object],,0000000000000000e4c27620c476a6b0403e273e52e5578f,info
2026-09-28 08:03:09,"[earlier-entry] no as-of anchor candles for 98fAqajBY3ZthsUiHKXSat7tSt4PEutdbdUGy4pfpump (firstSeen=1787686439472 t60=1787690039472, candles=9) — row stays pending",3e752c51770dc2d9,[object Object],,0000000000000000e4c27620c476a6b0403e273e52e5578f,info
2026-09-28 08:03:08,"[earlier-entry] no as-of anchor candles for 7RCftn8rC3tXJ9W3hGyDYYkE2XznET9P7Je2549Jpump (firstSeen=1787686352258 t60=1787689952258, candles=38) — row stays pending",2173521a845045c5,[object Object],,0000000000000000e4c27620c476a6b0403e273e52e5578f,info
2026-09-28 08:03:07,"[earlier-entry] no as-of anchor candles for HsvQv85YpRn8xkrg4b2J5MmVCAyESMF5hX8G2BUEqzr7 (firstSeen=1787685017096 t60=1787688617096, candles=18) — row stays pending",99514e199d2c1148,[object Object],,0000000000000000e4c27620c476a6b0403e273e52e5578f,info
2026-09-28 08:03:06,"[earlier-entry] no as-of anchor candles for EB7QuhGEXp8wib68Km92tBqYanwUdrA3f7Sk6dMypump (firstSeen=1787684697580 t60=1787688297580, candles=7) — row stays pending",5d92dd8b3d70532c,[object Object],,0000000000000000e4c27620c476a6b0403e273e52e5578f,info
2026-09-28 08:03:06,"[earlier-entry] no as-of anchor candles for FxvtBMd5ngXRsbZd61HGf3LHvcKk6z59EMV3H25ppump (firstSeen=1787684410683 t60=1787688010683, candles=5) — row stays pending",144172bbc0b16126,[object Object],,0000000000000000e4c27620c476a6b0403e273e52e5578f,info
2026-09-28 08:03:05,"[earlier-entry] no as-of anchor candles for 3idZz5MN5L9edMVFfyGq1SxPYjgUza6PMNnBvFdcpump (firstSeen=1787684410683 t60=1787688010683, candles=24) — row stays pending",83154c84ae5c41c7,[object Object],,0000000000000000e4c27620c476a6b0403e273e52e5578f,info
2026-09-28 08:03:04,[dexscreener] Polled 27 Solana pairs,7e432f46ab00dd96,[object Object],,0000000000000000e4c27620c476a6b0403e273e52e5578f,info
2026-09-28 08:03:04,"[dexscreener] Got 30 profiles, 15 Solana",2df7296b206c129,[object Object],,0000000000000000e4c27620c476a6b0403e273e52e5578f,info
2026-09-28 08:03:04,"[earlier-entry] no as-of anchor candles for DYDxcfzyx9hG7wHMNnt7LVeXbZ53YhDwozdKK5Zopump (firstSeen=1787684406374 t60=1787688006374, candles=3) — row stays pending",fa6276cb237fb107,[object Object],,0000000000000000e4c27620c476a6b0403e273e52e5578f,info
2026-09-28 08:03:04,[mevx] notifications=200 parseSkips=0 endpoints=2,3b57ea88e21fcff8,[object Object],,0000000000000000e4c27620c476a6b0403e273e52e5578f,info
2026-09-28 08:03:04,[gmgn-budget] earlier-entry=5320req/3b feed-kol=276req/0b feed-discovery=138req/0b conviction=110req/0b hot-netflow=21req/10b over ~117min since=2026-09-28T09:06:26.385Z dropped=878,fcc223d227ec2af4,[object Object],,0000000000000000e4c27620c476a6b0403e273e52e5578f,info
2026-09-28 08:03:04,[mevx] notifications=200 parseSkips=0 endpoints=2,c638e5b889d49066,[object Object],,0000000000000000e4c27620c476a6b0403e273e52e5578f,info
2026-09-28 08:03:03,"[earlier-entry] no as-of anchor candles for F5CPPs42UKS6LcJzSXwTEgh2e3oXxzCBTa1iMfftpump (firstSeen=1787684400726 t60=1787688000726, candles=6) — row stays pending",e72b9a6fc2f95286,[object Object],,0000000000000000e4c27620c476a6b0403e273e52e5578f,info
2026-09-28 08:03:02,"[earlier-entry] no as-of anchor candles for A4ihj8g1RCjFT44vDjtkfYFT41yjmf1NbXtkdoiBnvwp (firstSeen=1787684375043 t60=1787687975043, candles=3) — row stays pending",37906d2dc1739d42,[object Object],,0000000000000000e4c27620c476a6b0403e273e52e5578f,info
2026-09-28 08:03:02,"[earlier-entry] no as-of anchor candles for CW7HuFKJKGWYd932ziUtD4FddXLkofKCzaW3y5c4pump (firstSeen=1787684375041 t60=1787687975041, candles=12) — row stays pending",de2a4a85743e4137,[object Object],,0000000000000000e4c27620c476a6b0403e273e52e5578f,info
2026-09-28 08:03:01,[hot] poll source=mevx candidates=121 passing=1 newest_age_min=8,76c3e4ae911cd9bc,[object Object],,0000000000000000e4c27620c476a6b0403e273e52e5578f,info
2026-09-28 08:03:01,[mevx] notifications=200 parseSkips=0 endpoints=2,3e01d6c94efc5cb,[object Object],,0000000000000000e4c27620c476a6b0403e273e52e5578f,info
2026-09-28 08:03:01,[earlier-entry] GMGN kline EMPTY history for 2rqRG1GH8iiXjNc5S3eBaJJQtsnuKxjp7cEGWwm5pump (window 1787684255034..1787688095034) — row stays pending,46ff4c6645fb30fd,[object Object],,0000000000000000e4c27620c476a6b0403e273e52e5578f,info
2026-09-28 08:03:00,"[earlier-entry] no as-of anchor candles for Fy3n6AqYfwZrHosrdxKKvsxWh8CKaUste2DCpHTspump (firstSeen=1787684375032 t60=1787687975032, candles=7) — row stays pending",5382b98fc07df2cc,[object Object],,0000000000000000e4c27620c476a6b0403e273e52e5578f,info
2026-09-28 08:02:59,"[earlier-entry] no as-of anchor candles for USCSiKDUVap6hj33JvRDYq6bEmiBwVm3BvE6o5fNgRf (firstSeen=1787684375031 t60=1787687975031, candles=5) — row stays pending",2101070da8bdd9e0,[object Object],,0000000000000000e4c27620c476a6b0403e273e52e5578f,info
2026-09-28 08:02:58,"[earlier-entry] no as-of anchor candles for FBCStPyNtdW5gnEmsmdFY1whJ7jxEuPggN6un416oJ77 (firstSeen=1787684375030 t60=1787687975030, candles=3) — row stays pending",e61237c38c86f07a,[object Object],,0000000000000000e4c27620c476a6b0403e273e52e5578f,info
2026-09-28 08:02:46,[hot] poll source=mevx candidates=121 passing=1 newest_age_min=8,99622e4d5e87d767,[object Object],,0000000000000000e4c27620c476a6b0403e273e52e5578f,info
2026-09-28 08:02:46,[mevx] notifications=200 parseSkips=0 endpoints=2,691cdc0d16443f4d,[object Object],,0000000000000000e4c27620c476a6b0403e273e52e5578f,info
2026-09-28 08:02:41,[dexscreener] Profiles fetch failed: 429,845be8674b4858b0,[object Object],,0000000000000000e4c27620c476a6b0403e273e52e5578f,info
2026-09-28 08:02:41,[dexscreener] Rate limit exhausted after retries,73bad96944b437c6,[object Object],,0000000000000000e4c27620c476a6b0403e273e52e5578f,info
2026-09-28 08:02:37,"[dexscreener] Rate limited (429), retrying in 4000ms (attempt 3/3)...",3386eb1672dd75cb,[object Object],,0000000000000000e4c27620c476a6b0403e273e52e5578f,info
2026-09-28 08:02:35,"[dexscreener] Rate limited (429), retrying in 2000ms (attempt 2/3)...",2c1e07459a7f3803,[object Object],,0000000000000000e4c27620c476a6b0403e273e52e5578f,info
2026-09-28 08:02:34,"[dexscreener] Rate limited (429), retrying in 1000ms (attempt 1/3)...",392931ed8e05bdcb,[object Object],,0000000000000000e4c27620c476a6b0403e273e52e5578f,info
2026-09-28 08:02:31,[hot] poll source=mevx candidates=121 passing=1 newest_age_min=8,b0cfe83c3dcdcdb0,[object Object],,0000000000000000e4c27620c476a6b0403e273e52e5578f,info
2026-09-28 08:02:31,[mevx] notifications=200 parseSkips=0 endpoints=2,db198c29787dee16,[object Object],,0000000000000000e4c27620c476a6b0403e273e52e5578f,info
2026-09-28 08:02:30,"[earlier-entry] no as-of anchor candles for G1fDSMMg6GsreL343Y8PGVzYht2CTfEtjZFuX3vRpump (firstSeen=1787694184135 t60=1787697784135, candles=36) — row stays pending",49e57f0455137d69,[object Object],,0000000000000000e4c27620c476a6b0403e273e52e5578f,info
2026-09-28 08:02:29,"[earlier-entry] no as-of anchor candles for EJUTDNaakydzbVJa7qisRuSFBpBAKWchuWvbwWXppump (firstSeen=1787694131175 t60=1787697731175, candles=8) — row stays pending",ddabe36ebaf43138,[object Object],,0000000000000000e4c27620c476a6b0403e273e52e5578f,info
2026-09-28 08:02:28,"[earlier-entry] no as-of anchor candles for 5VsmPH57C3ApqVVV7D2B2yELj7moVJ8VWc1DNWTspump (firstSeen=1787693539578 t60=1787697139578, candles=22) — row stays pending",493b4b2b7642ff77,[object Object],,0000000000000000e4c27620c476a6b0403e273e52e5578f,info
2026-09-28 08:02:27,"[earlier-entry] no as-of anchor candles for 87UDuAH5UxDxtHJ6TbuvZJut78JxcQU1X4h8HyKLpump (firstSeen=1787693012218 t60=1787696612218, candles=21) — row stays pending",320da98b122efd69,[object Object],,0000000000000000e4c27620c476a6b0403e273e52e5578f,info
2026-09-28 08:02:27,[earlier-entry] GMGN kline EMPTY history for GZR59y93kd9mhSf1y9jj3MQaaDRTLjKHkAumj5wZpump (window 1787692284174..1787696124174) — row stays pending,57560542b18eadea,[object Object],,0000000000000000e4c27620c476a6b0403e273e52e5578f,info
2026-09-28 08:02:26,"[earlier-entry] no as-of anchor candles for FASuHwpPmEMV5eR97eveRShvFynoqMi4uyTk9Qxvpump (firstSeen=1787692374995 t60=1787695974995, candles=13) — row stays pending",efa4d780848f79c9,[object Object],,0000000000000000e4c27620c476a6b0403e273e52e5578f,info
2026-09-28 08:02:26,"[microaudit:priority] tick done: 0 queued, 0 cooldown-skipped, 0 capped, 0 fetched, 0 stamped, 0 deferred, 0 stale-skipped",92d4b303ea573528,[object Object],,0000000000000000e4c27620c476a6b0403e273e52e5578f,info
2026-09-28 08:02:25,"[earlier-entry] no as-of anchor candles for ETTE5N3HsJd1m9BFtHsadZqRU1x8ZsxByehUugtZpump (firstSeen=1787692355448 t60=1787695955448, candles=2) — row stays pending",9c9f25ca514bd7e,[object Object],,0000000000000000e4c27620c476a6b0403e273e52e5578f,info
2026-09-28 08:02:24,"[earlier-entry] no as-of anchor candles for 42SYB3Fyd7KV9GkHjVW36WxgzNJpu3EKNvUyp9sHpump (firstSeen=1787692355442 t60=1787695955442, candles=23) — row stays pending",1f27ae8e48167ac0,[object Object],,0000000000000000e4c27620c476a6b0403e273e52e5578f,info
2026-09-28 08:02:23,"[earlier-entry] no as-of anchor candles for 9FFDy5LsmrQJVGevooMomQtwZ6nByeD95CB43qy4pump (firstSeen=1787692355440 t60=1787695955440, candles=10) — row stays pending",f817dbbfc6852b4c,[object Object],,0000000000000000e4c27620c476a6b0403e273e52e5578f,info
2026-09-28 08:02:23,"[earlier-entry] no as-of anchor candles for 672KyXWJE8infxtD3gNHAZGdDGuWSmgVCUKrScB6pump (firstSeen=1787692355435 t60=1787695955435, candles=7) — row stays pending",6070db12d13dd9df,[object Object],,0000000000000000e4c27620c476a6b0403e273e52e5578f,info
2026-09-28 08:02:22,"[earlier-entry] no as-of anchor candles for 4qjPZWnR8usFJsMmgU4thuWuasvN7rV45VMthMbdpump (firstSeen=1787692355334 t60=1787695955334, candles=15) — row stays pending",88716a7ae03cd75,[object Object],,0000000000000000e4c27620c476a6b0403e273e52e5578f,info
2026-09-28 08:02:21,"[earlier-entry] no as-of anchor candles for TKLCx7SBsPLT2DvoHAGwW348RBL4jEDtDdFck7opump (firstSeen=1787692355333 t60=1787695955333, candles=14) — row stays pending",1e7cb9e1af0a064d,[object Object],,0000000000000000e4c27620c476a6b0403e273e52e5578f,info
2026-09-28 08:02:20,"[earlier-entry] no as-of anchor candles for 2fqG8LbiKNDYgFpZZZ6F9uke6GhRe7fqw9Pa4oJupump (firstSeen=1787689254230 t60=1787692854230, candles=1) — row stays pending",f73e392230e61f9a,[object Object],,0000000000000000e4c27620c476a6b0403e273e52e5578f,info
2026-09-28 08:02:20,"[earlier-entry] no as-of anchor candles for 4n7hKbjRQ8kikDXoZJj6QSpr2ZtTNJCJTf7NuCnipump (firstSeen=1787689034855 t60=1787692634855, candles=13) — row stays pending",b17a49970e8baf1f,[object Object],,0000000000000000e4c27620c476a6b0403e273e52e5578f,info
2026-09-28 08:02:19,"[earlier-entry] no as-of anchor candles for Hr4TZjRcphKM21oh4BrQjH66kHhuBPDEzRTuMTXFpump (firstSeen=1787688442375 t60=1787692042375, candles=3) — row stays pending",bf2c91a8449808d6,[object Object],,0000000000000000e4c27620c476a6b0403e273e52e5578f,info
2026-09-28 08:02:18,"[earlier-entry] no as-of anchor candles for H2qTatoCJMx1fXFWZpjYLAdc6it7TYmzeQTnY7Mjpump (firstSeen=1787688441901 t60=1787692041901, candles=25) — row stays pending",6764ad5734742964,[object Object],,0000000000000000e4c27620c476a6b0403e273e52e5578f,info
2026-09-28 08:02:17,"[earlier-entry] no as-of anchor candles for FWRkpgMqsAhY6aQrz7npK32VwTkwjCBF5n4Enybnpump (firstSeen=1787688319574 t60=1787691919574, candles=3) — row stays pending",30124829c1b26ab2,[object Object],,0000000000000000e4c27620c476a6b0403e273e52e5578f,info
2026-09-28 08:02:16,"[earlier-entry] no as-of anchor candles for 7gLfH99aqSjBaRXfhrzm2vEgrxKvvSgm2JctF5rgpump (firstSeen=1787688148054 t60=1787691748054, candles=33) — row stays pending",5b912d0fe05b75cf,[object Object],,0000000000000000e4c27620c476a6b0403e273e52e5578f,info
2026-09-28 08:02:16,[hot] poll source=mevx candidates=121 passing=1 newest_age_min=8,9c6342d4cbf0d990,[object Object],,0000000000000000e4c27620c476a6b0403e273e52e5578f,info
2026-09-28 08:02:16,[mevx] notifications=200 parseSkips=0 endpoints=2,404a34c0a6404877,[object Object],,0000000000000000e4c27620c476a6b0403e273e52e5578f,info
2026-09-28 08:02:16,"[earlier-entry] no as-of anchor candles for 4izEqGCX9KxD2xWZkJkMn8WRqNiBqkq2eX8PZqRDpump (firstSeen=1787687575575 t60=1787691175575, candles=7) — row stays pending",b177d0fd64bca31e,[object Object],,0000000000000000e4c27620c476a6b0403e273e52e5578f,info
2026-09-28 08:02:15,"[earlier-entry] no as-of anchor candles for 4185dnL3PaVsKyikTEQApEhgRXbYbyxJGwYK6qQ2pump (firstSeen=1787687522215 t60=1787691122215, candles=6) — row stays pending",b5d70ca1a58c364f,[object Object],,0000000000000000e4c27620c476a6b0403e273e52e5578f,info
2026-09-28 08:02:14,"[earlier-entry] no as-of anchor candles for FDcGUXTEGpn3dZDhW3PLnk3jvEyuLLWEXM8Jpg81pump (firstSeen=1787687437815 t60=1787691037815, candles=10) — row stays pending",9dcb18d8023fff3f,[object Object],,0000000000000000e4c27620c476a6b0403e273e52e5578f,info
2026-09-28 08:02:13,"[earlier-entry] no as-of anchor candles for pbiX8giTJnC2nKAMfxTStJrTtT9XbNz5zPx6y7mpump (firstSeen=1787687380536 t60=1787690980536, candles=9) — row stays pending",39d5363a5d07726d,[object Object],,0000000000000000e4c27620c476a6b0403e273e52e5578f,info
2026-09-28 08:02:12,"[earlier-entry] no as-of anchor candles for CebGgVwrWHkAhfWZi6jHgeduKRSDzijnGZVQ97k6pump (firstSeen=1787687278695 t60=1787690878695, candles=20) — row stays pending",dee5fb7d095dce88,[object Object],,0000000000000000e4c27620c476a6b0403e273e52e5578f,info
2026-09-28 08:02:12,[gmgn-feed] kol poll: events=97 tx=38 mints=24 new=3,90f9564ebc8e289c,[object Object],,0000000000000000e4c27620c476a6b0403e273e52e5578f,info
2026-09-28 08:02:11,"[earlier-entry] no as-of anchor candles for En9sQtnHpByLEE7ykhFQ25PirV54rYegEJCjBV87pump (firstSeen=1787686994060 t60=1787690594060, candles=16) — row stays pending",faa1f19dc2104e0e,[object Object],,0000000000000000e4c27620c476a6b0403e273e52e5578f,info
2026-09-28 08:02:11,[dexscreener] Profiles fetch failed: 429,2edb94c1899c6dd3,[object Object],,0000000000000000e4c27620c476a6b0403e273e52e5578f,info
2026-09-28 08:02:11,[dexscreener] Rate limit exhausted after retries,6dd8dad24ea1ee7,[object Object],,0000000000000000e4c27620c476a6b0403e273e52e5578f,info
2026-09-28 08:02:11,[gmgn-feed] discovery poll: saw=60 new=24 deduped=36,e76fb48b257ecd22,[object Object],,0000000000000000e4c27620c476a6b0403e273e52e5578f,info
2026-09-28 08:02:10,"[earlier-entry] no as-of anchor candles for 5N8vsaxFs7cVuw7fQyhTSYMPpdzMt8nGNr2f5kaHpump (firstSeen=1787686853336 t60=1787690453336, candles=11) — row stays pending",4b39af2d7530019e,[object Object],,0000000000000000e4c27620c476a6b0403e273e52e5578f,info
2026-09-28 08:02:10,"[earlier-entry] no as-of anchor candles for J1TNHqaAYuratcbSwgsPcTXi2jShxvZMsC2HBBZJpump (firstSeen=1787686693415 t60=1787690293415, candles=29) — row stays pending",4dae8871c259bf0a,[object Object],,0000000000000000e4c27620c476a6b0403e273e52e5578f,info
2026-09-28 08:02:09,"[earlier-entry] no as-of anchor candles for 98fAqajBY3ZthsUiHKXSat7tSt4PEutdbdUGy4pfpump (firstSeen=1787686439472 t60=1787690039472, candles=9) — row stays pending",76fe3b3843fe9a8b,[object Object],,0000000000000000e4c27620c476a6b0403e273e52e5578f,info
2026-09-28 08:02:08,"[earlier-entry] no as-of anchor candles for 7RCftn8rC3tXJ9W3hGyDYYkE2XznET9P7Je2549Jpump (firstSeen=1787686352258 t60=1787689952258, candles=38) — row stays pending",4d4efa6640c3ffdd,[object Object],,0000000000000000e4c27620c476a6b0403e273e52e5578f,info
2026-09-28 08:02:07,"[earlier-entry] no as-of anchor candles for HsvQv85YpRn8xkrg4b2J5MmVCAyESMF5hX8G2BUEqzr7 (firstSeen=1787685017096 t60=1787688617096, candles=18) — row stays pending",d57388ee65924d98,[object Object],,0000000000000000e4c27620c476a6b0403e273e52e5578f,info
2026-09-28 08:02:07,"[dexscreener] Rate limited (429), retrying in 4000ms (attempt 3/3)...",ca702ff4210377df,[object Object],,0000000000000000e4c27620c476a6b0403e273e52e5578f,info
2026-09-28 08:02:06,"[earlier-entry] no as-of anchor candles for EB7QuhGEXp8wib68Km92tBqYanwUdrA3f7Sk6dMypump (firstSeen=1787684697580 t60=1787688297580, candles=7) — row stays pending",171ea3c06b7fc2eb,[object Object],,0000000000000000e4c27620c476a6b0403e273e52e5578f,info
2026-09-28 08:02:06,"[earlier-entry] no as-of anchor candles for FxvtBMd5ngXRsbZd61HGf3LHvcKk6z59EMV3H25ppump (firstSeen=1787684410683 t60=1787688010683, candles=5) — row stays pending",ce05c16ca6681c3e,[object Object],,0000000000000000e4c27620c476a6b0403e273e52e5578f,info
2026-09-28 08:02:05,"[dexscreener] Rate limited (429), retrying in 2000ms (attempt 2/3)...",7aa1e2fa725cc6a9,[object Object],,0000000000000000e4c27620c476a6b0403e273e52e5578f,info
2026-09-28 08:02:05,"[earlier-entry] no as-of anchor candles for 3idZz5MN5L9edMVFfyGq1SxPYjgUza6PMNnBvFdcpump (firstSeen=1787684410683 t60=1787688010683, candles=24) — row stays pending",1f47d9c5d9f4d741,[object Object],,0000000000000000e4c27620c476a6b0403e273e52e5578f,info
2026-09-28 08:02:04,"[earlier-entry] no as-of anchor candles for DYDxcfzyx9hG7wHMNnt7LVeXbZ53YhDwozdKK5Zopump (firstSeen=1787684406374 t60=1787688006374, candles=3) — row stays pending",f086ddc9f3f63924,[object Object],,0000000000000000e4c27620c476a6b0403e273e52e5578f,info
2026-09-28 08:02:04,"[dexscreener] Rate limited (429), retrying in 1000ms (attempt 1/3)...",db7f9e2dd505c151,[object Object],,0000000000000000e4c27620c476a6b0403e273e52e5578f,info
2026-09-28 08:02:04,GMGN  P,eb72380e355b2384,[object Object],,0000000000000000e4c27620c476a6b0403e273e52e5578f,info
2026-09-28 08:02:04,📊 Live data: vol $0,6e3a40d45bb89bd1,[object Object],,0000000000000000e4c27620c476a6b0403e273e52e5578f,info
2026-09-28 08:02:04,What changed,a6584a0b807c77e8,[object Object],,0000000000000000e4c27620c476a6b0403e273e52e5578f,info
2026-09-28 08:02:04,Urgency: 0.07 🟢,7e436284137fdd03,[object Object],,0000000000000000e4c27620c476a6b0403e273e52e5578f,info
2026-09-28 08:02:04,[bot] inbound from 8806712852: $MAMESUKE — 🟢 HOLD,1e99a828b0d3df8a,[object Object],,0000000000000000e4c27620c476a6b0403e273e52e5578f,info
2026-09-28 08:02:04,[mevx] notifications=200 parseSkips=0 endpoints=2,1dfb68eeb79c4446,[object Object],,0000000000000000e4c27620c476a6b0403e273e52e5578f,info
2026-09-28 08:02:04,[gmgn-budget] earlier-entry=5280req/3b feed-kol=274req/0b feed-discovery=137req/0b conviction=110req/0b hot-netflow=21req/10b over ~117min since=2026-09-28T09:05:26.331Z dropped=835,d78763902d8a30d3,[object Object],,0000000000000000e4c27620c476a6b0403e273e52e5578f,info
2026-09-28 08:02:04,[mevx] notifications=200 parseSkips=0 endpoints=2,7cce254f188904bc,[object Object],,0000000000000000e4c27620c476a6b0403e273e52e5578f,info
2026-09-28 08:02:03,"[earlier-entry] no as-of anchor candles for F5CPPs42UKS6LcJzSXwTEgh2e3oXxzCBTa1iMfftpump (firstSeen=1787684400726 t60=1787688000726, candles=6) — row stays pending",915c171286e5b94b,[object Object],,0000000000000000e4c27620c476a6b0403e273e52e5578f,info
2026-09-28 08:02:02,"[earlier-entry] no as-of anchor candles for A4ihj8g1RCjFT44vDjtkfYFT41yjmf1NbXtkdoiBnvwp (firstSeen=1787684375043 t60=1787687975043, candles=3) — row stays pending",8872f77e3f618aa9,[object Object],,0000000000000000e4c27620c476a6b0403e273e52e5578f,info
2026-09-28 08:02:02,"[earlier-entry] no as-of anchor candles for CW7HuFKJKGWYd932ziUtD4FddXLkofKCzaW3y5c4pump (firstSeen=1787684375041 t60=1787687975041, candles=12) — row stays pending",c520c2d4e7066398,[object Object],,0000000000000000e4c27620c476a6b0403e273e52e5578f,info
2026-09-28 08:02:01,[hot] poll source=mevx candidates=121 passing=1 newest_age_min=7,54ba854ae3cecd4f,[object Object],,0000000000000000e4c27620c476a6b0403e273e52e5578f,info
2026-09-28 08:02:01,[mevx] notifications=200 parseSkips=0 endpoints=2,665211d32c0b9d20,[object Object],,0000000000000000e4c27620c476a6b0403e273e52e5578f,info
2026-09-28 08:02:01,[earlier-entry] GMGN kline EMPTY history for 2rqRG1GH8iiXjNc5S3eBaJJQtsnuKxjp7cEGWwm5pump (window 1787684255034..1787688095034) — row stays pending,f49aa38163407a4c,[object Object],,0000000000000000e4c27620c476a6b0403e273e52e5578f,info
2026-09-28 08:02:00,"[earlier-entry] no as-of anchor candles for Fy3n6AqYfwZrHosrdxKKvsxWh8CKaUste2DCpHTspump (firstSeen=1787684375032 t60=1787687975032, candles=7) — row stays pending",2a03c7adbf27f2fa,[object Object],,0000000000000000e4c27620c476a6b0403e273e52e5578f,info
2026-09-28 08:02:00,🟢 Urgency changed 0.77 → 0.0,da4ae9d8adc32de9,[object Object],,0000000000000000e4c27620c476a6b0403e273e52e5578f,info
2026-09-28 08:02:00,What changed,5c459286f4cfa655,[object Object],,0000000000000000e4c27620c476a6b0403e273e52e5578f,info
2026-09-28 08:02:00,Urgency: 0.07 🟢,14f8063b6921790d,[object Object],,0000000000000000e4c27620c476a6b0403e273e52e5578f,info
2026-09-28 08:02:00,[bot] inbound from 8806712852: $MAMESUKE — 🟢 HOLD,9e311bce6561e57e,[object Object],,0000000000000000e4c27620c476a6b0403e273e52e5578f,info
2026-09-28 08:01:59,"[earlier-entry] no as-of anchor candles for USCSiKDUVap6hj33JvRDYq6bEmiBwVm3BvE6o5fNgRf (firstSeen=1787684375031 t60=1787687975031, candles=5) — row stays pending",95614d44c83750f9,[object Object],,0000000000000000e4c27620c476a6b0403e273e52e5578f,info
2026-09-28 08:01:58,"[earlier-entry] no as-of anchor candles for FBCStPyNtdW5gnEmsmdFY1whJ7jxEuPggN6un416oJ77 (firstSeen=1787684375030 t60=1787687975030, candles=3) — row stays pending",b0430ce86402fd22,[object Object],,0000000000000000e4c27620c476a6b0403e273e52e5578f,info
2026-09-28 08:01:56,🟡 Urgency changed 0.09 →,f81b9f4ceed58c9f,[object Object],,0000000000000000e4c27620c476a6b0403e273e52e5578f,info
2026-09-28 08:01:56,What changed,b25cf18866b43b89,[object Object],,0000000000000000e4c27620c476a6b0403e273e52e5578f,info
2026-09-28 08:01:56,Urgency: 0.77 🟡,23b0c260b8ffd606,[object Object],,0000000000000000e4c27620c476a6b0403e273e52e5578f,info
2026-09-28 08:01:56,[bot] inbound from 8806712852: $MAMESUKE — 🟡 CAUTION,4720cd1ba28caff2,[object Object],,0000000000000000e4c27620c476a6b0403e273e52e5578f,info
2026-09-28 08:01:52,🟢 Urgency changed 0.21 → 0.0,772d9f54c58edb6c,[object Object],,0000000000000000e4c27620c476a6b0403e273e52e5578f,info
2026-09-28 08:01:52,What changed,6c9d6addbb0cead8,[object Object],,0000000000000000e4c27620c476a6b0403e273e52e5578f,info
2026-09-28 08:01:52,Urgency: 0.09 🟢,f8c800ed004faa28,[object Object],,0000000000000000e4c27620c476a6b0403e273e52e5578f,info
2026-09-28 08:01:52,[bot] inbound from 8806712852: $MAMESUKE — 🟢 HOLD,2160567a8c713811,[object Object],,0000000000000000e4c27620c476a6b0403e273e52e5578f,info
2026-09-28 08:01:48,🟢 Urgency changed 0.09 → 0.2,f3f0771d9bd706bc,[object Object],,0000000000000000e4c27620c476a6b0403e273e52e5578f,info
2026-09-28 08:01:48,What changed,b9501c2ebfad2fb0,[object Object],,0000000000000000e4c27620c476a6b0403e273e52e5578f,info
2026-09-28 08:01:48,Urgency: 0.21 🟢,2f59674324d8eaf6,[object Object],,0000000000000000e4c27620c476a6b0403e273e52e5578f,info
2026-09-28 08:01:48,[bot] inbound from 8806712852: $MAMESUKE — 🟢 HOLD,4bf554a193762b2f,[object Object],,0000000000000000e4c27620c476a6b0403e273e52e5578f,info
2026-09-28 08:01:46,[hot] poll source=mevx candidates=121 passing=1 newest_age_min=7,186a09139449b9e7,[object Object],,0000000000000000e4c27620c476a6b0403e273e52e5578f,info
2026-09-28 08:01:46,[mevx] notifications=200 parseSkips=0 endpoints=2,5958c7b6d0b4f1b6,[object Object],,0000000000000000e4c27620c476a6b0403e273e52e5578f,info
2026-09-28 08:01:44,🟢 Urgency changed 0.10 → 0.0,2c886c6d24a0d36d,[object Object],,0000000000000000e4c27620c476a6b0403e273e52e5578f,info
2026-09-28 08:01:44,What changed,414b514e0e9ba8d3,[object Object],,0000000000000000e4c27620c476a6b0403e273e52e5578f,info
2026-09-28 08:01:44,Urgency: 0.09 🟢,d72bd3acc5f6bea3,[object Object],,0000000000000000e4c27620c476a6b0403e273e52e5578f,info
2026-09-28 08:01:44,[bot] inbound from 8806712852: $MAMESUKE — 🟢 HOLD,2eeb86070b12a410,[object Object],,0000000000000000e4c27620c476a6b0403e273e52e5578f,info
2026-09-28 08:01:40,🟢 Urgency changed 0.08 → 0.1,e4575988248678d4,[object Object],,0000000000000000e4c27620c476a6b0403e273e52e5578f,info
2026-09-28 08:01:40,What changed,9aadbbc9c1df733a,[object Object],,0000000000000000e4c27620c476a6b0403e273e52e5578f,info
2026-09-28 08:01:40,Urgency: 0.10 🟢,d15e13be37489a51,[object Object],,0000000000000000e4c27620c476a6b0403e273e52e5578f,info
2026-09-28 08:01:40,[bot] inbound from 8806712852: $MAMESUKE — 🟢 HOLD,fde56d19e37dfb07,[object Object],,0000000000000000e4c27620c476a6b0403e273e52e5578f,info
2026-09-28 08:01:36,🟢 Urgency changed 0.25 → 0.0,4bcea6f5a6be483d,[object Object],,0000000000000000e4c27620c476a6b0403e273e52e5578f,info
2026-09-28 08:01:36,What changed,34da27796df0bc36,[object Object],,0000000000000000e4c27620c476a6b0403e273e52e5578f,info
2026-09-28 08:01:36,Urgency: 0.08 🟢,f92ec4b46cb8c557,[object Object],,0000000000000000e4c27620c476a6b0403e273e52e5578f,info
2026-09-28 08:01:36,[bot] inbound from 8806712852: $MAMESUKE — 🟢 HOLD,f167ec0c92b416d2,[object Object],,0000000000000000e4c27620c476a6b0403e273e52e5578f,info
2026-09-28 08:01:34,[dexscreener] Polled 27 Solana pairs,9910c59f548ff7a0,[object Object],,0000000000000000e4c27620c476a6b0403e273e52e5578f,info
2026-09-28 08:01:34,"[dexscreener] Got 30 profiles, 15 Solana",7831e17bd449247,[object Object],,0000000000000000e4c27620c476a6b0403e273e52e5578f,info
2026-09-28 08:01:31,🟢 Urgency changed 0.37 → 0.2,b7e9a23b29b79eb3,[object Object],,0000000000000000e4c27620c476a6b0403e273e52e5578f,info
2026-09-28 08:01:31,What changed,3ad591bebef0863c,[object Object],,0000000000000000e4c27620c476a6b0403e273e52e5578f,info
2026-09-28 08:01:31,Urgency: 0.25 🟢,63a7b43fef6010dd,[object Object],,0000000000000000e4c27620c476a6b0403e273e52e5578f,info
2026-09-28 08:01:31,[bot] inbound from 8806712852: $MAMESUKE — 🟢 HOLD,85d2d0529ac6b53d,[object Object],,0000000000000000e4c27620c476a6b0403e273e52e5578f,info
2026-09-28 08:01:31,[hot] poll source=mevx candidates=121 passing=1 newest_age_min=7,6974b8065d6cadd4,[object Object],,0000000000000000e4c27620c476a6b0403e273e52e5578f,info
2026-09-28 08:01:31,[mevx] notifications=200 parseSkips=0 endpoints=2,50df7eb38e929937,[object Object],,0000000000000000e4c27620c476a6b0403e273e52e5578f,info
2026-09-28 08:01:30,"[earlier-entry] no as-of anchor candles for G1fDSMMg6GsreL343Y8PGVzYht2CTfEtjZFuX3vRpump (firstSeen=1787694184135 t60=1787697784135, candles=36) — row stays pending",f7b54ceeec3f53e,[object Object],,0000000000000000e4c27620c476a6b0403e273e52e5578f,info
2026-09-28 08:01:29,"[earlier-entry] no as-of anchor candles for EJUTDNaakydzbVJa7qisRuSFBpBAKWchuWvbwWXppump (firstSeen=1787694131175 t60=1787697731175, candles=8) — row stays pending",1e642e3c5687a443,[object Object],,0000000000000000e4c27620c476a6b0403e273e52e5578f,info
2026-09-28 08:01:28,"[earlier-entry] no as-of anchor candles for 5VsmPH57C3ApqVVV7D2B2yELj7moVJ8VWc1DNWTspump (firstSeen=1787693539578 t60=1787697139578, candles=22) — row stays pending",c96b85cdbe2aeef0,[object Object],,0000000000000000e4c27620c476a6b0403e273e52e5578f,info
2026-09-28 08:01:28,"[earlier-entry] no as-of anchor candles for 87UDuAH5UxDxtHJ6TbuvZJut78JxcQU1X4h8HyKLpump (firstSeen=1787693012218 t60=1787696612218, candles=21) — row stays pending",33f886239e6d99a0,[object Object],,0000000000000000e4c27620c476a6b0403e273e52e5578f,info
2026-09-28 08:01:27,🟢 Urgency changed 0.11 → 0.3,62d5c5821d088fa7,[object Object],,0000000000000000e4c27620c476a6b0403e273e52e5578f,info
2026-09-28 08:01:27,What changed,48de585753f7070b,[object Object],,0000000000000000e4c27620c476a6b0403e273e52e5578f,info
2026-09-28 08:01:27,Urgency: 0.37 🟢,224132f759ce65a0,[object Object],,0000000000000000e4c27620c476a6b0403e273e52e5578f,info
2026-09-28 08:01:27,[bot] inbound from 8806712852: $MAMESUKE — 🟢 HOLD,c08a3898f2d4ae6c,[object Object],,0000000000000000e4c27620c476a6b0403e273e52e5578f,info
2026-09-28 08:01:27,[earlier-entry] GMGN kline EMPTY history for GZR59y93kd9mhSf1y9jj3MQaaDRTLjKHkAumj5wZpump (window 1787692284174..1787696124174) — row stays pending,d243952e166d7048,[object Object],,0000000000000000e4c27620c476a6b0403e273e52e5578f,info
2026-09-28 08:01:26,"[earlier-entry] no as-of anchor candles for FASuHwpPmEMV5eR97eveRShvFynoqMi4uyTk9Qxvpump (firstSeen=1787692374995 t60=1787695974995, candles=13) — row stays pending",4bb9b0e3cebfb701,[object Object],,0000000000000000e4c27620c476a6b0403e273e52e5578f,info
2026-09-28 08:01:26,"[microaudit:priority] tick done: 0 queued, 0 cooldown-skipped, 0 capped, 0 fetched, 0 stamped, 0 deferred, 0 stale-skipped",b1e09afe61d518cd,[object Object],,0000000000000000e4c27620c476a6b0403e273e52e5578f,info
2026-09-28 08:01:25,"[earlier-entry] no as-of anchor candles for ETTE5N3HsJd1m9BFtHsadZqRU1x8ZsxByehUugtZpump (firstSeen=1787692355448 t60=1787695955448, candles=2) — row stays pending",c4a4418e65566c69,[object Object],,0000000000000000e4c27620c476a6b0403e273e52e5578f,info
2026-09-28 08:01:24,"[earlier-entry] no as-of anchor candles for 42SYB3Fyd7KV9GkHjVW36WxgzNJpu3EKNvUyp9sHpump (firstSeen=1787692355442 t60=1787695955442, candles=23) — row stays pending",181a4bdc9e47af74,[object Object],,0000000000000000e4c27620c476a6b0403e273e52e5578f,info
2026-09-28 08:01:24,"[earlier-entry] no as-of anchor candles for 9FFDy5LsmrQJVGevooMomQtwZ6nByeD95CB43qy4pump (firstSeen=1787692355440 t60=1787695955440, candles=10) — row stays pending",b0513cb9c1e18772,[object Object],,0000000000000000e4c27620c476a6b0403e273e52e5578f,info
2026-09-28 08:01:23,"[earlier-entry] no as-of anchor candles for 672KyXWJE8infxtD3gNHAZGdDGuWSmgVCUKrScB6pump (firstSeen=1787692355435 t60=1787695955435, candles=7) — row stays pending",9525d95bc59a1f12,[object Object],,0000000000000000e4c27620c476a6b0403e273e52e5578f,info
2026-09-28 08:01:22,"[earlier-entry] no as-of anchor candles for 4qjPZWnR8usFJsMmgU4thuWuasvN7rV45VMthMbdpump (firstSeen=1787692355334 t60=1787695955334, candles=15) — row stays pending",a60bd8d4746e03e2,[object Object],,0000000000000000e4c27620c476a6b0403e273e52e5578f,info
2026-09-28 08:01:21,"[earlier-entry] no as-of anchor candles for TKLCx7SBsPLT2DvoHAGwW348RBL4jEDtDdFck7opump (firstSeen=1787692355333 t60=1787695955333, candles=14) — row stays pending",ff35a9aa3cac89a1,[object Object],,0000000000000000e4c27620c476a6b0403e273e52e5578f,info
2026-09-28 08:01:20,"[earlier-entry] no as-of anchor candles for 2fqG8LbiKNDYgFpZZZ6F9uke6GhRe7fqw9Pa4oJupump (firstSeen=1787689254230 t60=1787692854230, candles=1) — row stays pending",4ab123a9a0500cde,[object Object],,0000000000000000e4c27620c476a6b0403e273e52e5578f,info
2026-09-28 08:01:20,"[earlier-entry] no as-of anchor candles for 4n7hKbjRQ8kikDXoZJj6QSpr2ZtTNJCJTf7NuCnipump (firstSeen=1787689034855 t60=1787692634855, candles=13) — row stays pending",5ceb0f5002f6389f,[object Object],,0000000000000000e4c27620c476a6b0403e273e52e5578f,info
2026-09-28 08:01:19,"[earlier-entry] no as-of anchor candles for Hr4TZjRcphKM21oh4BrQjH66kHhuBPDEzRTuMTXFpump (firstSeen=1787688442375 t60=1787692042375, candles=3) — row stays pending",2bf1d3b2b74980b5,[object Object],,0000000000000000e4c27620c476a6b0403e273e52e5578f,info
2026-09-28 08:01:18,"[earlier-entry] no as-of anchor candles for H2qTatoCJMx1fXFWZpjYLAdc6it7TYmzeQTnY7Mjpump (firstSeen=1787688441901 t60=1787692041901, candles=25) — row stays pending",8f0eba8a92b1ede,[object Object],,0000000000000000e4c27620c476a6b0403e273e52e5578f,info
2026-09-28 08:01:17,"[earlier-entry] no as-of anchor candles for FWRkpgMqsAhY6aQrz7npK32VwTkwjCBF5n4Enybnpump (firstSeen=1787688319574 t60=1787691919574, candles=3) — row stays pending",2663190ac36bdb73,[object Object],,0000000000000000e4c27620c476a6b0403e273e52e5578f,info
2026-09-28 08:01:16,"[earlier-entry] no as-of anchor candles for 7gLfH99aqSjBaRXfhrzm2vEgrxKvvSgm2JctF5rgpump (firstSeen=1787688148054 t60=1787691748054, candles=33) — row stays pending",f2fe99b0923f9091,[object Object],,0000000000000000e4c27620c476a6b0403e273e52e5578f,info
2026-09-28 08:01:16,[hot] poll source=mevx candidates=121 passing=1 newest_age_min=7,391ffec48e59248e,[object Object],,0000000000000000e4c27620c476a6b0403e273e52e5578f,info
2026-09-28 08:01:16,[mevx] notifications=200 parseSkips=0 endpoints=2,901089a250fe6ffc,[object Object],,0000000000000000e4c27620c476a6b0403e273e52e5578f,info
2026-09-28 08:01:16,"[earlier-entry] no as-of anchor candles for 4izEqGCX9KxD2xWZkJkMn8WRqNiBqkq2eX8PZqRDpump (firstSeen=1787687575575 t60=1787691175575, candles=7) — row stays pending",cebd5ba6d5fd442e,[object Object],,0000000000000000e4c27620c476a6b0403e273e52e5578f,info
2026-09-28 08:01:15,🟢 Urgency changed 0.11 → 0.1,8c84fb239d8c3cef,[object Object],,0000000000000000e4c27620c476a6b0403e273e52e5578f,info
2026-09-28 08:01:15,What changed,91610d79cfeb6663,[object Object],,0000000000000000e4c27620c476a6b0403e273e52e5578f,info
2026-09-28 08:01:15,Urgency: 0.10 🟢,bdba5b9157419d8,[object Object],,0000000000000000e4c27620c476a6b0403e273e52e5578f,info
2026-09-28 08:01:15,[bot] inbound from 8806712852: $MAMESUKE — 🟢 HOLD,a686004243843df1,[object Object],,0000000000000000e4c27620c476a6b0403e273e52e5578f,info
2026-09-28 08:01:15,"[earlier-entry] no as-of anchor candles for 4185dnL3PaVsKyikTEQApEhgRXbYbyxJGwYK6qQ2pump (firstSeen=1787687522215 t60=1787691122215, candles=6) — row stays pending",39ce28c50f8328b7,[object Object],,0000000000000000e4c27620c476a6b0403e273e52e5578f,info
2026-09-28 08:01:14,"[earlier-entry] no as-of anchor candles for FDcGUXTEGpn3dZDhW3PLnk3jvEyuLLWEXM8Jpg81pump (firstSeen=1787687437815 t60=1787691037815, candles=10) — row stays pending",babaa25548b07cc2,[object Object],,0000000000000000e4c27620c476a6b0403e273e52e5578f,info
2026-09-28 08:01:13,"[earlier-entry] no as-of anchor candles for pbiX8giTJnC2nKAMfxTStJrTtT9XbNz5zPx6y7mpump (firstSeen=1787687380536 t60=1787690980536, candles=9) — row stays pending",d41a2048ed5ae518,[object Object],,0000000000000000e4c27620c476a6b0403e273e52e5578f,info
2026-09-28 08:01:12,"[earlier-entry] no as-of anchor candles for CebGgVwrWHkAhfWZi6jHgeduKRSDzijnGZVQ97k6pump (firstSeen=1787687278695 t60=1787690878695, candles=20) — row stays pending",661332e2cba651be,[object Object],,0000000000000000e4c27620c476a6b0403e273e52e5578f,info
2026-09-28 08:01:12,"[earlier-entry] no as-of anchor candles for En9sQtnHpByLEE7ykhFQ25PirV54rYegEJCjBV87pump (firstSeen=1787686994060 t60=1787690594060, candles=16) — row stays pending",13651e9532e7217f,[object Object],,0000000000000000e4c27620c476a6b0403e273e52e5578f,info
2026-09-28 08:01:11,[gmgn-feed] kol poll: events=98 tx=35 mints=18 new=4,2a5dc7a4867755d4,[object Object],,0000000000000000e4c27620c476a6b0403e273e52e5578f,info
2026-09-28 08:01:11,GMGN  P,802498fe84b39162,[object Object],,0000000000000000e4c27620c476a6b0403e273e52e5578f,info
2026-09-28 08:01:11,📊 Live data: vol $0,737557a90a9d3e6e,[object Object],,0000000000000000e4c27620c476a6b0403e273e52e5578f,info
2026-09-28 08:01:11,What changed,40fbfb5e5e5ab18e,[object Object],,0000000000000000e4c27620c476a6b0403e273e52e5578f,info
2026-09-28 08:01:11,Urgency: 0.11 🟢,ceadf1470bfadb6a,[object Object],,0000000000000000e4c27620c476a6b0403e273e52e5578f,info
2026-09-28 08:01:11,[bot] inbound from 8806712852: $MAMESUKE — 🟢 HOLD,1bd02dc64494aaf7,[object Object],,0000000000000000e4c27620c476a6b0403e273e52e5578f,info
2026-09-28 08:01:11,[gmgn-feed] discovery poll: saw=60 new=20 deduped=40,74eed79085cdbbfc,[object Object],,0000000000000000e4c27620c476a6b0403e273e52e5578f,info
2026-09-28 08:01:10,"[earlier-entry] no as-of anchor candles for 5N8vsaxFs7cVuw7fQyhTSYMPpdzMt8nGNr2f5kaHpump (firstSeen=1787686853336 t60=1787690453336, candles=11) — row stays pending",d5d2c655e3f2d0f1,[object Object],,0000000000000000e4c27620c476a6b0403e273e52e5578f,info
2026-09-28 08:01:10,"[earlier-entry] no as-of anchor candles for J1TNHqaAYuratcbSwgsPcTXi2jShxvZMsC2HBBZJpump (firstSeen=1787686693415 t60=1787690293415, candles=29) — row stays pending",9b0accd0b940d8c7,[object Object],,0000000000000000e4c27620c476a6b0403e273e52e5578f,info
2026-09-28 08:01:09,"[earlier-entry] no as-of anchor candles for 98fAqajBY3ZthsUiHKXSat7tSt4PEutdbdUGy4pfpump (firstSeen=1787686439472 t60=1787690039472, candles=9) — row stays pending",11b7a72d61b0717d,[object Object],,0000000000000000e4c27620c476a6b0403e273e52e5578f,info
2026-09-28 08:01:08,"[earlier-entry] no as-of anchor candles for 7RCftn8rC3tXJ9W3hGyDYYkE2XznET9P7Je2549Jpump (firstSeen=1787686352258 t60=1787689952258, candles=38) — row stays pending",a43a2713244dcf18,[object Object],,0000000000000000e4c27620c476a6b0403e273e52e5578f,info
2026-09-28 08:01:07,"[earlier-entry] no as-of anchor candles for HsvQv85YpRn8xkrg4b2J5MmVCAyESMF5hX8G2BUEqzr7 (firstSeen=1787685017096 t60=1787688617096, candles=18) — row stays pending",eb83e0ef3b853332,[object Object],,0000000000000000e4c27620c476a6b0403e273e52e5578f,info
2026-09-28 08:01:07,GMGN  P,23ef5cb8c1437223,[object Object],,0000000000000000e4c27620c476a6b0403e273e52e5578f,info
2026-09-28 08:01:07,📊 Live data: vol $0,4edc57eba8af5b23,[object Object],,0000000000000000e4c27620c476a6b0403e273e52e5578f,info
2026-09-28 08:01:07,What changed,ed210a5769eeb05f,[object Object],,0000000000000000e4c27620c476a6b0403e273e52e5578f,info
2026-09-28 08:01:07,Urgency: 0.11 🟢,cdd95eb698f7633b,[object Object],,0000000000000000e4c27620c476a6b0403e273e52e5578f,info
2026-09-28 08:01:07,[bot] inbound from 8806712852: $MAMESUKE — 🟢 HOLD,874f9b7de93064cb,[object Object],,0000000000000000e4c27620c476a6b0403e273e52e5578f,info
2026-09-28 08:01:06,"[earlier-entry] no as-of anchor candles for EB7QuhGEXp8wib68Km92tBqYanwUdrA3f7Sk6dMypump (firstSeen=1787684697580 t60=1787688297580, candles=7) — row stays pending",7c65a82fac66ec8e,[object Object],,0000000000000000e4c27620c476a6b0403e273e52e5578f,info
2026-09-28 08:01:06,"[earlier-entry] no as-of anchor candles for FxvtBMd5ngXRsbZd61HGf3LHvcKk6z59EMV3H25ppump (firstSeen=1787684410683 t60=1787688010683, candles=5) — row stays pending",a800f691dab90bed,[object Object],,0000000000000000e4c27620c476a6b0403e273e52e5578f,info
2026-09-28 08:01:05,"[earlier-entry] no as-of anchor candles for 3idZz5MN5L9edMVFfyGq1SxPYjgUza6PMNnBvFdcpump (firstSeen=1787684410683 t60=1787688010683, candles=24) — row stays pending",28ef08b793f85f40,[object Object],,0000000000000000e4c27620c476a6b0403e273e52e5578f,info
2026-09-28 08:01:04,"[earlier-entry] no as-of anchor candles for DYDxcfzyx9hG7wHMNnt7LVeXbZ53YhDwozdKK5Zopump (firstSeen=1787684406374 t60=1787688006374, candles=3) — row stays pending",10736a1aaa025f7,[object Object],,0000000000000000e4c27620c476a6b0403e273e52e5578f,info
2026-09-28 08:01:04,[dexscreener] 🚀 New launch: Creator Card  (CREATOR),33cdcdcfea239547,[object Object],,0000000000000000e4c27620c476a6b0403e273e52e5578f,info
2026-09-28 08:01:04,[dexscreener] Polled 27 Solana pairs,6578fc0f2002ff8,[object Object],,0000000000000000e4c27620c476a6b0403e273e52e5578f,info
2026-09-28 08:01:04,"[dexscreener] Got 30 profiles, 15 Solana",71f5b84deea3cd20,[object Object],,0000000000000000e4c27620c476a6b0403e273e52e5578f,info
2026-09-28 08:01:04,[mevx] notifications=200 parseSkips=0 endpoints=2,db8d7f0839966835,[object Object],,0000000000000000e4c27620c476a6b0403e273e52e5578f,info
2026-09-28 08:01:04,[gmgn-budget] earlier-entry=5240req/3b feed-kol=272req/0b feed-discovery=136req/0b conviction=110req/0b hot-netflow=21req/10b over ~117min since=2026-09-28T09:04:26.330Z dropped=792,95ffe8f0bc28acab,[object Object],,0000000000000000e4c27620c476a6b0403e273e52e5578f,info
2026-09-28 08:01:04,[mevx] notifications=200 parseSkips=0 endpoints=2,b480e03c3157efb4,[object Object],,0000000000000000e4c27620c476a6b0403e273e52e5578f,info
2026-09-28 08:01:03,"[earlier-entry] no as-of anchor candles for F5CPPs42UKS6LcJzSXwTEgh2e3oXxzCBTa1iMfftpump (firstSeen=1787684400726 t60=1787688000726, candles=6) — row stays pending",671562936c3866bf,[object Object],,0000000000000000e4c27620c476a6b0403e273e52e5578f,info
2026-09-28 08:01:03,GMGN  P,45c347778b37a836,[object Object],,0000000000000000e4c27620c476a6b0403e273e52e5578f,info
2026-09-28 08:01:03,📊 Live data: vol $0,8c5ab135c8936c7c,[object Object],,0000000000000000e4c27620c476a6b0403e273e52e5578f,info
2026-09-28 08:01:03,What changed,554baf9b3a75a53a,[object Object],,0000000000000000e4c27620c476a6b0403e273e52e5578f,info
2026-09-28 08:01:03,Urgency: 0.11 🟢,222ff02d5a61a7bc,[object Object],,0000000000000000e4c27620c476a6b0403e273e52e5578f,info
2026-09-28 08:01:03,[bot] inbound from 8806712852: $MAMESUKE — 🟢 HOLD,596f06bd00af2463,[object Object],,0000000000000000e4c27620c476a6b0403e273e52e5578f,info
2026-09-28 08:01:02,"[earlier-entry] no as-of anchor candles for A4ihj8g1RCjFT44vDjtkfYFT41yjmf1NbXtkdoiBnvwp (firstSeen=1787684375043 t60=1787687975043, candles=3) — row stays pending",c81b4f7969307c0a,[object Object],,0000000000000000e4c27620c476a6b0403e273e52e5578f,info
2026-09-28 08:01:02,"[earlier-entry] no as-of anchor candles for CW7HuFKJKGWYd932ziUtD4FddXLkofKCzaW3y5c4pump (firstSeen=1787684375041 t60=1787687975041, candles=12) — row stays pending",a4bac36d39cd60c5,[object Object],,0000000000000000e4c27620c476a6b0403e273e52e5578f,info
2026-09-28 08:01:01,[hot] poll source=mevx candidates=121 passing=1 newest_age_min=6,871cabab886c5536,[object Object],,0000000000000000e4c27620c476a6b0403e273e52e5578f,info
2026-09-28 08:01:01,[mevx] notifications=200 parseSkips=0 endpoints=2,8ea48625263f0a94,[object Object],,0000000000000000e4c27620c476a6b0403e273e52e5578f,info
2026-09-28 08:01:01,[earlier-entry] GMGN kline EMPTY history for 2rqRG1GH8iiXjNc5S3eBaJJQtsnuKxjp7cEGWwm5pump (window 1787684255034..1787688095034) — row stays pending,81e2ba1b4efd097a,[object Object],,0000000000000000e4c27620c476a6b0403e273e52e5578f,info
2026-09-28 08:01:00,"[earlier-entry] no as-of anchor candles for Fy3n6AqYfwZrHosrdxKKvsxWh8CKaUste2DCpHTspump (firstSeen=1787684375032 t60=1787687975032, candles=7) — row stays pending",f67d65b25861d518,[object Object],,0000000000000000e4c27620c476a6b0403e273e52e5578f,info
2026-09-28 08:00:59,"[earlier-entry] no as-of anchor candles for USCSiKDUVap6hj33JvRDYq6bEmiBwVm3BvE6o5fNgRf (firstSeen=1787684375031 t60=1787687975031, candles=5) — row stays pending",6294240f4d40758c,[object Object],,0000000000000000e4c27620c476a6b0403e273e52e5578f,info
2026-09-28 08:00:59,🟢 Urgency changed 0.32 → 0.1,3045768c77d9f11d,[object Object],,0000000000000000e4c27620c476a6b0403e273e52e5578f,info
2026-09-28 08:00:59,What changed,9c8148614207259e,[object Object],,0000000000000000e4c27620c476a6b0403e273e52e5578f,info
2026-09-28 08:00:59,Urgency: 0.11 🟢,964c56e39e7b6a9f,[object Object],,0000000000000000e4c27620c476a6b0403e273e52e5578f,info
2026-09-28 08:00:59,[bot] inbound from 8806712852: $MAMESUKE — 🟢 HOLD,30a960e6f6a62ce5,[object Object],,0000000000000000e4c27620c476a6b0403e273e52e5578f,info
2026-09-28 08:00:58,"[earlier-entry] no as-of anchor candles for FBCStPyNtdW5gnEmsmdFY1whJ7jxEuPggN6un416oJ77 (firstSeen=1787684375030 t60=1787687975030, candles=3) — row stays pending",6cf74e28ab0079fc,[object Object],,0000000000000000e4c27620c476a6b0403e273e52e5578f,info
2026-09-28 08:00:54,🟢 Urgency changed 0.11 → 0.3,28d05fafc7e3f38e,[object Object],,0000000000000000e4c27620c476a6b0403e273e52e5578f,info
2026-09-28 08:00:54,What changed,41fd3712d0d3eb98,[object Object],,0000000000000000e4c27620c476a6b0403e273e52e5578f,info
2026-09-28 08:00:54,Urgency: 0.32 🟢,67b86e8340ed694a,[object Object],,0000000000000000e4c27620c476a6b0403e273e52e5578f,info
2026-09-28 08:00:54,[bot] inbound from 8806712852: $MAMESUKE — 🟢 HOLD,c4ad3eb8c6ad27d9,[object Object],,0000000000000000e4c27620c476a6b0403e273e52e5578f,info
2026-09-28 08:00:50,GMGN  P,3d38a00e523b5a0e,[object Object],,0000000000000000e4c27620c476a6b0403e273e52e5578f,info
2026-09-28 08:00:50,📊 Live data: vol $0,aede6299f982239b,[object Object],,0000000000000000e4c27620c476a6b0403e273e52e5578f,info
2026-09-28 08:00:50,What changed,f9b5a4f549863bf9,[object Object],,0000000000000000e4c27620c476a6b0403e273e52e5578f,info
2026-09-28 08:00:50,Urgency: 0.11 🟢,8a44845d0616c047,[object Object],,0000000000000000e4c27620c476a6b0403e273e52e5578f,info
2026-09-28 08:00:50,[bot] inbound from 8806712852: $MAMESUKE — 🟢 HOLD,40d2b777af32c0b9,[object Object],,0000000000000000e4c27620c476a6b0403e273e52e5578f,info
2026-09-28 08:00:46,[hot] poll source=mevx candidates=121 passing=1 newest_age_min=6,704914cdea7413d5,[object Object],,0000000000000000e4c27620c476a6b0403e273e52e5578f,info
2026-09-28 08:00:46,[mevx] notifications=200 parseSkips=0 endpoints=2,acac84deebec2337,[object Object],,0000000000000000e4c27620c476a6b0403e273e52e5578f,info
2026-09-28 08:00:42,GMGN  P,7039db3d9d3206f2,[object Object],,0000000000000000e4c27620c476a6b0403e273e52e5578f,info
2026-09-28 08:00:42,📊 Live data: vol $0,1033e5766f6787a2,[object Object],,0000000000000000e4c27620c476a6b0403e273e52e5578f,info
2026-09-28 08:00:42,What changed,4bb59ac0fb81e1df,[object Object],,0000000000000000e4c27620c476a6b0403e273e52e5578f,info
2026-09-28 08:00:42,Urgency: 0.11 🟢,6568ffa86dfb9580,[object Object],,0000000000000000e4c27620c476a6b0403e273e52e5578f,info
2026-09-28 08:00:42,[bot] inbound from 8806712852: $MAMESUKE — 🟢 HOLD,9a81df52abdab5cd,[object Object],,0000000000000000e4c27620c476a6b0403e273e52e5578f,info
2026-09-28 08:00:38,🟢 Urgency changed 0.10 → 0.1,cdd35d948628dc0,[object Object],,0000000000000000e4c27620c476a6b0403e273e52e5578f,info
2026-09-28 08:00:38,What changed,fa89b728d0ad13c5,[object Object],,0000000000000000e4c27620c476a6b0403e273e52e5578f,info
2026-09-28 08:00:38,Urgency: 0.11 🟢,663ab86b52838fcc,[object Object],,0000000000000000e4c27620c476a6b0403e273e52e5578f,info
2026-09-28 08:00:38,[bot] inbound from 8806712852: $MAMESUKE — 🟢 HOLD,9ab3cdba9cccf29f,[object Object],,0000000000000000e4c27620c476a6b0403e273e52e5578f,info
2026-09-28 08:00:34,[dexscreener] Polled 28 Solana pairs,3e8bf0b576490b71,[object Object],,0000000000000000e4c27620c476a6b0403e273e52e5578f,info
2026-09-28 08:00:34,"[dexscreener] Got 30 profiles, 15 Solana",f311c9519b3b05af,[object Object],,0000000000000000e4c27620c476a6b0403e273e52e5578f,info
2026-09-28 08:00:33,🟢 Urgency changed 0.18 → 0.1,819eaa9ce41f2397,[object Object],,0000000000000000e4c27620c476a6b0403e273e52e5578f,info
2026-09-28 08:00:33,What changed,90a6ff4adfb3d7b5,[object Object],,0000000000000000e4c27620c476a6b0403e273e52e5578f,info
2026-09-28 08:00:33,Urgency: 0.10 🟢,a9f3def2725b8fa1,[object Object],,0000000000000000e4c27620c476a6b0403e273e52e5578f,info
2026-09-28 08:00:33,[bot] inbound from 8806712852: $MAMESUKE — 🟢 HOLD,60a7b4396ca8f263,[object Object],,0000000000000000e4c27620c476a6b0403e273e52e5578f,info
2026-09-28 08:00:31,[hot] poll source=mevx candidates=121 passing=1 newest_age_min=6,6224b00a70a268ed,[object Object],,0000000000000000e4c27620c476a6b0403e273e52e5578f,info
2026-09-28 08:00:31,[mevx] notifications=200 parseSkips=0 endpoints=2,98face37e57ea42a,[object Object],,0000000000000000e4c27620c476a6b0403e273e52e5578f,info
2026-09-28 08:00:31,"[earlier-entry] no as-of anchor candles for G1fDSMMg6GsreL343Y8PGVzYht2CTfEtjZFuX3vRpump (firstSeen=1787694184135 t60=1787697784135, candles=36) — row stays pending",6e611e6527753520,[object Object],,0000000000000000e4c27620c476a6b0403e273e52e5578f,info
2026-09-28 08:00:30,"[earlier-entry] no as-of anchor candles for EJUTDNaakydzbVJa7qisRuSFBpBAKWchuWvbwWXppump (firstSeen=1787694131175 t60=1787697731175, candles=8) — row stays pending",36bebbbad0248f8b,[object Object],,0000000000000000e4c27620c476a6b0403e273e52e5578f,info
2026-09-28 08:00:29,"[earlier-entry] no as-of anchor candles for 5VsmPH57C3ApqVVV7D2B2yELj7moVJ8VWc1DNWTspump (firstSeen=1787693539578 t60=1787697139578, candles=22) — row stays pending",bfb2466d1fb19b0a,[object Object],,0000000000000000e4c27620c476a6b0403e273e52e5578f,info
2026-09-28 08:00:29,🟢 Urgency changed 0.09 → 0.1,819f89236fb28490,[object Object],,0000000000000000e4c27620c476a6b0403e273e52e5578f,info
2026-09-28 08:00:29,What changed,8b1cfb9d3f09d165,[object Object],,0000000000000000e4c27620c476a6b0403e273e52e5578f,info
2026-09-28 08:00:29,Urgency: 0.18 🟢,778180540314cf7a,[object Object],,0000000000000000e4c27620c476a6b0403e273e52e5578f,info
2026-09-28 08:00:29,[bot] inbound from 8806712852: $MAMESUKE — 🟢 HOLD,459682aa6984333f,[object Object],,0000000000000000e4c27620c476a6b0403e273e52e5578f,info
2026-09-28 08:00:28,"[earlier-entry] no as-of anchor candles for 87UDuAH5UxDxtHJ6TbuvZJut78JxcQU1X4h8HyKLpump (firstSeen=1787693012218 t60=1787696612218, candles=21) — row stays pending",69d6a9a44958cf24,[object Object],,0000000000000000e4c27620c476a6b0403e273e52e5578f,info
2026-09-28 08:00:27,[earlier-entry] GMGN kline EMPTY history for GZR59y93kd9mhSf1y9jj3MQaaDRTLjKHkAumj5wZpump (window 1787692284174..1787696124174) — row stays pending,541fe9fa8275e3f4,[object Object],,0000000000000000e4c27620c476a6b0403e273e52e5578f,info
2026-09-28 08:00:26,"[earlier-entry] no as-of anchor candles for FASuHwpPmEMV5eR97eveRShvFynoqMi4uyTk9Qxvpump (firstSeen=1787692374995 t60=1787695974995, candles=13) — row stays pending",80cbc21efea08cae,[object Object],,0000000000000000e4c27620c476a6b0403e273e52e5578f,info
2026-09-28 08:00:26,"[microaudit:priority] tick done: 0 queued, 0 cooldown-skipped, 0 capped, 0 fetched, 0 stamped, 0 deferred, 0 stale-skipped",a730d455050201be,[object Object],,0000000000000000e4c27620c476a6b0403e273e52e5578f,info
2026-09-28 08:00:25,"[earlier-entry] no as-of anchor candles for ETTE5N3HsJd1m9BFtHsadZqRU1x8ZsxByehUugtZpump (firstSeen=1787692355448 t60=1787695955448, candles=2) — row stays pending",530b5148c5b99f31,[object Object],,0000000000000000e4c27620c476a6b0403e273e52e5578f,info
2026-09-28 08:00:25,🟢 Urgency changed 0.10 → 0.0,b561f4015f65502b,[object Object],,0000000000000000e4c27620c476a6b0403e273e52e5578f,info
2026-09-28 08:00:25,What changed,3b02f591b2a2586e,[object Object],,0000000000000000e4c27620c476a6b0403e273e52e5578f,info
2026-09-28 08:00:25,Urgency: 0.09 🟢,5c53100223f4547d,[object Object],,0000000000000000e4c27620c476a6b0403e273e52e5578f,info
2026-09-28 08:00:25,[bot] inbound from 8806712852: $MAMESUKE — 🟢 HOLD,2e4515aa097bdc77,[object Object],,0000000000000000e4c27620c476a6b0403e273e52e5578f,info
2026-09-28 08:00:24,"[earlier-entry] no as-of anchor candles for 42SYB3Fyd7KV9GkHjVW36WxgzNJpu3EKNvUyp9sHpump (firstSeen=1787692355442 t60=1787695955442, candles=23) — row stays pending",abb32b84ae3e6f94,[object Object],,0000000000000000e4c27620c476a6b0403e273e52e5578f,info
2026-09-28 08:00:24,"[earlier-entry] no as-of anchor candles for 9FFDy5LsmrQJVGevooMomQtwZ6nByeD95CB43qy4pump (firstSeen=1787692355440 t60=1787695955440, candles=10) — row stays pending",37088fb504019d51,[object Object],,0000000000000000e4c27620c476a6b0403e273e52e5578f,info
2026-09-28 08:00:23,"[earlier-entry] no as-of anchor candles for 672KyXWJE8infxtD3gNHAZGdDGuWSmgVCUKrScB6pump (firstSeen=1787692355435 t60=1787695955435, candles=7) — row stays pending",b57c774452e1aa0b,[object Object],,0000000000000000e4c27620c476a6b0403e273e52e5578f,info
2026-09-28 08:00:23,[hot] poll source=mevx candidates=121 passing=1 newest_age_min=6,23185f6cc7cb7f06,[object Object],,0000000000000000e4c27620c476a6b0403e273e52e5578f,info
2026-09-28 08:00:23,[alerts] Sent alert to 41/74 subscribers,dc1e9f0ddeaf6a23,[object Object],,0000000000000000e4c27620c476a6b0403e273e52e5578f,info
2026-09-28 08:00:22,[alerts] Skipped blocked subscriber telegram_id=1344077137,86277b3aa8e8737f,[object Object],,0000000000000000e4c27620c476a6b0403e273e52e5578f,info
2026-09-28 08:00:22,"[earlier-entry] no as-of anchor candles for 4qjPZWnR8usFJsMmgU4thuWuasvN7rV45VMthMbdpump (firstSeen=1787692355334 t60=1787695955334, candles=15) — row stays pending",26161b9d34481265,[object Object],,0000000000000000e4c27620c476a6b0403e273e52e5578f,info
2026-09-28 08:00:21,"[earlier-entry] no as-of anchor candles for TKLCx7SBsPLT2DvoHAGwW348RBL4jEDtDdFck7opump (firstSeen=1787692355333 t60=1787695955333, candles=14) — row stays pending",13d14614f55f02b5,[object Object],,0000000000000000e4c27620c476a6b0403e273e52e5578f,info
2026-09-28 08:00:21,[alerts] Skipped blocked subscriber telegram_id=6741131255,16fe28cc8bb35476,[object Object],,0000000000000000e4c27620c476a6b0403e273e52e5578f,info
2026-09-28 08:00:20,🟢 Urgency changed 0.27 → 0.1,10e71c67cad203b1,[object Object],,0000000000000000e4c27620c476a6b0403e273e52e5578f,info
2026-09-28 08:00:20,What changed,ef232c8268560fc8,[object Object],,0000000000000000e4c27620c476a6b0403e273e52e5578f,info
2026-09-28 08:00:20,Urgency: 0.10 🟢,a0a31960e5c69066,[object Object],,0000000000000000e4c27620c476a6b0403e273e52e5578f,info
2026-09-28 08:00:20,[bot] inbound from 8806712852: $MAMESUKE — 🟢 HOLD,5f5e937d1913c76d,[object Object],,0000000000000000e4c27620c476a6b0403e273e52e5578f,info
2026-09-28 08:00:20,"[earlier-entry] no as-of anchor candles for 2fqG8LbiKNDYgFpZZZ6F9uke6GhRe7fqw9Pa4oJupump (firstSeen=1787689254230 t60=1787692854230, candles=1) — row stays pending",2ad43bf230ad39d2,[object Object],,0000000000000000e4c27620c476a6b0403e273e52e5578f,info
2026-09-28 08:00:20,[alerts] Skipped blocked subscriber telegram_id=6035244860,b6fda636c0d30ef9,[object Object],,0000000000000000e4c27620c476a6b0403e273e52e5578f,info
2026-09-28 08:00:20,[alerts] Skipped blocked subscriber telegram_id=5613628105,9ca81771030eda1,[object Object],,0000000000000000e4c27620c476a6b0403e273e52e5578f,info
2026-09-28 08:00:20,[alerts] Skipped blocked subscriber telegram_id=1907889596,39c3f55473f7d574,[object Object],,0000000000000000e4c27620c476a6b0403e273e52e5578f,info
2026-09-28 08:00:20,"[earlier-entry] no as-of anchor candles for 4n7hKbjRQ8kikDXoZJj6QSpr2ZtTNJCJTf7NuCnipump (firstSeen=1787689034855 t60=1787692634855, candles=13) — row stays pending",43a3f5499b89bba5,[object Object],,0000000000000000e4c27620c476a6b0403e273e52e5578f,info
2026-09-28 08:00:19,"[earlier-entry] no as-of anchor candles for Hr4TZjRcphKM21oh4BrQjH66kHhuBPDEzRTuMTXFpump (firstSeen=1787688442375 t60=1787692042375, candles=3) — row stays pending",d49f1cc056f4d13e,[object Object],,0000000000000000e4c27620c476a6b0403e273e52e5578f,info
2026-09-28 08:00:18,[alerts] Skipped blocked subscriber telegram_id=5488385809,367a1416675f5a5e,[object Object],,0000000000000000e4c27620c476a6b0403e273e52e5578f,info
2026-09-28 08:00:18,[alerts] Skipped blocked subscriber telegram_id=8952006958,c0474a5113e906b8,[object Object],,0000000000000000e4c27620c476a6b0403e273e52e5578f,info
2026-09-28 08:00:18,[alerts] Skipped blocked subscriber telegram_id=8592392184,2d5310c3b5be69df,[object Object],,0000000000000000e4c27620c476a6b0403e273e52e5578f,info
2026-09-28 08:00:18,[alerts] Skipped blocked subscriber telegram_id=5961677927,f143d1d5f3e92953,[object Object],,0000000000000000e4c27620c476a6b0403e273e52e5578f,info
2026-09-28 08:00:18,[alerts] Skipped blocked subscriber telegram_id=8102814401,57d959ef7518cd6,[object Object],,0000000000000000e4c27620c476a6b0403e273e52e5578f,info
2026-09-28 08:00:18,"[earlier-entry] no as-of anchor candles for H2qTatoCJMx1fXFWZpjYLAdc6it7TYmzeQTnY7Mjpump (firstSeen=1787688441901 t60=1787692041901, candles=25) — row stays pending",5f2f90d47d051f11,[object Object],,0000000000000000e4c27620c476a6b0403e273e52e5578f,info
2026-09-28 08:00:18,[alerts] Skipped blocked subscriber telegram_id=8710435057,72b5398604129054,[object Object],,0000000000000000e4c27620c476a6b0403e273e52e5578f,info
2026-09-28 08:00:17,"[earlier-entry] no as-of anchor candles for FWRkpgMqsAhY6aQrz7npK32VwTkwjCBF5n4Enybnpump (firstSeen=1787688319574 t60=1787691919574, candles=3) — row stays pending",abe334e62e9e839f,[object Object],,0000000000000000e4c27620c476a6b0403e273e52e5578f,info
2026-09-28 08:00:16,"[earlier-entry] no as-of anchor candles for 7gLfH99aqSjBaRXfhrzm2vEgrxKvvSgm2JctF5rgpump (firstSeen=1787688148054 t60=1787691748054, candles=33) — row stays pending",f48ae5be31c7b021,[object Object],,0000000000000000e4c27620c476a6b0403e273e52e5578f,info
2026-09-28 08:00:16,[alerts] Skipped blocked subscriber telegram_id=5516053745,25afcc2b3409df90,[object Object],,0000000000000000e4c27620c476a6b0403e273e52e5578f,info
2026-09-28 08:00:16,[hot] poll source=mevx candidates=121 passing=1 newest_age_min=6,9b3a906f90c235d1,[object Object],,0000000000000000e4c27620c476a6b0403e273e52e5578f,info
2026-09-28 08:00:16,[mevx] notifications=200 parseSkips=0 endpoints=2,732432fddf43f658,[object Object],,0000000000000000e4c27620c476a6b0403e273e52e5578f,info
2026-09-28 08:00:16,🟢 Urgency changed 0.12 → 0.2,22b607050c9062d0,[object Object],,0000000000000000e4c27620c476a6b0403e273e52e5578f,info
2026-09-28 08:00:16,What changed,2974927809a8aa15,[object Object],,0000000000000000e4c27620c476a6b0403e273e52e5578f,info
2026-09-28 08:00:16,Urgency: 0.27 🟢,27991135965eb409,[object Object],,0000000000000000e4c27620c476a6b0403e273e52e5578f,info
2026-09-28 08:00:16,[bot] inbound from 8806712852: $MAMESUKE — 🟢 HOLD,30a62ecfba942bd3,[object Object],,0000000000000000e4c27620c476a6b0403e273e52e5578f,info
2026-09-28 08:00:16,"[earlier-entry] no as-of anchor candles for 4izEqGCX9KxD2xWZkJkMn8WRqNiBqkq2eX8PZqRDpump (firstSeen=1787687575575 t60=1787691175575, candles=7) — row stays pending",21610ac089d1034c,[object Object],,0000000000000000e4c27620c476a6b0403e273e52e5578f,info
2026-09-28 08:00:15,"[earlier-entry] no as-of anchor candles for 4185dnL3PaVsKyikTEQApEhgRXbYbyxJGwYK6qQ2pump (firstSeen=1787687522215 t60=1787691122215, candles=6) — row stays pending",6e5f335b8350e000,[object Object],,0000000000000000e4c27620c476a6b0403e273e52e5578f,info
2026-09-28 08:00:14,"[earlier-entry] no as-of anchor candles for FDcGUXTEGpn3dZDhW3PLnk3jvEyuLLWEXM8Jpg81pump (firstSeen=1787687437815 t60=1787691037815, candles=10) — row stays pending",89d8bf911a855362,[object Object],,0000000000000000e4c27620c476a6b0403e273e52e5578f,info
2026-09-28 08:00:14,[alerts] Skipped blocked subscriber telegram_id=815372572,a4f9dd50be0fc88a,[object Object],,0000000000000000e4c27620c476a6b0403e273e52e5578f,info
2026-09-28 08:00:13,"[earlier-entry] no as-of anchor candles for pbiX8giTJnC2nKAMfxTStJrTtT9XbNz5zPx6y7mpump (firstSeen=1787687380536 t60=1787690980536, candles=9) — row stays pending",a56d44fd4c405073,[object Object],,0000000000000000e4c27620c476a6b0403e273e52e5578f,info
2026-09-28 08:00:13,[alerts] Skipped blocked subscriber telegram_id=8763247475,828ae77c8b8f60af,[object Object],,0000000000000000e4c27620c476a6b0403e273e52e5578f,info
2026-09-28 08:00:13,[alerts] Skipped blocked subscriber telegram_id=1957647754,b1d801873d361745,[object Object],,0000000000000000e4c27620c476a6b0403e273e52e5578f,info
2026-09-28 08:00:13,[alerts] Skipped blocked subscriber telegram_id=782379293,b300d3b2e6925356,[object Object],,0000000000000000e4c27620c476a6b0403e273e52e5578f,info
2026-09-28 08:00:12,"[earlier-entry] no as-of anchor candles for CebGgVwrWHkAhfWZi6jHgeduKRSDzijnGZVQ97k6pump (firstSeen=1787687278695 t60=1787690878695, candles=20) — row stays pending",7d0f29a9f997a7cd,[object Object],,0000000000000000e4c27620c476a6b0403e273e52e5578f,info
2026-09-28 08:00:12,🟢 Urgency changed 0.09 → 0.1,27b27401f50d332b,[object Object],,0000000000000000e4c27620c476a6b0403e273e52e5578f,info
2026-09-28 08:00:12,What changed,be31e6c6a5a6665,[object Object],,0000000000000000e4c27620c476a6b0403e273e52e5578f,info
2026-09-28 08:00:12,Urgency: 0.12 🟢,11f6801433b112b2,[object Object],,0000000000000000e4c27620c476a6b0403e273e52e5578f,info
2026-09-28 08:00:12,[bot] inbound from 8806712852: $MAMESUKE — 🟢 HOLD,677992c2563fadd9,[object Object],,0000000000000000e4c27620c476a6b0403e273e52e5578f,info
2026-09-28 08:00:12,"[earlier-entry] no as-of anchor candles for En9sQtnHpByLEE7ykhFQ25PirV54rYegEJCjBV87pump (firstSeen=1787686994060 t60=1787690594060, candles=16) — row stays pending",4d9e484efa3ccc90,[object Object],,0000000000000000e4c27620c476a6b0403e273e52e5578f,info
2026-09-28 08:00:11,[gmgn-feed] kol poll: events=96 tx=36 mints=19 new=3,43cf533d9fae7f22,[object Object],,0000000000000000e4c27620c476a6b0403e273e52e5578f,info
2026-09-28 08:00:11,[gmgn-feed] discovery poll: saw=60 new=37 deduped=23,32163a6033070ea8,[object Object],,0000000000000000e4c27620c476a6b0403e273e52e5578f,info
2026-09-28 08:00:10,"[earlier-entry] no as-of anchor candles for 5N8vsaxFs7cVuw7fQyhTSYMPpdzMt8nGNr2f5kaHpump (firstSeen=1787686853336 t60=1787690453336, candles=11) — row stays pending",97a5464249cc65b2,[object Object],,0000000000000000e4c27620c476a6b0403e273e52e5578f,info
2026-09-28 08:00:10,[alerts] Skipped blocked subscriber telegram_id=6930906500,ce2ac89c7032b6ed,[object Object],,0000000000000000e4c27620c476a6b0403e273e52e5578f,info
2026-09-28 08:00:10,[alerts] Skipped blocked subscriber telegram_id=7994531571,5a0e8749a0ecb212,[object Object],,0000000000000000e4c27620c476a6b0403e273e52e5578f,info
2026-09-28 08:00:10,[alerts] Skipped blocked subscriber telegram_id=5937846245,479416a0061fc6cf,[object Object],,0000000000000000e4c27620c476a6b0403e273e52e5578f,info
2026-09-28 08:00:10,[alerts] Skipped blocked subscriber telegram_id=1383860867,bf9341447a7a5386,[object Object],,0000000000000000e4c27620c476a6b0403e273e52e5578f,info
2026-09-28 08:00:10,[alerts] Skipped blocked subscriber telegram_id=5156454504,2324589bb581df16,[object Object],,0000000000000000e4c27620c476a6b0403e273e52e5578f,info
2026-09-28 08:00:10,[alerts] Skipped blocked subscriber telegram_id=7167665234,f33b010f1146664,[object Object],,0000000000000000e4c27620c476a6b0403e273e52e5578f,info
2026-09-28 08:00:10,[alerts] Skipped blocked subscriber telegram_id=1045068325,be24f65dd518af80,[object Object],,0000000000000000e4c27620c476a6b0403e273e52e5578f,info
2026-09-28 08:00:10,[alerts] Skipped blocked subscriber telegram_id=8859065841,89efd5d73ec6e436,[object Object],,0000000000000000e4c27620c476a6b0403e273e52e5578f,info
2026-09-28 08:00:10,[alerts] Skipped blocked subscriber telegram_id=40598501,ce800f48cd43982d,[object Object],,0000000000000000e4c27620c476a6b0403e273e52e5578f,info
2026-09-28 08:00:10,[alerts] Skipped blocked subscriber telegram_id=517043895,7b100dbcfc2a7dda,[object Object],,0000000000000000e4c27620c476a6b0403e273e52e5578f,info
2026-09-28 08:00:10,"[earlier-entry] no as-of anchor candles for J1TNHqaAYuratcbSwgsPcTXi2jShxvZMsC2HBBZJpump (firstSeen=1787686693415 t60=1787690293415, candles=29) — row stays pending",a466cd64eb99a962,[object Object],,0000000000000000e4c27620c476a6b0403e273e52e5578f,info
2026-09-28 08:00:09,"[earlier-entry] no as-of anchor candles for 98fAqajBY3ZthsUiHKXSat7tSt4PEutdbdUGy4pfpump (firstSeen=1787686439472 t60=1787690039472, candles=9) — row stays pending",70d487e920346409,[object Object],,0000000000000000e4c27620c476a6b0403e273e52e5578f,info
2026-09-28 08:00:09,[alerts] Skipped blocked subscriber telegram_id=1570219895,80e2a95047dff04b,[object Object],,0000000000000000e4c27620c476a6b0403e273e52e5578f,info
2026-09-28 08:00:09,[alerts] Skipped blocked subscriber telegram_id=8593289816,dfd0b5a2602a57d9,[object Object],,0000000000000000e4c27620c476a6b0403e273e52e5578f,info
2026-09-28 08:00:09,[alerts] Skipped blocked subscriber telegram_id=7539829436,2bff1abd4651c2ac,[object Object],,0000000000000000e4c27620c476a6b0403e273e52e5578f,info
2026-09-28 08:00:09,[alerts] Skipped blocked subscriber telegram_id=5853920193,bad2e882a259b694,[object Object],,0000000000000000e4c27620c476a6b0403e273e52e5578f,info
2026-09-28 08:00:09,[alerts] Skipped blocked subscriber telegram_id=7709322421,a1b72e792cf034ec,[object Object],,0000000000000000e4c27620c476a6b0403e273e52e5578f,info
2026-09-28 08:00:08,"[earlier-entry] no as-of anchor candles for 7RCftn8rC3tXJ9W3hGyDYYkE2XznET9P7Je2549Jpump (firstSeen=1787686352258 t60=1787689952258, candles=38) — row stays pending",4090723a4fc4592f,[object Object],,0000000000000000e4c27620c476a6b0403e273e52e5578f,info
2026-09-28 08:00:07,"[earlier-entry] no as-of anchor candles for HsvQv85YpRn8xkrg4b2J5MmVCAyESMF5hX8G2BUEqzr7 (firstSeen=1787685017096 t60=1787688617096, candles=18) — row stays pending",e94538e156357204,[object Object],,0000000000000000e4c27620c476a6b0403e273e52e5578f,info
2026-09-28 08:00:07,GMGN  P,2b06b534753ade5a,[object Object],,0000000000000000e4c27620c476a6b0403e273e52e5578f,info
2026-09-28 08:00:07,📊 Live data: vol $0,9e5b02a04f0a182a,[object Object],,0000000000000000e4c27620c476a6b0403e273e52e5578f,info
2026-09-28 08:00:07,What changed,69e145d0b12c6f72,[object Object],,0000000000000000e4c27620c476a6b0403e273e52e5578f,info
2026-09-28 08:00:07,Urgency: 0.09 🟢,ade474a453625d42,[object Object],,0000000000000000e4c27620c476a6b0403e273e52e5578f,info
2026-09-28 08:00:07,[bot] inbound from 8806712852: $MAMESUKE — 🟢 HOLD,eade8e7e3458939d,[object Object],,0000000000000000e4c27620c476a6b0403e273e52e5578f,info
2026-09-28 08:00:06,"[earlier-entry] no as-of anchor candles for EB7QuhGEXp8wib68Km92tBqYanwUdrA3f7Sk6dMypump (firstSeen=1787684697580 t60=1787688297580, candles=7) — row stays pending",eef01b9862760d8a,[object Object],,0000000000000000e4c27620c476a6b0403e273e52e5578f,info
2026-09-28 08:00:06,"[earlier-entry] no as-of anchor candles for FxvtBMd5ngXRsbZd61HGf3LHvcKk6z59EMV3H25ppump (firstSeen=1787684410683 t60=1787688010683, candles=5) — row stays pending",a33403bd281bcda1,[object Object],,0000000000000000e4c27620c476a6b0403e273e52e5578f,info
2026-09-28 08:00:05,[alerts] Skipped blocked subscriber telegram_id=6250058659,ba3d194e5dcad88e,[object Object],,0000000000000000e4c27620c476a6b0403e273e52e5578f,info
2026-09-28 08:00:05,"[earlier-entry] no as-of anchor candles for 3idZz5MN5L9edMVFfyGq1SxPYjgUza6PMNnBvFdcpump (firstSeen=1787684410683 t60=1787688010683, candles=24) — row stays pending",a3a9cc837d9a412d,[object Object],,0000000000000000e4c27620c476a6b0403e273e52e5578f,info
2026-09-28 08:00:04,[dexscreener] Polled 28 Solana pairs,f36834509dc97427,[object Object],,0000000000000000e4c27620c476a6b0403e273e52e5578f,info
2026-09-28 08:00:04,"[dexscreener] Got 30 profiles, 15 Solana",7aec3b89727053bf,[object Object],,0000000000000000e4c27620c476a6b0403e273e52e5578f,info
2026-09-28 08:00:04,"[earlier-entry] no as-of anchor candles for DYDxcfzyx9hG7wHMNnt7LVeXbZ53YhDwozdKK5Zopump (firstSeen=1787684406374 t60=1787688006374, candles=3) — row stays pending",8e1a61b110676f50,[object Object],,0000000000000000e4c27620c476a6b0403e273e52e5578f,info
2026-09-28 08:00:04,[mevx] notifications=200 parseSkips=0 endpoints=2,910c875bb7a33b3,[object Object],,0000000000000000e4c27620c476a6b0403e273e52e5578f,info
2026-09-28 08:00:04,[gmgn-budget] earlier-entry=5200req/3b feed-kol=270req/0b feed-discovery=135req/0b conviction=110req/0b hot-netflow=21req/10b over ~117min since=2026-09-28T09:03:26.393Z dropped=749,3e2371114d9cc267,[object Object],,0000000000000000e4c27620c476a6b0403e273e52e5578f,info
2026-09-28 08:00:04,[mevx] notifications=200 parseSkips=0 endpoints=2,563734b2ebb7bb5e,[object Object],,0000000000000000e4c27620c476a6b0403e273e52e5578f,info
2026-09-28 08:00:03,"[earlier-entry] no as-of anchor candles for F5CPPs42UKS6LcJzSXwTEgh2e3oXxzCBTa1iMfftpump (firstSeen=1787684400726 t60=1787688000726, candles=6) — row stays pending",657bb2b172b03e59,[object Object],,0000000000000000e4c27620c476a6b0403e273e52e5578f,info
2026-09-28 08:00:03,[alerts] Skipped blocked subscriber telegram_id=8642435292,356746c816890cc8,[object Object],,0000000000000000e4c27620c476a6b0403e273e52e5578f,info
2026-09-28 08:00:03,🟢 Urgency changed 0.13 → 0.0,69e186d31a82118f,[object Object],,0000000000000000e4c27620c476a6b0403e273e52e5578f,info
2026-09-28 08:00:03,What changed,20e9df9ff5d30fb0,[object Object],,0000000000000000e4c27620c476a6b0403e273e52e5578f,info
2026-09-28 08:00:03,Urgency: 0.09 🟢,e43c2def6cbc7045,[object Object],,0000000000000000e4c27620c476a6b0403e273e52e5578f,info
2026-09-28 08:00:03,[bot] inbound from 8806712852: $MAMESUKE — 🟢 HOLD,4f9d1ef8d936e516,[object Object],,0000000000000000e4c27620c476a6b0403e273e52e5578f,info
2026-09-28 08:00:02,"[earlier-entry] no as-of anchor candles for A4ihj8g1RCjFT44vDjtkfYFT41yjmf1NbXtkdoiBnvwp (firstSeen=1787684375043 t60=1787687975043, candles=3) — row stays pending",fa5b89c08fe4b0ca,[object Object],,0000000000000000e4c27620c476a6b0403e273e52e5578f,info
2026-09-28 08:00:02,"[earlier-entry] no as-of anchor candles for CW7HuFKJKGWYd932ziUtD4FddXLkofKCzaW3y5c4pump (firstSeen=1787684375041 t60=1787687975041, candles=12) — row stays pending",eef0c4875d7fd404,[object Object],,0000000000000000e4c27620c476a6b0403e273e52e5578f,info
2026-09-28 08:00:01,[narrative-hot] 3963444@token_alerts tag=UNTAGGED src=none stage=UNKNOWN share=n/a desc=n/a cluster=1 tags=none mindshare=n/a,789095dd77646eaa,[object Object],,0000000000000000e4c27620c476a6b0403e273e52e5578f,info
2026-09-28 08:00:01,[mevx] notifications=200 parseSkips=0 endpoints=2,2bb17ccbb0b1be3a,[object Object],,0000000000000000e4c27620c476a6b0403e273e52e5578f,info
2026-09-28 08:00:01,[earlier-entry] GMGN kline EMPTY history for 2rqRG1GH8iiXjNc5S3eBaJJQtsnuKxjp7cEGWwm5pump (window 1787684255034..1787688095034) — row stays pending,a6fe2caf1cdb0b16,[object Object],,0000000000000000e4c27620c476a6b0403e273e52e5578f,info
2026-09-28 08:00:00,"[earlier-entry] no as-of anchor candles for Fy3n6AqYfwZrHosrdxKKvsxWh8CKaUste2DCpHTspump (firstSeen=1787684375032 t60=1787687975032, candles=7) — row stays pending",e71884b1c1e27fba,[object Object],,0000000000000000e4c27620c476a6b0403e273e52e5578f,info
2026-09-28 07:59:59,"[earlier-entry] no as-of anchor candles for USCSiKDUVap6hj33JvRDYq6bEmiBwVm3BvE6o5fNgRf (firstSeen=1787684375031 t60=1787687975031, candles=5) — row stays pending",f40000ab1db7108d,[object Object],,0000000000000000e4c27620c476a6b0403e273e52e5578f,info
2026-09-28 07:59:59,🟢 Urgency changed 0.20 → 0.1,220b964529c49207,[object Object],,0000000000000000e4c27620c476a6b0403e273e52e5578f,info
2026-09-28 07:59:59,What changed,fe409e46b858b492,[object Object],,0000000000000000e4c27620c476a6b0403e273e52e5578f,info
2026-09-28 07:59:59,Urgency: 0.13 🟢,ad518abe24e403e9,[object Object],,0000000000000000e4c27620c476a6b0403e273e52e5578f,info
2026-09-28 07:59:59,[bot] inbound from 8806712852: $MAMESUKE — 🟢 HOLD,2430bd7810f57e06,[object Object],,0000000000000000e4c27620c476a6b0403e273e52e5578f,info
2026-09-28 07:59:58,"[earlier-entry] no as-of anchor candles for FBCStPyNtdW5gnEmsmdFY1whJ7jxEuPggN6un416oJ77 (firstSeen=1787684375030 t60=1787687975030, candles=3) — row stays pending",8f38fbf14e82ad7d,[object Object],,0000000000000000e4c27620c476a6b0403e273e52e5578f,info
2026-09-28 07:59:54,🟢 Urgency changed 0.08 → 0.2,ea8232694c51c689,[object Object],,0000000000000000e4c27620c476a6b0403e273e52e5578f,info
2026-09-28 07:59:54,What changed,f425c7fe3a6d72bf,[object Object],,0000000000000000e4c27620c476a6b0403e273e52e5578f,info
2026-09-28 07:59:54,Urgency: 0.20 🟢,fc53c386e2227e0,[object Object],,0000000000000000e4c27620c476a6b0403e273e52e5578f,info
2026-09-28 07:59:54,[bot] inbound from 8806712852: $MAMESUKE — 🟢 HOLD,9d52fe763f6dad63,[object Object],,0000000000000000e4c27620c476a6b0403e273e52e5578f,info
2026-09-28 07:59:50,GMGN  P,52cae2d5f53e2ae1,[object Object],,0000000000000000e4c27620c476a6b0403e273e52e5578f,info
2026-09-28 07:59:50,📊 Live data: vol $0,c55e55aba75fb6b,[object Object],,0000000000000000e4c27620c476a6b0403e273e52e5578f,info
2026-09-28 07:59:50,What changed,100584183c9631ec,[object Object],,0000000000000000e4c27620c476a6b0403e273e52e5578f,info
2026-09-28 07:59:50,Urgency: 0.08 🟢,7cd5bad90b332b5e,[object Object],,0000000000000000e4c27620c476a6b0403e273e52e5578f,info
2026-09-28 07:59:50,[bot] inbound from 8806712852: $MAMESUKE — 🟢 HOLD,47a983c697c68ffb,[object Object],,0000000000000000e4c27620c476a6b0403e273e52e5578f,info
2026-09-28 07:59:46,🟢 Urgency changed 0.13 → 0.0,39bcec827a8bb958,[object Object],,0000000000000000e4c27620c476a6b0403e273e52e5578f,info
2026-09-28 07:59:46,What changed,c67d39805141ea90,[object Object],,0000000000000000e4c27620c476a6b0403e273e52e5578f,info
2026-09-28 07:59:46,Urgency: 0.08 🟢,796a0bdddc9ec404,[object Object],,0000000000000000e4c27620c476a6b0403e273e52e5578f,info
2026-09-28 07:59:46,[bot] inbound from 8806712852: $MAMESUKE — 🟢 HOLD,e775078e39bea036,[object Object],,0000000000000000e4c27620c476a6b0403e273e52e5578f,info
2026-09-28 07:59:46,[hot] poll source=mevx candidates=121 passing=1 newest_age_min=6,1ad0e590d4cee2ba,[object Object],,0000000000000000e4c27620c476a6b0403e273e52e5578f,info
2026-09-28 07:59:46,[mevx] notifications=200 parseSkips=0 endpoints=2,bad4bbd11c2a3f57,[object Object],,0000000000000000e4c27620c476a6b0403e273e52e5578f,info
2026-09-28 07:59:42,🟢 Urgency changed 0.08 → 0.1,10fd3c031e25dbc2,[object Object],,0000000000000000e4c27620c476a6b0403e273e52e5578f,info
2026-09-28 07:59:42,What changed,56bafe92c3e8b93c,[object Object],,0000000000000000e4c27620c476a6b0403e273e52e5578f,info
2026-09-28 07:59:42,Urgency: 0.13 🟢,d358be1b7b8e74a7,[object Object],,0000000000000000e4c27620c476a6b0403e273e52e5578f,info
2026-09-28 07:59:42,[bot] inbound from 8806712852: $MAMESUKE — 🟢 HOLD,319fecbe2bbb3742,[object Object],,0000000000000000e4c27620c476a6b0403e273e52e5578f,info
2026-09-28 07:59:37,🟢 Urgency changed 0.07 → 0.0,3d0a7ca13eb49824,[object Object],,0000000000000000e4c27620c476a6b0403e273e52e5578f,info
2026-09-28 07:59:37,What changed,b5b4beb7e4a3fd1d,[object Object],,0000000000000000e4c27620c476a6b0403e273e52e5578f,info
2026-09-28 07:59:37,Urgency: 0.08 🟢,ff9f4bc81eb49a70,[object Object],,0000000000000000e4c27620c476a6b0403e273e52e5578f,info
2026-09-28 07:59:37,[bot] inbound from 8806712852: $MAMESUKE — 🟢 HOLD,da9b229af55fe61d,[object Object],,0000000000000000e4c27620c476a6b0403e273e52e5578f,info
2026-09-28 07:59:34,[dexscreener] Polled 28 Solana pairs,e81c4213310dc5c4,[object Object],,0000000000000000e4c27620c476a6b0403e273e52e5578f,info
2026-09-28 07:59:34,"[dexscreener] Got 30 profiles, 15 Solana",c5b571e1d61e04f8,[object Object],,0000000000000000e4c27620c476a6b0403e273e52e5578f,info
2026-09-28 07:59:33,🟢 Urgency changed 0.10 → 0.0,57b42cc901c6a2d6,[object Object],,0000000000000000e4c27620c476a6b0403e273e52e5578f,info
2026-09-28 07:59:33,What changed,fae334117545f65,[object Object],,0000000000000000e4c27620c476a6b0403e273e52e5578f,info
2026-09-28 07:59:33,Urgency: 0.07 🟢,362353f89cf67731,[object Object],,0000000000000000e4c27620c476a6b0403e273e52e5578f,info
2026-09-28 07:59:33,[bot] inbound from 8806712852: $MAMESUKE — 🟢 HOLD,a8a7f9ebb1baf16a,[object Object],,0000000000000000e4c27620c476a6b0403e273e52e5578f,info
2026-09-28 07:59:31,[hot] poll source=mevx candidates=121 passing=1 newest_age_min=6,83778c2cf0e3ec53,[object Object],,0000000000000000e4c27620c476a6b0403e273e52e5578f,info
2026-09-28 07:59:31,[mevx] notifications=200 parseSkips=0 endpoints=2,41f14b349794cf8f,[object Object],,0000000000000000e4c27620c476a6b0403e273e52e5578f,info
2026-09-28 07:59:30,"[earlier-entry] no as-of anchor candles for G1fDSMMg6GsreL343Y8PGVzYht2CTfEtjZFuX3vRpump (firstSeen=1787694184135 t60=1787697784135, candles=36) — row stays pending",68b7ee12d8cdc489,[object Object],,0000000000000000e4c27620c476a6b0403e273e52e5578f,info
2026-09-28 07:59:29,"[earlier-entry] no as-of anchor candles for EJUTDNaakydzbVJa7qisRuSFBpBAKWchuWvbwWXppump (firstSeen=1787694131175 t60=1787697731175, candles=8) — row stays pending",43be847af3d2d466,[object Object],,0000000000000000e4c27620c476a6b0403e273e52e5578f,info
2026-09-28 07:59:29,🟢 Urgency changed 0.89 → 0.1,cce40e3035ce9f5c,[object Object],,0000000000000000e4c27620c476a6b0403e273e52e5578f,info
2026-09-28 07:59:29,What changed,785a02014ac9d5cc,[object Object],,0000000000000000e4c27620c476a6b0403e273e52e5578f,info
2026-09-28 07:59:29,Urgency: 0.10 🟢,c77950cc73f82421,[object Object],,0000000000000000e4c27620c476a6b0403e273e52e5578f,info
2026-09-28 07:59:29,[bot] inbound from 8806712852: $MAMESUKE — 🟢 HOLD,90ac276f3089af4c,[object Object],,0000000000000000e4c27620c476a6b0403e273e52e5578f,info
2026-09-28 07:59:29,"[channel] teaser baseline MAMESUKE 1.5x (1.7x live at first observation) — pre-observation crossing, never fires",81d77a37a9abd025,[object Object],,0000000000000000e4c27620c476a6b0403e273e52e5578f,info
2026-09-28 07:59:28,"[earlier-entry] no as-of anchor candles for 5VsmPH57C3ApqVVV7D2B2yELj7moVJ8VWc1DNWTspump (firstSeen=1787693539578 t60=1787697139578, candles=22) — row stays pending",ca174f380817321b,[object Object],,0000000000000000e4c27620c476a6b0403e273e52e5578f,info
2026-09-28 07:59:27,"[earlier-entry] no as-of anchor candles for 87UDuAH5UxDxtHJ6TbuvZJut78JxcQU1X4h8HyKLpump (firstSeen=1787693012218 t60=1787696612218, candles=21) — row stays pending",8a3df03f19b3d1ad,[object Object],,0000000000000000e4c27620c476a6b0403e273e52e5578f,info
2026-09-28 07:59:27,[earlier-entry] GMGN kline EMPTY history for GZR59y93kd9mhSf1y9jj3MQaaDRTLjKHkAumj5wZpump (window 1787692284174..1787696124174) — row stays pending,1eaba19c96e5887,[object Object],,0000000000000000e4c27620c476a6b0403e273e52e5578f,info
2026-09-28 07:59:26,"[earlier-entry] no as-of anchor candles for FASuHwpPmEMV5eR97eveRShvFynoqMi4uyTk9Qxvpump (firstSeen=1787692374995 t60=1787695974995, candles=13) — row stays pending",4c7e9240ef8e74c4,[object Object],,0000000000000000e4c27620c476a6b0403e273e52e5578f,info
2026-09-28 07:59:26,"[microaudit:priority] tick done: 0 queued, 0 cooldown-skipped, 0 capped, 0 fetched, 0 stamped, 0 deferred, 0 stale-skipped",b9171bf2124b2d26,[object Object],,0000000000000000e4c27620c476a6b0403e273e52e5578f,info
2026-09-28 07:59:25,"[earlier-entry] no as-of anchor candles for ETTE5N3HsJd1m9BFtHsadZqRU1x8ZsxByehUugtZpump (firstSeen=1787692355448 t60=1787695955448, candles=2) — row stays pending",1885c371e899ad57,[object Object],,0000000000000000e4c27620c476a6b0403e273e52e5578f,info
2026-09-28 07:59:25,🟡 Urgency changed 0.08 →,6c27316e75095cac,[object Object],,0000000000000000e4c27620c476a6b0403e273e52e5578f,info
2026-09-28 07:59:25,What changed,f8fd33cf528e22c1,[object Object],,0000000000000000e4c27620c476a6b0403e273e52e5578f,info
2026-09-28 07:59:25,Urgency: 0.89 🟡,5aa87e56f2f842e2,[object Object],,0000000000000000e4c27620c476a6b0403e273e52e5578f,info
2026-09-28 07:59:25,[bot] inbound from 8806712852: $MAMESUKE — 🟡 CAUTION,14c9723074c46bdf,[object Object],,0000000000000000e4c27620c476a6b0403e273e52e5578f,info
2026-09-28 07:59:24,"[earlier-entry] no as-of anchor candles for 42SYB3Fyd7KV9GkHjVW36WxgzNJpu3EKNvUyp9sHpump (firstSeen=1787692355442 t60=1787695955442, candles=23) — row stays pending",da51f81b20669205,[object Object],,0000000000000000e4c27620c476a6b0403e273e52e5578f,info
2026-09-28 07:59:23,"[earlier-entry] no as-of anchor candles for 9FFDy5LsmrQJVGevooMomQtwZ6nByeD95CB43qy4pump (firstSeen=1787692355440 t60=1787695955440, candles=10) — row stays pending",44028cddccd5ed7e,[object Object],,0000000000000000e4c27620c476a6b0403e273e52e5578f,info
2026-09-28 07:59:23,"[earlier-entry] no as-of anchor candles for 672KyXWJE8infxtD3gNHAZGdDGuWSmgVCUKrScB6pump (firstSeen=1787692355435 t60=1787695955435, candles=7) — row stays pending",5a53e70f8a8438d,[object Object],,0000000000000000e4c27620c476a6b0403e273e52e5578f,info
2026-09-28 07:59:22,"[earlier-entry] no as-of anchor candles for 4qjPZWnR8usFJsMmgU4thuWuasvN7rV45VMthMbdpump (firstSeen=1787692355334 t60=1787695955334, candles=15) — row stays pending",637392724a103212,[object Object],,0000000000000000e4c27620c476a6b0403e273e52e5578f,info
2026-09-28 07:59:21,"[earlier-entry] no as-of anchor candles for TKLCx7SBsPLT2DvoHAGwW348RBL4jEDtDdFck7opump (firstSeen=1787692355333 t60=1787695955333, candles=14) — row stays pending",35426b0c8945d14f,[object Object],,0000000000000000e4c27620c476a6b0403e273e52e5578f,info
2026-09-28 07:59:20,"[perf] JVNThAXvkB1f7PLb3Fq7KjsJYCLTCvZYXMmrSQKpump: 1.74x (new peak, was 0.00x)",70bab3e9bed2b7ad,[object Object],,0000000000000000e4c27620c476a6b0403e273e52e5578f,info
2026-09-28 07:59:20,"[perf] 76fFhcA142kf9gdg11ahYTmEiZnPXokxJkcF1axupump: 1.18x (new peak, was 1.04x)",4775524d6ff29255,[object Object],,0000000000000000e4c27620c476a6b0403e273e52e5578f,info
2026-09-28 07:59:20,"[earlier-entry] no as-of anchor candles for 2fqG8LbiKNDYgFpZZZ6F9uke6GhRe7fqw9Pa4oJupump (firstSeen=1787689254230 t60=1787692854230, candles=1) — row stays pending",d8bf58b3b788894a,[object Object],,0000000000000000e4c27620c476a6b0403e273e52e5578f,info
2026-09-28 07:59:20,"[perf] GAiNsyzxypevTDHxdf42wU55GeVbGuwDEeb3Ca8mpump: 2.41x (new peak, was 2.32x)",d2feadeffe56e30,[object Object],,0000000000000000e4c27620c476a6b0403e273e52e5578f,info
2026-09-28 07:59:20,"[earlier-entry] no as-of anchor candles for 4n7hKbjRQ8kikDXoZJj6QSpr2ZtTNJCJTf7NuCnipump (firstSeen=1787689034855 t60=1787692634855, candles=13) — row stays pending",ff3a5e84b4c7604f,[object Object],,0000000000000000e4c27620c476a6b0403e273e52e5578f,info
2026-09-28 07:59:19,"[earlier-entry] no as-of anchor candles for Hr4TZjRcphKM21oh4BrQjH66kHhuBPDEzRTuMTXFpump (firstSeen=1787688442375 t60=1787692042375, candles=3) — row stays pending",a7d003047370f48,[object Object],,0000000000000000e4c27620c476a6b0403e273e52e5578f,info
2026-09-28 07:59:18,"[earlier-entry] no as-of anchor candles for H2qTatoCJMx1fXFWZpjYLAdc6it7TYmzeQTnY7Mjpump (firstSeen=1787688441901 t60=1787692041901, candles=25) — row stays pending",50948df1b46c0fe2,[object Object],,0000000000000000e4c27620c476a6b0403e273e52e5578f,info
2026-09-28 07:59:17,"[earlier-entry] no as-of anchor candles for FWRkpgMqsAhY6aQrz7npK32VwTkwjCBF5n4Enybnpump (firstSeen=1787688319574 t60=1787691919574, candles=3) — row stays pending",cc38635d4d8cdd7a,[object Object],,0000000000000000e4c27620c476a6b0403e273e52e5578f,info
2026-09-28 07:59:17,GMGN  P,15f6a6c2881e9d74,[object Object],,0000000000000000e4c27620c476a6b0403e273e52e5578f,info
2026-09-28 07:59:17,📊 Live data: vol $0,1300a4133d67431c,[object Object],,0000000000000000e4c27620c476a6b0403e273e52e5578f,info
2026-09-28 07:59:17,What changed,d24e7c8a59be9ea1,[object Object],,0000000000000000e4c27620c476a6b0403e273e52e5578f,info
2026-09-28 07:59:17,Urgency: 0.10 🟢,b3f9af2ae2548189,[object Object],,0000000000000000e4c27620c476a6b0403e273e52e5578f,info
2026-09-28 07:59:17,[bot] inbound from 8806712852: $MAMESUKE — 🟢 HOLD,8511e5326656b16c,[object Object],,0000000000000000e4c27620c476a6b0403e273e52e5578f,info
2026-09-28 07:59:16,"[earlier-entry] no as-of anchor candles for 7gLfH99aqSjBaRXfhrzm2vEgrxKvvSgm2JctF5rgpump (firstSeen=1787688148054 t60=1787691748054, candles=33) — row stays pending",dcef8d5b49c63c46,[object Object],,0000000000000000e4c27620c476a6b0403e273e52e5578f,info
2026-09-28 07:59:16,[hot] poll source=mevx candidates=121 passing=1 newest_age_min=5,21678c992a7bb539,[object Object],,0000000000000000e4c27620c476a6b0403e273e52e5578f,info
2026-09-28 07:59:16,[mevx] notifications=200 parseSkips=0 endpoints=2,d56a471c332da6da,[object Object],,0000000000000000e4c27620c476a6b0403e273e52e5578f,info
2026-09-28 07:59:15,"[earlier-entry] no as-of anchor candles for 4izEqGCX9KxD2xWZkJkMn8WRqNiBqkq2eX8PZqRDpump (firstSeen=1787687575575 t60=1787691175575, candles=7) — row stays pending",3a3acedf6b215570,[object Object],,0000000000000000e4c27620c476a6b0403e273e52e5578f,info
2026-09-28 07:59:15,"[earlier-entry] no as-of anchor candles for 4185dnL3PaVsKyikTEQApEhgRXbYbyxJGwYK6qQ2pump (firstSeen=1787687522215 t60=1787691122215, candles=6) — row stays pending",c9f2e35c4cef629c,[object Object],,0000000000000000e4c27620c476a6b0403e273e52e5578f,info
2026-09-28 07:59:14,"[earlier-entry] no as-of anchor candles for FDcGUXTEGpn3dZDhW3PLnk3jvEyuLLWEXM8Jpg81pump (firstSeen=1787687437815 t60=1787691037815, candles=10) — row stays pending",a8c83d3114ef2023,[object Object],,0000000000000000e4c27620c476a6b0403e273e52e5578f,info
2026-09-28 07:59:13,"[channel-gate] sweep done: 0 invited, 0 kicked, 4 already in, 36 outstanding-skipped, 0 errors (members=15, admins=2)",64a6107a85c3814b,[object Object],,0000000000000000e4c27620c476a6b0403e273e52e5578f,info
2026-09-28 07:59:13,🟢 Urgency changed 0.08 → 0.1,dde93bd7d8412df1,[object Object],,0000000000000000e4c27620c476a6b0403e273e52e5578f,info
2026-09-28 07:59:13,What changed,e42e1c684c1c5711,[object Object],,0000000000000000e4c27620c476a6b0403e273e52e5578f,info
2026-09-28 07:59:13,Urgency: 0.10 🟢,d2bc2f63270a9fc3,[object Object],,0000000000000000e4c27620c476a6b0403e273e52e5578f,info
2026-09-28 07:59:13,[bot] inbound from 8806712852: $MAMESUKE — 🟢 HOLD,6ad57a125c22dc19,[object Object],,0000000000000000e4c27620c476a6b0403e273e52e5578f,info
2026-09-28 07:59:13,"[earlier-entry] no as-of anchor candles for pbiX8giTJnC2nKAMfxTStJrTtT9XbNz5zPx6y7mpump (firstSeen=1787687380536 t60=1787690980536, candles=9) — row stays pending",dbb62d52f0a37be7,[object Object],,0000000000000000e4c27620c476a6b0403e273e52e5578f,info
2026-09-28 07:59:12,"[earlier-entry] no as-of anchor candles for CebGgVwrWHkAhfWZi6jHgeduKRSDzijnGZVQ97k6pump (firstSeen=1787687278695 t60=1787690878695, candles=20) — row stays pending",f74f99545cd1f955,[object Object],,0000000000000000e4c27620c476a6b0403e273e52e5578f,info
2026-09-28 07:59:11,[gmgn-feed] kol poll: events=94 tx=45 mints=19 new=3,3b33109a28893388,[object Object],,0000000000000000e4c27620c476a6b0403e273e52e5578f,info
2026-09-28 07:59:11,"[earlier-entry] no as-of anchor candles for En9sQtnHpByLEE7ykhFQ25PirV54rYegEJCjBV87pump (firstSeen=1787686994060 t60=1787690594060, candles=16) — row stays pending",967b28f7b6a2b174,[object Object],,0000000000000000e4c27620c476a6b0403e273e52e5578f,info
2026-09-28 07:59:11,[gmgn-feed] discovery poll: saw=60 new=29 deduped=31,d854c524ec1f50f4,[object Object],,0000000000000000e4c27620c476a6b0403e273e52e5578f,info
2026-09-28 07:59:10,"[earlier-entry] no as-of anchor candles for 5N8vsaxFs7cVuw7fQyhTSYMPpdzMt8nGNr2f5kaHpump (firstSeen=1787686853336 t60=1787690453336, candles=11) — row stays pending",2e3f99ad0e5338aa,[object Object],,0000000000000000e4c27620c476a6b0403e273e52e5578f,info
2026-09-28 07:59:10,"[earlier-entry] no as-of anchor candles for J1TNHqaAYuratcbSwgsPcTXi2jShxvZMsC2HBBZJpump (firstSeen=1787686693415 t60=1787690293415, candles=29) — row stays pending",4821d6f4dc347b2c,[object Object],,0000000000000000e4c27620c476a6b0403e273e52e5578f,info
2026-09-28 07:59:09,"[earlier-entry] no as-of anchor candles for 98fAqajBY3ZthsUiHKXSat7tSt4PEutdbdUGy4pfpump (firstSeen=1787686439472 t60=1787690039472, candles=9) — row stays pending",299b4ce26a96acf,[object Object],,0000000000000000e4c27620c476a6b0403e273e52e5578f,info
2026-09-28 07:59:09,🟢 Urgency changed 0.09 → 0.0,fa409b24b4e069bf,[object Object],,0000000000000000e4c27620c476a6b0403e273e52e5578f,info
2026-09-28 07:59:09,What changed,3a5ffb4f1a166122,[object Object],,0000000000000000e4c27620c476a6b0403e273e52e5578f,info
2026-09-28 07:59:09,Urgency: 0.08 🟢,cebde94cc33cd20,[object Object],,0000000000000000e4c27620c476a6b0403e273e52e5578f,info
2026-09-28 07:59:09,[bot] inbound from 8806712852: $MAMESUKE — 🟢 HOLD,f0a7cb07ab356d2e,[object Object],,0000000000000000e4c27620c476a6b0403e273e52e5578f,info
2026-09-28 07:59:08,"[earlier-entry] no as-of anchor candles for 7RCftn8rC3tXJ9W3hGyDYYkE2XznET9P7Je2549Jpump (firstSeen=1787686352258 t60=1787689952258, candles=38) — row stays pending",7b86f25fefd524cd,[object Object],,0000000000000000e4c27620c476a6b0403e273e52e5578f,info
2026-09-28 07:59:07,"[earlier-entry] no as-of anchor candles for HsvQv85YpRn8xkrg4b2J5MmVCAyESMF5hX8G2BUEqzr7 (firstSeen=1787685017096 t60=1787688617096, candles=18) — row stays pending",cca963d95b880053,[object Object],,0000000000000000e4c27620c476a6b0403e273e52e5578f,info
2026-09-28 07:59:06,"[earlier-entry] no as-of anchor candles for EB7QuhGEXp8wib68Km92tBqYanwUdrA3f7Sk6dMypump (firstSeen=1787684697580 t60=1787688297580, candles=7) — row stays pending",87304f64dbd6d169,[object Object],,0000000000000000e4c27620c476a6b0403e273e52e5578f,info
2026-09-28 07:59:06,"[earlier-entry] no as-of anchor candles for FxvtBMd5ngXRsbZd61HGf3LHvcKk6z59EMV3H25ppump (firstSeen=1787684410683 t60=1787688010683, candles=5) — row stays pending",b7d1c9db583fac68,[object Object],,0000000000000000e4c27620c476a6b0403e273e52e5578f,info
2026-09-28 07:59:05,"[earlier-entry] no as-of anchor candles for 3idZz5MN5L9edMVFfyGq1SxPYjgUza6PMNnBvFdcpump (firstSeen=1787684410683 t60=1787688010683, candles=24) — row stays pending",886b6e00eeea8c3b,[object Object],,0000000000000000e4c27620c476a6b0403e273e52e5578f,info
2026-09-28 07:59:05,GMGN  P,21098f2985f8cfd6,[object Object],,0000000000000000e4c27620c476a6b0403e273e52e5578f,info
2026-09-28 07:59:05,📊 Live data: vol $0,e0afdf2380797d80,[object Object],,0000000000000000e4c27620c476a6b0403e273e52e5578f,info
2026-09-28 07:59:05,What changed,87665d903f145d62,[object Object],,0000000000000000e4c27620c476a6b0403e273e52e5578f,info
2026-09-28 07:59:05,Urgency: 0.09 🟢,64c425ef1a818c12,[object Object],,0000000000000000e4c27620c476a6b0403e273e52e5578f,info
2026-09-28 07:59:05,[bot] inbound from 8806712852: $MAMESUKE — 🟢 HOLD,496ca5b43e9b22ce,[object Object],,0000000000000000e4c27620c476a6b0403e273e52e5578f,info
2026-09-28 07:59:04,[dexscreener] Polled 28 Solana pairs,f7cb107009de3a52,[object Object],,0000000000000000e4c27620c476a6b0403e273e52e5578f,info
2026-09-28 07:59:04,"[earlier-entry] no as-of anchor candles for DYDxcfzyx9hG7wHMNnt7LVeXbZ53YhDwozdKK5Zopump (firstSeen=1787684406374 t60=1787688006374, candles=3) — row stays pending",142edc4bbf071b9b,[object Object],,0000000000000000e4c27620c476a6b0403e273e52e5578f,info
2026-09-28 07:59:04,"[dexscreener] Got 30 profiles, 15 Solana",37b872d22b3845f,[object Object],,0000000000000000e4c27620c476a6b0403e273e52e5578f,info
2026-09-28 07:59:04,[healthcheck] ping ok (HTTP 200),2d5472794b1e8748,[object Object],,0000000000000000e4c27620c476a6b0403e273e52e5578f,info
2026-09-28 07:59:04,[mevx] notifications=200 parseSkips=0 endpoints=2,830d15553fe02604,[object Object],,0000000000000000e4c27620c476a6b0403e273e52e5578f,info
2026-09-28 07:59:04,[gmgn-budget] earlier-entry=5160req/3b feed-kol=268req/0b feed-discovery=134req/0b conviction=110req/0b hot-netflow=21req/10b(bk) over ~117min since=2026-09-28T09:02:26.428Z dropped=706,2ca0f3a7581d1260,[object Object],,0000000000000000e4c27620c476a6b0403e273e52e5578f,info
2026-09-28 07:59:04,[mevx] notifications=200 parseSkips=0 endpoints=2,c7bd1c09fd60742d,[object Object],,0000000000000000e4c27620c476a6b0403e273e52e5578f,info
2026-09-28 07:59:03,"[earlier-entry] no as-of anchor candles for F5CPPs42UKS6LcJzSXwTEgh2e3oXxzCBTa1iMfftpump (firstSeen=1787684400726 t60=1787688000726, candles=6) — row stays pending",42680066fe69eb2a,[object Object],,0000000000000000e4c27620c476a6b0403e273e52e5578f,info
2026-09-28 07:59:02,"[earlier-entry] no as-of anchor candles for A4ihj8g1RCjFT44vDjtkfYFT41yjmf1NbXtkdoiBnvwp (firstSeen=1787684375043 t60=1787687975043, candles=3) — row stays pending",73c6eb2ed4c4c836,[object Object],,0000000000000000e4c27620c476a6b0403e273e52e5578f,info
2026-09-28 07:59:02,"[earlier-entry] no as-of anchor candles for CW7HuFKJKGWYd932ziUtD4FddXLkofKCzaW3y5c4pump (firstSeen=1787684375041 t60=1787687975041, candles=12) — row stays pending",82a55b30c6548dde,[object Object],,0000000000000000e4c27620c476a6b0403e273e52e5578f,info
2026-09-28 07:59:01,[hot] poll source=mevx candidates=121 passing=1 newest_age_min=5,9cc4773b6b547f00,[object Object],,0000000000000000e4c27620c476a6b0403e273e52e5578f,info
2026-09-28 07:59:01,[mevx] notifications=200 parseSkips=0 endpoints=2,d16ecb0bd8bcfc51,[object Object],,0000000000000000e4c27620c476a6b0403e273e52e5578f,info
2026-09-28 07:59:01,[earlier-entry] GMGN kline EMPTY history for 2rqRG1GH8iiXjNc5S3eBaJJQtsnuKxjp7cEGWwm5pump (window 1787684255034..1787688095034) — row stays pending,c716ee62a7d35399,[object Object],,0000000000000000e4c27620c476a6b0403e273e52e5578f,info
2026-09-28 07:59:00,"[earlier-entry] no as-of anchor candles for Fy3n6AqYfwZrHosrdxKKvsxWh8CKaUste2DCpHTspump (firstSeen=1787684375032 t60=1787687975032, candles=7) — row stays pending",3009a3ffd6be51f1,[object Object],,0000000000000000e4c27620c476a6b0403e273e52e5578f,info
2026-09-28 07:59:00,🟢 Urgency changed 0.76 → 0.0,605ac2dc7ea6873c,[object Object],,0000000000000000e4c27620c476a6b0403e273e52e5578f,info
2026-09-28 07:59:00,What changed,bb8404f84f4f94a7,[object Object],,0000000000000000e4c27620c476a6b0403e273e52e5578f,info
2026-09-28 07:59:00,Urgency: 0.09 🟢,5541b459847e8eb0,[object Object],,0000000000000000e4c27620c476a6b0403e273e52e5578f,info
2026-09-28 07:59:00,[bot] inbound from 8806712852: $MAMESUKE — 🟢 HOLD,206543f77310fd36,[object Object],,0000000000000000e4c27620c476a6b0403e273e52e5578f,info
2026-09-28 07:58:59,"[earlier-entry] no as-of anchor candles for USCSiKDUVap6hj33JvRDYq6bEmiBwVm3BvE6o5fNgRf (firstSeen=1787684375031 t60=1787687975031, candles=5) — row stays pending",40940e2e062ca407,[object Object],,0000000000000000e4c27620c476a6b0403e273e52e5578f,info
2026-09-28 07:58:58,"[earlier-entry] no as-of anchor candles for FBCStPyNtdW5gnEmsmdFY1whJ7jxEuPggN6un416oJ77 (firstSeen=1787684375030 t60=1787687975030, candles=3) — row stays pending",d85423aa83261bfa,[object Object],,0000000000000000e4c27620c476a6b0403e273e52e5578f,info
2026-09-28 07:58:55,🟡 Urgency changed 0.08 →,8c726bae367a2652,[object Object],,0000000000000000e4c27620c476a6b0403e273e52e5578f,info
2026-09-28 07:58:55,What changed,e7b8e8d97c6f3920,[object Object],,0000000000000000e4c27620c476a6b0403e273e52e5578f,info
2026-09-28 07:58:55,Urgency: 0.76 🟡,b0ae1fa737fc03b0,[object Object],,0000000000000000e4c27620c476a6b0403e273e52e5578f,info
2026-09-28 07:58:55,[bot] inbound from 8806712852: $MAMESUKE — 🟡 CAUTION,88ba203c8d8e5973,[object Object],,0000000000000000e4c27620c476a6b0403e273e52e5578f,info
2026-09-28 07:58:51,🟢 Urgency changed 0.10 → 0.0,9bb1ddc9eaf10f31,[object Object],,0000000000000000e4c27620c476a6b0403e273e52e5578f,info
2026-09-28 07:58:51,What changed,8080170aca79b006,[object Object],,0000000000000000e4c27620c476a6b0403e273e52e5578f,info
2026-09-28 07:58:51,Urgency: 0.08 🟢,780c2934743685b9,[object Object],,0000000000000000e4c27620c476a6b0403e273e52e5578f,info
2026-09-28 07:58:51,[bot] inbound from 8806712852: $MAMESUKE — 🟢 HOLD,d49e8f44ae31a126,[object Object],,0000000000000000e4c27620c476a6b0403e273e52e5578f,info
2026-09-28 07:58:46,[hot] poll source=mevx candidates=121 passing=1 newest_age_min=5,e9fc78cf4d60a419,[object Object],,0000000000000000e4c27620c476a6b0403e273e52e5578f,info
2026-09-28 07:58:46,[mevx] notifications=200 parseSkips=0 endpoints=2,b07113d09ad26631,[object Object],,0000000000000000e4c27620c476a6b0403e273e52e5578f,info
2026-09-28 07:58:44,GMGN  P,a9f9948b2d6c2bcd,[object Object],,0000000000000000e4c27620c476a6b0403e273e52e5578f,info
2026-09-28 07:58:44,📊 Live data: vol $0,1097b46c3a802027,[object Object],,0000000000000000e4c27620c476a6b0403e273e52e5578f,info
2026-09-28 07:58:44,What changed,3c444b7e0547e619,[object Object],,0000000000000000e4c27620c476a6b0403e273e52e5578f,info
2026-09-28 07:58:44,Urgency: 0.09 🟢,c50fb059453932ec,[object Object],,0000000000000000e4c27620c476a6b0403e273e52e5578f,info
2026-09-28 07:58:44,[bot] inbound from 8806712852: $MAMESUKE — 🟢 HOLD,ca7fa11f9e219b81,[object Object],,0000000000000000e4c27620c476a6b0403e273e52e5578f,info
2026-09-28 07:58:39,🟢 Urgency changed 0.10 → 0.0,7ce83729601c73e2,[object Object],,0000000000000000e4c27620c476a6b0403e273e52e5578f,info
2026-09-28 07:58:39,What changed,a4c0eeba3daa40ee,[object Object],,0000000000000000e4c27620c476a6b0403e273e52e5578f,info
2026-09-28 07:58:39,Urgency: 0.09 🟢,7b5f64b43c6f09b6,[object Object],,0000000000000000e4c27620c476a6b0403e273e52e5578f,info
2026-09-28 07:58:39,[bot] inbound from 8806712852: $MAMESUKE — 🟢 HOLD,f05eb565ffc23897,[object Object],,0000000000000000e4c27620c476a6b0403e273e52e5578f,info
2026-09-28 07:58:35,🟢 Urgency changed 0.12 → 0.1,ec76a6aad3178757,[object Object],,0000000000000000e4c27620c476a6b0403e273e52e5578f,info
2026-09-28 07:58:35,What changed,f4d8e2a409304e1a,[object Object],,0000000000000000e4c27620c476a6b0403e273e52e5578f,info
2026-09-28 07:58:35,Urgency: 0.10 🟢,2620106d5caeb035,[object Object],,0000000000000000e4c27620c476a6b0403e273e52e5578f,info
2026-09-28 07:58:35,[bot] inbound from 8806712852: $MAMESUKE — 🟢 HOLD,3c9db3b46f9e56c3,[object Object],,0000000000000000e4c27620c476a6b0403e273e52e5578f,info
2026-09-28 07:58:34,[dexscreener] Polled 28 Solana pairs,7fbf085970d4bd0f,[object Object],,0000000000000000e4c27620c476a6b0403e273e52e5578f,info
2026-09-28 07:58:34,"[dexscreener] Got 30 profiles, 15 Solana",a4f9e85c26c49da2,[object Object],,0000000000000000e4c27620c476a6b0403e273e52e5578f,info
2026-09-28 07:58:31,[hot] poll source=mevx candidates=121 passing=1 newest_age_min=5,58d85652db1921fd,[object Object],,0000000000000000e4c27620c476a6b0403e273e52e5578f,info
2026-09-28 07:58:31,[mevx] notifications=200 parseSkips=0 endpoints=2,71373cdcd456882f,[object Object],,0000000000000000e4c27620c476a6b0403e273e52e5578f,info
2026-09-28 07:58:31,🟢 Urgency changed 0.11 → 0.1,4f51d0cd447eb5e6,[object Object],,0000000000000000e4c27620c476a6b0403e273e52e5578f,info
2026-09-28 07:58:31,What changed,e11188fe0697de4d,[object Object],,0000000000000000e4c27620c476a6b0403e273e52e5578f,info
2026-09-28 07:58:31,Urgency: 0.12 🟢,3faaba11f23bb1b0,[object Object],,0000000000000000e4c27620c476a6b0403e273e52e5578f,info
2026-09-28 07:58:31,[bot] inbound from 8806712852: $MAMESUKE — 🟢 HOLD,a220d1084e11c159,[object Object],,0000000000000000e4c27620c476a6b0403e273e52e5578f,info
2026-09-28 07:58:30,"[earlier-entry] no as-of anchor candles for G1fDSMMg6GsreL343Y8PGVzYht2CTfEtjZFuX3vRpump (firstSeen=1787694184135 t60=1787697784135, candles=36) — row stays pending",241c10da572e45e2,[object Object],,0000000000000000e4c27620c476a6b0403e273e52e5578f,info
2026-09-28 07:58:30,"[earlier-entry] no as-of anchor candles for EJUTDNaakydzbVJa7qisRuSFBpBAKWchuWvbwWXppump (firstSeen=1787694131175 t60=1787697731175, candles=8) — row stays pending",12c34d16464ebdee,[object Object],,0000000000000000e4c27620c476a6b0403e273e52e5578f,info
2026-09-28 07:58:29,"[earlier-entry] no as-of anchor candles for 5VsmPH57C3ApqVVV7D2B2yELj7moVJ8VWc1DNWTspump (firstSeen=1787693539578 t60=1787697139578, candles=22) — row stays pending",5967d7536d9c3cbb,[object Object],,0000000000000000e4c27620c476a6b0403e273e52e5578f,info
2026-09-28 07:58:28,"[earlier-entry] no as-of anchor candles for 87UDuAH5UxDxtHJ6TbuvZJut78JxcQU1X4h8HyKLpump (firstSeen=1787693012218 t60=1787696612218, candles=21) — row stays pending",ef08b9a80c8171c3,[object Object],,0000000000000000e4c27620c476a6b0403e273e52e5578f,info
2026-09-28 07:58:27,[earlier-entry] GMGN kline EMPTY history for GZR59y93kd9mhSf1y9jj3MQaaDRTLjKHkAumj5wZpump (window 1787692284174..1787696124174) — row stays pending,e735443e9a998962,[object Object],,0000000000000000e4c27620c476a6b0403e273e52e5578f,info
2026-09-28 07:58:26,🟢 Urgency changed 0.80 → 0.1,d05d2ed485d292e2,[object Object],,0000000000000000e4c27620c476a6b0403e273e52e5578f,info
2026-09-28 07:58:26,What changed,209e6ac9b5ea9c6c,[object Object],,0000000000000000e4c27620c476a6b0403e273e52e5578f,info
2026-09-28 07:58:26,Urgency: 0.11 🟢,d223c18d0c3749c1,[object Object],,0000000000000000e4c27620c476a6b0403e273e52e5578f,info
2026-09-28 07:58:26,[bot] inbound from 8806712852: $MAMESUKE — 🟢 HOLD,9b07b1199f7496ba,[object Object],,0000000000000000e4c27620c476a6b0403e273e52e5578f,info
2026-09-28 07:58:26,"[earlier-entry] no as-of anchor candles for FASuHwpPmEMV5eR97eveRShvFynoqMi4uyTk9Qxvpump (firstSeen=1787692374995 t60=1787695974995, candles=13) — row stays pending",b5b429ee28bb153a,[object Object],,0000000000000000e4c27620c476a6b0403e273e52e5578f,info
2026-09-28 07:58:26,"[microaudit:priority] tick done: 0 queued, 0 cooldown-skipped, 0 capped, 0 fetched, 0 stamped, 0 deferred, 0 stale-skipped",2a4df7ab2ae83b1d,[object Object],,0000000000000000e4c27620c476a6b0403e273e52e5578f,info
2026-09-28 07:58:25,"[earlier-entry] no as-of anchor candles for ETTE5N3HsJd1m9BFtHsadZqRU1x8ZsxByehUugtZpump (firstSeen=1787692355448 t60=1787695955448, candles=2) — row stays pending",a756cda567bde1c7,[object Object],,0000000000000000e4c27620c476a6b0403e273e52e5578f,info
2026-09-28 07:58:24,"[earlier-entry] no as-of anchor candles for 42SYB3Fyd7KV9GkHjVW36WxgzNJpu3EKNvUyp9sHpump (firstSeen=1787692355442 t60=1787695955442, candles=23) — row stays pending",623288583dd9f145,[object Object],,0000000000000000e4c27620c476a6b0403e273e52e5578f,info
2026-09-28 07:58:24,"[earlier-entry] no as-of anchor candles for 9FFDy5LsmrQJVGevooMomQtwZ6nByeD95CB43qy4pump (firstSeen=1787692355440 t60=1787695955440, candles=10) — row stays pending",bf2f764fb3f7c62f,[object Object],,0000000000000000e4c27620c476a6b0403e273e52e5578f,info
2026-09-28 07:58:23,"[earlier-entry] no as-of anchor candles for 672KyXWJE8infxtD3gNHAZGdDGuWSmgVCUKrScB6pump (firstSeen=1787692355435 t60=1787695955435, candles=7) — row stays pending",b42084bac8d0ffc6,[object Object],,0000000000000000e4c27620c476a6b0403e273e52e5578f,info
2026-09-28 07:58:22,🟡 Urgency changed 0.12 →,12a1e41f29c005b2,[object Object],,0000000000000000e4c27620c476a6b0403e273e52e5578f,info
2026-09-28 07:58:22,What changed,f578afd632e547c0,[object Object],,0000000000000000e4c27620c476a6b0403e273e52e5578f,info
2026-09-28 07:58:22,Urgency: 0.80 🟡,e6a49e7f1e277a30,[object Object],,0000000000000000e4c27620c476a6b0403e273e52e5578f,info
2026-09-28 07:58:22,[bot] inbound from 8806712852: $MAMESUKE — 🟡 CAUTION,3fff9e162acb6eb2,[object Object],,0000000000000000e4c27620c476a6b0403e273e52e5578f,info
2026-09-28 07:58:22,"[earlier-entry] no as-of anchor candles for 4qjPZWnR8usFJsMmgU4thuWuasvN7rV45VMthMbdpump (firstSeen=1787692355334 t60=1787695955334, candles=15) — row stays pending",7dba3cc6e131f65a,[object Object],,0000000000000000e4c27620c476a6b0403e273e52e5578f,info
2026-09-28 07:58:21,"[earlier-entry] no as-of anchor candles for TKLCx7SBsPLT2DvoHAGwW348RBL4jEDtDdFck7opump (firstSeen=1787692355333 t60=1787695955333, candles=14) — row stays pending",5bf126c23a7db8b7,[object Object],,0000000000000000e4c27620c476a6b0403e273e52e5578f,info
2026-09-28 07:58:20,"[earlier-entry] no as-of anchor candles for 2fqG8LbiKNDYgFpZZZ6F9uke6GhRe7fqw9Pa4oJupump (firstSeen=1787689254230 t60=1787692854230, candles=1) — row stays pending",46847b87b19aedf3,[object Object],,0000000000000000e4c27620c476a6b0403e273e52e5578f,info
2026-09-28 07:58:20,"[earlier-entry] no as-of anchor candles for 4n7hKbjRQ8kikDXoZJj6QSpr2ZtTNJCJTf7NuCnipump (firstSeen=1787689034855 t60=1787692634855, candles=13) — row stays pending",442fbc451020c504,[object Object],,0000000000000000e4c27620c476a6b0403e273e52e5578f,info
2026-09-28 07:58:19,"[earlier-entry] no as-of anchor candles for Hr4TZjRcphKM21oh4BrQjH66kHhuBPDEzRTuMTXFpump (firstSeen=1787688442375 t60=1787692042375, candles=3) — row stays pending",4f28f1bf57cea679,[object Object],,0000000000000000e4c27620c476a6b0403e273e52e5578f,info
2026-09-28 07:58:18,�,a118d09e10ef65f1,[object Object],,0000000000000000e4c27620c476a6b0403e273e52e5578f,info
2026-09-28 07:58:18,🧠 Main risk: none → wallet,83d2ffa6a57702c1,[object Object],,0000000000000000e4c27620c476a6b0403e273e52e5578f,info
2026-09-28 07:58:18,What changed,7e22f4ea881fefbd,[object Object],,0000000000000000e4c27620c476a6b0403e273e52e5578f,info