"Time","Line","id","labels","streams","streamId","detected_level"
2026-09-29 20:28:22,"[jevsentinel-telegram] updates received {""count"":1,""firstUpdateId"":562699861,""lastUpdateId"":562699861}",4b2231c3eaf54e06,[object Object],,000000000000000005ba9afd7c8321eb255dcfe10833145b,info
2026-09-29 20:28:12,"[jevsentinel-telegram] updates received {""count"":1,""firstUpdateId"":562699860,""lastUpdateId"":562699860}",e9baceeea351f943,[object Object],,000000000000000005ba9afd7c8321eb255dcfe10833145b,info
2026-09-29 20:28:11,"[jevsentinel] live action state {""action"":""CAUTION"",""stage"":""STABLE"",""riskScore"":2,""confidence"":0.92,""reasons"":[""creator identity resolved"",""selling is accelerating"",""liquidity is deteriorating""]}",936fbd020b180264,[object Object],,000000000000000005ba9afd7c8321eb255dcfe10833145b,info
2026-09-29 20:28:11,"[jevsentinel] shadow prediction {""version"":1,""shadow"":true,""action"":""CAUTION"",""confidence"":0.58,""sampleCount"":33,""evidenceQuality"":""strong"",""sourceTrajectoryAction"":""CAUTION"",""reasons"":[""evidence is conflicting or unreliable""],""predictedAt"":""2026-09-29T23:28:11.133Z""}",18f97a4c67622b5b,[object Object],,000000000000000005ba9afd7c8321eb255dcfe10833145b,info
2026-09-29 20:28:10,"[jevsentinel] decision input {""mint"":""8PJbi5zxRSAxucQhA1wAMQMuhjeVoMU2bpCUvAsBpump"",""sourceCard"":""CW"",""evidenceGroups"":{""tokenIntegrity"":true,""holderStructure"":true,""creatorIntelligence"":true,""walletBehaviour"":true,""flowDynamics"":true,""marketDynamics"":true,""liquidityStructure"":true,""temporalIntelligence"":true,""historicalIntelligence"":true,""socialNarrative"":true,""alternativeExplanation"":true},""evidenceQuality"":""strong"",""providers"":{""token-research"":{""available"":true,""fieldCount"":30},""transfer-flow"":{""available"":true,""fieldCount"":13},""social-narrative"":{""available"":true,""fieldCount"":2}},""temporalSampleCount"":33}",dcdead86ca8a1a12,[object Object],,000000000000000005ba9afd7c8321eb255dcfe10833145b,info
2026-09-29 20:28:10,"[jevsentinel] trajectory state {""action"":""CAUTION"",""stage"":""STABLE"",""riskScore"":2,""confidence"":0.92,""reasons"":[""creator identity resolved"",""selling is accelerating"",""liquidity is deteriorating""]}",d3851f92910a6af8,[object Object],,000000000000000005ba9afd7c8321eb255dcfe10833145b,info
2026-09-29 20:28:10,"[jevsentinel] temporal state {""priorSnapshotCount"":32,""currentSnapshot"":{""observedAt"":""2026-09-29T23:28:10.745Z"",""price"":0.00005235,""liquidity"":19198.49,""volume"":175045.6,""priceChange5mPct"":-15.5,""priceChange1hPct"":5.55,""buyCount5m"":932,""sellCount5m"":763,""buySellRatio5m"":0.5498525073746313,""uniqueSellers"":0,""uniqueBuyers"":0,""sellerAcceleration"":0,""coordinatedSellers"":0,""sellUsd"":null,""buyUsd"":null,""sellerCount"":null},""sampleCount"":33,""deltas"":{""price"":-7.099999999999983e-7,""liquidity"":-129.4399999999987,""volume"":10181.5,""priceChange5mPct"":-1.1500000000000004,""priceChange1hPct"":-1.4400000000000004,""buyCount5m"":87,""sellCount5m"":68,""buySellRatio5m"":0.0011512086733326266,""uniqueSellers"":0,""uniqueBuyers"":0,""sellerAcceleration"":0,""coordinatedSellers"":0},""acceleration"":{""selling"":""increasing"",""buyPressure"":""increasing"",""volume"":""increasing"",""liquidity"":""deteriorating"",""price"":""deteriorating"",""sellers"":""stable"",""coordination"":""stable""}}",7ccba65d50312051,[object Object],,000000000000000005ba9afd7c8321eb255dcfe10833145b,info
2026-09-29 20:28:06,"[jevsentinel] live action state {""action"":""HOLD"",""stage"":""STABLE"",""riskScore"":0,""confidence"":0.84,""reasons"":[]}",3bf846f8ef712f29,[object Object],,000000000000000005ba9afd7c8321eb255dcfe10833145b,info
2026-09-29 20:28:06,"[jevsentinel] shadow prediction {""version"":1,""shadow"":true,""action"":""CAUTION"",""confidence"":0.5,""sampleCount"":32,""evidenceQuality"":""strong"",""sourceTrajectoryAction"":""HOLD"",""reasons"":[""signals do not form a reliable forward setup""],""predictedAt"":""2026-09-29T23:28:06.732Z""}",617411cacde523ce,[object Object],,000000000000000005ba9afd7c8321eb255dcfe10833145b,info
2026-09-29 20:28:06,"[jevsentinel] decision input {""mint"":""8PJbi5zxRSAxucQhA1wAMQMuhjeVoMU2bpCUvAsBpump"",""sourceCard"":""CW"",""evidenceGroups"":{""tokenIntegrity"":true,""holderStructure"":true,""creatorIntelligence"":true,""walletBehaviour"":true,""flowDynamics"":true,""marketDynamics"":true,""liquidityStructure"":true,""temporalIntelligence"":true,""historicalIntelligence"":true,""socialNarrative"":true,""alternativeExplanation"":true},""evidenceQuality"":""strong"",""providers"":{""token-research"":{""available"":true,""fieldCount"":30},""transfer-flow"":{""available"":true,""fieldCount"":13},""social-narrative"":{""available"":true,""fieldCount"":2}},""temporalSampleCount"":32}",f4254f460cc8f34d,[object Object],,000000000000000005ba9afd7c8321eb255dcfe10833145b,info
2026-09-29 20:28:06,"[jevsentinel] trajectory state {""action"":""HOLD"",""stage"":""STABLE"",""riskScore"":0,""confidence"":0.84,""reasons"":[]}",88a9ab92e33f274d,[object Object],,000000000000000005ba9afd7c8321eb255dcfe10833145b,info
2026-09-29 20:28:06,"[jevsentinel] temporal state {""priorSnapshotCount"":31,""currentSnapshot"":{""observedAt"":""2026-09-29T23:28:06.560Z"",""price"":0.00005306,""liquidity"":19327.93,""volume"":164864.1,""priceChange5mPct"":-14.35,""priceChange1hPct"":6.99,""buyCount5m"":845,""sellCount5m"":695,""buySellRatio5m"":0.5487012987012987,""uniqueSellers"":0,""uniqueBuyers"":0,""sellerAcceleration"":0,""coordinatedSellers"":0,""sellUsd"":null,""buyUsd"":null,""sellerCount"":null},""sampleCount"":32,""deltas"":{""price"":0,""liquidity"":0,""volume"":0,""priceChange5mPct"":0,""priceChange1hPct"":0,""buyCount5m"":0,""sellCount5m"":0,""buySellRatio5m"":0,""uniqueSellers"":0,""uniqueBuyers"":0,""sellerAcceleration"":0,""coordinatedSellers"":0},""acceleration"":{""selling"":""stable"",""buyPressure"":""stable"",""volume"":""stable"",""liquidity"":""stable"",""price"":""stable"",""sellers"":""stable"",""coordination"":""stable""}}",d941d779b6a1ca00,[object Object],,000000000000000005ba9afd7c8321eb255dcfe10833145b,info
2026-09-29 20:28:02,"[jevsentinel] live action state {""action"":""HOLD"",""stage"":""STABLE"",""riskScore"":0,""confidence"":0.84,""reasons"":[]}",464c5c3d87cec5a8,[object Object],,000000000000000005ba9afd7c8321eb255dcfe10833145b,info
2026-09-29 20:28:02,"[jevsentinel] shadow prediction {""version"":1,""shadow"":true,""action"":""CAUTION"",""confidence"":0.5,""sampleCount"":31,""evidenceQuality"":""strong"",""sourceTrajectoryAction"":""HOLD"",""reasons"":[""signals do not form a reliable forward setup""],""predictedAt"":""2026-09-29T23:28:02.692Z""}",bc8e7b1f7a414ef7,[object Object],,000000000000000005ba9afd7c8321eb255dcfe10833145b,info
2026-09-29 20:28:02,"[jevsentinel] decision input {""mint"":""8PJbi5zxRSAxucQhA1wAMQMuhjeVoMU2bpCUvAsBpump"",""sourceCard"":""CW"",""evidenceGroups"":{""tokenIntegrity"":true,""holderStructure"":true,""creatorIntelligence"":true,""walletBehaviour"":true,""flowDynamics"":true,""marketDynamics"":true,""liquidityStructure"":true,""temporalIntelligence"":true,""historicalIntelligence"":true,""socialNarrative"":true,""alternativeExplanation"":true},""evidenceQuality"":""strong"",""providers"":{""token-research"":{""available"":true,""fieldCount"":30},""transfer-flow"":{""available"":true,""fieldCount"":13},""social-narrative"":{""available"":true,""fieldCount"":2}},""temporalSampleCount"":31}",9b654318ac942a22,[object Object],,000000000000000005ba9afd7c8321eb255dcfe10833145b,info
2026-09-29 20:28:02,"[jevsentinel] trajectory state {""action"":""HOLD"",""stage"":""STABLE"",""riskScore"":0,""confidence"":0.84,""reasons"":[]}",f40e8e2deda75770,[object Object],,000000000000000005ba9afd7c8321eb255dcfe10833145b,info
2026-09-29 20:28:02,"[jevsentinel] temporal state {""priorSnapshotCount"":30,""currentSnapshot"":{""observedAt"":""2026-09-29T23:28:02.485Z"",""price"":0.00005306,""liquidity"":19327.93,""volume"":164864.1,""priceChange5mPct"":-14.35,""priceChange1hPct"":6.99,""buyCount5m"":845,""sellCount5m"":695,""buySellRatio5m"":0.5487012987012987,""uniqueSellers"":0,""uniqueBuyers"":0,""sellerAcceleration"":0,""coordinatedSellers"":0,""sellUsd"":null,""buyUsd"":null,""sellerCount"":null},""sampleCount"":31,""deltas"":{""price"":0,""liquidity"":0,""volume"":0,""priceChange5mPct"":0,""priceChange1hPct"":0,""buyCount5m"":0,""sellCount5m"":0,""buySellRatio5m"":0,""uniqueSellers"":0,""uniqueBuyers"":0,""sellerAcceleration"":0,""coordinatedSellers"":0},""acceleration"":{""selling"":""stable"",""buyPressure"":""stable"",""volume"":""stable"",""liquidity"":""stable"",""price"":""stable"",""sellers"":""stable"",""coordination"":""stable""}}",297c58eda8248cc1,[object Object],,000000000000000005ba9afd7c8321eb255dcfe10833145b,info
2026-09-29 20:27:58,"[jevsentinel] live action state {""action"":""HOLD"",""stage"":""STABLE"",""riskScore"":0,""confidence"":0.84,""reasons"":[]}",33e1e17d59114ea1,[object Object],,000000000000000005ba9afd7c8321eb255dcfe10833145b,info
2026-09-29 20:27:58,"[jevsentinel] shadow prediction {""version"":1,""shadow"":true,""action"":""CAUTION"",""confidence"":0.5,""sampleCount"":30,""evidenceQuality"":""strong"",""sourceTrajectoryAction"":""HOLD"",""reasons"":[""signals do not form a reliable forward setup""],""predictedAt"":""2026-09-29T23:27:58.411Z""}",75d7af38d0f71b07,[object Object],,000000000000000005ba9afd7c8321eb255dcfe10833145b,info
2026-09-29 20:27:58,"[jevsentinel] decision input {""mint"":""8PJbi5zxRSAxucQhA1wAMQMuhjeVoMU2bpCUvAsBpump"",""sourceCard"":""CW"",""evidenceGroups"":{""tokenIntegrity"":true,""holderStructure"":true,""creatorIntelligence"":true,""walletBehaviour"":true,""flowDynamics"":true,""marketDynamics"":true,""liquidityStructure"":true,""temporalIntelligence"":true,""historicalIntelligence"":true,""socialNarrative"":true,""alternativeExplanation"":true},""evidenceQuality"":""strong"",""providers"":{""token-research"":{""available"":true,""fieldCount"":30},""transfer-flow"":{""available"":true,""fieldCount"":13},""social-narrative"":{""available"":true,""fieldCount"":2}},""temporalSampleCount"":30}",9f67d29080687296,[object Object],,000000000000000005ba9afd7c8321eb255dcfe10833145b,info
2026-09-29 20:27:58,"[jevsentinel] trajectory state {""action"":""HOLD"",""stage"":""STABLE"",""riskScore"":0,""confidence"":0.84,""reasons"":[]}",957b76ce6316ded1,[object Object],,000000000000000005ba9afd7c8321eb255dcfe10833145b,info
2026-09-29 20:27:58,"[jevsentinel] temporal state {""priorSnapshotCount"":29,""currentSnapshot"":{""observedAt"":""2026-09-29T23:27:58.172Z"",""price"":0.00005306,""liquidity"":19327.93,""volume"":164864.1,""priceChange5mPct"":-14.35,""priceChange1hPct"":6.99,""buyCount5m"":845,""sellCount5m"":695,""buySellRatio5m"":0.5487012987012987,""uniqueSellers"":0,""uniqueBuyers"":0,""sellerAcceleration"":0,""coordinatedSellers"":0,""sellUsd"":null,""buyUsd"":null,""sellerCount"":null},""sampleCount"":30,""deltas"":{""price"":0,""liquidity"":0,""volume"":0,""priceChange5mPct"":0,""priceChange1hPct"":0,""buyCount5m"":0,""sellCount5m"":0,""buySellRatio5m"":0,""uniqueSellers"":0,""uniqueBuyers"":0,""sellerAcceleration"":0,""coordinatedSellers"":0},""acceleration"":{""selling"":""stable"",""buyPressure"":""stable"",""volume"":""stable"",""liquidity"":""stable"",""price"":""stable"",""sellers"":""stable"",""coordination"":""stable""}}",152df3047d97f569,[object Object],,000000000000000005ba9afd7c8321eb255dcfe10833145b,info
2026-09-29 20:27:54,"[jevsentinel] live action state {""action"":""HOLD"",""stage"":""STABLE"",""riskScore"":0,""confidence"":0.84,""reasons"":[]}",6276487c8f65050,[object Object],,000000000000000005ba9afd7c8321eb255dcfe10833145b,info
2026-09-29 20:27:54,"[jevsentinel] shadow prediction {""version"":1,""shadow"":true,""action"":""CAUTION"",""confidence"":0.5,""sampleCount"":29,""evidenceQuality"":""strong"",""sourceTrajectoryAction"":""HOLD"",""reasons"":[""signals do not form a reliable forward setup""],""predictedAt"":""2026-09-29T23:27:54.019Z""}",ca5da2a85a9565fb,[object Object],,000000000000000005ba9afd7c8321eb255dcfe10833145b,info
2026-09-29 20:27:53,"[jevsentinel] decision input {""mint"":""8PJbi5zxRSAxucQhA1wAMQMuhjeVoMU2bpCUvAsBpump"",""sourceCard"":""CW"",""evidenceGroups"":{""tokenIntegrity"":true,""holderStructure"":true,""creatorIntelligence"":true,""walletBehaviour"":true,""flowDynamics"":true,""marketDynamics"":true,""liquidityStructure"":true,""temporalIntelligence"":true,""historicalIntelligence"":true,""socialNarrative"":true,""alternativeExplanation"":true},""evidenceQuality"":""strong"",""providers"":{""token-research"":{""available"":true,""fieldCount"":30},""transfer-flow"":{""available"":true,""fieldCount"":13},""social-narrative"":{""available"":true,""fieldCount"":2}},""temporalSampleCount"":29}",dd561dc32692e180,[object Object],,000000000000000005ba9afd7c8321eb255dcfe10833145b,info
2026-09-29 20:27:53,"[jevsentinel] trajectory state {""action"":""HOLD"",""stage"":""STABLE"",""riskScore"":0,""confidence"":0.84,""reasons"":[]}",c02fed13066c469e,[object Object],,000000000000000005ba9afd7c8321eb255dcfe10833145b,info
2026-09-29 20:27:53,"[jevsentinel] temporal state {""priorSnapshotCount"":28,""currentSnapshot"":{""observedAt"":""2026-09-29T23:27:53.780Z"",""price"":0.00005306,""liquidity"":19327.93,""volume"":164864.1,""priceChange5mPct"":-14.35,""priceChange1hPct"":6.99,""buyCount5m"":845,""sellCount5m"":695,""buySellRatio5m"":0.5487012987012987,""uniqueSellers"":0,""uniqueBuyers"":0,""sellerAcceleration"":0,""coordinatedSellers"":0,""sellUsd"":null,""buyUsd"":null,""sellerCount"":null},""sampleCount"":29,""deltas"":{""price"":0,""liquidity"":0,""volume"":0,""priceChange5mPct"":0,""priceChange1hPct"":0,""buyCount5m"":0,""sellCount5m"":0,""buySellRatio5m"":0,""uniqueSellers"":0,""uniqueBuyers"":0,""sellerAcceleration"":0,""coordinatedSellers"":0},""acceleration"":{""selling"":""stable"",""buyPressure"":""stable"",""volume"":""stable"",""liquidity"":""stable"",""price"":""stable"",""sellers"":""stable"",""coordination"":""stable""}}",27afbe2383683c52,[object Object],,000000000000000005ba9afd7c8321eb255dcfe10833145b,info
2026-09-29 20:27:49,"[jevsentinel] live action state {""action"":""HOLD"",""stage"":""STABLE"",""riskScore"":0,""confidence"":0.84,""reasons"":[]}",1b1eacb09510f388,[object Object],,000000000000000005ba9afd7c8321eb255dcfe10833145b,info
2026-09-29 20:27:49,"[jevsentinel] shadow prediction {""version"":1,""shadow"":true,""action"":""CAUTION"",""confidence"":0.5,""sampleCount"":28,""evidenceQuality"":""strong"",""sourceTrajectoryAction"":""HOLD"",""reasons"":[""signals do not form a reliable forward setup""],""predictedAt"":""2026-09-29T23:27:49.675Z""}",777cff7fdfd6cb87,[object Object],,000000000000000005ba9afd7c8321eb255dcfe10833145b,info
2026-09-29 20:27:49,"[jevsentinel] decision input {""mint"":""8PJbi5zxRSAxucQhA1wAMQMuhjeVoMU2bpCUvAsBpump"",""sourceCard"":""CW"",""evidenceGroups"":{""tokenIntegrity"":true,""holderStructure"":true,""creatorIntelligence"":true,""walletBehaviour"":true,""flowDynamics"":true,""marketDynamics"":true,""liquidityStructure"":true,""temporalIntelligence"":true,""historicalIntelligence"":true,""socialNarrative"":true,""alternativeExplanation"":true},""evidenceQuality"":""strong"",""providers"":{""token-research"":{""available"":true,""fieldCount"":30},""transfer-flow"":{""available"":true,""fieldCount"":13},""social-narrative"":{""available"":true,""fieldCount"":2}},""temporalSampleCount"":28}",31e7c5aad8171012,[object Object],,000000000000000005ba9afd7c8321eb255dcfe10833145b,info
2026-09-29 20:27:49,"[jevsentinel] trajectory state {""action"":""HOLD"",""stage"":""STABLE"",""riskScore"":0,""confidence"":0.84,""reasons"":[]}",f4e4cb600c7cc0ac,[object Object],,000000000000000005ba9afd7c8321eb255dcfe10833145b,info
2026-09-29 20:27:49,"[jevsentinel] temporal state {""priorSnapshotCount"":27,""currentSnapshot"":{""observedAt"":""2026-09-29T23:27:49.522Z"",""price"":0.00005306,""liquidity"":19327.93,""volume"":164864.1,""priceChange5mPct"":-14.35,""priceChange1hPct"":6.99,""buyCount5m"":845,""sellCount5m"":695,""buySellRatio5m"":0.5487012987012987,""uniqueSellers"":0,""uniqueBuyers"":0,""sellerAcceleration"":0,""coordinatedSellers"":0,""sellUsd"":null,""buyUsd"":null,""sellerCount"":null},""sampleCount"":28,""deltas"":{""price"":0,""liquidity"":0,""volume"":0,""priceChange5mPct"":0,""priceChange1hPct"":0,""buyCount5m"":0,""sellCount5m"":0,""buySellRatio5m"":0,""uniqueSellers"":0,""uniqueBuyers"":0,""sellerAcceleration"":0,""coordinatedSellers"":0},""acceleration"":{""selling"":""stable"",""buyPressure"":""stable"",""volume"":""stable"",""liquidity"":""stable"",""price"":""stable"",""sellers"":""stable"",""coordination"":""stable""}}",bb86f763f92b7c1b,[object Object],,000000000000000005ba9afd7c8321eb255dcfe10833145b,info
2026-09-29 20:27:45,"[jevsentinel] live action state {""action"":""HOLD"",""stage"":""STABLE"",""riskScore"":0,""confidence"":0.84,""reasons"":[]}",c16df146d36a6b6e,[object Object],,000000000000000005ba9afd7c8321eb255dcfe10833145b,info
2026-09-29 20:27:45,"[jevsentinel] shadow prediction {""version"":1,""shadow"":true,""action"":""CAUTION"",""confidence"":0.5,""sampleCount"":27,""evidenceQuality"":""strong"",""sourceTrajectoryAction"":""HOLD"",""reasons"":[""signals do not form a reliable forward setup""],""predictedAt"":""2026-09-29T23:27:45.618Z""}",9bba76ba777f278f,[object Object],,000000000000000005ba9afd7c8321eb255dcfe10833145b,info
2026-09-29 20:27:45,"[jevsentinel] decision input {""mint"":""8PJbi5zxRSAxucQhA1wAMQMuhjeVoMU2bpCUvAsBpump"",""sourceCard"":""CW"",""evidenceGroups"":{""tokenIntegrity"":true,""holderStructure"":true,""creatorIntelligence"":true,""walletBehaviour"":true,""flowDynamics"":true,""marketDynamics"":true,""liquidityStructure"":true,""temporalIntelligence"":true,""historicalIntelligence"":true,""socialNarrative"":true,""alternativeExplanation"":true},""evidenceQuality"":""strong"",""providers"":{""token-research"":{""available"":true,""fieldCount"":30},""transfer-flow"":{""available"":true,""fieldCount"":13},""social-narrative"":{""available"":true,""fieldCount"":2}},""temporalSampleCount"":27}",859478de6a1c840,[object Object],,000000000000000005ba9afd7c8321eb255dcfe10833145b,info
2026-09-29 20:27:45,"[jevsentinel] trajectory state {""action"":""HOLD"",""stage"":""STABLE"",""riskScore"":0,""confidence"":0.84,""reasons"":[]}",59414898b3fa0ff6,[object Object],,000000000000000005ba9afd7c8321eb255dcfe10833145b,info
2026-09-29 20:27:45,"[jevsentinel] temporal state {""priorSnapshotCount"":26,""currentSnapshot"":{""observedAt"":""2026-09-29T23:27:45.400Z"",""price"":0.00005306,""liquidity"":19327.93,""volume"":164864.1,""priceChange5mPct"":-14.35,""priceChange1hPct"":6.99,""buyCount5m"":845,""sellCount5m"":695,""buySellRatio5m"":0.5487012987012987,""uniqueSellers"":0,""uniqueBuyers"":0,""sellerAcceleration"":0,""coordinatedSellers"":0,""sellUsd"":null,""buyUsd"":null,""sellerCount"":null},""sampleCount"":27,""deltas"":{""price"":0,""liquidity"":0,""volume"":0,""priceChange5mPct"":0,""priceChange1hPct"":0,""buyCount5m"":0,""sellCount5m"":0,""buySellRatio5m"":0,""uniqueSellers"":0,""uniqueBuyers"":0,""sellerAcceleration"":0,""coordinatedSellers"":0},""acceleration"":{""selling"":""stable"",""buyPressure"":""stable"",""volume"":""stable"",""liquidity"":""stable"",""price"":""stable"",""sellers"":""stable"",""coordination"":""stable""}}",16f0c3af3ee1bb81,[object Object],,000000000000000005ba9afd7c8321eb255dcfe10833145b,info
2026-09-29 20:27:41,"[jevsentinel] live action state {""action"":""HOLD"",""stage"":""STABLE"",""riskScore"":1,""confidence"":0.92,""reasons"":[""liquidity is deteriorating""]}",e47bd84f819e471f,[object Object],,000000000000000005ba9afd7c8321eb255dcfe10833145b,info
2026-09-29 20:27:41,"[jevsentinel] shadow prediction {""version"":1,""shadow"":true,""action"":""HOLD"",""confidence"":0.62,""sampleCount"":26,""evidenceQuality"":""strong"",""sourceTrajectoryAction"":""HOLD"",""reasons"":[""setup remains promising but confirmation is incomplete""],""predictedAt"":""2026-09-29T23:27:41.142Z""}",8ee81d641d7d2239,[object Object],,000000000000000005ba9afd7c8321eb255dcfe10833145b,info
2026-09-29 20:27:40,"[jevsentinel] decision input {""mint"":""8PJbi5zxRSAxucQhA1wAMQMuhjeVoMU2bpCUvAsBpump"",""sourceCard"":""CW"",""evidenceGroups"":{""tokenIntegrity"":true,""holderStructure"":true,""creatorIntelligence"":true,""walletBehaviour"":true,""flowDynamics"":true,""marketDynamics"":true,""liquidityStructure"":true,""temporalIntelligence"":true,""historicalIntelligence"":true,""socialNarrative"":true,""alternativeExplanation"":true},""evidenceQuality"":""strong"",""providers"":{""token-research"":{""available"":true,""fieldCount"":30},""transfer-flow"":{""available"":true,""fieldCount"":13},""social-narrative"":{""available"":true,""fieldCount"":2}},""temporalSampleCount"":26}",cbbad7ea151312cb,[object Object],,000000000000000005ba9afd7c8321eb255dcfe10833145b,info
2026-09-29 20:27:40,"[jevsentinel] trajectory state {""action"":""HOLD"",""stage"":""STABLE"",""riskScore"":1,""confidence"":0.92,""reasons"":[""liquidity is deteriorating""]}",3507c1e9a5782ec2,[object Object],,000000000000000005ba9afd7c8321eb255dcfe10833145b,info
2026-09-29 20:27:40,"[jevsentinel] temporal state {""priorSnapshotCount"":25,""currentSnapshot"":{""observedAt"":""2026-09-29T23:27:40.939Z"",""price"":0.00005306,""liquidity"":19327.93,""volume"":164864.1,""priceChange5mPct"":-14.35,""priceChange1hPct"":6.99,""buyCount5m"":845,""sellCount5m"":695,""buySellRatio5m"":0.5487012987012987,""uniqueSellers"":0,""uniqueBuyers"":0,""sellerAcceleration"":0,""coordinatedSellers"":0,""sellUsd"":null,""buyUsd"":null,""sellerCount"":null},""sampleCount"":26,""deltas"":{""price"":-0.00002361,""liquidity"":-4294.540000000001,""volume"":-9675.209999999992,""priceChange5mPct"":-68.92999999999999,""priceChange1hPct"":-47.589999999999996,""buyCount5m"":-46,""sellCount5m"":-40,""buySellRatio5m"":0.0007308189965016254,""uniqueSellers"":0,""uniqueBuyers"":0,""sellerAcceleration"":0,""coordinatedSellers"":0},""acceleration"":{""selling"":""decreasing"",""buyPressure"":""increasing"",""volume"":""decreasing"",""liquidity"":""deteriorating"",""price"":""deteriorating"",""sellers"":""stable"",""coordination"":""stable""}}",480ff8d9cf351a3f,[object Object],,000000000000000005ba9afd7c8321eb255dcfe10833145b,info
2026-09-29 20:27:37,"[jevsentinel] live action state {""action"":""HOLD"",""stage"":""STABLE"",""riskScore"":0,""confidence"":0.84,""reasons"":[""creator identity resolved""]}",b6b1eb1358cfb647,[object Object],,000000000000000005ba9afd7c8321eb255dcfe10833145b,info
2026-09-29 20:27:37,"[jevsentinel] shadow prediction {""version"":1,""shadow"":true,""action"":""CAUTION"",""confidence"":0.5,""sampleCount"":25,""evidenceQuality"":""strong"",""sourceTrajectoryAction"":""HOLD"",""reasons"":[""signals do not form a reliable forward setup""],""predictedAt"":""2026-09-29T23:27:37.282Z""}",eaa8f451fb829812,[object Object],,000000000000000005ba9afd7c8321eb255dcfe10833145b,info
2026-09-29 20:27:37,"[jevsentinel] decision input {""mint"":""8PJbi5zxRSAxucQhA1wAMQMuhjeVoMU2bpCUvAsBpump"",""sourceCard"":""CW"",""evidenceGroups"":{""tokenIntegrity"":true,""holderStructure"":true,""creatorIntelligence"":true,""walletBehaviour"":true,""flowDynamics"":true,""marketDynamics"":true,""liquidityStructure"":true,""temporalIntelligence"":true,""historicalIntelligence"":true,""socialNarrative"":true,""alternativeExplanation"":true},""evidenceQuality"":""strong"",""providers"":{""token-research"":{""available"":true,""fieldCount"":30},""transfer-flow"":{""available"":true,""fieldCount"":13},""social-narrative"":{""available"":true,""fieldCount"":2}},""temporalSampleCount"":25}",e6ba8a4e641d35d7,[object Object],,000000000000000005ba9afd7c8321eb255dcfe10833145b,info
2026-09-29 20:27:37,"[jevsentinel] trajectory state {""action"":""HOLD"",""stage"":""STABLE"",""riskScore"":0,""confidence"":0.84,""reasons"":[""creator identity resolved""]}",f6cbccc512646825,[object Object],,000000000000000005ba9afd7c8321eb255dcfe10833145b,info
2026-09-29 20:27:37,"[jevsentinel] temporal state {""priorSnapshotCount"":24,""currentSnapshot"":{""observedAt"":""2026-09-29T23:27:37.099Z"",""price"":0.00007667,""liquidity"":23622.47,""volume"":174539.31,""priceChange5mPct"":54.58,""priceChange1hPct"":54.58,""buyCount5m"":891,""sellCount5m"":735,""buySellRatio5m"":0.5479704797047971,""uniqueSellers"":0,""uniqueBuyers"":0,""sellerAcceleration"":0,""coordinatedSellers"":0,""sellUsd"":null,""buyUsd"":null,""sellerCount"":null},""sampleCount"":25,""deltas"":{""price"":0,""liquidity"":0,""volume"":0,""priceChange5mPct"":0,""priceChange1hPct"":0,""buyCount5m"":0,""sellCount5m"":0,""buySellRatio5m"":0,""uniqueSellers"":0,""uniqueBuyers"":0,""sellerAcceleration"":0,""coordinatedSellers"":0},""acceleration"":{""selling"":""stable"",""buyPressure"":""stable"",""volume"":""stable"",""liquidity"":""stable"",""price"":""stable"",""sellers"":""stable"",""coordination"":""stable""}}",5c3334a88e577a96,[object Object],,000000000000000005ba9afd7c8321eb255dcfe10833145b,info
2026-09-29 20:27:33,"[jevsentinel] live action state {""action"":""HOLD"",""stage"":""STABLE"",""riskScore"":0,""confidence"":0.84,""reasons"":[""creator identity resolved""]}",ae1c98bb5b2fe89e,[object Object],,000000000000000005ba9afd7c8321eb255dcfe10833145b,info
2026-09-29 20:27:33,"[jevsentinel] shadow prediction {""version"":1,""shadow"":true,""action"":""CAUTION"",""confidence"":0.5,""sampleCount"":24,""evidenceQuality"":""strong"",""sourceTrajectoryAction"":""HOLD"",""reasons"":[""signals do not form a reliable forward setup""],""predictedAt"":""2026-09-29T23:27:33.099Z""}",f0b72d64b338e4d9,[object Object],,000000000000000005ba9afd7c8321eb255dcfe10833145b,info
2026-09-29 20:27:32,"[jevsentinel] decision input {""mint"":""8PJbi5zxRSAxucQhA1wAMQMuhjeVoMU2bpCUvAsBpump"",""sourceCard"":""CW"",""evidenceGroups"":{""tokenIntegrity"":true,""holderStructure"":true,""creatorIntelligence"":true,""walletBehaviour"":true,""flowDynamics"":true,""marketDynamics"":true,""liquidityStructure"":true,""temporalIntelligence"":true,""historicalIntelligence"":true,""socialNarrative"":true,""alternativeExplanation"":true},""evidenceQuality"":""strong"",""providers"":{""token-research"":{""available"":true,""fieldCount"":30},""transfer-flow"":{""available"":true,""fieldCount"":13},""social-narrative"":{""available"":true,""fieldCount"":2}},""temporalSampleCount"":24}",b0f326d0f6f6265f,[object Object],,000000000000000005ba9afd7c8321eb255dcfe10833145b,info
2026-09-29 20:27:32,"[jevsentinel] trajectory state {""action"":""HOLD"",""stage"":""STABLE"",""riskScore"":0,""confidence"":0.84,""reasons"":[""creator identity resolved""]}",a03216a408ce3578,[object Object],,000000000000000005ba9afd7c8321eb255dcfe10833145b,info
2026-09-29 20:27:32,"[jevsentinel] temporal state {""priorSnapshotCount"":23,""currentSnapshot"":{""observedAt"":""2026-09-29T23:27:32.851Z"",""price"":0.00007667,""liquidity"":23622.47,""volume"":174539.31,""priceChange5mPct"":54.58,""priceChange1hPct"":54.58,""buyCount5m"":891,""sellCount5m"":735,""buySellRatio5m"":0.5479704797047971,""uniqueSellers"":0,""uniqueBuyers"":0,""sellerAcceleration"":0,""coordinatedSellers"":0,""sellUsd"":null,""buyUsd"":null,""sellerCount"":null},""sampleCount"":24,""deltas"":{""price"":0,""liquidity"":0,""volume"":0,""priceChange5mPct"":0,""priceChange1hPct"":0,""buyCount5m"":0,""sellCount5m"":0,""buySellRatio5m"":0,""uniqueSellers"":0,""uniqueBuyers"":0,""sellerAcceleration"":0,""coordinatedSellers"":0},""acceleration"":{""selling"":""stable"",""buyPressure"":""stable"",""volume"":""stable"",""liquidity"":""stable"",""price"":""stable"",""sellers"":""stable"",""coordination"":""stable""}}",6901ce08e5dd6a2,[object Object],,000000000000000005ba9afd7c8321eb255dcfe10833145b,info
2026-09-29 20:27:28,"[jevsentinel] live action state {""action"":""HOLD"",""stage"":""STABLE"",""riskScore"":0,""confidence"":0.84,""reasons"":[""creator identity resolved""]}",689167d78da1ff3d,[object Object],,000000000000000005ba9afd7c8321eb255dcfe10833145b,info
2026-09-29 20:27:28,"[jevsentinel] shadow prediction {""version"":1,""shadow"":true,""action"":""CAUTION"",""confidence"":0.5,""sampleCount"":23,""evidenceQuality"":""strong"",""sourceTrajectoryAction"":""HOLD"",""reasons"":[""signals do not form a reliable forward setup""],""predictedAt"":""2026-09-29T23:27:28.827Z""}",b812288c89cc0736,[object Object],,000000000000000005ba9afd7c8321eb255dcfe10833145b,info
2026-09-29 20:27:28,"[jevsentinel] decision input {""mint"":""8PJbi5zxRSAxucQhA1wAMQMuhjeVoMU2bpCUvAsBpump"",""sourceCard"":""CW"",""evidenceGroups"":{""tokenIntegrity"":true,""holderStructure"":true,""creatorIntelligence"":true,""walletBehaviour"":true,""flowDynamics"":true,""marketDynamics"":true,""liquidityStructure"":true,""temporalIntelligence"":true,""historicalIntelligence"":true,""socialNarrative"":true,""alternativeExplanation"":true},""evidenceQuality"":""strong"",""providers"":{""token-research"":{""available"":true,""fieldCount"":30},""transfer-flow"":{""available"":true,""fieldCount"":13},""social-narrative"":{""available"":true,""fieldCount"":2}},""temporalSampleCount"":23}",65d60ce27dfd6d05,[object Object],,000000000000000005ba9afd7c8321eb255dcfe10833145b,info
2026-09-29 20:27:28,"[jevsentinel] trajectory state {""action"":""HOLD"",""stage"":""STABLE"",""riskScore"":0,""confidence"":0.84,""reasons"":[""creator identity resolved""]}",c04259935222e10,[object Object],,000000000000000005ba9afd7c8321eb255dcfe10833145b,info
2026-09-29 20:27:28,"[jevsentinel] temporal state {""priorSnapshotCount"":22,""currentSnapshot"":{""observedAt"":""2026-09-29T23:27:28.405Z"",""price"":0.00007667,""liquidity"":23622.47,""volume"":174539.31,""priceChange5mPct"":54.58,""priceChange1hPct"":54.58,""buyCount5m"":891,""sellCount5m"":735,""buySellRatio5m"":0.5479704797047971,""uniqueSellers"":0,""uniqueBuyers"":0,""sellerAcceleration"":0,""coordinatedSellers"":0,""sellUsd"":null,""buyUsd"":null,""sellerCount"":null},""sampleCount"":23,""deltas"":{""price"":0,""liquidity"":0,""volume"":0,""priceChange5mPct"":0,""priceChange1hPct"":0,""buyCount5m"":0,""sellCount5m"":0,""buySellRatio5m"":0,""uniqueSellers"":0,""uniqueBuyers"":0,""sellerAcceleration"":0,""coordinatedSellers"":0},""acceleration"":{""selling"":""stable"",""buyPressure"":""stable"",""volume"":""stable"",""liquidity"":""stable"",""price"":""stable"",""sellers"":""stable"",""coordination"":""stable""}}",fff7a2d71f496d42,[object Object],,000000000000000005ba9afd7c8321eb255dcfe10833145b,info
2026-09-29 20:27:24,"[jevsentinel] live action state {""action"":""HOLD"",""stage"":""STABLE"",""riskScore"":0,""confidence"":0.84,""reasons"":[]}",c21f6982e924d619,[object Object],,000000000000000005ba9afd7c8321eb255dcfe10833145b,info
2026-09-29 20:27:24,"[jevsentinel] shadow prediction {""version"":1,""shadow"":true,""action"":""CAUTION"",""confidence"":0.5,""sampleCount"":22,""evidenceQuality"":""strong"",""sourceTrajectoryAction"":""HOLD"",""reasons"":[""signals do not form a reliable forward setup""],""predictedAt"":""2026-09-29T23:27:24.232Z""}",e5589c8218ee8ab7,[object Object],,000000000000000005ba9afd7c8321eb255dcfe10833145b,info
2026-09-29 20:27:23,"[jevsentinel] decision input {""mint"":""8PJbi5zxRSAxucQhA1wAMQMuhjeVoMU2bpCUvAsBpump"",""sourceCard"":""CW"",""evidenceGroups"":{""tokenIntegrity"":true,""holderStructure"":true,""creatorIntelligence"":true,""walletBehaviour"":true,""flowDynamics"":true,""marketDynamics"":true,""liquidityStructure"":true,""temporalIntelligence"":true,""historicalIntelligence"":true,""socialNarrative"":true,""alternativeExplanation"":true},""evidenceQuality"":""strong"",""providers"":{""token-research"":{""available"":true,""fieldCount"":30},""transfer-flow"":{""available"":true,""fieldCount"":13},""social-narrative"":{""available"":true,""fieldCount"":2}},""temporalSampleCount"":22}",f447a4215530e4f6,[object Object],,000000000000000005ba9afd7c8321eb255dcfe10833145b,info
2026-09-29 20:27:23,"[jevsentinel] trajectory state {""action"":""HOLD"",""stage"":""STABLE"",""riskScore"":0,""confidence"":0.84,""reasons"":[]}",c81127b412a8dd29,[object Object],,000000000000000005ba9afd7c8321eb255dcfe10833145b,info
2026-09-29 20:27:23,"[jevsentinel] temporal state {""priorSnapshotCount"":21,""currentSnapshot"":{""observedAt"":""2026-09-29T23:27:23.625Z"",""price"":0.00007667,""liquidity"":23622.47,""volume"":174539.31,""priceChange5mPct"":54.58,""priceChange1hPct"":54.58,""buyCount5m"":891,""sellCount5m"":735,""buySellRatio5m"":0.5479704797047971,""uniqueSellers"":0,""uniqueBuyers"":0,""sellerAcceleration"":0,""coordinatedSellers"":0,""sellUsd"":null,""buyUsd"":null,""sellerCount"":null},""sampleCount"":22,""deltas"":{""price"":0,""liquidity"":0,""volume"":0,""priceChange5mPct"":0,""priceChange1hPct"":0,""buyCount5m"":0,""sellCount5m"":0,""buySellRatio5m"":0,""uniqueSellers"":0,""uniqueBuyers"":0,""sellerAcceleration"":0,""coordinatedSellers"":0},""acceleration"":{""selling"":""stable"",""buyPressure"":""stable"",""volume"":""stable"",""liquidity"":""stable"",""price"":""stable"",""sellers"":""stable"",""coordination"":""stable""}}",7dcf9e2669431077,[object Object],,000000000000000005ba9afd7c8321eb255dcfe10833145b,info
2026-09-29 20:27:19,"[jevsentinel] live action state {""action"":""HOLD"",""stage"":""STABLE"",""riskScore"":0,""confidence"":0.84,""reasons"":[]}",fe9401b4c0ad11c1,[object Object],,000000000000000005ba9afd7c8321eb255dcfe10833145b,info
2026-09-29 20:27:19,"[jevsentinel] shadow prediction {""version"":1,""shadow"":true,""action"":""CAUTION"",""confidence"":0.5,""sampleCount"":21,""evidenceQuality"":""strong"",""sourceTrajectoryAction"":""HOLD"",""reasons"":[""signals do not form a reliable forward setup""],""predictedAt"":""2026-09-29T23:27:19.899Z""}",6ab168723bc60ceb,[object Object],,000000000000000005ba9afd7c8321eb255dcfe10833145b,info
2026-09-29 20:27:19,"[jevsentinel] decision input {""mint"":""8PJbi5zxRSAxucQhA1wAMQMuhjeVoMU2bpCUvAsBpump"",""sourceCard"":""CW"",""evidenceGroups"":{""tokenIntegrity"":true,""holderStructure"":true,""creatorIntelligence"":true,""walletBehaviour"":true,""flowDynamics"":true,""marketDynamics"":true,""liquidityStructure"":true,""temporalIntelligence"":true,""historicalIntelligence"":true,""socialNarrative"":true,""alternativeExplanation"":true},""evidenceQuality"":""strong"",""providers"":{""token-research"":{""available"":true,""fieldCount"":30},""transfer-flow"":{""available"":true,""fieldCount"":13},""social-narrative"":{""available"":true,""fieldCount"":2}},""temporalSampleCount"":21}",f5478e268b77650,[object Object],,000000000000000005ba9afd7c8321eb255dcfe10833145b,info
2026-09-29 20:27:19,"[jevsentinel] trajectory state {""action"":""HOLD"",""stage"":""STABLE"",""riskScore"":0,""confidence"":0.84,""reasons"":[]}",78fdc146760e3759,[object Object],,000000000000000005ba9afd7c8321eb255dcfe10833145b,info
2026-09-29 20:27:19,"[jevsentinel] temporal state {""priorSnapshotCount"":20,""currentSnapshot"":{""observedAt"":""2026-09-29T23:27:19.713Z"",""price"":0.00007667,""liquidity"":23622.47,""volume"":174539.31,""priceChange5mPct"":54.58,""priceChange1hPct"":54.58,""buyCount5m"":891,""sellCount5m"":735,""buySellRatio5m"":0.5479704797047971,""uniqueSellers"":0,""uniqueBuyers"":0,""sellerAcceleration"":0,""coordinatedSellers"":0,""sellUsd"":null,""buyUsd"":null,""sellerCount"":null},""sampleCount"":21,""deltas"":{""price"":0,""liquidity"":0,""volume"":0,""priceChange5mPct"":0,""priceChange1hPct"":0,""buyCount5m"":0,""sellCount5m"":0,""buySellRatio5m"":0,""uniqueSellers"":0,""uniqueBuyers"":0,""sellerAcceleration"":0,""coordinatedSellers"":0},""acceleration"":{""selling"":""stable"",""buyPressure"":""stable"",""volume"":""stable"",""liquidity"":""stable"",""price"":""stable"",""sellers"":""stable"",""coordination"":""stable""}}",5eaf342765b220c8,[object Object],,000000000000000005ba9afd7c8321eb255dcfe10833145b,info
2026-09-29 20:27:15,"[jevsentinel] live action state {""action"":""HOLD"",""stage"":""STABLE"",""riskScore"":0,""confidence"":0.84,""reasons"":[]}",5c26893bc55d1cda,[object Object],,000000000000000005ba9afd7c8321eb255dcfe10833145b,info
2026-09-29 20:27:15,"[jevsentinel] shadow prediction {""version"":1,""shadow"":true,""action"":""CAUTION"",""confidence"":0.5,""sampleCount"":20,""evidenceQuality"":""strong"",""sourceTrajectoryAction"":""HOLD"",""reasons"":[""signals do not form a reliable forward setup""],""predictedAt"":""2026-09-29T23:27:15.537Z""}",f3eebeb42c6d4a95,[object Object],,000000000000000005ba9afd7c8321eb255dcfe10833145b,info
2026-09-29 20:27:15,"[jevsentinel] decision input {""mint"":""8PJbi5zxRSAxucQhA1wAMQMuhjeVoMU2bpCUvAsBpump"",""sourceCard"":""CW"",""evidenceGroups"":{""tokenIntegrity"":true,""holderStructure"":true,""creatorIntelligence"":true,""walletBehaviour"":true,""flowDynamics"":true,""marketDynamics"":true,""liquidityStructure"":true,""temporalIntelligence"":true,""historicalIntelligence"":true,""socialNarrative"":true,""alternativeExplanation"":true},""evidenceQuality"":""strong"",""providers"":{""token-research"":{""available"":true,""fieldCount"":30},""transfer-flow"":{""available"":true,""fieldCount"":13},""social-narrative"":{""available"":true,""fieldCount"":2}},""temporalSampleCount"":20}",610a12c07a112ccf,[object Object],,000000000000000005ba9afd7c8321eb255dcfe10833145b,info
2026-09-29 20:27:15,"[jevsentinel] trajectory state {""action"":""HOLD"",""stage"":""STABLE"",""riskScore"":0,""confidence"":0.84,""reasons"":[]}",220b0f16e94c4267,[object Object],,000000000000000005ba9afd7c8321eb255dcfe10833145b,info
2026-09-29 20:27:15,"[jevsentinel] temporal state {""priorSnapshotCount"":19,""currentSnapshot"":{""observedAt"":""2026-09-29T23:27:14.999Z"",""price"":0.00007667,""liquidity"":23622.47,""volume"":174539.31,""priceChange5mPct"":54.58,""priceChange1hPct"":54.58,""buyCount5m"":891,""sellCount5m"":735,""buySellRatio5m"":0.5479704797047971,""uniqueSellers"":0,""uniqueBuyers"":0,""sellerAcceleration"":0,""coordinatedSellers"":0,""sellUsd"":null,""buyUsd"":null,""sellerCount"":null},""sampleCount"":20,""deltas"":{""price"":0,""liquidity"":0,""volume"":0,""priceChange5mPct"":0,""priceChange1hPct"":0,""buyCount5m"":0,""sellCount5m"":0,""buySellRatio5m"":0,""uniqueSellers"":0,""uniqueBuyers"":0,""sellerAcceleration"":0,""coordinatedSellers"":0},""acceleration"":{""selling"":""stable"",""buyPressure"":""stable"",""volume"":""stable"",""liquidity"":""stable"",""price"":""stable"",""sellers"":""stable"",""coordination"":""stable""}}",4073c270f37f8d32,[object Object],,000000000000000005ba9afd7c8321eb255dcfe10833145b,info
2026-09-29 20:27:11,"[jevsentinel] live action state {""action"":""HOLD"",""stage"":""STABLE"",""riskScore"":1,""confidence"":0.92,""reasons"":[""selling is accelerating""]}",981353b764802166,[object Object],,000000000000000005ba9afd7c8321eb255dcfe10833145b,info
2026-09-29 20:27:11,"[jevsentinel] shadow prediction {""version"":1,""shadow"":true,""action"":""CAUTION"",""confidence"":0.58,""sampleCount"":19,""evidenceQuality"":""strong"",""sourceTrajectoryAction"":""HOLD"",""reasons"":[""evidence is conflicting or unreliable""],""predictedAt"":""2026-09-29T23:27:11.077Z""}",39793de81556fdfa,[object Object],,000000000000000005ba9afd7c8321eb255dcfe10833145b,info
2026-09-29 20:27:10,"[jevsentinel] decision input {""mint"":""8PJbi5zxRSAxucQhA1wAMQMuhjeVoMU2bpCUvAsBpump"",""sourceCard"":""CW"",""evidenceGroups"":{""tokenIntegrity"":true,""holderStructure"":true,""creatorIntelligence"":true,""walletBehaviour"":true,""flowDynamics"":true,""marketDynamics"":true,""liquidityStructure"":true,""temporalIntelligence"":true,""historicalIntelligence"":true,""socialNarrative"":true,""alternativeExplanation"":true},""evidenceQuality"":""strong"",""providers"":{""token-research"":{""available"":true,""fieldCount"":30},""transfer-flow"":{""available"":true,""fieldCount"":13},""social-narrative"":{""available"":true,""fieldCount"":2}},""temporalSampleCount"":19}",15fb4cc5cdc03f8,[object Object],,000000000000000005ba9afd7c8321eb255dcfe10833145b,info
2026-09-29 20:27:10,"[jevsentinel] trajectory state {""action"":""HOLD"",""stage"":""STABLE"",""riskScore"":1,""confidence"":0.92,""reasons"":[""selling is accelerating""]}",50bd011b4e3ad3b,[object Object],,000000000000000005ba9afd7c8321eb255dcfe10833145b,info
2026-09-29 20:27:10,"[jevsentinel] temporal state {""priorSnapshotCount"":18,""currentSnapshot"":{""observedAt"":""2026-09-29T23:27:10.899Z"",""price"":0.00007667,""liquidity"":23622.47,""volume"":174539.31,""priceChange5mPct"":54.58,""priceChange1hPct"":54.58,""buyCount5m"":891,""sellCount5m"":735,""buySellRatio5m"":0.5479704797047971,""uniqueSellers"":0,""uniqueBuyers"":0,""sellerAcceleration"":0,""coordinatedSellers"":0,""sellUsd"":null,""buyUsd"":null,""sellerCount"":null},""sampleCount"":19,""deltas"":{""price"":0.000005579999999999997,""liquidity"":993.2700000000004,""volume"":21271.03,""priceChange5mPct"":11.229999999999997,""priceChange1hPct"":11.229999999999997,""buyCount5m"":112,""sellCount5m"":80,""buySellRatio5m"":0.004734775381226686,""uniqueSellers"":0,""uniqueBuyers"":0,""sellerAcceleration"":0,""coordinatedSellers"":0},""acceleration"":{""selling"":""increasing"",""buyPressure"":""increasing"",""volume"":""increasing"",""liquidity"":""improving"",""price"":""improving"",""sellers"":""stable"",""coordination"":""stable""}}",43275bbeec4df83b,[object Object],,000000000000000005ba9afd7c8321eb255dcfe10833145b,info
2026-09-29 20:27:06,"[jevsentinel] live action state {""action"":""HOLD"",""stage"":""STABLE"",""riskScore"":0,""confidence"":0.84,""reasons"":[""creator identity resolved""]}",8cc74756c9cc363e,[object Object],,000000000000000005ba9afd7c8321eb255dcfe10833145b,info
2026-09-29 20:27:06,"[jevsentinel] shadow prediction {""version"":1,""shadow"":true,""action"":""CAUTION"",""confidence"":0.5,""sampleCount"":18,""evidenceQuality"":""strong"",""sourceTrajectoryAction"":""HOLD"",""reasons"":[""signals do not form a reliable forward setup""],""predictedAt"":""2026-09-29T23:27:06.958Z""}",d8b076f09a049376,[object Object],,000000000000000005ba9afd7c8321eb255dcfe10833145b,info
2026-09-29 20:27:06,"[jevsentinel] decision input {""mint"":""8PJbi5zxRSAxucQhA1wAMQMuhjeVoMU2bpCUvAsBpump"",""sourceCard"":""CW"",""evidenceGroups"":{""tokenIntegrity"":true,""holderStructure"":true,""creatorIntelligence"":true,""walletBehaviour"":true,""flowDynamics"":true,""marketDynamics"":true,""liquidityStructure"":true,""temporalIntelligence"":true,""historicalIntelligence"":true,""socialNarrative"":true,""alternativeExplanation"":true},""evidenceQuality"":""strong"",""providers"":{""token-research"":{""available"":true,""fieldCount"":30},""transfer-flow"":{""available"":true,""fieldCount"":13},""social-narrative"":{""available"":true,""fieldCount"":2}},""temporalSampleCount"":18}",d45ae5b58514fc56,[object Object],,000000000000000005ba9afd7c8321eb255dcfe10833145b,info
2026-09-29 20:27:06,"[jevsentinel] trajectory state {""action"":""HOLD"",""stage"":""STABLE"",""riskScore"":0,""confidence"":0.84,""reasons"":[""creator identity resolved""]}",fa6db7516e5684da,[object Object],,000000000000000005ba9afd7c8321eb255dcfe10833145b,info
2026-09-29 20:27:06,"[jevsentinel] temporal state {""priorSnapshotCount"":17,""currentSnapshot"":{""observedAt"":""2026-09-29T23:27:06.811Z"",""price"":0.00007109,""liquidity"":22629.2,""volume"":153268.28,""priceChange5mPct"":43.35,""priceChange1hPct"":43.35,""buyCount5m"":779,""sellCount5m"":655,""buySellRatio5m"":0.5432357043235704,""uniqueSellers"":0,""uniqueBuyers"":0,""sellerAcceleration"":0,""coordinatedSellers"":0,""sellUsd"":null,""buyUsd"":null,""sellerCount"":null},""sampleCount"":18,""deltas"":{""price"":0,""liquidity"":0,""volume"":0,""priceChange5mPct"":0,""priceChange1hPct"":0,""buyCount5m"":0,""sellCount5m"":0,""buySellRatio5m"":0,""uniqueSellers"":0,""uniqueBuyers"":0,""sellerAcceleration"":0,""coordinatedSellers"":0},""acceleration"":{""selling"":""stable"",""buyPressure"":""stable"",""volume"":""stable"",""liquidity"":""stable"",""price"":""stable"",""sellers"":""stable"",""coordination"":""stable""}}",d50a7b8364f1c337,[object Object],,000000000000000005ba9afd7c8321eb255dcfe10833145b,info
2026-09-29 20:27:02,"[jevsentinel] live action state {""action"":""HOLD"",""stage"":""STABLE"",""riskScore"":0,""confidence"":0.84,""reasons"":[""creator identity resolved""]}",9e1caaad530df93e,[object Object],,000000000000000005ba9afd7c8321eb255dcfe10833145b,info
2026-09-29 20:27:02,"[jevsentinel] shadow prediction {""version"":1,""shadow"":true,""action"":""CAUTION"",""confidence"":0.5,""sampleCount"":17,""evidenceQuality"":""strong"",""sourceTrajectoryAction"":""HOLD"",""reasons"":[""signals do not form a reliable forward setup""],""predictedAt"":""2026-09-29T23:27:02.935Z""}",8d61cdde0ee61667,[object Object],,000000000000000005ba9afd7c8321eb255dcfe10833145b,info
2026-09-29 20:27:02,"[jevsentinel] decision input {""mint"":""8PJbi5zxRSAxucQhA1wAMQMuhjeVoMU2bpCUvAsBpump"",""sourceCard"":""CW"",""evidenceGroups"":{""tokenIntegrity"":true,""holderStructure"":true,""creatorIntelligence"":true,""walletBehaviour"":true,""flowDynamics"":true,""marketDynamics"":true,""liquidityStructure"":true,""temporalIntelligence"":true,""historicalIntelligence"":true,""socialNarrative"":true,""alternativeExplanation"":true},""evidenceQuality"":""strong"",""providers"":{""token-research"":{""available"":true,""fieldCount"":30},""transfer-flow"":{""available"":true,""fieldCount"":13},""social-narrative"":{""available"":true,""fieldCount"":2}},""temporalSampleCount"":17}",2bf396866a2eba,[object Object],,000000000000000005ba9afd7c8321eb255dcfe10833145b,info
2026-09-29 20:27:02,"[jevsentinel] trajectory state {""action"":""HOLD"",""stage"":""STABLE"",""riskScore"":0,""confidence"":0.84,""reasons"":[""creator identity resolved""]}",77994ec25fa4decd,[object Object],,000000000000000005ba9afd7c8321eb255dcfe10833145b,info
2026-09-29 20:27:02,"[jevsentinel] temporal state {""priorSnapshotCount"":16,""currentSnapshot"":{""observedAt"":""2026-09-29T23:27:02.737Z"",""price"":0.00007109,""liquidity"":22629.2,""volume"":153268.28,""priceChange5mPct"":43.35,""priceChange1hPct"":43.35,""buyCount5m"":779,""sellCount5m"":655,""buySellRatio5m"":0.5432357043235704,""uniqueSellers"":0,""uniqueBuyers"":0,""sellerAcceleration"":0,""coordinatedSellers"":0,""sellUsd"":null,""buyUsd"":null,""sellerCount"":null},""sampleCount"":17,""deltas"":{""price"":0,""liquidity"":0,""volume"":0,""priceChange5mPct"":0,""priceChange1hPct"":0,""buyCount5m"":0,""sellCount5m"":0,""buySellRatio5m"":0,""uniqueSellers"":0,""uniqueBuyers"":0,""sellerAcceleration"":0,""coordinatedSellers"":0},""acceleration"":{""selling"":""stable"",""buyPressure"":""stable"",""volume"":""stable"",""liquidity"":""stable"",""price"":""stable"",""sellers"":""stable"",""coordination"":""stable""}}",c03eefe27f9d74c2,[object Object],,000000000000000005ba9afd7c8321eb255dcfe10833145b,info
2026-09-29 20:26:58,"[jevsentinel] live action state {""action"":""HOLD"",""stage"":""STABLE"",""riskScore"":0,""confidence"":0.84,""reasons"":[]}",2dad1e0ce1bf0690,[object Object],,000000000000000005ba9afd7c8321eb255dcfe10833145b,info
2026-09-29 20:26:58,"[jevsentinel] shadow prediction {""version"":1,""shadow"":true,""action"":""CAUTION"",""confidence"":0.5,""sampleCount"":16,""evidenceQuality"":""strong"",""sourceTrajectoryAction"":""HOLD"",""reasons"":[""signals do not form a reliable forward setup""],""predictedAt"":""2026-09-29T23:26:58.525Z""}",1690a17abd79daee,[object Object],,000000000000000005ba9afd7c8321eb255dcfe10833145b,info
2026-09-29 20:26:58,"[jevsentinel] decision input {""mint"":""8PJbi5zxRSAxucQhA1wAMQMuhjeVoMU2bpCUvAsBpump"",""sourceCard"":""CW"",""evidenceGroups"":{""tokenIntegrity"":true,""holderStructure"":true,""creatorIntelligence"":true,""walletBehaviour"":true,""flowDynamics"":true,""marketDynamics"":true,""liquidityStructure"":true,""temporalIntelligence"":true,""historicalIntelligence"":true,""socialNarrative"":true,""alternativeExplanation"":true},""evidenceQuality"":""strong"",""providers"":{""token-research"":{""available"":true,""fieldCount"":30},""transfer-flow"":{""available"":true,""fieldCount"":13},""social-narrative"":{""available"":true,""fieldCount"":2}},""temporalSampleCount"":16}",2dd340e896675e31,[object Object],,000000000000000005ba9afd7c8321eb255dcfe10833145b,info
2026-09-29 20:26:58,"[jevsentinel] trajectory state {""action"":""HOLD"",""stage"":""STABLE"",""riskScore"":0,""confidence"":0.84,""reasons"":[]}",2f25671ef79bf0e9,[object Object],,000000000000000005ba9afd7c8321eb255dcfe10833145b,info
2026-09-29 20:26:58,"[jevsentinel] temporal state {""priorSnapshotCount"":15,""currentSnapshot"":{""observedAt"":""2026-09-29T23:26:58.365Z"",""price"":0.00007109,""liquidity"":22629.2,""volume"":153268.28,""priceChange5mPct"":43.35,""priceChange1hPct"":43.35,""buyCount5m"":779,""sellCount5m"":655,""buySellRatio5m"":0.5432357043235704,""uniqueSellers"":0,""uniqueBuyers"":0,""sellerAcceleration"":0,""coordinatedSellers"":0,""sellUsd"":null,""buyUsd"":null,""sellerCount"":null},""sampleCount"":16,""deltas"":{""price"":0,""liquidity"":0,""volume"":0,""priceChange5mPct"":0,""priceChange1hPct"":0,""buyCount5m"":0,""sellCount5m"":0,""buySellRatio5m"":0,""uniqueSellers"":0,""uniqueBuyers"":0,""sellerAcceleration"":0,""coordinatedSellers"":0},""acceleration"":{""selling"":""stable"",""buyPressure"":""stable"",""volume"":""stable"",""liquidity"":""stable"",""price"":""stable"",""sellers"":""stable"",""coordination"":""stable""}}",5810bd025ff2f84e,[object Object],,000000000000000005ba9afd7c8321eb255dcfe10833145b,info
2026-09-29 20:26:54,"[jevsentinel] live action state {""action"":""HOLD"",""stage"":""STABLE"",""riskScore"":0,""confidence"":0.84,""reasons"":[]}",3ee3b8598d6ccfda,[object Object],,000000000000000005ba9afd7c8321eb255dcfe10833145b,info
2026-09-29 20:26:54,"[jevsentinel] shadow prediction {""version"":1,""shadow"":true,""action"":""CAUTION"",""confidence"":0.5,""sampleCount"":15,""evidenceQuality"":""strong"",""sourceTrajectoryAction"":""HOLD"",""reasons"":[""signals do not form a reliable forward setup""],""predictedAt"":""2026-09-29T23:26:54.137Z""}",7241a619128e7013,[object Object],,000000000000000005ba9afd7c8321eb255dcfe10833145b,info
2026-09-29 20:26:53,"[jevsentinel] decision input {""mint"":""8PJbi5zxRSAxucQhA1wAMQMuhjeVoMU2bpCUvAsBpump"",""sourceCard"":""CW"",""evidenceGroups"":{""tokenIntegrity"":true,""holderStructure"":true,""creatorIntelligence"":true,""walletBehaviour"":true,""flowDynamics"":true,""marketDynamics"":true,""liquidityStructure"":true,""temporalIntelligence"":true,""historicalIntelligence"":true,""socialNarrative"":true,""alternativeExplanation"":true},""evidenceQuality"":""strong"",""providers"":{""token-research"":{""available"":true,""fieldCount"":30},""transfer-flow"":{""available"":true,""fieldCount"":13},""social-narrative"":{""available"":true,""fieldCount"":2}},""temporalSampleCount"":15}",10d051d4b2d008bc,[object Object],,000000000000000005ba9afd7c8321eb255dcfe10833145b,info
2026-09-29 20:26:53,"[jevsentinel] trajectory state {""action"":""HOLD"",""stage"":""STABLE"",""riskScore"":0,""confidence"":0.84,""reasons"":[]}",7ba5f8eebcb70553,[object Object],,000000000000000005ba9afd7c8321eb255dcfe10833145b,info
2026-09-29 20:26:53,"[jevsentinel] temporal state {""priorSnapshotCount"":14,""currentSnapshot"":{""observedAt"":""2026-09-29T23:26:53.984Z"",""price"":0.00007109,""liquidity"":22629.2,""volume"":153268.28,""priceChange5mPct"":43.35,""priceChange1hPct"":43.35,""buyCount5m"":779,""sellCount5m"":655,""buySellRatio5m"":0.5432357043235704,""uniqueSellers"":0,""uniqueBuyers"":0,""sellerAcceleration"":0,""coordinatedSellers"":0,""sellUsd"":null,""buyUsd"":null,""sellerCount"":null},""sampleCount"":15,""deltas"":{""price"":0,""liquidity"":0,""volume"":0,""priceChange5mPct"":0,""priceChange1hPct"":0,""buyCount5m"":0,""sellCount5m"":0,""buySellRatio5m"":0,""uniqueSellers"":0,""uniqueBuyers"":0,""sellerAcceleration"":0,""coordinatedSellers"":0},""acceleration"":{""selling"":""stable"",""buyPressure"":""stable"",""volume"":""stable"",""liquidity"":""stable"",""price"":""stable"",""sellers"":""stable"",""coordination"":""stable""}}",d5eb89b97a8ec5ab,[object Object],,000000000000000005ba9afd7c8321eb255dcfe10833145b,info
2026-09-29 20:26:50,"[jevsentinel] live action state {""action"":""HOLD"",""stage"":""STABLE"",""riskScore"":0,""confidence"":0.84,""reasons"":[]}",777aab94b0e7fa83,[object Object],,000000000000000005ba9afd7c8321eb255dcfe10833145b,info
2026-09-29 20:26:50,"[jevsentinel] shadow prediction {""version"":1,""shadow"":true,""action"":""CAUTION"",""confidence"":0.5,""sampleCount"":14,""evidenceQuality"":""strong"",""sourceTrajectoryAction"":""HOLD"",""reasons"":[""signals do not form a reliable forward setup""],""predictedAt"":""2026-09-29T23:26:50.192Z""}",1e432e4bada79fad,[object Object],,000000000000000005ba9afd7c8321eb255dcfe10833145b,info
2026-09-29 20:26:50,"[jevsentinel] decision input {""mint"":""8PJbi5zxRSAxucQhA1wAMQMuhjeVoMU2bpCUvAsBpump"",""sourceCard"":""CW"",""evidenceGroups"":{""tokenIntegrity"":true,""holderStructure"":true,""creatorIntelligence"":true,""walletBehaviour"":true,""flowDynamics"":true,""marketDynamics"":true,""liquidityStructure"":true,""temporalIntelligence"":true,""historicalIntelligence"":true,""socialNarrative"":true,""alternativeExplanation"":true},""evidenceQuality"":""strong"",""providers"":{""token-research"":{""available"":true,""fieldCount"":30},""transfer-flow"":{""available"":true,""fieldCount"":13},""social-narrative"":{""available"":true,""fieldCount"":2}},""temporalSampleCount"":14}",fb1282b98a292de4,[object Object],,000000000000000005ba9afd7c8321eb255dcfe10833145b,info
2026-09-29 20:26:50,"[jevsentinel] trajectory state {""action"":""HOLD"",""stage"":""STABLE"",""riskScore"":0,""confidence"":0.84,""reasons"":[]}",8a428c6c30943265,[object Object],,000000000000000005ba9afd7c8321eb255dcfe10833145b,info
2026-09-29 20:26:50,"[jevsentinel] temporal state {""priorSnapshotCount"":13,""currentSnapshot"":{""observedAt"":""2026-09-29T23:26:50.020Z"",""price"":0.00007109,""liquidity"":22629.2,""volume"":153268.28,""priceChange5mPct"":43.35,""priceChange1hPct"":43.35,""buyCount5m"":779,""sellCount5m"":655,""buySellRatio5m"":0.5432357043235704,""uniqueSellers"":0,""uniqueBuyers"":0,""sellerAcceleration"":0,""coordinatedSellers"":0,""sellUsd"":null,""buyUsd"":null,""sellerCount"":null},""sampleCount"":14,""deltas"":{""price"":0,""liquidity"":0,""volume"":0,""priceChange5mPct"":0,""priceChange1hPct"":0,""buyCount5m"":0,""sellCount5m"":0,""buySellRatio5m"":0,""uniqueSellers"":0,""uniqueBuyers"":0,""sellerAcceleration"":0,""coordinatedSellers"":0},""acceleration"":{""selling"":""stable"",""buyPressure"":""stable"",""volume"":""stable"",""liquidity"":""stable"",""price"":""stable"",""sellers"":""stable"",""coordination"":""stable""}}",446efbd6f8eb453d,[object Object],,000000000000000005ba9afd7c8321eb255dcfe10833145b,info
2026-09-29 20:26:46,"[jevsentinel] live action state {""action"":""HOLD"",""stage"":""STABLE"",""riskScore"":0,""confidence"":0.84,""reasons"":[]}",e357009df1a512b2,[object Object],,000000000000000005ba9afd7c8321eb255dcfe10833145b,info
2026-09-29 20:26:46,"[jevsentinel] shadow prediction {""version"":1,""shadow"":true,""action"":""CAUTION"",""confidence"":0.5,""sampleCount"":13,""evidenceQuality"":""strong"",""sourceTrajectoryAction"":""HOLD"",""reasons"":[""signals do not form a reliable forward setup""],""predictedAt"":""2026-09-29T23:26:46.077Z""}",abce24c82a9c062b,[object Object],,000000000000000005ba9afd7c8321eb255dcfe10833145b,info
2026-09-29 20:26:45,"[jevsentinel] decision input {""mint"":""8PJbi5zxRSAxucQhA1wAMQMuhjeVoMU2bpCUvAsBpump"",""sourceCard"":""CW"",""evidenceGroups"":{""tokenIntegrity"":true,""holderStructure"":true,""creatorIntelligence"":true,""walletBehaviour"":true,""flowDynamics"":true,""marketDynamics"":true,""liquidityStructure"":true,""temporalIntelligence"":true,""historicalIntelligence"":true,""socialNarrative"":true,""alternativeExplanation"":true},""evidenceQuality"":""strong"",""providers"":{""token-research"":{""available"":true,""fieldCount"":30},""transfer-flow"":{""available"":true,""fieldCount"":13},""social-narrative"":{""available"":true,""fieldCount"":2}},""temporalSampleCount"":13}",431ab6e5e9f18fb4,[object Object],,000000000000000005ba9afd7c8321eb255dcfe10833145b,info
2026-09-29 20:26:45,"[jevsentinel] trajectory state {""action"":""HOLD"",""stage"":""STABLE"",""riskScore"":0,""confidence"":0.84,""reasons"":[]}",64e1c01e76a35779,[object Object],,000000000000000005ba9afd7c8321eb255dcfe10833145b,info
2026-09-29 20:26:45,"[jevsentinel] temporal state {""priorSnapshotCount"":12,""currentSnapshot"":{""observedAt"":""2026-09-29T23:26:45.929Z"",""price"":0.00007109,""liquidity"":22629.2,""volume"":153268.28,""priceChange5mPct"":43.35,""priceChange1hPct"":43.35,""buyCount5m"":779,""sellCount5m"":655,""buySellRatio5m"":0.5432357043235704,""uniqueSellers"":0,""uniqueBuyers"":0,""sellerAcceleration"":0,""coordinatedSellers"":0,""sellUsd"":null,""buyUsd"":null,""sellerCount"":null},""sampleCount"":13,""deltas"":{""price"":0,""liquidity"":0,""volume"":0,""priceChange5mPct"":0,""priceChange1hPct"":0,""buyCount5m"":0,""sellCount5m"":0,""buySellRatio5m"":0,""uniqueSellers"":0,""uniqueBuyers"":0,""sellerAcceleration"":0,""coordinatedSellers"":0},""acceleration"":{""selling"":""stable"",""buyPressure"":""stable"",""volume"":""stable"",""liquidity"":""stable"",""price"":""stable"",""sellers"":""stable"",""coordination"":""stable""}}",659a90b7406f3131,[object Object],,000000000000000005ba9afd7c8321eb255dcfe10833145b,info
2026-09-29 20:26:41,"[jevsentinel] live action state {""action"":""HOLD"",""stage"":""STABLE"",""riskScore"":1,""confidence"":0.92,""reasons"":[""creator identity resolved"",""selling is accelerating""]}",1589dc574bc9b491,[object Object],,000000000000000005ba9afd7c8321eb255dcfe10833145b,info
2026-09-29 20:26:41,"[jevsentinel] shadow prediction {""version"":1,""shadow"":true,""action"":""CAUTION"",""confidence"":0.5,""sampleCount"":12,""evidenceQuality"":""strong"",""sourceTrajectoryAction"":""HOLD"",""reasons"":[""signals do not form a reliable forward setup""],""predictedAt"":""2026-09-29T23:26:41.975Z""}",4b65cf384c060dc9,[object Object],,000000000000000005ba9afd7c8321eb255dcfe10833145b,info
2026-09-29 20:26:41,"[jevsentinel] decision input {""mint"":""8PJbi5zxRSAxucQhA1wAMQMuhjeVoMU2bpCUvAsBpump"",""sourceCard"":""CW"",""evidenceGroups"":{""tokenIntegrity"":true,""holderStructure"":true,""creatorIntelligence"":true,""walletBehaviour"":true,""flowDynamics"":true,""marketDynamics"":true,""liquidityStructure"":true,""temporalIntelligence"":true,""historicalIntelligence"":true,""socialNarrative"":true,""alternativeExplanation"":true},""evidenceQuality"":""strong"",""providers"":{""token-research"":{""available"":true,""fieldCount"":30},""transfer-flow"":{""available"":true,""fieldCount"":13},""social-narrative"":{""available"":true,""fieldCount"":2}},""temporalSampleCount"":12}",66f3859509741c18,[object Object],,000000000000000005ba9afd7c8321eb255dcfe10833145b,info
2026-09-29 20:26:41,"[jevsentinel] trajectory state {""action"":""HOLD"",""stage"":""STABLE"",""riskScore"":1,""confidence"":0.92,""reasons"":[""creator identity resolved"",""selling is accelerating""]}",1150415d63b5ada3,[object Object],,000000000000000005ba9afd7c8321eb255dcfe10833145b,info
2026-09-29 20:26:41,"[jevsentinel] temporal state {""priorSnapshotCount"":11,""currentSnapshot"":{""observedAt"":""2026-09-29T23:26:41.791Z"",""price"":0.00007109,""liquidity"":22629.2,""volume"":153268.28,""priceChange5mPct"":43.35,""priceChange1hPct"":43.35,""buyCount5m"":779,""sellCount5m"":655,""buySellRatio5m"":0.5432357043235704,""uniqueSellers"":0,""uniqueBuyers"":0,""sellerAcceleration"":0,""coordinatedSellers"":0,""sellUsd"":null,""buyUsd"":null,""sellerCount"":null},""sampleCount"":12,""deltas"":{""price"":0.000011459999999999995,""liquidity"":2097.4400000000023,""volume"":14983.690000000002,""priceChange5mPct"":23.12,""priceChange1hPct"":23.12,""buyCount5m"":75,""sellCount5m"":64,""buySellRatio5m"":-0.00039363930577329675,""uniqueSellers"":0,""uniqueBuyers"":0,""sellerAcceleration"":0,""coordinatedSellers"":0},""acceleration"":{""selling"":""increasing"",""buyPressure"":""decreasing"",""volume"":""increasing"",""liquidity"":""improving"",""price"":""improving"",""sellers"":""stable"",""coordination"":""stable""}}",375198dfb30ed2d6,[object Object],,000000000000000005ba9afd7c8321eb255dcfe10833145b,info
2026-09-29 20:26:37,"[jevsentinel] live action state {""action"":""HOLD"",""stage"":""STABLE"",""riskScore"":0,""confidence"":0.84,""reasons"":[]}",e38304f7bc574de6,[object Object],,000000000000000005ba9afd7c8321eb255dcfe10833145b,info
2026-09-29 20:26:37,"[jevsentinel] shadow prediction {""version"":1,""shadow"":true,""action"":""CAUTION"",""confidence"":0.5,""sampleCount"":11,""evidenceQuality"":""strong"",""sourceTrajectoryAction"":""HOLD"",""reasons"":[""signals do not form a reliable forward setup""],""predictedAt"":""2026-09-29T23:26:37.557Z""}",842ef242d33cee8c,[object Object],,000000000000000005ba9afd7c8321eb255dcfe10833145b,info
2026-09-29 20:26:37,"[jevsentinel] decision input {""mint"":""8PJbi5zxRSAxucQhA1wAMQMuhjeVoMU2bpCUvAsBpump"",""sourceCard"":""CW"",""evidenceGroups"":{""tokenIntegrity"":true,""holderStructure"":true,""creatorIntelligence"":true,""walletBehaviour"":true,""flowDynamics"":true,""marketDynamics"":true,""liquidityStructure"":true,""temporalIntelligence"":true,""historicalIntelligence"":true,""socialNarrative"":true,""alternativeExplanation"":true},""evidenceQuality"":""strong"",""providers"":{""token-research"":{""available"":true,""fieldCount"":30},""transfer-flow"":{""available"":true,""fieldCount"":13},""social-narrative"":{""available"":true,""fieldCount"":2}},""temporalSampleCount"":11}",119925aedcd1186e,[object Object],,000000000000000005ba9afd7c8321eb255dcfe10833145b,info
2026-09-29 20:26:37,"[jevsentinel] trajectory state {""action"":""HOLD"",""stage"":""STABLE"",""riskScore"":0,""confidence"":0.84,""reasons"":[]}",4a839a12254807e7,[object Object],,000000000000000005ba9afd7c8321eb255dcfe10833145b,info
2026-09-29 20:26:37,"[jevsentinel] temporal state {""priorSnapshotCount"":10,""currentSnapshot"":{""observedAt"":""2026-09-29T23:26:37.251Z"",""price"":0.00005963,""liquidity"":20531.76,""volume"":138284.59,""priceChange5mPct"":20.23,""priceChange1hPct"":20.23,""buyCount5m"":704,""sellCount5m"":591,""buySellRatio5m"":0.5436293436293437,""uniqueSellers"":0,""uniqueBuyers"":0,""sellerAcceleration"":0,""coordinatedSellers"":0,""sellUsd"":null,""buyUsd"":null,""sellerCount"":null},""sampleCount"":11,""deltas"":{""price"":0,""liquidity"":0,""volume"":0,""priceChange5mPct"":0,""priceChange1hPct"":0,""buyCount5m"":0,""sellCount5m"":0,""buySellRatio5m"":0,""uniqueSellers"":0,""uniqueBuyers"":0,""sellerAcceleration"":0,""coordinatedSellers"":0},""acceleration"":{""selling"":""stable"",""buyPressure"":""stable"",""volume"":""stable"",""liquidity"":""stable"",""price"":""stable"",""sellers"":""stable"",""coordination"":""stable""}}",2ede86ca66cc94da,[object Object],,000000000000000005ba9afd7c8321eb255dcfe10833145b,info
2026-09-29 20:26:33,"[jevsentinel] live action state {""action"":""HOLD"",""stage"":""STABLE"",""riskScore"":0,""confidence"":0.84,""reasons"":[]}",4868a1f949fc2296,[object Object],,000000000000000005ba9afd7c8321eb255dcfe10833145b,info
2026-09-29 20:26:33,"[jevsentinel] shadow prediction {""version"":1,""shadow"":true,""action"":""CAUTION"",""confidence"":0.5,""sampleCount"":10,""evidenceQuality"":""strong"",""sourceTrajectoryAction"":""HOLD"",""reasons"":[""signals do not form a reliable forward setup""],""predictedAt"":""2026-09-29T23:26:33.234Z""}",c39752fd5b24c61b,[object Object],,000000000000000005ba9afd7c8321eb255dcfe10833145b,info
2026-09-29 20:26:33,"[jevsentinel] decision input {""mint"":""8PJbi5zxRSAxucQhA1wAMQMuhjeVoMU2bpCUvAsBpump"",""sourceCard"":""CW"",""evidenceGroups"":{""tokenIntegrity"":true,""holderStructure"":true,""creatorIntelligence"":true,""walletBehaviour"":true,""flowDynamics"":true,""marketDynamics"":true,""liquidityStructure"":true,""temporalIntelligence"":true,""historicalIntelligence"":true,""socialNarrative"":true,""alternativeExplanation"":true},""evidenceQuality"":""strong"",""providers"":{""token-research"":{""available"":true,""fieldCount"":30},""transfer-flow"":{""available"":true,""fieldCount"":13},""social-narrative"":{""available"":true,""fieldCount"":2}},""temporalSampleCount"":10}",c7624cea25ac9f20,[object Object],,000000000000000005ba9afd7c8321eb255dcfe10833145b,info
2026-09-29 20:26:33,"[jevsentinel] trajectory state {""action"":""HOLD"",""stage"":""STABLE"",""riskScore"":0,""confidence"":0.84,""reasons"":[]}",fcfdd27b41617749,[object Object],,000000000000000005ba9afd7c8321eb255dcfe10833145b,info
2026-09-29 20:26:33,"[jevsentinel] temporal state {""priorSnapshotCount"":9,""currentSnapshot"":{""observedAt"":""2026-09-29T23:26:33.061Z"",""price"":0.00005963,""liquidity"":20531.76,""volume"":138284.59,""priceChange5mPct"":20.23,""priceChange1hPct"":20.23,""buyCount5m"":704,""sellCount5m"":591,""buySellRatio5m"":0.5436293436293437,""uniqueSellers"":0,""uniqueBuyers"":0,""sellerAcceleration"":0,""coordinatedSellers"":0,""sellUsd"":null,""buyUsd"":null,""sellerCount"":null},""sampleCount"":10,""deltas"":{""price"":0,""liquidity"":0,""volume"":0,""priceChange5mPct"":0,""priceChange1hPct"":0,""buyCount5m"":0,""sellCount5m"":0,""buySellRatio5m"":0,""uniqueSellers"":0,""uniqueBuyers"":0,""sellerAcceleration"":0,""coordinatedSellers"":0},""acceleration"":{""selling"":""stable"",""buyPressure"":""stable"",""volume"":""stable"",""liquidity"":""stable"",""price"":""stable"",""sellers"":""stable"",""coordination"":""stable""}}",b1a3ee35d4a01c10,[object Object],,000000000000000005ba9afd7c8321eb255dcfe10833145b,info
2026-09-29 20:26:29,"[jevsentinel] live action state {""action"":""HOLD"",""stage"":""STABLE"",""riskScore"":0,""confidence"":0.84,""reasons"":[]}",59931aad03183c31,[object Object],,000000000000000005ba9afd7c8321eb255dcfe10833145b,info
2026-09-29 20:26:29,"[jevsentinel] shadow prediction {""version"":1,""shadow"":true,""action"":""CAUTION"",""confidence"":0.5,""sampleCount"":9,""evidenceQuality"":""strong"",""sourceTrajectoryAction"":""HOLD"",""reasons"":[""signals do not form a reliable forward setup""],""predictedAt"":""2026-09-29T23:26:29.191Z""}",1b0123b688ec3f11,[object Object],,000000000000000005ba9afd7c8321eb255dcfe10833145b,info
2026-09-29 20:26:29,"[jevsentinel] decision input {""mint"":""8PJbi5zxRSAxucQhA1wAMQMuhjeVoMU2bpCUvAsBpump"",""sourceCard"":""CW"",""evidenceGroups"":{""tokenIntegrity"":true,""holderStructure"":true,""creatorIntelligence"":true,""walletBehaviour"":true,""flowDynamics"":true,""marketDynamics"":true,""liquidityStructure"":true,""temporalIntelligence"":true,""historicalIntelligence"":true,""socialNarrative"":true,""alternativeExplanation"":true},""evidenceQuality"":""strong"",""providers"":{""token-research"":{""available"":true,""fieldCount"":30},""transfer-flow"":{""available"":true,""fieldCount"":13},""social-narrative"":{""available"":true,""fieldCount"":2}},""temporalSampleCount"":9}",90c767ee9f209ba1,[object Object],,000000000000000005ba9afd7c8321eb255dcfe10833145b,info
2026-09-29 20:26:29,"[jevsentinel] trajectory state {""action"":""HOLD"",""stage"":""STABLE"",""riskScore"":0,""confidence"":0.84,""reasons"":[]}",2ccf961f6905cd42,[object Object],,000000000000000005ba9afd7c8321eb255dcfe10833145b,info
2026-09-29 20:26:29,"[jevsentinel] temporal state {""priorSnapshotCount"":8,""currentSnapshot"":{""observedAt"":""2026-09-29T23:26:29.018Z"",""price"":0.00005963,""liquidity"":20531.76,""volume"":138284.59,""priceChange5mPct"":20.23,""priceChange1hPct"":20.23,""buyCount5m"":704,""sellCount5m"":591,""buySellRatio5m"":0.5436293436293437,""uniqueSellers"":0,""uniqueBuyers"":0,""sellerAcceleration"":0,""coordinatedSellers"":0,""sellUsd"":null,""buyUsd"":null,""sellerCount"":null},""sampleCount"":9,""deltas"":{""price"":0,""liquidity"":0,""volume"":0,""priceChange5mPct"":0,""priceChange1hPct"":0,""buyCount5m"":0,""sellCount5m"":0,""buySellRatio5m"":0,""uniqueSellers"":0,""uniqueBuyers"":0,""sellerAcceleration"":0,""coordinatedSellers"":0},""acceleration"":{""selling"":""stable"",""buyPressure"":""stable"",""volume"":""stable"",""liquidity"":""stable"",""price"":""stable"",""sellers"":""stable"",""coordination"":""stable""}}",44fe8b6630c3ac71,[object Object],,000000000000000005ba9afd7c8321eb255dcfe10833145b,info
2026-09-29 20:26:24,"[jevsentinel] live action state {""action"":""HOLD"",""stage"":""STABLE"",""riskScore"":0,""confidence"":0.84,""reasons"":[]}",1ffd7c32b6c24248,[object Object],,000000000000000005ba9afd7c8321eb255dcfe10833145b,info
2026-09-29 20:26:24,"[jevsentinel] shadow prediction {""version"":1,""shadow"":true,""action"":""CAUTION"",""confidence"":0.5,""sampleCount"":8,""evidenceQuality"":""strong"",""sourceTrajectoryAction"":""HOLD"",""reasons"":[""signals do not form a reliable forward setup""],""predictedAt"":""2026-09-29T23:26:24.980Z""}",ccd8e03f853dde56,[object Object],,000000000000000005ba9afd7c8321eb255dcfe10833145b,info
2026-09-29 20:26:24,"[jevsentinel] decision input {""mint"":""8PJbi5zxRSAxucQhA1wAMQMuhjeVoMU2bpCUvAsBpump"",""sourceCard"":""CW"",""evidenceGroups"":{""tokenIntegrity"":true,""holderStructure"":true,""creatorIntelligence"":true,""walletBehaviour"":true,""flowDynamics"":true,""marketDynamics"":true,""liquidityStructure"":true,""temporalIntelligence"":true,""historicalIntelligence"":true,""socialNarrative"":true,""alternativeExplanation"":true},""evidenceQuality"":""strong"",""providers"":{""token-research"":{""available"":true,""fieldCount"":30},""transfer-flow"":{""available"":true,""fieldCount"":13},""social-narrative"":{""available"":true,""fieldCount"":2}},""temporalSampleCount"":8}",326055174d5a1d68,[object Object],,000000000000000005ba9afd7c8321eb255dcfe10833145b,info
2026-09-29 20:26:24,"[jevsentinel] trajectory state {""action"":""HOLD"",""stage"":""STABLE"",""riskScore"":0,""confidence"":0.84,""reasons"":[]}",755391fa9ee0d5f6,[object Object],,000000000000000005ba9afd7c8321eb255dcfe10833145b,info
2026-09-29 20:26:24,"[jevsentinel] temporal state {""priorSnapshotCount"":7,""currentSnapshot"":{""observedAt"":""2026-09-29T23:26:24.815Z"",""price"":0.00005963,""liquidity"":20531.76,""volume"":138284.59,""priceChange5mPct"":20.23,""priceChange1hPct"":20.23,""buyCount5m"":704,""sellCount5m"":591,""buySellRatio5m"":0.5436293436293437,""uniqueSellers"":0,""uniqueBuyers"":0,""sellerAcceleration"":0,""coordinatedSellers"":0,""sellUsd"":null,""buyUsd"":null,""sellerCount"":null},""sampleCount"":8,""deltas"":{""price"":0,""liquidity"":0,""volume"":0,""priceChange5mPct"":0,""priceChange1hPct"":0,""buyCount5m"":0,""sellCount5m"":0,""buySellRatio5m"":0,""uniqueSellers"":0,""uniqueBuyers"":0,""sellerAcceleration"":0,""coordinatedSellers"":0},""acceleration"":{""selling"":""stable"",""buyPressure"":""stable"",""volume"":""stable"",""liquidity"":""stable"",""price"":""stable"",""sellers"":""stable"",""coordination"":""stable""}}",19518d94cc26d4d0,[object Object],,000000000000000005ba9afd7c8321eb255dcfe10833145b,info
2026-09-29 20:26:20,"[jevsentinel] live action state {""action"":""HOLD"",""stage"":""STABLE"",""riskScore"":0,""confidence"":0.8200000000000001,""reasons"":[]}",5afec9d0363ec7ac,[object Object],,000000000000000005ba9afd7c8321eb255dcfe10833145b,info
2026-09-29 20:26:20,"[jevsentinel] shadow prediction {""version"":1,""shadow"":true,""action"":""CAUTION"",""confidence"":0.5,""sampleCount"":7,""evidenceQuality"":""strong"",""sourceTrajectoryAction"":""HOLD"",""reasons"":[""signals do not form a reliable forward setup""],""predictedAt"":""2026-09-29T23:26:20.609Z""}",7ba7e9e15af031d8,[object Object],,000000000000000005ba9afd7c8321eb255dcfe10833145b,info
2026-09-29 20:26:20,"[jevsentinel] decision input {""mint"":""8PJbi5zxRSAxucQhA1wAMQMuhjeVoMU2bpCUvAsBpump"",""sourceCard"":""CW"",""evidenceGroups"":{""tokenIntegrity"":true,""holderStructure"":true,""creatorIntelligence"":true,""walletBehaviour"":true,""flowDynamics"":true,""marketDynamics"":true,""liquidityStructure"":true,""temporalIntelligence"":true,""historicalIntelligence"":true,""socialNarrative"":true,""alternativeExplanation"":true},""evidenceQuality"":""strong"",""providers"":{""token-research"":{""available"":true,""fieldCount"":30},""transfer-flow"":{""available"":true,""fieldCount"":13},""social-narrative"":{""available"":true,""fieldCount"":2}},""temporalSampleCount"":7}",8650a2f32cd8a4e3,[object Object],,000000000000000005ba9afd7c8321eb255dcfe10833145b,info
2026-09-29 20:26:20,"[jevsentinel] trajectory state {""action"":""HOLD"",""stage"":""STABLE"",""riskScore"":0,""confidence"":0.8200000000000001,""reasons"":[]}",36312fb62421a27,[object Object],,000000000000000005ba9afd7c8321eb255dcfe10833145b,info
2026-09-29 20:26:20,"[jevsentinel] temporal state {""priorSnapshotCount"":6,""currentSnapshot"":{""observedAt"":""2026-09-29T23:26:20.431Z"",""price"":0.00005963,""liquidity"":20531.76,""volume"":138284.59,""priceChange5mPct"":20.23,""priceChange1hPct"":20.23,""buyCount5m"":704,""sellCount5m"":591,""buySellRatio5m"":0.5436293436293437,""uniqueSellers"":0,""uniqueBuyers"":0,""sellerAcceleration"":0,""coordinatedSellers"":0,""sellUsd"":null,""buyUsd"":null,""sellerCount"":null},""sampleCount"":7,""deltas"":{""price"":0,""liquidity"":0,""volume"":0,""priceChange5mPct"":0,""priceChange1hPct"":0,""buyCount5m"":0,""sellCount5m"":0,""buySellRatio5m"":0,""uniqueSellers"":0,""uniqueBuyers"":0,""sellerAcceleration"":0,""coordinatedSellers"":0},""acceleration"":{""selling"":""stable"",""buyPressure"":""stable"",""volume"":""stable"",""liquidity"":""stable"",""price"":""stable"",""sellers"":""stable"",""coordination"":""stable""}}",67591b0b63c0fa6d,[object Object],,000000000000000005ba9afd7c8321eb255dcfe10833145b,info
2026-09-29 20:26:16,"[jevsentinel] live action state {""action"":""HOLD"",""stage"":""STABLE"",""riskScore"":0,""confidence"":0.8,""reasons"":[""creator identity resolved""]}",55e2c94bbc03f6ab,[object Object],,000000000000000005ba9afd7c8321eb255dcfe10833145b,info
2026-09-29 20:26:16,"[jevsentinel] shadow prediction {""version"":1,""shadow"":true,""action"":""CAUTION"",""confidence"":0.5,""sampleCount"":6,""evidenceQuality"":""strong"",""sourceTrajectoryAction"":""HOLD"",""reasons"":[""signals do not form a reliable forward setup""],""predictedAt"":""2026-09-29T23:26:16.070Z""}",b21f323d841d9eda,[object Object],,000000000000000005ba9afd7c8321eb255dcfe10833145b,info
2026-09-29 20:26:15,"[jevsentinel] decision input {""mint"":""8PJbi5zxRSAxucQhA1wAMQMuhjeVoMU2bpCUvAsBpump"",""sourceCard"":""CW"",""evidenceGroups"":{""tokenIntegrity"":true,""holderStructure"":true,""creatorIntelligence"":true,""walletBehaviour"":true,""flowDynamics"":true,""marketDynamics"":true,""liquidityStructure"":true,""temporalIntelligence"":true,""historicalIntelligence"":true,""socialNarrative"":true,""alternativeExplanation"":true},""evidenceQuality"":""strong"",""providers"":{""token-research"":{""available"":true,""fieldCount"":30},""transfer-flow"":{""available"":true,""fieldCount"":13},""social-narrative"":{""available"":true,""fieldCount"":2}},""temporalSampleCount"":6}",341f5751c05bd219,[object Object],,000000000000000005ba9afd7c8321eb255dcfe10833145b,info
2026-09-29 20:26:15,"[jevsentinel] trajectory state {""action"":""HOLD"",""stage"":""STABLE"",""riskScore"":0,""confidence"":0.8,""reasons"":[""creator identity resolved""]}",7c020999b16e8793,[object Object],,000000000000000005ba9afd7c8321eb255dcfe10833145b,info
2026-09-29 20:26:15,"[jevsentinel] temporal state {""priorSnapshotCount"":5,""currentSnapshot"":{""observedAt"":""2026-09-29T23:26:15.885Z"",""price"":0.00005963,""liquidity"":20531.76,""volume"":138284.59,""priceChange5mPct"":20.23,""priceChange1hPct"":20.23,""buyCount5m"":704,""sellCount5m"":591,""buySellRatio5m"":0.5436293436293437,""uniqueSellers"":0,""uniqueBuyers"":0,""sellerAcceleration"":0,""coordinatedSellers"":0,""sellUsd"":null,""buyUsd"":null,""sellerCount"":null},""sampleCount"":6,""deltas"":{""price"":0,""liquidity"":0,""volume"":0,""priceChange5mPct"":0,""priceChange1hPct"":0,""buyCount5m"":0,""sellCount5m"":0,""buySellRatio5m"":0,""uniqueSellers"":0,""uniqueBuyers"":0,""sellerAcceleration"":0,""coordinatedSellers"":0},""acceleration"":{""selling"":""stable"",""buyPressure"":""stable"",""volume"":""stable"",""liquidity"":""stable"",""price"":""stable"",""sellers"":""stable"",""coordination"":""stable""}}",e95c9dd0c7d82f9,[object Object],,000000000000000005ba9afd7c8321eb255dcfe10833145b,info
2026-09-29 20:26:11,"[jevsentinel] live action state {""action"":""HOLD"",""stage"":""STABLE"",""riskScore"":0,""confidence"":0.78,""reasons"":[]}",9ba1e33c05b50d1c,[object Object],,000000000000000005ba9afd7c8321eb255dcfe10833145b,info
2026-09-29 20:26:11,"[jevsentinel] shadow prediction {""version"":1,""shadow"":true,""action"":""CAUTION"",""confidence"":0.5,""sampleCount"":5,""evidenceQuality"":""strong"",""sourceTrajectoryAction"":""HOLD"",""reasons"":[""signals do not form a reliable forward setup""],""predictedAt"":""2026-09-29T23:26:11.778Z""}",6fbc86c6cde148c,[object Object],,000000000000000005ba9afd7c8321eb255dcfe10833145b,info
2026-09-29 20:26:11,"[jevsentinel] decision input {""mint"":""8PJbi5zxRSAxucQhA1wAMQMuhjeVoMU2bpCUvAsBpump"",""sourceCard"":""CW"",""evidenceGroups"":{""tokenIntegrity"":true,""holderStructure"":true,""creatorIntelligence"":true,""walletBehaviour"":true,""flowDynamics"":true,""marketDynamics"":true,""liquidityStructure"":true,""temporalIntelligence"":true,""historicalIntelligence"":true,""socialNarrative"":true,""alternativeExplanation"":true},""evidenceQuality"":""strong"",""providers"":{""token-research"":{""available"":true,""fieldCount"":30},""transfer-flow"":{""available"":true,""fieldCount"":13},""social-narrative"":{""available"":true,""fieldCount"":2}},""temporalSampleCount"":5}",dd5757f0e032765f,[object Object],,000000000000000005ba9afd7c8321eb255dcfe10833145b,info
2026-09-29 20:26:11,"[jevsentinel] trajectory state {""action"":""HOLD"",""stage"":""STABLE"",""riskScore"":0,""confidence"":0.78,""reasons"":[]}",78995d9844985be4,[object Object],,000000000000000005ba9afd7c8321eb255dcfe10833145b,info
2026-09-29 20:26:11,"[jevsentinel] temporal state {""priorSnapshotCount"":4,""currentSnapshot"":{""observedAt"":""2026-09-29T23:26:11.604Z"",""price"":0.00005963,""liquidity"":20531.76,""volume"":138284.59,""priceChange5mPct"":20.23,""priceChange1hPct"":20.23,""buyCount5m"":704,""sellCount5m"":591,""buySellRatio5m"":0.5436293436293437,""uniqueSellers"":0,""uniqueBuyers"":0,""sellerAcceleration"":0,""coordinatedSellers"":0,""sellUsd"":null,""buyUsd"":null,""sellerCount"":null},""sampleCount"":5,""deltas"":{""price"":0,""liquidity"":0,""volume"":0,""priceChange5mPct"":0,""priceChange1hPct"":0,""buyCount5m"":0,""sellCount5m"":0,""buySellRatio5m"":0,""uniqueSellers"":0,""uniqueBuyers"":0,""sellerAcceleration"":0,""coordinatedSellers"":0},""acceleration"":{""selling"":""stable"",""buyPressure"":""stable"",""volume"":""stable"",""liquidity"":""stable"",""price"":""stable"",""sellers"":""stable"",""coordination"":""stable""}}",b8847923ded9de4b,[object Object],,000000000000000005ba9afd7c8321eb255dcfe10833145b,info
2026-09-29 20:26:07,"[jevsentinel] live action state {""action"":""HOLD"",""stage"":""STABLE"",""riskScore"":1,""confidence"":0.84,""reasons"":[""selling is accelerating""]}",312b809c7143b238,[object Object],,000000000000000005ba9afd7c8321eb255dcfe10833145b,info
2026-09-29 20:26:07,"[jevsentinel] shadow prediction {""version"":1,""shadow"":true,""action"":""CAUTION"",""confidence"":0.5,""sampleCount"":4,""evidenceQuality"":""strong"",""sourceTrajectoryAction"":""HOLD"",""reasons"":[""signals do not form a reliable forward setup""],""predictedAt"":""2026-09-29T23:26:07.590Z""}",a1728a429c691803,[object Object],,000000000000000005ba9afd7c8321eb255dcfe10833145b,info
2026-09-29 20:26:07,"[jevsentinel] decision input {""mint"":""8PJbi5zxRSAxucQhA1wAMQMuhjeVoMU2bpCUvAsBpump"",""sourceCard"":""CW"",""evidenceGroups"":{""tokenIntegrity"":true,""holderStructure"":true,""creatorIntelligence"":true,""walletBehaviour"":true,""flowDynamics"":true,""marketDynamics"":true,""liquidityStructure"":true,""temporalIntelligence"":true,""historicalIntelligence"":true,""socialNarrative"":true,""alternativeExplanation"":true},""evidenceQuality"":""strong"",""providers"":{""token-research"":{""available"":true,""fieldCount"":30},""transfer-flow"":{""available"":true,""fieldCount"":13},""social-narrative"":{""available"":true,""fieldCount"":2}},""temporalSampleCount"":4}",b118f8b05ff32413,[object Object],,000000000000000005ba9afd7c8321eb255dcfe10833145b,info
2026-09-29 20:26:07,"[jevsentinel] trajectory state {""action"":""HOLD"",""stage"":""STABLE"",""riskScore"":1,""confidence"":0.84,""reasons"":[""selling is accelerating""]}",a3493b5d9716c926,[object Object],,000000000000000005ba9afd7c8321eb255dcfe10833145b,info
2026-09-29 20:26:07,"[jevsentinel] temporal state {""priorSnapshotCount"":3,""currentSnapshot"":{""observedAt"":""2026-09-29T23:26:07.399Z"",""price"":0.00005963,""liquidity"":20531.76,""volume"":138284.59,""priceChange5mPct"":20.23,""priceChange1hPct"":20.23,""buyCount5m"":704,""sellCount5m"":591,""buySellRatio5m"":0.5436293436293437,""uniqueSellers"":0,""uniqueBuyers"":0,""sellerAcceleration"":0,""coordinatedSellers"":0,""sellUsd"":null,""buyUsd"":null,""sellerCount"":null},""sampleCount"":4,""deltas"":{""price"":0.000009510000000000002,""liquidity"":1901.75,""volume"":18727.14,""priceChange5mPct"":19.17,""priceChange1hPct"":19.17,""buyCount5m"":86,""sellCount5m"":77,""buySellRatio5m"":-0.0023070521303736324,""uniqueSellers"":0,""uniqueBuyers"":0,""sellerAcceleration"":0,""coordinatedSellers"":0},""acceleration"":{""selling"":""increasing"",""buyPressure"":""decreasing"",""volume"":""increasing"",""liquidity"":""improving"",""price"":""improving"",""sellers"":""stable"",""coordination"":""stable""}}",777b26f0ae5647e,[object Object],,000000000000000005ba9afd7c8321eb255dcfe10833145b,info
2026-09-29 20:26:03,"[jevsentinel] live action state {""action"":""HOLD"",""stage"":""STABLE"",""riskScore"":0,""confidence"":0.74,""reasons"":[]}",8cf691f6121821cc,[object Object],,000000000000000005ba9afd7c8321eb255dcfe10833145b,info
2026-09-29 20:26:03,"[jevsentinel] shadow prediction {""version"":1,""shadow"":true,""action"":""CAUTION"",""confidence"":0.5,""sampleCount"":3,""evidenceQuality"":""strong"",""sourceTrajectoryAction"":""HOLD"",""reasons"":[""signals do not form a reliable forward setup""],""predictedAt"":""2026-09-29T23:26:03.575Z""}",cc2089c133509223,[object Object],,000000000000000005ba9afd7c8321eb255dcfe10833145b,info
2026-09-29 20:26:03,"[jevsentinel] decision input {""mint"":""8PJbi5zxRSAxucQhA1wAMQMuhjeVoMU2bpCUvAsBpump"",""sourceCard"":""CW"",""evidenceGroups"":{""tokenIntegrity"":true,""holderStructure"":true,""creatorIntelligence"":true,""walletBehaviour"":true,""flowDynamics"":true,""marketDynamics"":true,""liquidityStructure"":true,""temporalIntelligence"":true,""historicalIntelligence"":true,""socialNarrative"":true,""alternativeExplanation"":true},""evidenceQuality"":""strong"",""providers"":{""token-research"":{""available"":true,""fieldCount"":30},""transfer-flow"":{""available"":true,""fieldCount"":13},""social-narrative"":{""available"":true,""fieldCount"":2}},""temporalSampleCount"":3}",d05090767aae6e0c,[object Object],,000000000000000005ba9afd7c8321eb255dcfe10833145b,info
2026-09-29 20:26:03,"[jevsentinel] trajectory state {""action"":""HOLD"",""stage"":""STABLE"",""riskScore"":0,""confidence"":0.74,""reasons"":[]}",63fb19aedd06f0aa,[object Object],,000000000000000005ba9afd7c8321eb255dcfe10833145b,info
2026-09-29 20:26:03,"[jevsentinel] temporal state {""priorSnapshotCount"":2,""currentSnapshot"":{""observedAt"":""2026-09-29T23:26:03.417Z"",""price"":0.00005012,""liquidity"":18630.01,""volume"":119557.45,""priceChange5mPct"":1.06,""priceChange1hPct"":1.06,""buyCount5m"":618,""sellCount5m"":514,""buySellRatio5m"":0.5459363957597173,""uniqueSellers"":0,""uniqueBuyers"":0,""sellerAcceleration"":0,""coordinatedSellers"":0,""sellUsd"":null,""buyUsd"":null,""sellerCount"":null},""sampleCount"":3,""deltas"":{""price"":0,""liquidity"":0,""volume"":0,""priceChange5mPct"":0,""priceChange1hPct"":0,""buyCount5m"":0,""sellCount5m"":0,""buySellRatio5m"":0,""uniqueSellers"":0,""uniqueBuyers"":0,""sellerAcceleration"":0,""coordinatedSellers"":0},""acceleration"":{""selling"":""stable"",""buyPressure"":""stable"",""volume"":""stable"",""liquidity"":""stable"",""price"":""stable"",""sellers"":""stable"",""coordination"":""stable""}}",cdc4955176e7b8c,[object Object],,000000000000000005ba9afd7c8321eb255dcfe10833145b,info
2026-09-29 20:25:59,"[jevsentinel] live action state {""action"":""HOLD"",""stage"":""STABLE"",""riskScore"":0,""confidence"":0.64,""reasons"":[""creator identity resolved""]}",4194b17f3a091d81,[object Object],,000000000000000005ba9afd7c8321eb255dcfe10833145b,info
2026-09-29 20:25:59,"[jevsentinel] shadow prediction {""version"":1,""shadow"":true,""action"":""CAUTION"",""confidence"":0.5,""sampleCount"":2,""evidenceQuality"":""strong"",""sourceTrajectoryAction"":""HOLD"",""reasons"":[""signals do not form a reliable forward setup""],""predictedAt"":""2026-09-29T23:25:59.427Z""}",8626cc49a07f5b,[object Object],,000000000000000005ba9afd7c8321eb255dcfe10833145b,info
2026-09-29 20:25:59,"[jevsentinel] decision input {""mint"":""8PJbi5zxRSAxucQhA1wAMQMuhjeVoMU2bpCUvAsBpump"",""sourceCard"":""CW"",""evidenceGroups"":{""tokenIntegrity"":true,""holderStructure"":true,""creatorIntelligence"":true,""walletBehaviour"":true,""flowDynamics"":true,""marketDynamics"":true,""liquidityStructure"":true,""temporalIntelligence"":true,""historicalIntelligence"":true,""socialNarrative"":true,""alternativeExplanation"":true},""evidenceQuality"":""strong"",""providers"":{""token-research"":{""available"":true,""fieldCount"":30},""transfer-flow"":{""available"":true,""fieldCount"":13},""social-narrative"":{""available"":true,""fieldCount"":2}},""temporalSampleCount"":2}",c6e8fdc2613441ad,[object Object],,000000000000000005ba9afd7c8321eb255dcfe10833145b,info
2026-09-29 20:25:59,"[jevsentinel] trajectory state {""action"":""HOLD"",""stage"":""STABLE"",""riskScore"":0,""confidence"":0.64,""reasons"":[""creator identity resolved""]}",c96bada5c4c36b58,[object Object],,000000000000000005ba9afd7c8321eb255dcfe10833145b,info
2026-09-29 20:25:59,"[jevsentinel] temporal state {""priorSnapshotCount"":1,""currentSnapshot"":{""observedAt"":""2026-09-29T23:25:59.270Z"",""price"":0.00005012,""liquidity"":18630.01,""volume"":119557.45,""priceChange5mPct"":1.06,""priceChange1hPct"":1.06,""buyCount5m"":618,""sellCount5m"":514,""buySellRatio5m"":0.5459363957597173,""uniqueSellers"":0,""uniqueBuyers"":0,""sellerAcceleration"":0,""coordinatedSellers"":0,""sellUsd"":null,""buyUsd"":null,""sellerCount"":null},""sampleCount"":2,""deltas"":{""price"":0,""liquidity"":0,""volume"":0,""priceChange5mPct"":0,""priceChange1hPct"":0,""buyCount5m"":0,""sellCount5m"":0,""buySellRatio5m"":0,""uniqueSellers"":0,""uniqueBuyers"":0,""sellerAcceleration"":0,""coordinatedSellers"":0},""acceleration"":{""selling"":""stable"",""buyPressure"":""stable"",""volume"":""stable"",""liquidity"":""stable"",""price"":""stable"",""sellers"":""stable"",""coordination"":""stable""}}",4ca55af90a1d13d6,[object Object],,000000000000000005ba9afd7c8321eb255dcfe10833145b,info
2026-09-29 20:25:55,"[jevsentinel-telegram] assessment completed; live monitoring started {""monitorCard"":""cw2""}",1e5651b8d3093e37,[object Object],,000000000000000005ba9afd7c8321eb255dcfe10833145b,info
2026-09-29 20:25:55,"[jevsentinel-telegram] JEV assessment finished {""chatId"":""-1004483915430"",""messageId"":10987,""escalation"":false}",45cbbe26394d169,[object Object],,000000000000000005ba9afd7c8321eb255dcfe10833145b,info
2026-09-29 20:25:55,"[jevsentinel] live action state {""action"":""HOLD"",""stage"":""INITIAL"",""riskScore"":0,""confidence"":0.52,""reasons"":[""creator identity resolved""]}",4fc82d080dbc734,[object Object],,000000000000000005ba9afd7c8321eb255dcfe10833145b,info
2026-09-29 20:25:55,"[jevsentinel] shadow prediction {""version"":1,""shadow"":true,""action"":""CAUTION"",""confidence"":0.58,""sampleCount"":1,""evidenceQuality"":""strong"",""sourceTrajectoryAction"":""HOLD"",""reasons"":[""evidence is conflicting or unreliable""],""predictedAt"":""2026-09-29T23:25:55.322Z""}",85c4c0621bb0786f,[object Object],,000000000000000005ba9afd7c8321eb255dcfe10833145b,info
2026-09-29 20:25:54,"[jevsentinel] decision input {""mint"":""8PJbi5zxRSAxucQhA1wAMQMuhjeVoMU2bpCUvAsBpump"",""sourceCard"":""CW"",""evidenceGroups"":{""tokenIntegrity"":true,""holderStructure"":true,""creatorIntelligence"":true,""walletBehaviour"":true,""flowDynamics"":true,""marketDynamics"":true,""liquidityStructure"":true,""temporalIntelligence"":true,""historicalIntelligence"":true,""socialNarrative"":true,""alternativeExplanation"":true},""evidenceQuality"":""strong"",""providers"":{""token-research"":{""available"":true,""fieldCount"":30},""transfer-flow"":{""available"":true,""fieldCount"":13},""social-narrative"":{""available"":true,""fieldCount"":2}},""temporalSampleCount"":1}",15bb7b25f1fbeaeb,[object Object],,000000000000000005ba9afd7c8321eb255dcfe10833145b,info
2026-09-29 20:25:54,"[jevsentinel] trajectory state {""action"":""HOLD"",""stage"":""INITIAL"",""riskScore"":0,""confidence"":0.52,""reasons"":[""creator identity resolved""]}",c4303bab52c2491a,[object Object],,000000000000000005ba9afd7c8321eb255dcfe10833145b,info
2026-09-29 20:25:54,"[jevsentinel] temporal state {""priorSnapshotCount"":0,""currentSnapshot"":{""observedAt"":""2026-09-29T23:25:54.967Z"",""price"":0.00005012,""liquidity"":18630.01,""volume"":119557.45,""priceChange5mPct"":1.06,""priceChange1hPct"":1.06,""buyCount5m"":618,""sellCount5m"":514,""buySellRatio5m"":0.5459363957597173,""uniqueSellers"":0,""uniqueBuyers"":0,""sellerAcceleration"":0,""coordinatedSellers"":0,""sellUsd"":null,""buyUsd"":null,""sellerCount"":null},""sampleCount"":1,""deltas"":{},""acceleration"":{""selling"":""stable"",""buyPressure"":""stable"",""volume"":""stable"",""liquidity"":""stable"",""price"":""stable"",""sellers"":""stable"",""coordination"":""stable""}}",583f78c17a0cf857,[object Object],,000000000000000005ba9afd7c8321eb255dcfe10833145b,info
2026-09-29 20:25:54,"[jevsentinel-telegram] EARLY ENTRY JEV assessment starting {""chatId"":""-1004483915430"",""messageId"":10987}",9bfd2ab295a7b722,[object Object],,000000000000000005ba9afd7c8321eb255dcfe10833145b,info
2026-09-29 20:25:54,"[jevsentinel-telegram] EARLY ENTRY EXPERIMENT detected {""chatId"":""-1004483915430"",""messageId"":10987,""mintExtracted"":true,""symbol"":""YARL"",""monitorCard"":""cw2"",""monitorLabel"":""CONVICTION PULSE CW2""}",94f9c8fa0bf5dca8,[object Object],,000000000000000005ba9afd7c8321eb255dcfe10833145b,info
2026-09-29 20:25:54,"[jevsentinel-telegram] group message received {""chatId"":""-1004483915430"",""messageId"":10987,""configured"":true,""enabled"":true,""hasText"":true,""isEarlyEntry"":true,""monitorCard"":""cw2"",""textLength"":537}",9d7bf444eb69de36,[object Object],,000000000000000005ba9afd7c8321eb255dcfe10833145b,info
2026-09-29 20:25:54,"[jevsentinel-telegram] updates received {""count"":1,""firstUpdateId"":562699859,""lastUpdateId"":562699859}",fc806ff9a0172670,[object Object],,000000000000000005ba9afd7c8321eb255dcfe10833145b,info
2026-09-29 19:53:29,"[jevsentinel] shadow outcome observed {""mint"":""2RFUG2WSvR3v4pGSGj5yNKiFrNM1EhyQWr4XvvHBpump"",""predictionCount"":31,""outcome"":{""label"":""unresolved"",""source"":""live-monitor-window"",""completedAt"":""2026-09-29T22:53:29.542Z"",""sampleCount"":101,""entryPrice"":0.00003305,""terminalPrice"":0.00004132,""peakGainPct"":51.134644,""terminalReturnPct"":25.022693,""maxDrawdownPct"":-59.475089,""entryLiquidityUsd"":14658.7,""terminalLiquidityUsd"":16654.63,""liquidityChangeUsd"":1995.93,""liquidityChangePct"":13.61601},""validation"":""label-unresolved; objective metrics only""}",943a6d2ede78101a,[object Object],,000000000000000005ba9afd7c8321eb255dcfe10833145b,info
2026-09-29 19:53:29,"[jevsentinel] live action state {""action"":""HOLD"",""stage"":""STABLE"",""riskScore"":0,""confidence"":0.84,""reasons"":[]}",f146548209b46278,[object Object],,000000000000000005ba9afd7c8321eb255dcfe10833145b,info
2026-09-29 19:53:29,"[jevsentinel] shadow prediction {""version"":1,""shadow"":true,""action"":""CAUTION"",""confidence"":0.5,""sampleCount"":101,""evidenceQuality"":""strong"",""sourceTrajectoryAction"":""HOLD"",""reasons"":[""signals do not form a reliable forward setup""],""predictedAt"":""2026-09-29T22:53:29.541Z""}",20a0c3c0ebe18484,[object Object],,000000000000000005ba9afd7c8321eb255dcfe10833145b,info
2026-09-29 19:53:29,"[jevsentinel] decision input {""mint"":""2RFUG2WSvR3v4pGSGj5yNKiFrNM1EhyQWr4XvvHBpump"",""sourceCard"":""CW"",""evidenceGroups"":{""tokenIntegrity"":true,""holderStructure"":true,""creatorIntelligence"":true,""walletBehaviour"":true,""flowDynamics"":true,""marketDynamics"":true,""liquidityStructure"":true,""temporalIntelligence"":true,""historicalIntelligence"":true,""socialNarrative"":true,""alternativeExplanation"":true},""evidenceQuality"":""strong"",""providers"":{""token-research"":{""available"":true,""fieldCount"":30},""transfer-flow"":{""available"":true,""fieldCount"":13},""social-narrative"":{""available"":true,""fieldCount"":2}},""temporalSampleCount"":101}",586e44ab78fecd9b,[object Object],,000000000000000005ba9afd7c8321eb255dcfe10833145b,info
2026-09-29 19:53:29,"[jevsentinel] trajectory state {""action"":""HOLD"",""stage"":""STABLE"",""riskScore"":0,""confidence"":0.84,""reasons"":[]}",9f0a091824ff328f,[object Object],,000000000000000005ba9afd7c8321eb255dcfe10833145b,info
2026-09-29 19:53:29,"[jevsentinel] temporal state {""priorSnapshotCount"":100,""currentSnapshot"":{""observedAt"":""2026-09-29T22:53:29.319Z"",""price"":0.00004132,""liquidity"":16654.63,""volume"":21169.38,""priceChange5mPct"":28.44,""priceChange1hPct"":-14.37,""buyCount5m"":251,""sellCount5m"":250,""buySellRatio5m"":0.500998003992016,""uniqueSellers"":0,""uniqueBuyers"":0,""sellerAcceleration"":0,""coordinatedSellers"":0,""sellUsd"":null,""buyUsd"":null,""sellerCount"":null},""sampleCount"":101,""deltas"":{""price"":0,""liquidity"":0,""volume"":0,""priceChange5mPct"":0,""priceChange1hPct"":0,""buyCount5m"":0,""sellCount5m"":0,""buySellRatio5m"":0,""uniqueSellers"":0,""uniqueBuyers"":0,""sellerAcceleration"":0,""coordinatedSellers"":0},""acceleration"":{""selling"":""stable"",""buyPressure"":""stable"",""volume"":""stable"",""liquidity"":""stable"",""price"":""stable"",""sellers"":""stable"",""coordination"":""stable""}}",b6d7e9bb4407f6d7,[object Object],,000000000000000005ba9afd7c8321eb255dcfe10833145b,info
2026-09-29 19:53:25,"[jevsentinel] live action state {""action"":""HOLD"",""stage"":""STABLE"",""riskScore"":0,""confidence"":0.84,""reasons"":[""creator identity resolved""]}",dbf09c110646eec6,[object Object],,000000000000000005ba9afd7c8321eb255dcfe10833145b,info
2026-09-29 19:53:25,"[jevsentinel] shadow prediction {""version"":1,""shadow"":true,""action"":""CAUTION"",""confidence"":0.5,""sampleCount"":100,""evidenceQuality"":""strong"",""sourceTrajectoryAction"":""HOLD"",""reasons"":[""signals do not form a reliable forward setup""],""predictedAt"":""2026-09-29T22:53:25.115Z""}",a5dbf5eaae1eb6d9,[object Object],,000000000000000005ba9afd7c8321eb255dcfe10833145b,info
2026-09-29 19:53:24,"[jevsentinel] decision input {""mint"":""2RFUG2WSvR3v4pGSGj5yNKiFrNM1EhyQWr4XvvHBpump"",""sourceCard"":""CW"",""evidenceGroups"":{""tokenIntegrity"":true,""holderStructure"":true,""creatorIntelligence"":true,""walletBehaviour"":true,""flowDynamics"":true,""marketDynamics"":true,""liquidityStructure"":true,""temporalIntelligence"":true,""historicalIntelligence"":true,""socialNarrative"":true,""alternativeExplanation"":true},""evidenceQuality"":""strong"",""providers"":{""token-research"":{""available"":true,""fieldCount"":30},""transfer-flow"":{""available"":true,""fieldCount"":13},""social-narrative"":{""available"":true,""fieldCount"":2}},""temporalSampleCount"":100}",a280028f9f9bc168,[object Object],,000000000000000005ba9afd7c8321eb255dcfe10833145b,info
2026-09-29 19:53:24,"[jevsentinel] trajectory state {""action"":""HOLD"",""stage"":""STABLE"",""riskScore"":0,""confidence"":0.84,""reasons"":[""creator identity resolved""]}",f28aad4ac3877fb9,[object Object],,000000000000000005ba9afd7c8321eb255dcfe10833145b,info
2026-09-29 19:53:24,"[jevsentinel] temporal state {""priorSnapshotCount"":99,""currentSnapshot"":{""observedAt"":""2026-09-29T22:53:24.901Z"",""price"":0.00004132,""liquidity"":16654.63,""volume"":21169.38,""priceChange5mPct"":28.44,""priceChange1hPct"":-14.37,""buyCount5m"":251,""sellCount5m"":250,""buySellRatio5m"":0.500998003992016,""uniqueSellers"":0,""uniqueBuyers"":0,""sellerAcceleration"":0,""coordinatedSellers"":0,""sellUsd"":null,""buyUsd"":null,""sellerCount"":null},""sampleCount"":100,""deltas"":{""price"":0,""liquidity"":0,""volume"":0,""priceChange5mPct"":0,""priceChange1hPct"":0,""buyCount5m"":0,""sellCount5m"":0,""buySellRatio5m"":0,""uniqueSellers"":0,""uniqueBuyers"":0,""sellerAcceleration"":0,""coordinatedSellers"":0},""acceleration"":{""selling"":""stable"",""buyPressure"":""stable"",""volume"":""stable"",""liquidity"":""stable"",""price"":""stable"",""sellers"":""stable"",""coordination"":""stable""}}",af914bd4d7571c9a,[object Object],,000000000000000005ba9afd7c8321eb255dcfe10833145b,info
2026-09-29 19:53:20,"[jevsentinel] live action state {""action"":""HOLD"",""stage"":""STABLE"",""riskScore"":0,""confidence"":0.84,""reasons"":[""creator identity resolved""]}",171271e4ee5547c7,[object Object],,000000000000000005ba9afd7c8321eb255dcfe10833145b,info
2026-09-29 19:53:20,"[jevsentinel] shadow prediction {""version"":1,""shadow"":true,""action"":""CAUTION"",""confidence"":0.5,""sampleCount"":99,""evidenceQuality"":""strong"",""sourceTrajectoryAction"":""HOLD"",""reasons"":[""signals do not form a reliable forward setup""],""predictedAt"":""2026-09-29T22:53:20.846Z""}",e6d71b9b7b621c25,[object Object],,000000000000000005ba9afd7c8321eb255dcfe10833145b,info
2026-09-29 19:53:20,"[jevsentinel] decision input {""mint"":""2RFUG2WSvR3v4pGSGj5yNKiFrNM1EhyQWr4XvvHBpump"",""sourceCard"":""CW"",""evidenceGroups"":{""tokenIntegrity"":true,""holderStructure"":true,""creatorIntelligence"":true,""walletBehaviour"":true,""flowDynamics"":true,""marketDynamics"":true,""liquidityStructure"":true,""temporalIntelligence"":true,""historicalIntelligence"":true,""socialNarrative"":true,""alternativeExplanation"":true},""evidenceQuality"":""strong"",""providers"":{""token-research"":{""available"":true,""fieldCount"":30},""transfer-flow"":{""available"":true,""fieldCount"":13},""social-narrative"":{""available"":true,""fieldCount"":2}},""temporalSampleCount"":99}",f6fb2d2c8dc4b66c,[object Object],,000000000000000005ba9afd7c8321eb255dcfe10833145b,info
2026-09-29 19:53:20,"[jevsentinel] trajectory state {""action"":""HOLD"",""stage"":""STABLE"",""riskScore"":0,""confidence"":0.84,""reasons"":[""creator identity resolved""]}",c3ffffbf27d2b56a,[object Object],,000000000000000005ba9afd7c8321eb255dcfe10833145b,info
2026-09-29 19:53:20,"[jevsentinel] temporal state {""priorSnapshotCount"":98,""currentSnapshot"":{""observedAt"":""2026-09-29T22:53:20.655Z"",""price"":0.00004132,""liquidity"":16654.63,""volume"":21169.38,""priceChange5mPct"":28.44,""priceChange1hPct"":-14.37,""buyCount5m"":251,""sellCount5m"":250,""buySellRatio5m"":0.500998003992016,""uniqueSellers"":0,""uniqueBuyers"":0,""sellerAcceleration"":0,""coordinatedSellers"":0,""sellUsd"":null,""buyUsd"":null,""sellerCount"":null},""sampleCount"":99,""deltas"":{""price"":0,""liquidity"":0,""volume"":0,""priceChange5mPct"":0,""priceChange1hPct"":0,""buyCount5m"":0,""sellCount5m"":0,""buySellRatio5m"":0,""uniqueSellers"":0,""uniqueBuyers"":0,""sellerAcceleration"":0,""coordinatedSellers"":0},""acceleration"":{""selling"":""stable"",""buyPressure"":""stable"",""volume"":""stable"",""liquidity"":""stable"",""price"":""stable"",""sellers"":""stable"",""coordination"":""stable""}}",24615d1782b1d7e5,[object Object],,000000000000000005ba9afd7c8321eb255dcfe10833145b,info
2026-09-29 19:53:16,"[jevsentinel] live action state {""action"":""CAUTION"",""stage"":""STABLE"",""riskScore"":2,""confidence"":0.92,""reasons"":[""creator identity resolved"",""selling is accelerating"",""liquidity is deteriorating""]}",3e956c40fc7c23e1,[object Object],,000000000000000005ba9afd7c8321eb255dcfe10833145b,info
2026-09-29 19:53:16,"[jevsentinel] shadow prediction {""version"":1,""shadow"":true,""action"":""CAUTION"",""confidence"":0.58,""sampleCount"":98,""evidenceQuality"":""strong"",""sourceTrajectoryAction"":""CAUTION"",""reasons"":[""evidence is conflicting or unreliable""],""predictedAt"":""2026-09-29T22:53:16.530Z""}",98a35e7504b6922f,[object Object],,000000000000000005ba9afd7c8321eb255dcfe10833145b,info
2026-09-29 19:53:16,"[jevsentinel] decision input {""mint"":""2RFUG2WSvR3v4pGSGj5yNKiFrNM1EhyQWr4XvvHBpump"",""sourceCard"":""CW"",""evidenceGroups"":{""tokenIntegrity"":true,""holderStructure"":true,""creatorIntelligence"":true,""walletBehaviour"":true,""flowDynamics"":true,""marketDynamics"":true,""liquidityStructure"":true,""temporalIntelligence"":true,""historicalIntelligence"":true,""socialNarrative"":true,""alternativeExplanation"":true},""evidenceQuality"":""strong"",""providers"":{""token-research"":{""available"":true,""fieldCount"":30},""transfer-flow"":{""available"":true,""fieldCount"":13},""social-narrative"":{""available"":true,""fieldCount"":2}},""temporalSampleCount"":98}",2fe28d5f6dbd5b61,[object Object],,000000000000000005ba9afd7c8321eb255dcfe10833145b,info
2026-09-29 19:53:16,"[jevsentinel] trajectory state {""action"":""CAUTION"",""stage"":""STABLE"",""riskScore"":2,""confidence"":0.92,""reasons"":[""creator identity resolved"",""selling is accelerating"",""liquidity is deteriorating""]}",9df6303e18396b30,[object Object],,000000000000000005ba9afd7c8321eb255dcfe10833145b,info
2026-09-29 19:53:16,"[jevsentinel] temporal state {""priorSnapshotCount"":97,""currentSnapshot"":{""observedAt"":""2026-09-29T22:53:16.157Z"",""price"":0.00004132,""liquidity"":16654.63,""volume"":21169.38,""priceChange5mPct"":28.44,""priceChange1hPct"":-14.37,""buyCount5m"":251,""sellCount5m"":250,""buySellRatio5m"":0.500998003992016,""uniqueSellers"":0,""uniqueBuyers"":0,""sellerAcceleration"":0,""coordinatedSellers"":0,""sellUsd"":null,""buyUsd"":null,""sellerCount"":null},""sampleCount"":98,""deltas"":{""price"":-0.000008630000000000004,""liquidity"":-1863.5200000000004,""volume"":1690.8199999999997,""priceChange5mPct"":-26.81,""priceChange1hPct"":-17.869999999999997,""buyCount5m"":25,""sellCount5m"":21,""buySellRatio5m"":0.004294707288719279,""uniqueSellers"":0,""uniqueBuyers"":0,""sellerAcceleration"":0,""coordinatedSellers"":0},""acceleration"":{""selling"":""increasing"",""buyPressure"":""increasing"",""volume"":""increasing"",""liquidity"":""deteriorating"",""price"":""deteriorating"",""sellers"":""stable"",""coordination"":""stable""}}",3899b4a66bb8c7b7,[object Object],,000000000000000005ba9afd7c8321eb255dcfe10833145b,info
2026-09-29 19:53:11,"[jevsentinel] live action state {""action"":""HOLD"",""stage"":""STABLE"",""riskScore"":0,""confidence"":0.84,""reasons"":[""creator identity resolved""]}",6bdb7f3d4298f856,[object Object],,000000000000000005ba9afd7c8321eb255dcfe10833145b,info
2026-09-29 19:53:11,"[jevsentinel] shadow prediction {""version"":1,""shadow"":true,""action"":""CAUTION"",""confidence"":0.5,""sampleCount"":97,""evidenceQuality"":""strong"",""sourceTrajectoryAction"":""HOLD"",""reasons"":[""signals do not form a reliable forward setup""],""predictedAt"":""2026-09-29T22:53:11.830Z""}",a3bb6cb8abc403c8,[object Object],,000000000000000005ba9afd7c8321eb255dcfe10833145b,info
2026-09-29 19:53:01,"[jevsentinel] decision input {""mint"":""2RFUG2WSvR3v4pGSGj5yNKiFrNM1EhyQWr4XvvHBpump"",""sourceCard"":""CW"",""evidenceGroups"":{""tokenIntegrity"":true,""holderStructure"":true,""creatorIntelligence"":true,""walletBehaviour"":true,""flowDynamics"":true,""marketDynamics"":true,""liquidityStructure"":true,""temporalIntelligence"":true,""historicalIntelligence"":true,""socialNarrative"":true,""alternativeExplanation"":true},""evidenceQuality"":""strong"",""providers"":{""token-research"":{""available"":true,""fieldCount"":30},""transfer-flow"":{""available"":true,""fieldCount"":13},""social-narrative"":{""available"":true,""fieldCount"":2}},""temporalSampleCount"":97}",aebd7b743828ac4b,[object Object],,000000000000000005ba9afd7c8321eb255dcfe10833145b,info
2026-09-29 19:53:01,"[jevsentinel] trajectory state {""action"":""HOLD"",""stage"":""STABLE"",""riskScore"":0,""confidence"":0.84,""reasons"":[""creator identity resolved""]}",4d583f033db20a2d,[object Object],,000000000000000005ba9afd7c8321eb255dcfe10833145b,info
2026-09-29 19:53:01,"[jevsentinel] temporal state {""priorSnapshotCount"":96,""currentSnapshot"":{""observedAt"":""2026-09-29T22:53:01.132Z"",""price"":0.00004995,""liquidity"":18518.15,""volume"":19478.56,""priceChange5mPct"":55.25,""priceChange1hPct"":3.5,""buyCount5m"":226,""sellCount5m"":229,""buySellRatio5m"":0.4967032967032967,""uniqueSellers"":0,""uniqueBuyers"":0,""sellerAcceleration"":0,""coordinatedSellers"":0,""sellUsd"":null,""buyUsd"":null,""sellerCount"":null},""sampleCount"":97,""deltas"":{""price"":0,""liquidity"":0,""volume"":0,""priceChange5mPct"":0,""priceChange1hPct"":0,""buyCount5m"":0,""sellCount5m"":0,""buySellRatio5m"":0,""uniqueSellers"":0,""uniqueBuyers"":0,""sellerAcceleration"":0,""coordinatedSellers"":0},""acceleration"":{""selling"":""stable"",""buyPressure"":""stable"",""volume"":""stable"",""liquidity"":""stable"",""price"":""stable"",""sellers"":""stable"",""coordination"":""stable""}}",bf227868d201f10f,[object Object],,000000000000000005ba9afd7c8321eb255dcfe10833145b,info
2026-09-29 19:52:56,"[jevsentinel] live action state {""action"":""HOLD"",""stage"":""STABLE"",""riskScore"":0,""confidence"":0.84,""reasons"":[""creator identity resolved""]}",2aea2a844e8bf462,[object Object],,000000000000000005ba9afd7c8321eb255dcfe10833145b,info
2026-09-29 19:52:56,"[jevsentinel] shadow prediction {""version"":1,""shadow"":true,""action"":""CAUTION"",""confidence"":0.5,""sampleCount"":96,""evidenceQuality"":""strong"",""sourceTrajectoryAction"":""HOLD"",""reasons"":[""signals do not form a reliable forward setup""],""predictedAt"":""2026-09-29T22:52:56.819Z""}",accc46e6198202b7,[object Object],,000000000000000005ba9afd7c8321eb255dcfe10833145b,info
2026-09-29 19:52:56,"[jevsentinel] decision input {""mint"":""2RFUG2WSvR3v4pGSGj5yNKiFrNM1EhyQWr4XvvHBpump"",""sourceCard"":""CW"",""evidenceGroups"":{""tokenIntegrity"":true,""holderStructure"":true,""creatorIntelligence"":true,""walletBehaviour"":true,""flowDynamics"":true,""marketDynamics"":true,""liquidityStructure"":true,""temporalIntelligence"":true,""historicalIntelligence"":true,""socialNarrative"":true,""alternativeExplanation"":true},""evidenceQuality"":""strong"",""providers"":{""token-research"":{""available"":true,""fieldCount"":30},""transfer-flow"":{""available"":true,""fieldCount"":13},""social-narrative"":{""available"":true,""fieldCount"":2}},""temporalSampleCount"":96}",67b1f11aba54bb22,[object Object],,000000000000000005ba9afd7c8321eb255dcfe10833145b,info
2026-09-29 19:52:56,"[jevsentinel] trajectory state {""action"":""HOLD"",""stage"":""STABLE"",""riskScore"":0,""confidence"":0.84,""reasons"":[""creator identity resolved""]}",74381dc2a23d07d4,[object Object],,000000000000000005ba9afd7c8321eb255dcfe10833145b,info
2026-09-29 19:52:56,"[jevsentinel] temporal state {""priorSnapshotCount"":95,""currentSnapshot"":{""observedAt"":""2026-09-29T22:52:56.634Z"",""price"":0.00004995,""liquidity"":18518.15,""volume"":19478.56,""priceChange5mPct"":55.25,""priceChange1hPct"":3.5,""buyCount5m"":226,""sellCount5m"":229,""buySellRatio5m"":0.4967032967032967,""uniqueSellers"":0,""uniqueBuyers"":0,""sellerAcceleration"":0,""coordinatedSellers"":0,""sellUsd"":null,""buyUsd"":null,""sellerCount"":null},""sampleCount"":96,""deltas"":{""price"":0,""liquidity"":0,""volume"":0,""priceChange5mPct"":0,""priceChange1hPct"":0,""buyCount5m"":0,""sellCount5m"":0,""buySellRatio5m"":0,""uniqueSellers"":0,""uniqueBuyers"":0,""sellerAcceleration"":0,""coordinatedSellers"":0},""acceleration"":{""selling"":""stable"",""buyPressure"":""stable"",""volume"":""stable"",""liquidity"":""stable"",""price"":""stable"",""sellers"":""stable"",""coordination"":""stable""}}",4e1fc14e0239ffbf,[object Object],,000000000000000005ba9afd7c8321eb255dcfe10833145b,info
2026-09-29 19:52:52,"[jevsentinel] live action state {""action"":""HOLD"",""stage"":""STABLE"",""riskScore"":0,""confidence"":0.84,""reasons"":[]}",a852dc26933b5c36,[object Object],,000000000000000005ba9afd7c8321eb255dcfe10833145b,info
2026-09-29 19:52:52,"[jevsentinel] shadow prediction {""version"":1,""shadow"":true,""action"":""CAUTION"",""confidence"":0.5,""sampleCount"":95,""evidenceQuality"":""strong"",""sourceTrajectoryAction"":""HOLD"",""reasons"":[""signals do not form a reliable forward setup""],""predictedAt"":""2026-09-29T22:52:52.229Z""}",11fd9416f614c3fa,[object Object],,000000000000000005ba9afd7c8321eb255dcfe10833145b,info
2026-09-29 19:52:51,"[jevsentinel] decision input {""mint"":""2RFUG2WSvR3v4pGSGj5yNKiFrNM1EhyQWr4XvvHBpump"",""sourceCard"":""CW"",""evidenceGroups"":{""tokenIntegrity"":true,""holderStructure"":true,""creatorIntelligence"":true,""walletBehaviour"":true,""flowDynamics"":true,""marketDynamics"":true,""liquidityStructure"":true,""temporalIntelligence"":true,""historicalIntelligence"":true,""socialNarrative"":true,""alternativeExplanation"":true},""evidenceQuality"":""strong"",""providers"":{""token-research"":{""available"":true,""fieldCount"":30},""transfer-flow"":{""available"":true,""fieldCount"":13},""social-narrative"":{""available"":true,""fieldCount"":2}},""temporalSampleCount"":95}",9c2d7f71de9de279,[object Object],,000000000000000005ba9afd7c8321eb255dcfe10833145b,info
2026-09-29 19:52:51,"[jevsentinel] trajectory state {""action"":""HOLD"",""stage"":""STABLE"",""riskScore"":0,""confidence"":0.84,""reasons"":[]}",cd7d870bdba0266f,[object Object],,000000000000000005ba9afd7c8321eb255dcfe10833145b,info
2026-09-29 19:52:51,"[jevsentinel] temporal state {""priorSnapshotCount"":94,""currentSnapshot"":{""observedAt"":""2026-09-29T22:52:51.992Z"",""price"":0.00004995,""liquidity"":18518.15,""volume"":19478.56,""priceChange5mPct"":55.25,""priceChange1hPct"":3.5,""buyCount5m"":226,""sellCount5m"":229,""buySellRatio5m"":0.4967032967032967,""uniqueSellers"":0,""uniqueBuyers"":0,""sellerAcceleration"":0,""coordinatedSellers"":0,""sellUsd"":null,""buyUsd"":null,""sellerCount"":null},""sampleCount"":95,""deltas"":{""price"":0,""liquidity"":0,""volume"":0,""priceChange5mPct"":0,""priceChange1hPct"":0,""buyCount5m"":0,""sellCount5m"":0,""buySellRatio5m"":0,""uniqueSellers"":0,""uniqueBuyers"":0,""sellerAcceleration"":0,""coordinatedSellers"":0},""acceleration"":{""selling"":""stable"",""buyPressure"":""stable"",""volume"":""stable"",""liquidity"":""stable"",""price"":""stable"",""sellers"":""stable"",""coordination"":""stable""}}",d6832ec24d480925,[object Object],,000000000000000005ba9afd7c8321eb255dcfe10833145b,info
2026-09-29 19:52:47,"[jevsentinel] live action state {""action"":""HOLD"",""stage"":""STABLE"",""riskScore"":0,""confidence"":0.84,""reasons"":[]}",1670525e15b6c1d0,[object Object],,000000000000000005ba9afd7c8321eb255dcfe10833145b,info
2026-09-29 19:52:47,"[jevsentinel] shadow prediction {""version"":1,""shadow"":true,""action"":""CAUTION"",""confidence"":0.5,""sampleCount"":94,""evidenceQuality"":""strong"",""sourceTrajectoryAction"":""HOLD"",""reasons"":[""signals do not form a reliable forward setup""],""predictedAt"":""2026-09-29T22:52:47.938Z""}",40fed9eca880fd3c,[object Object],,000000000000000005ba9afd7c8321eb255dcfe10833145b,info
2026-09-29 19:52:47,"[jevsentinel] decision input {""mint"":""2RFUG2WSvR3v4pGSGj5yNKiFrNM1EhyQWr4XvvHBpump"",""sourceCard"":""CW"",""evidenceGroups"":{""tokenIntegrity"":true,""holderStructure"":true,""creatorIntelligence"":true,""walletBehaviour"":true,""flowDynamics"":true,""marketDynamics"":true,""liquidityStructure"":true,""temporalIntelligence"":true,""historicalIntelligence"":true,""socialNarrative"":true,""alternativeExplanation"":true},""evidenceQuality"":""strong"",""providers"":{""token-research"":{""available"":true,""fieldCount"":30},""transfer-flow"":{""available"":true,""fieldCount"":13},""social-narrative"":{""available"":true,""fieldCount"":2}},""temporalSampleCount"":94}",2638e8c239b1fe92,[object Object],,000000000000000005ba9afd7c8321eb255dcfe10833145b,info
2026-09-29 19:52:47,"[jevsentinel] trajectory state {""action"":""HOLD"",""stage"":""STABLE"",""riskScore"":0,""confidence"":0.84,""reasons"":[]}",2dcb47dfcaeae8c6,[object Object],,000000000000000005ba9afd7c8321eb255dcfe10833145b,info
2026-09-29 19:52:47,"[jevsentinel] temporal state {""priorSnapshotCount"":93,""currentSnapshot"":{""observedAt"":""2026-09-29T22:52:47.656Z"",""price"":0.00004995,""liquidity"":18518.15,""volume"":19478.56,""priceChange5mPct"":55.25,""priceChange1hPct"":3.5,""buyCount5m"":226,""sellCount5m"":229,""buySellRatio5m"":0.4967032967032967,""uniqueSellers"":0,""uniqueBuyers"":0,""sellerAcceleration"":0,""coordinatedSellers"":0,""sellUsd"":null,""buyUsd"":null,""sellerCount"":null},""sampleCount"":94,""deltas"":{""price"":0.0000016499999999999994,""liquidity"":343.7400000000016,""volume"":-12413.609999999997,""priceChange5mPct"":-24.099999999999994,""priceChange1hPct"":3.41,""buyCount5m"":-144,""sellCount5m"":-113,""buySellRatio5m"":-0.022959624645017884,""uniqueSellers"":0,""uniqueBuyers"":0,""sellerAcceleration"":0,""coordinatedSellers"":0},""acceleration"":{""selling"":""decreasing"",""buyPressure"":""decreasing"",""volume"":""decreasing"",""liquidity"":""improving"",""price"":""deteriorating"",""sellers"":""stable"",""coordination"":""stable""}}",3cee5ccf14408fde,[object Object],,000000000000000005ba9afd7c8321eb255dcfe10833145b,info
2026-09-29 19:52:43,"[jevsentinel] live action state {""action"":""HOLD"",""stage"":""STABLE"",""riskScore"":0,""confidence"":0.84,""reasons"":[]}",810d099a555ac1a0,[object Object],,000000000000000005ba9afd7c8321eb255dcfe10833145b,info
2026-09-29 19:52:43,"[jevsentinel] shadow prediction {""version"":1,""shadow"":true,""action"":""CAUTION"",""confidence"":0.5,""sampleCount"":93,""evidenceQuality"":""strong"",""sourceTrajectoryAction"":""HOLD"",""reasons"":[""signals do not form a reliable forward setup""],""predictedAt"":""2026-09-29T22:52:43.616Z""}",65088f18649820de,[object Object],,000000000000000005ba9afd7c8321eb255dcfe10833145b,info
2026-09-29 19:52:43,"[jevsentinel] decision input {""mint"":""2RFUG2WSvR3v4pGSGj5yNKiFrNM1EhyQWr4XvvHBpump"",""sourceCard"":""CW"",""evidenceGroups"":{""tokenIntegrity"":true,""holderStructure"":true,""creatorIntelligence"":true,""walletBehaviour"":true,""flowDynamics"":true,""marketDynamics"":true,""liquidityStructure"":true,""temporalIntelligence"":true,""historicalIntelligence"":true,""socialNarrative"":true,""alternativeExplanation"":true},""evidenceQuality"":""strong"",""providers"":{""token-research"":{""available"":true,""fieldCount"":30},""transfer-flow"":{""available"":true,""fieldCount"":13},""social-narrative"":{""available"":true,""fieldCount"":2}},""temporalSampleCount"":93}",da87ceeb2e3fcf28,[object Object],,000000000000000005ba9afd7c8321eb255dcfe10833145b,info
2026-09-29 19:52:43,"[jevsentinel] trajectory state {""action"":""HOLD"",""stage"":""STABLE"",""riskScore"":0,""confidence"":0.84,""reasons"":[]}",35c122c5dfff52f2,[object Object],,000000000000000005ba9afd7c8321eb255dcfe10833145b,info
2026-09-29 19:52:43,"[jevsentinel] temporal state {""priorSnapshotCount"":92,""currentSnapshot"":{""observedAt"":""2026-09-29T22:52:43.420Z"",""price"":0.0000483,""liquidity"":18174.41,""volume"":31892.17,""priceChange5mPct"":79.35,""priceChange1hPct"":0.09,""buyCount5m"":370,""sellCount5m"":342,""buySellRatio5m"":0.5196629213483146,""uniqueSellers"":0,""uniqueBuyers"":0,""sellerAcceleration"":0,""coordinatedSellers"":0,""sellUsd"":null,""buyUsd"":null,""sellerCount"":null},""sampleCount"":93,""deltas"":{""price"":0,""liquidity"":0,""volume"":0,""priceChange5mPct"":0,""priceChange1hPct"":0,""buyCount5m"":0,""sellCount5m"":0,""buySellRatio5m"":0,""uniqueSellers"":0,""uniqueBuyers"":0,""sellerAcceleration"":0,""coordinatedSellers"":0},""acceleration"":{""selling"":""stable"",""buyPressure"":""stable"",""volume"":""stable"",""liquidity"":""stable"",""price"":""stable"",""sellers"":""stable"",""coordination"":""stable""}}",cc8dabd20e4034ea,[object Object],,000000000000000005ba9afd7c8321eb255dcfe10833145b,info
2026-09-29 19:52:39,"[jevsentinel] live action state {""action"":""HOLD"",""stage"":""STABLE"",""riskScore"":0,""confidence"":0.84,""reasons"":[]}",923641bfb29fe3f2,[object Object],,000000000000000005ba9afd7c8321eb255dcfe10833145b,info
2026-09-29 19:52:39,"[jevsentinel] shadow prediction {""version"":1,""shadow"":true,""action"":""CAUTION"",""confidence"":0.5,""sampleCount"":92,""evidenceQuality"":""strong"",""sourceTrajectoryAction"":""HOLD"",""reasons"":[""signals do not form a reliable forward setup""],""predictedAt"":""2026-09-29T22:52:38.999Z""}",93d1a78546891b46,[object Object],,000000000000000005ba9afd7c8321eb255dcfe10833145b,info
2026-09-29 19:52:38,"[jevsentinel] decision input {""mint"":""2RFUG2WSvR3v4pGSGj5yNKiFrNM1EhyQWr4XvvHBpump"",""sourceCard"":""CW"",""evidenceGroups"":{""tokenIntegrity"":true,""holderStructure"":true,""creatorIntelligence"":true,""walletBehaviour"":true,""flowDynamics"":true,""marketDynamics"":true,""liquidityStructure"":true,""temporalIntelligence"":true,""historicalIntelligence"":true,""socialNarrative"":true,""alternativeExplanation"":true},""evidenceQuality"":""strong"",""providers"":{""token-research"":{""available"":true,""fieldCount"":30},""transfer-flow"":{""available"":true,""fieldCount"":13},""social-narrative"":{""available"":true,""fieldCount"":2}},""temporalSampleCount"":92}",2106598313db96b8,[object Object],,000000000000000005ba9afd7c8321eb255dcfe10833145b,info
2026-09-29 19:52:38,"[jevsentinel] trajectory state {""action"":""HOLD"",""stage"":""STABLE"",""riskScore"":0,""confidence"":0.84,""reasons"":[]}",c76e9fe9d98bbe7b,[object Object],,000000000000000005ba9afd7c8321eb255dcfe10833145b,info
2026-09-29 19:52:38,"[jevsentinel] temporal state {""priorSnapshotCount"":91,""currentSnapshot"":{""observedAt"":""2026-09-29T22:52:38.807Z"",""price"":0.0000483,""liquidity"":18174.41,""volume"":31892.17,""priceChange5mPct"":79.35,""priceChange1hPct"":0.09,""buyCount5m"":370,""sellCount5m"":342,""buySellRatio5m"":0.5196629213483146,""uniqueSellers"":0,""uniqueBuyers"":0,""sellerAcceleration"":0,""coordinatedSellers"":0,""sellUsd"":null,""buyUsd"":null,""sellerCount"":null},""sampleCount"":92,""deltas"":{""price"":0,""liquidity"":0,""volume"":0,""priceChange5mPct"":0,""priceChange1hPct"":0,""buyCount5m"":0,""sellCount5m"":0,""buySellRatio5m"":0,""uniqueSellers"":0,""uniqueBuyers"":0,""sellerAcceleration"":0,""coordinatedSellers"":0},""acceleration"":{""selling"":""stable"",""buyPressure"":""stable"",""volume"":""stable"",""liquidity"":""stable"",""price"":""stable"",""sellers"":""stable"",""coordination"":""stable""}}",912f11c06f2e136f,[object Object],,000000000000000005ba9afd7c8321eb255dcfe10833145b,info
2026-09-29 19:52:34,"[jevsentinel] live action state {""action"":""HOLD"",""stage"":""STABLE"",""riskScore"":0,""confidence"":0.84,""reasons"":[""creator identity resolved""]}",18f11c260008cdd8,[object Object],,000000000000000005ba9afd7c8321eb255dcfe10833145b,info
2026-09-29 19:52:34,"[jevsentinel] shadow prediction {""version"":1,""shadow"":true,""action"":""CAUTION"",""confidence"":0.5,""sampleCount"":91,""evidenceQuality"":""strong"",""sourceTrajectoryAction"":""HOLD"",""reasons"":[""signals do not form a reliable forward setup""],""predictedAt"":""2026-09-29T22:52:34.731Z""}",c09f518fd736e6bf,[object Object],,000000000000000005ba9afd7c8321eb255dcfe10833145b,info
2026-09-29 19:52:34,"[jevsentinel] decision input {""mint"":""2RFUG2WSvR3v4pGSGj5yNKiFrNM1EhyQWr4XvvHBpump"",""sourceCard"":""CW"",""evidenceGroups"":{""tokenIntegrity"":true,""holderStructure"":true,""creatorIntelligence"":true,""walletBehaviour"":true,""flowDynamics"":true,""marketDynamics"":true,""liquidityStructure"":true,""temporalIntelligence"":true,""historicalIntelligence"":true,""socialNarrative"":true,""alternativeExplanation"":true},""evidenceQuality"":""strong"",""providers"":{""token-research"":{""available"":true,""fieldCount"":30},""transfer-flow"":{""available"":true,""fieldCount"":13},""social-narrative"":{""available"":true,""fieldCount"":2}},""temporalSampleCount"":91}",22cf9a096d673a50,[object Object],,000000000000000005ba9afd7c8321eb255dcfe10833145b,info
2026-09-29 19:52:34,"[jevsentinel] trajectory state {""action"":""HOLD"",""stage"":""STABLE"",""riskScore"":0,""confidence"":0.84,""reasons"":[""creator identity resolved""]}",14a32bd3e5616b8d,[object Object],,000000000000000005ba9afd7c8321eb255dcfe10833145b,info
2026-09-29 19:52:34,"[jevsentinel] temporal state {""priorSnapshotCount"":90,""currentSnapshot"":{""observedAt"":""2026-09-29T22:52:34.528Z"",""price"":0.0000483,""liquidity"":18174.41,""volume"":31892.17,""priceChange5mPct"":79.35,""priceChange1hPct"":0.09,""buyCount5m"":370,""sellCount5m"":342,""buySellRatio5m"":0.5196629213483146,""uniqueSellers"":0,""uniqueBuyers"":0,""sellerAcceleration"":0,""coordinatedSellers"":0,""sellUsd"":null,""buyUsd"":null,""sellerCount"":null},""sampleCount"":91,""deltas"":{""price"":0,""liquidity"":0,""volume"":0,""priceChange5mPct"":0,""priceChange1hPct"":0,""buyCount5m"":0,""sellCount5m"":0,""buySellRatio5m"":0,""uniqueSellers"":0,""uniqueBuyers"":0,""sellerAcceleration"":0,""coordinatedSellers"":0},""acceleration"":{""selling"":""stable"",""buyPressure"":""stable"",""volume"":""stable"",""liquidity"":""stable"",""price"":""stable"",""sellers"":""stable"",""coordination"":""stable""}}",ac45bb7aa713a773,[object Object],,000000000000000005ba9afd7c8321eb255dcfe10833145b,info
2026-09-29 19:52:30,"[jevsentinel] live action state {""action"":""HOLD"",""stage"":""STABLE"",""riskScore"":0,""confidence"":0.84,""reasons"":[""creator identity resolved""]}",a1ff3547003425e3,[object Object],,000000000000000005ba9afd7c8321eb255dcfe10833145b,info
2026-09-29 19:52:30,"[jevsentinel] shadow prediction {""version"":1,""shadow"":true,""action"":""CAUTION"",""confidence"":0.5,""sampleCount"":90,""evidenceQuality"":""strong"",""sourceTrajectoryAction"":""HOLD"",""reasons"":[""signals do not form a reliable forward setup""],""predictedAt"":""2026-09-29T22:52:30.294Z""}",9718a69529998441,[object Object],,000000000000000005ba9afd7c8321eb255dcfe10833145b,info
2026-09-29 19:52:30,"[jevsentinel] decision input {""mint"":""2RFUG2WSvR3v4pGSGj5yNKiFrNM1EhyQWr4XvvHBpump"",""sourceCard"":""CW"",""evidenceGroups"":{""tokenIntegrity"":true,""holderStructure"":true,""creatorIntelligence"":true,""walletBehaviour"":true,""flowDynamics"":true,""marketDynamics"":true,""liquidityStructure"":true,""temporalIntelligence"":true,""historicalIntelligence"":true,""socialNarrative"":true,""alternativeExplanation"":true},""evidenceQuality"":""strong"",""providers"":{""token-research"":{""available"":true,""fieldCount"":30},""transfer-flow"":{""available"":true,""fieldCount"":13},""social-narrative"":{""available"":true,""fieldCount"":2}},""temporalSampleCount"":90}",9ea4c6b8573e014,[object Object],,000000000000000005ba9afd7c8321eb255dcfe10833145b,info
2026-09-29 19:52:30,"[jevsentinel] trajectory state {""action"":""HOLD"",""stage"":""STABLE"",""riskScore"":0,""confidence"":0.84,""reasons"":[""creator identity resolved""]}",27649d725e5b351f,[object Object],,000000000000000005ba9afd7c8321eb255dcfe10833145b,info
2026-09-29 19:52:30,"[jevsentinel] temporal state {""priorSnapshotCount"":89,""currentSnapshot"":{""observedAt"":""2026-09-29T22:52:30.094Z"",""price"":0.0000483,""liquidity"":18174.41,""volume"":31892.17,""priceChange5mPct"":79.35,""priceChange1hPct"":0.09,""buyCount5m"":370,""sellCount5m"":342,""buySellRatio5m"":0.5196629213483146,""uniqueSellers"":0,""uniqueBuyers"":0,""sellerAcceleration"":0,""coordinatedSellers"":0,""sellUsd"":null,""buyUsd"":null,""sellerCount"":null},""sampleCount"":90,""deltas"":{""price"":0,""liquidity"":0,""volume"":0,""priceChange5mPct"":0,""priceChange1hPct"":0,""buyCount5m"":0,""sellCount5m"":0,""buySellRatio5m"":0,""uniqueSellers"":0,""uniqueBuyers"":0,""sellerAcceleration"":0,""coordinatedSellers"":0},""acceleration"":{""selling"":""stable"",""buyPressure"":""stable"",""volume"":""stable"",""liquidity"":""stable"",""price"":""stable"",""sellers"":""stable"",""coordination"":""stable""}}",2ac2fded627ac010,[object Object],,000000000000000005ba9afd7c8321eb255dcfe10833145b,info
2026-09-29 19:52:25,"[jevsentinel] live action state {""action"":""HOLD"",""stage"":""STABLE"",""riskScore"":0,""confidence"":0.84,""reasons"":[]}",ab56560359d82304,[object Object],,000000000000000005ba9afd7c8321eb255dcfe10833145b,info
2026-09-29 19:52:25,"[jevsentinel] shadow prediction {""version"":1,""shadow"":true,""action"":""CAUTION"",""confidence"":0.5,""sampleCount"":89,""evidenceQuality"":""strong"",""sourceTrajectoryAction"":""HOLD"",""reasons"":[""signals do not form a reliable forward setup""],""predictedAt"":""2026-09-29T22:52:25.823Z""}",54ca3b4961355f69,[object Object],,000000000000000005ba9afd7c8321eb255dcfe10833145b,info
2026-09-29 19:52:25,"[jevsentinel] decision input {""mint"":""2RFUG2WSvR3v4pGSGj5yNKiFrNM1EhyQWr4XvvHBpump"",""sourceCard"":""CW"",""evidenceGroups"":{""tokenIntegrity"":true,""holderStructure"":true,""creatorIntelligence"":true,""walletBehaviour"":true,""flowDynamics"":true,""marketDynamics"":true,""liquidityStructure"":true,""temporalIntelligence"":true,""historicalIntelligence"":true,""socialNarrative"":true,""alternativeExplanation"":true},""evidenceQuality"":""strong"",""providers"":{""token-research"":{""available"":true,""fieldCount"":30},""transfer-flow"":{""available"":true,""fieldCount"":13},""social-narrative"":{""available"":true,""fieldCount"":2}},""temporalSampleCount"":89}",faa882fe4da4585c,[object Object],,000000000000000005ba9afd7c8321eb255dcfe10833145b,info
2026-09-29 19:52:25,"[jevsentinel] trajectory state {""action"":""HOLD"",""stage"":""STABLE"",""riskScore"":0,""confidence"":0.84,""reasons"":[]}",ffa5c8f4e81c2252,[object Object],,000000000000000005ba9afd7c8321eb255dcfe10833145b,info
2026-09-29 19:52:25,"[jevsentinel] temporal state {""priorSnapshotCount"":88,""currentSnapshot"":{""observedAt"":""2026-09-29T22:52:25.597Z"",""price"":0.0000483,""liquidity"":18174.41,""volume"":31892.17,""priceChange5mPct"":79.35,""priceChange1hPct"":0.09,""buyCount5m"":370,""sellCount5m"":342,""buySellRatio5m"":0.5196629213483146,""uniqueSellers"":0,""uniqueBuyers"":0,""sellerAcceleration"":0,""coordinatedSellers"":0,""sellUsd"":null,""buyUsd"":null,""sellerCount"":null},""sampleCount"":89,""deltas"":{""price"":0,""liquidity"":0,""volume"":0,""priceChange5mPct"":0,""priceChange1hPct"":0,""buyCount5m"":0,""sellCount5m"":0,""buySellRatio5m"":0,""uniqueSellers"":0,""uniqueBuyers"":0,""sellerAcceleration"":0,""coordinatedSellers"":0},""acceleration"":{""selling"":""stable"",""buyPressure"":""stable"",""volume"":""stable"",""liquidity"":""stable"",""price"":""stable"",""sellers"":""stable"",""coordination"":""stable""}}",1d60a1df0e792a6c,[object Object],,000000000000000005ba9afd7c8321eb255dcfe10833145b,info
2026-09-29 19:52:21,"[jevsentinel] live action state {""action"":""HOLD"",""stage"":""STABLE"",""riskScore"":0,""confidence"":0.84,""reasons"":[""creator identity resolved""]}",58c3fa4d82f99b45,[object Object],,000000000000000005ba9afd7c8321eb255dcfe10833145b,info
2026-09-29 19:52:21,"[jevsentinel] shadow prediction {""version"":1,""shadow"":true,""action"":""CAUTION"",""confidence"":0.5,""sampleCount"":88,""evidenceQuality"":""strong"",""sourceTrajectoryAction"":""HOLD"",""reasons"":[""signals do not form a reliable forward setup""],""predictedAt"":""2026-09-29T22:52:21.355Z""}",e4534d6d98883814,[object Object],,000000000000000005ba9afd7c8321eb255dcfe10833145b,info
2026-09-29 19:52:21,"[jevsentinel] decision input {""mint"":""2RFUG2WSvR3v4pGSGj5yNKiFrNM1EhyQWr4XvvHBpump"",""sourceCard"":""CW"",""evidenceGroups"":{""tokenIntegrity"":true,""holderStructure"":true,""creatorIntelligence"":true,""walletBehaviour"":true,""flowDynamics"":true,""marketDynamics"":true,""liquidityStructure"":true,""temporalIntelligence"":true,""historicalIntelligence"":true,""socialNarrative"":true,""alternativeExplanation"":true},""evidenceQuality"":""strong"",""providers"":{""token-research"":{""available"":true,""fieldCount"":30},""transfer-flow"":{""available"":true,""fieldCount"":13},""social-narrative"":{""available"":true,""fieldCount"":2}},""temporalSampleCount"":88}",d00e7fbc95459a5c,[object Object],,000000000000000005ba9afd7c8321eb255dcfe10833145b,info
2026-09-29 19:52:21,"[jevsentinel] trajectory state {""action"":""HOLD"",""stage"":""STABLE"",""riskScore"":0,""confidence"":0.84,""reasons"":[""creator identity resolved""]}",909125d37c14513a,[object Object],,000000000000000005ba9afd7c8321eb255dcfe10833145b,info
2026-09-29 19:52:21,"[jevsentinel] temporal state {""priorSnapshotCount"":87,""currentSnapshot"":{""observedAt"":""2026-09-29T22:52:21.187Z"",""price"":0.0000483,""liquidity"":18174.41,""volume"":31892.17,""priceChange5mPct"":79.35,""priceChange1hPct"":0.09,""buyCount5m"":370,""sellCount5m"":342,""buySellRatio5m"":0.5196629213483146,""uniqueSellers"":0,""uniqueBuyers"":0,""sellerAcceleration"":0,""coordinatedSellers"":0,""sellUsd"":null,""buyUsd"":null,""sellerCount"":null},""sampleCount"":88,""deltas"":{""price"":0,""liquidity"":0,""volume"":0,""priceChange5mPct"":0,""priceChange1hPct"":0,""buyCount5m"":0,""sellCount5m"":0,""buySellRatio5m"":0,""uniqueSellers"":0,""uniqueBuyers"":0,""sellerAcceleration"":0,""coordinatedSellers"":0},""acceleration"":{""selling"":""stable"",""buyPressure"":""stable"",""volume"":""stable"",""liquidity"":""stable"",""price"":""stable"",""sellers"":""stable"",""coordination"":""stable""}}",7ba1edaaada6f4be,[object Object],,000000000000000005ba9afd7c8321eb255dcfe10833145b,info
2026-09-29 19:52:17,"[jevsentinel] live action state {""action"":""HOLD"",""stage"":""STABLE"",""riskScore"":1,""confidence"":0.92,""reasons"":[""selling is accelerating""]}",41e34b8607358453,[object Object],,000000000000000005ba9afd7c8321eb255dcfe10833145b,info
2026-09-29 19:52:17,"[jevsentinel] shadow prediction {""version"":1,""shadow"":true,""action"":""CAUTION"",""confidence"":0.5,""sampleCount"":87,""evidenceQuality"":""strong"",""sourceTrajectoryAction"":""HOLD"",""reasons"":[""signals do not form a reliable forward setup""],""predictedAt"":""2026-09-29T22:52:17.086Z""}",987de1311468ec4,[object Object],,000000000000000005ba9afd7c8321eb255dcfe10833145b,info
2026-09-29 19:52:16,"[jevsentinel] decision input {""mint"":""2RFUG2WSvR3v4pGSGj5yNKiFrNM1EhyQWr4XvvHBpump"",""sourceCard"":""CW"",""evidenceGroups"":{""tokenIntegrity"":true,""holderStructure"":true,""creatorIntelligence"":true,""walletBehaviour"":true,""flowDynamics"":true,""marketDynamics"":true,""liquidityStructure"":true,""temporalIntelligence"":true,""historicalIntelligence"":true,""socialNarrative"":true,""alternativeExplanation"":true},""evidenceQuality"":""strong"",""providers"":{""token-research"":{""available"":true,""fieldCount"":30},""transfer-flow"":{""available"":true,""fieldCount"":13},""social-narrative"":{""available"":true,""fieldCount"":2}},""temporalSampleCount"":87}",aeba5f56639374fd,[object Object],,000000000000000005ba9afd7c8321eb255dcfe10833145b,info
2026-09-29 19:52:16,"[jevsentinel] trajectory state {""action"":""HOLD"",""stage"":""STABLE"",""riskScore"":1,""confidence"":0.92,""reasons"":[""selling is accelerating""]}",f53715261fcae189,[object Object],,000000000000000005ba9afd7c8321eb255dcfe10833145b,info
2026-09-29 19:52:16,"[jevsentinel] temporal state {""priorSnapshotCount"":86,""currentSnapshot"":{""observedAt"":""2026-09-29T22:52:16.907Z"",""price"":0.0000483,""liquidity"":18174.41,""volume"":31892.17,""priceChange5mPct"":79.35,""priceChange1hPct"":0.09,""buyCount5m"":370,""sellCount5m"":342,""buySellRatio5m"":0.5196629213483146,""uniqueSellers"":0,""uniqueBuyers"":0,""sellerAcceleration"":0,""coordinatedSellers"":0,""sellUsd"":null,""buyUsd"":null,""sellerCount"":null},""sampleCount"":87,""deltas"":{""price"":0.0000134,""liquidity"":3040.5499999999993,""volume"":2995.529999999999,""priceChange5mPct"":49.75999999999999,""priceChange1hPct"":27.77,""buyCount5m"":18,""sellCount5m"":17,""buySellRatio5m"":-0.0002779944567075088,""uniqueSellers"":0,""uniqueBuyers"":0,""sellerAcceleration"":0,""coordinatedSellers"":0},""acceleration"":{""selling"":""increasing"",""buyPressure"":""decreasing"",""volume"":""increasing"",""liquidity"":""improving"",""price"":""improving"",""sellers"":""stable"",""coordination"":""stable""}}",3d9ba622cb5f0dab,[object Object],,000000000000000005ba9afd7c8321eb255dcfe10833145b,info
2026-09-29 19:52:12,"[jevsentinel] live action state {""action"":""HOLD"",""stage"":""STABLE"",""riskScore"":0,""confidence"":0.84,""reasons"":[]}",66152a7cb692ae80,[object Object],,000000000000000005ba9afd7c8321eb255dcfe10833145b,info
2026-09-29 19:52:12,"[jevsentinel] shadow prediction {""version"":1,""shadow"":true,""action"":""CAUTION"",""confidence"":0.5,""sampleCount"":86,""evidenceQuality"":""strong"",""sourceTrajectoryAction"":""HOLD"",""reasons"":[""signals do not form a reliable forward setup""],""predictedAt"":""2026-09-29T22:52:12.869Z""}",c6fd978a6e2595f6,[object Object],,000000000000000005ba9afd7c8321eb255dcfe10833145b,info
2026-09-29 19:52:12,"[jevsentinel] decision input {""mint"":""2RFUG2WSvR3v4pGSGj5yNKiFrNM1EhyQWr4XvvHBpump"",""sourceCard"":""CW"",""evidenceGroups"":{""tokenIntegrity"":true,""holderStructure"":true,""creatorIntelligence"":true,""walletBehaviour"":true,""flowDynamics"":true,""marketDynamics"":true,""liquidityStructure"":true,""temporalIntelligence"":true,""historicalIntelligence"":true,""socialNarrative"":true,""alternativeExplanation"":true},""evidenceQuality"":""strong"",""providers"":{""token-research"":{""available"":true,""fieldCount"":30},""transfer-flow"":{""available"":true,""fieldCount"":13},""social-narrative"":{""available"":true,""fieldCount"":2}},""temporalSampleCount"":86}",81a6cbc383ecf66,[object Object],,000000000000000005ba9afd7c8321eb255dcfe10833145b,info
2026-09-29 19:52:12,"[jevsentinel] trajectory state {""action"":""HOLD"",""stage"":""STABLE"",""riskScore"":0,""confidence"":0.84,""reasons"":[]}",eec211cf9c480e60,[object Object],,000000000000000005ba9afd7c8321eb255dcfe10833145b,info
2026-09-29 19:52:12,"[jevsentinel] temporal state {""priorSnapshotCount"":85,""currentSnapshot"":{""observedAt"":""2026-09-29T22:52:12.674Z"",""price"":0.0000349,""liquidity"":15133.86,""volume"":28896.64,""priceChange5mPct"":29.59,""priceChange1hPct"":-27.68,""buyCount5m"":352,""sellCount5m"":325,""buySellRatio5m"":0.5199409158050221,""uniqueSellers"":0,""uniqueBuyers"":0,""sellerAcceleration"":0,""coordinatedSellers"":0,""sellUsd"":null,""buyUsd"":null,""sellerCount"":null},""sampleCount"":86,""deltas"":{""price"":0,""liquidity"":0,""volume"":0,""priceChange5mPct"":0,""priceChange1hPct"":0,""buyCount5m"":0,""sellCount5m"":0,""buySellRatio5m"":0,""uniqueSellers"":0,""uniqueBuyers"":0,""sellerAcceleration"":0,""coordinatedSellers"":0},""acceleration"":{""selling"":""stable"",""buyPressure"":""stable"",""volume"":""stable"",""liquidity"":""stable"",""price"":""stable"",""sellers"":""stable"",""coordination"":""stable""}}",252407e110ff4a2d,[object Object],,000000000000000005ba9afd7c8321eb255dcfe10833145b,info
2026-09-29 19:52:08,"[jevsentinel] live action state {""action"":""HOLD"",""stage"":""STABLE"",""riskScore"":0,""confidence"":0.84,""reasons"":[]}",5ef7662a56092330,[object Object],,000000000000000005ba9afd7c8321eb255dcfe10833145b,info
2026-09-29 19:52:08,"[jevsentinel] shadow prediction {""version"":1,""shadow"":true,""action"":""CAUTION"",""confidence"":0.5,""sampleCount"":85,""evidenceQuality"":""strong"",""sourceTrajectoryAction"":""HOLD"",""reasons"":[""signals do not form a reliable forward setup""],""predictedAt"":""2026-09-29T22:52:08.906Z""}",79548af9e95ff232,[object Object],,000000000000000005ba9afd7c8321eb255dcfe10833145b,info
2026-09-29 19:52:08,"[jevsentinel] decision input {""mint"":""2RFUG2WSvR3v4pGSGj5yNKiFrNM1EhyQWr4XvvHBpump"",""sourceCard"":""CW"",""evidenceGroups"":{""tokenIntegrity"":true,""holderStructure"":true,""creatorIntelligence"":true,""walletBehaviour"":true,""flowDynamics"":true,""marketDynamics"":true,""liquidityStructure"":true,""temporalIntelligence"":true,""historicalIntelligence"":true,""socialNarrative"":true,""alternativeExplanation"":true},""evidenceQuality"":""strong"",""providers"":{""token-research"":{""available"":true,""fieldCount"":30},""transfer-flow"":{""available"":true,""fieldCount"":13},""social-narrative"":{""available"":true,""fieldCount"":2}},""temporalSampleCount"":85}",8f1d39c34de1b23,[object Object],,000000000000000005ba9afd7c8321eb255dcfe10833145b,info
2026-09-29 19:52:08,"[jevsentinel] trajectory state {""action"":""HOLD"",""stage"":""STABLE"",""riskScore"":0,""confidence"":0.84,""reasons"":[]}",9a191827c0895b90,[object Object],,000000000000000005ba9afd7c8321eb255dcfe10833145b,info
2026-09-29 19:52:08,"[jevsentinel] temporal state {""priorSnapshotCount"":84,""currentSnapshot"":{""observedAt"":""2026-09-29T22:52:08.726Z"",""price"":0.0000349,""liquidity"":15133.86,""volume"":28896.64,""priceChange5mPct"":29.59,""priceChange1hPct"":-27.68,""buyCount5m"":352,""sellCount5m"":325,""buySellRatio5m"":0.5199409158050221,""uniqueSellers"":0,""uniqueBuyers"":0,""sellerAcceleration"":0,""coordinatedSellers"":0,""sellUsd"":null,""buyUsd"":null,""sellerCount"":null},""sampleCount"":85,""deltas"":{""price"":0,""liquidity"":0,""volume"":0,""priceChange5mPct"":0,""priceChange1hPct"":0,""buyCount5m"":0,""sellCount5m"":0,""buySellRatio5m"":0,""uniqueSellers"":0,""uniqueBuyers"":0,""sellerAcceleration"":0,""coordinatedSellers"":0},""acceleration"":{""selling"":""stable"",""buyPressure"":""stable"",""volume"":""stable"",""liquidity"":""stable"",""price"":""stable"",""sellers"":""stable"",""coordination"":""stable""}}",21572d68792aad86,[object Object],,000000000000000005ba9afd7c8321eb255dcfe10833145b,info
2026-09-29 19:52:04,"[jevsentinel] live action state {""action"":""HOLD"",""stage"":""STABLE"",""riskScore"":0,""confidence"":0.84,""reasons"":[]}",b51a9ad639335cee,[object Object],,000000000000000005ba9afd7c8321eb255dcfe10833145b,info
2026-09-29 19:52:04,"[jevsentinel] shadow prediction {""version"":1,""shadow"":true,""action"":""CAUTION"",""confidence"":0.5,""sampleCount"":84,""evidenceQuality"":""strong"",""sourceTrajectoryAction"":""HOLD"",""reasons"":[""signals do not form a reliable forward setup""],""predictedAt"":""2026-09-29T22:52:04.688Z""}",41e5c1eb99985522,[object Object],,000000000000000005ba9afd7c8321eb255dcfe10833145b,info
2026-09-29 19:52:04,"[jevsentinel] decision input {""mint"":""2RFUG2WSvR3v4pGSGj5yNKiFrNM1EhyQWr4XvvHBpump"",""sourceCard"":""CW"",""evidenceGroups"":{""tokenIntegrity"":true,""holderStructure"":true,""creatorIntelligence"":true,""walletBehaviour"":true,""flowDynamics"":true,""marketDynamics"":true,""liquidityStructure"":true,""temporalIntelligence"":true,""historicalIntelligence"":true,""socialNarrative"":true,""alternativeExplanation"":true},""evidenceQuality"":""strong"",""providers"":{""token-research"":{""available"":true,""fieldCount"":30},""transfer-flow"":{""available"":true,""fieldCount"":13},""social-narrative"":{""available"":true,""fieldCount"":2}},""temporalSampleCount"":84}",5390ba2bb0169f80,[object Object],,000000000000000005ba9afd7c8321eb255dcfe10833145b,info
2026-09-29 19:52:04,"[jevsentinel] trajectory state {""action"":""HOLD"",""stage"":""STABLE"",""riskScore"":0,""confidence"":0.84,""reasons"":[]}",ad6370dc5ca4f674,[object Object],,000000000000000005ba9afd7c8321eb255dcfe10833145b,info
2026-09-29 19:52:04,"[jevsentinel] temporal state {""priorSnapshotCount"":83,""currentSnapshot"":{""observedAt"":""2026-09-29T22:52:04.500Z"",""price"":0.0000349,""liquidity"":15133.86,""volume"":28896.64,""priceChange5mPct"":29.59,""priceChange1hPct"":-27.68,""buyCount5m"":352,""sellCount5m"":325,""buySellRatio5m"":0.5199409158050221,""uniqueSellers"":0,""uniqueBuyers"":0,""sellerAcceleration"":0,""coordinatedSellers"":0,""sellUsd"":null,""buyUsd"":null,""sellerCount"":null},""sampleCount"":84,""deltas"":{""price"":0,""liquidity"":0,""volume"":0,""priceChange5mPct"":0,""priceChange1hPct"":0,""buyCount5m"":0,""sellCount5m"":0,""buySellRatio5m"":0,""uniqueSellers"":0,""uniqueBuyers"":0,""sellerAcceleration"":0,""coordinatedSellers"":0},""acceleration"":{""selling"":""stable"",""buyPressure"":""stable"",""volume"":""stable"",""liquidity"":""stable"",""price"":""stable"",""sellers"":""stable"",""coordination"":""stable""}}",cd5d33510b219e82,[object Object],,000000000000000005ba9afd7c8321eb255dcfe10833145b,info
2026-09-29 19:52:00,"[jevsentinel] live action state {""action"":""HOLD"",""stage"":""STABLE"",""riskScore"":0,""confidence"":0.84,""reasons"":[""creator identity resolved""]}",f4ad66fbd0de3a46,[object Object],,000000000000000005ba9afd7c8321eb255dcfe10833145b,info
2026-09-29 19:52:00,"[jevsentinel] shadow prediction {""version"":1,""shadow"":true,""action"":""CAUTION"",""confidence"":0.5,""sampleCount"":83,""evidenceQuality"":""strong"",""sourceTrajectoryAction"":""HOLD"",""reasons"":[""signals do not form a reliable forward setup""],""predictedAt"":""2026-09-29T22:52:00.494Z""}",bff5be97796590fa,[object Object],,000000000000000005ba9afd7c8321eb255dcfe10833145b,info
2026-09-29 19:52:00,"[jevsentinel] decision input {""mint"":""2RFUG2WSvR3v4pGSGj5yNKiFrNM1EhyQWr4XvvHBpump"",""sourceCard"":""CW"",""evidenceGroups"":{""tokenIntegrity"":true,""holderStructure"":true,""creatorIntelligence"":true,""walletBehaviour"":true,""flowDynamics"":true,""marketDynamics"":true,""liquidityStructure"":true,""temporalIntelligence"":true,""historicalIntelligence"":true,""socialNarrative"":true,""alternativeExplanation"":true},""evidenceQuality"":""strong"",""providers"":{""token-research"":{""available"":true,""fieldCount"":30},""transfer-flow"":{""available"":true,""fieldCount"":13},""social-narrative"":{""available"":true,""fieldCount"":2}},""temporalSampleCount"":83}",a4a2817423e7e697,[object Object],,000000000000000005ba9afd7c8321eb255dcfe10833145b,info
2026-09-29 19:52:00,"[jevsentinel] trajectory state {""action"":""HOLD"",""stage"":""STABLE"",""riskScore"":0,""confidence"":0.84,""reasons"":[""creator identity resolved""]}",fb0eac3acd48a6ef,[object Object],,000000000000000005ba9afd7c8321eb255dcfe10833145b,info
2026-09-29 19:52:00,"[jevsentinel] temporal state {""priorSnapshotCount"":82,""currentSnapshot"":{""observedAt"":""2026-09-29T22:52:00.297Z"",""price"":0.0000349,""liquidity"":15133.86,""volume"":28896.64,""priceChange5mPct"":29.59,""priceChange1hPct"":-27.68,""buyCount5m"":352,""sellCount5m"":325,""buySellRatio5m"":0.5199409158050221,""uniqueSellers"":0,""uniqueBuyers"":0,""sellerAcceleration"":0,""coordinatedSellers"":0,""sellUsd"":null,""buyUsd"":null,""sellerCount"":null},""sampleCount"":83,""deltas"":{""price"":0,""liquidity"":0,""volume"":0,""priceChange5mPct"":0,""priceChange1hPct"":0,""buyCount5m"":0,""sellCount5m"":0,""buySellRatio5m"":0,""uniqueSellers"":0,""uniqueBuyers"":0,""sellerAcceleration"":0,""coordinatedSellers"":0},""acceleration"":{""selling"":""stable"",""buyPressure"":""stable"",""volume"":""stable"",""liquidity"":""stable"",""price"":""stable"",""sellers"":""stable"",""coordination"":""stable""}}",b65d9b3529afa368,[object Object],,000000000000000005ba9afd7c8321eb255dcfe10833145b,info
2026-09-29 19:51:56,"[jevsentinel] live action state {""action"":""HOLD"",""stage"":""STABLE"",""riskScore"":0,""confidence"":0.84,""reasons"":[""creator identity resolved""]}",7b4109e31306f208,[object Object],,000000000000000005ba9afd7c8321eb255dcfe10833145b,info
2026-09-29 19:51:56,"[jevsentinel] shadow prediction {""version"":1,""shadow"":true,""action"":""CAUTION"",""confidence"":0.5,""sampleCount"":82,""evidenceQuality"":""strong"",""sourceTrajectoryAction"":""HOLD"",""reasons"":[""signals do not form a reliable forward setup""],""predictedAt"":""2026-09-29T22:51:56.142Z""}",8426eb3f69348f8a,[object Object],,000000000000000005ba9afd7c8321eb255dcfe10833145b,info
2026-09-29 19:51:55,"[jevsentinel] decision input {""mint"":""2RFUG2WSvR3v4pGSGj5yNKiFrNM1EhyQWr4XvvHBpump"",""sourceCard"":""CW"",""evidenceGroups"":{""tokenIntegrity"":true,""holderStructure"":true,""creatorIntelligence"":true,""walletBehaviour"":true,""flowDynamics"":true,""marketDynamics"":true,""liquidityStructure"":true,""temporalIntelligence"":true,""historicalIntelligence"":true,""socialNarrative"":true,""alternativeExplanation"":true},""evidenceQuality"":""strong"",""providers"":{""token-research"":{""available"":true,""fieldCount"":30},""transfer-flow"":{""available"":true,""fieldCount"":13},""social-narrative"":{""available"":true,""fieldCount"":2}},""temporalSampleCount"":82}",ad81e667c1809e81,[object Object],,000000000000000005ba9afd7c8321eb255dcfe10833145b,info
2026-09-29 19:51:55,"[jevsentinel] trajectory state {""action"":""HOLD"",""stage"":""STABLE"",""riskScore"":0,""confidence"":0.84,""reasons"":[""creator identity resolved""]}",50207840ca42ae72,[object Object],,000000000000000005ba9afd7c8321eb255dcfe10833145b,info
2026-09-29 19:51:55,"[jevsentinel] temporal state {""priorSnapshotCount"":81,""currentSnapshot"":{""observedAt"":""2026-09-29T22:51:55.969Z"",""price"":0.0000349,""liquidity"":15133.86,""volume"":28896.64,""priceChange5mPct"":29.59,""priceChange1hPct"":-27.68,""buyCount5m"":352,""sellCount5m"":325,""buySellRatio5m"":0.5199409158050221,""uniqueSellers"":0,""uniqueBuyers"":0,""sellerAcceleration"":0,""coordinatedSellers"":0,""sellUsd"":null,""buyUsd"":null,""sellerCount"":null},""sampleCount"":82,""deltas"":{""price"":0,""liquidity"":0,""volume"":0,""priceChange5mPct"":0,""priceChange1hPct"":0,""buyCount5m"":0,""sellCount5m"":0,""buySellRatio5m"":0,""uniqueSellers"":0,""uniqueBuyers"":0,""sellerAcceleration"":0,""coordinatedSellers"":0},""acceleration"":{""selling"":""stable"",""buyPressure"":""stable"",""volume"":""stable"",""liquidity"":""stable"",""price"":""stable"",""sellers"":""stable"",""coordination"":""stable""}}",bc4efe48413be885,[object Object],,000000000000000005ba9afd7c8321eb255dcfe10833145b,info
2026-09-29 19:51:52,"[jevsentinel] live action state {""action"":""HOLD"",""stage"":""STABLE"",""riskScore"":0,""confidence"":0.84,""reasons"":[""creator identity resolved""]}",4aa4095a772c8d42,[object Object],,000000000000000005ba9afd7c8321eb255dcfe10833145b,info
2026-09-29 19:51:52,"[jevsentinel] shadow prediction {""version"":1,""shadow"":true,""action"":""CAUTION"",""confidence"":0.5,""sampleCount"":81,""evidenceQuality"":""strong"",""sourceTrajectoryAction"":""HOLD"",""reasons"":[""signals do not form a reliable forward setup""],""predictedAt"":""2026-09-29T22:51:52.264Z""}",47c53ba8f39a97cf,[object Object],,000000000000000005ba9afd7c8321eb255dcfe10833145b,info
2026-09-29 19:51:52,"[jevsentinel] decision input {""mint"":""2RFUG2WSvR3v4pGSGj5yNKiFrNM1EhyQWr4XvvHBpump"",""sourceCard"":""CW"",""evidenceGroups"":{""tokenIntegrity"":true,""holderStructure"":true,""creatorIntelligence"":true,""walletBehaviour"":true,""flowDynamics"":true,""marketDynamics"":true,""liquidityStructure"":true,""temporalIntelligence"":true,""historicalIntelligence"":true,""socialNarrative"":true,""alternativeExplanation"":true},""evidenceQuality"":""strong"",""providers"":{""token-research"":{""available"":true,""fieldCount"":30},""transfer-flow"":{""available"":true,""fieldCount"":13},""social-narrative"":{""available"":true,""fieldCount"":2}},""temporalSampleCount"":81}",b2a22cc642f05ded,[object Object],,000000000000000005ba9afd7c8321eb255dcfe10833145b,info
2026-09-29 19:51:52,"[jevsentinel] trajectory state {""action"":""HOLD"",""stage"":""STABLE"",""riskScore"":0,""confidence"":0.84,""reasons"":[""creator identity resolved""]}",ae7d3d20910eb3a2,[object Object],,000000000000000005ba9afd7c8321eb255dcfe10833145b,info
2026-09-29 19:51:52,"[jevsentinel] temporal state {""priorSnapshotCount"":80,""currentSnapshot"":{""observedAt"":""2026-09-29T22:51:52.063Z"",""price"":0.0000349,""liquidity"":15133.86,""volume"":28896.64,""priceChange5mPct"":29.59,""priceChange1hPct"":-27.68,""buyCount5m"":352,""sellCount5m"":325,""buySellRatio5m"":0.5199409158050221,""uniqueSellers"":0,""uniqueBuyers"":0,""sellerAcceleration"":0,""coordinatedSellers"":0,""sellUsd"":null,""buyUsd"":null,""sellerCount"":null},""sampleCount"":81,""deltas"":{""price"":0,""liquidity"":0,""volume"":0,""priceChange5mPct"":0,""priceChange1hPct"":0,""buyCount5m"":0,""sellCount5m"":0,""buySellRatio5m"":0,""uniqueSellers"":0,""uniqueBuyers"":0,""sellerAcceleration"":0,""coordinatedSellers"":0},""acceleration"":{""selling"":""stable"",""buyPressure"":""stable"",""volume"":""stable"",""liquidity"":""stable"",""price"":""stable"",""sellers"":""stable"",""coordination"":""stable""}}",52b3e926883e628d,[object Object],,000000000000000005ba9afd7c8321eb255dcfe10833145b,info
2026-09-29 19:51:47,"[jevsentinel] live action state {""action"":""HOLD"",""stage"":""STABLE"",""riskScore"":0,""confidence"":0.84,""reasons"":[""creator identity resolved""]}",11f4228b6aeb54c1,[object Object],,000000000000000005ba9afd7c8321eb255dcfe10833145b,info
2026-09-29 19:51:47,"[jevsentinel] shadow prediction {""version"":1,""shadow"":true,""action"":""HOLD"",""confidence"":0.62,""sampleCount"":80,""evidenceQuality"":""strong"",""sourceTrajectoryAction"":""HOLD"",""reasons"":[""setup remains promising but confirmation is incomplete""],""predictedAt"":""2026-09-29T22:51:47.789Z""}",a36dd6cd6ae674ef,[object Object],,000000000000000005ba9afd7c8321eb255dcfe10833145b,info
2026-09-29 19:51:47,"[jevsentinel] decision input {""mint"":""2RFUG2WSvR3v4pGSGj5yNKiFrNM1EhyQWr4XvvHBpump"",""sourceCard"":""CW"",""evidenceGroups"":{""tokenIntegrity"":true,""holderStructure"":true,""creatorIntelligence"":true,""walletBehaviour"":true,""flowDynamics"":true,""marketDynamics"":true,""liquidityStructure"":true,""temporalIntelligence"":true,""historicalIntelligence"":true,""socialNarrative"":true,""alternativeExplanation"":true},""evidenceQuality"":""strong"",""providers"":{""token-research"":{""available"":true,""fieldCount"":30},""transfer-flow"":{""available"":true,""fieldCount"":13},""social-narrative"":{""available"":true,""fieldCount"":2}},""temporalSampleCount"":80}",72b82de8c2eedafd,[object Object],,000000000000000005ba9afd7c8321eb255dcfe10833145b,info
2026-09-29 19:51:47,"[jevsentinel] trajectory state {""action"":""HOLD"",""stage"":""STABLE"",""riskScore"":0,""confidence"":0.84,""reasons"":[""creator identity resolved""]}",abcfd4f67aee3228,[object Object],,000000000000000005ba9afd7c8321eb255dcfe10833145b,info
2026-09-29 19:51:47,"[jevsentinel] temporal state {""priorSnapshotCount"":79,""currentSnapshot"":{""observedAt"":""2026-09-29T22:51:47.573Z"",""price"":0.0000349,""liquidity"":15133.86,""volume"":28896.64,""priceChange5mPct"":29.59,""priceChange1hPct"":-27.68,""buyCount5m"":352,""sellCount5m"":325,""buySellRatio5m"":0.5199409158050221,""uniqueSellers"":0,""uniqueBuyers"":0,""sellerAcceleration"":0,""coordinatedSellers"":0,""sellUsd"":null,""buyUsd"":null,""sellerCount"":null},""sampleCount"":80,""deltas"":{""price"":8.100000000000007e-7,""liquidity"":200.36000000000058,""volume"":-9938.86,""priceChange5mPct"":48.91,""priceChange1hPct"":1.6700000000000017,""buyCount5m"":-104,""sellCount5m"":-117,""buySellRatio5m"":0.012145815582304986,""uniqueSellers"":0,""uniqueBuyers"":0,""sellerAcceleration"":0,""coordinatedSellers"":0},""acceleration"":{""selling"":""decreasing"",""buyPressure"":""increasing"",""volume"":""decreasing"",""liquidity"":""improving"",""price"":""improving"",""sellers"":""stable"",""coordination"":""stable""}}",2efae4749817e2f1,[object Object],,000000000000000005ba9afd7c8321eb255dcfe10833145b,info
2026-09-29 19:51:43,"[jevsentinel] live action state {""action"":""HOLD"",""stage"":""STABLE"",""riskScore"":0,""confidence"":0.84,""reasons"":[]}",f5bb63032ba25ea3,[object Object],,000000000000000005ba9afd7c8321eb255dcfe10833145b,info
2026-09-29 19:51:43,"[jevsentinel] shadow prediction {""version"":1,""shadow"":true,""action"":""CAUTION"",""confidence"":0.5,""sampleCount"":79,""evidenceQuality"":""strong"",""sourceTrajectoryAction"":""HOLD"",""reasons"":[""signals do not form a reliable forward setup""],""predictedAt"":""2026-09-29T22:51:43.671Z""}",b05f905217d29055,[object Object],,000000000000000005ba9afd7c8321eb255dcfe10833145b,info
2026-09-29 19:51:33,"[jevsentinel] decision input {""mint"":""2RFUG2WSvR3v4pGSGj5yNKiFrNM1EhyQWr4XvvHBpump"",""sourceCard"":""CW"",""evidenceGroups"":{""tokenIntegrity"":true,""holderStructure"":true,""creatorIntelligence"":true,""walletBehaviour"":true,""flowDynamics"":true,""marketDynamics"":true,""liquidityStructure"":true,""temporalIntelligence"":true,""historicalIntelligence"":true,""socialNarrative"":true,""alternativeExplanation"":true},""evidenceQuality"":""strong"",""providers"":{""token-research"":{""available"":true,""fieldCount"":30},""transfer-flow"":{""available"":true,""fieldCount"":13},""social-narrative"":{""available"":true,""fieldCount"":2}},""temporalSampleCount"":79}",82d0a437adedbc80,[object Object],,000000000000000005ba9afd7c8321eb255dcfe10833145b,info
2026-09-29 19:51:33,"[jevsentinel] trajectory state {""action"":""HOLD"",""stage"":""STABLE"",""riskScore"":0,""confidence"":0.84,""reasons"":[]}",7703f90d829993c7,[object Object],,000000000000000005ba9afd7c8321eb255dcfe10833145b,info
2026-09-29 19:51:33,"[jevsentinel] temporal state {""priorSnapshotCount"":78,""currentSnapshot"":{""observedAt"":""2026-09-29T22:51:33.039Z"",""price"":0.00003409,""liquidity"":14933.5,""volume"":38835.5,""priceChange5mPct"":-19.32,""priceChange1hPct"":-29.35,""buyCount5m"":456,""sellCount5m"":442,""buySellRatio5m"":0.5077951002227171,""uniqueSellers"":0,""uniqueBuyers"":0,""sellerAcceleration"":0,""coordinatedSellers"":0,""sellUsd"":null,""buyUsd"":null,""sellerCount"":null},""sampleCount"":79,""deltas"":{""price"":0,""liquidity"":0,""volume"":0,""priceChange5mPct"":0,""priceChange1hPct"":0,""buyCount5m"":0,""sellCount5m"":0,""buySellRatio5m"":0,""uniqueSellers"":0,""uniqueBuyers"":0,""sellerAcceleration"":0,""coordinatedSellers"":0},""acceleration"":{""selling"":""stable"",""buyPressure"":""stable"",""volume"":""stable"",""liquidity"":""stable"",""price"":""stable"",""sellers"":""stable"",""coordination"":""stable""}}",fca75d1d3a50057e,[object Object],,000000000000000005ba9afd7c8321eb255dcfe10833145b,info
2026-09-29 19:51:29,"[jevsentinel] live action state {""action"":""HOLD"",""stage"":""STABLE"",""riskScore"":0,""confidence"":0.84,""reasons"":[]}",689921953e323a6d,[object Object],,000000000000000005ba9afd7c8321eb255dcfe10833145b,info
2026-09-29 19:51:29,"[jevsentinel] shadow prediction {""version"":1,""shadow"":true,""action"":""CAUTION"",""confidence"":0.5,""sampleCount"":78,""evidenceQuality"":""strong"",""sourceTrajectoryAction"":""HOLD"",""reasons"":[""signals do not form a reliable forward setup""],""predictedAt"":""2026-09-29T22:51:29.063Z""}",69931aecde1b2e39,[object Object],,000000000000000005ba9afd7c8321eb255dcfe10833145b,info
2026-09-29 19:51:28,"[jevsentinel] decision input {""mint"":""2RFUG2WSvR3v4pGSGj5yNKiFrNM1EhyQWr4XvvHBpump"",""sourceCard"":""CW"",""evidenceGroups"":{""tokenIntegrity"":true,""holderStructure"":true,""creatorIntelligence"":true,""walletBehaviour"":true,""flowDynamics"":true,""marketDynamics"":true,""liquidityStructure"":true,""temporalIntelligence"":true,""historicalIntelligence"":true,""socialNarrative"":true,""alternativeExplanation"":true},""evidenceQuality"":""strong"",""providers"":{""token-research"":{""available"":true,""fieldCount"":30},""transfer-flow"":{""available"":true,""fieldCount"":13},""social-narrative"":{""available"":true,""fieldCount"":2}},""temporalSampleCount"":78}",50ab371fcf9ff373,[object Object],,000000000000000005ba9afd7c8321eb255dcfe10833145b,info
2026-09-29 19:51:28,"[jevsentinel] trajectory state {""action"":""HOLD"",""stage"":""STABLE"",""riskScore"":0,""confidence"":0.84,""reasons"":[]}",a4668e28fdbf532d,[object Object],,000000000000000005ba9afd7c8321eb255dcfe10833145b,info
2026-09-29 19:51:28,"[jevsentinel] temporal state {""priorSnapshotCount"":77,""currentSnapshot"":{""observedAt"":""2026-09-29T22:51:28.894Z"",""price"":0.00003409,""liquidity"":14933.5,""volume"":38835.5,""priceChange5mPct"":-19.32,""priceChange1hPct"":-29.35,""buyCount5m"":456,""sellCount5m"":442,""buySellRatio5m"":0.5077951002227171,""uniqueSellers"":0,""uniqueBuyers"":0,""sellerAcceleration"":0,""coordinatedSellers"":0,""sellUsd"":null,""buyUsd"":null,""sellerCount"":null},""sampleCount"":78,""deltas"":{""price"":0,""liquidity"":0,""volume"":0,""priceChange5mPct"":0,""priceChange1hPct"":0,""buyCount5m"":0,""sellCount5m"":0,""buySellRatio5m"":0,""uniqueSellers"":0,""uniqueBuyers"":0,""sellerAcceleration"":0,""coordinatedSellers"":0},""acceleration"":{""selling"":""stable"",""buyPressure"":""stable"",""volume"":""stable"",""liquidity"":""stable"",""price"":""stable"",""sellers"":""stable"",""coordination"":""stable""}}",571f44259c5b1d29,[object Object],,000000000000000005ba9afd7c8321eb255dcfe10833145b,info
2026-09-29 19:51:24,"[jevsentinel] live action state {""action"":""HOLD"",""stage"":""STABLE"",""riskScore"":0,""confidence"":0.7699999999999999,""reasons"":[]}",b3bc0894ab233726,[object Object],,000000000000000005ba9afd7c8321eb255dcfe10833145b,info
2026-09-29 19:51:24,"[jevsentinel] shadow prediction {""version"":1,""shadow"":true,""action"":""CAUTION"",""confidence"":0.5,""sampleCount"":77,""evidenceQuality"":""usable"",""sourceTrajectoryAction"":""HOLD"",""reasons"":[""signals do not form a reliable forward setup""],""predictedAt"":""2026-09-29T22:51:24.680Z""}",5fb5a7f876834da4,[object Object],,000000000000000005ba9afd7c8321eb255dcfe10833145b,info
2026-09-29 19:51:24,"[jevsentinel] decision input {""mint"":""2RFUG2WSvR3v4pGSGj5yNKiFrNM1EhyQWr4XvvHBpump"",""sourceCard"":""CW"",""evidenceGroups"":{""tokenIntegrity"":true,""holderStructure"":true,""creatorIntelligence"":false,""walletBehaviour"":false,""flowDynamics"":true,""marketDynamics"":true,""liquidityStructure"":true,""temporalIntelligence"":true,""historicalIntelligence"":true,""socialNarrative"":true,""alternativeExplanation"":true},""evidenceQuality"":""usable"",""providers"":{""token-research"":{""available"":true,""fieldCount"":20},""transfer-flow"":{""available"":true,""fieldCount"":13},""social-narrative"":{""available"":true,""fieldCount"":2}},""temporalSampleCount"":77}",44caff00a8ac27cc,[object Object],,000000000000000005ba9afd7c8321eb255dcfe10833145b,info
2026-09-29 19:51:24,"[jevsentinel] trajectory state {""action"":""HOLD"",""stage"":""STABLE"",""riskScore"":0,""confidence"":0.7699999999999999,""reasons"":[]}",5e4becb76a109a37,[object Object],,000000000000000005ba9afd7c8321eb255dcfe10833145b,info
2026-09-29 19:51:24,"[jevsentinel] temporal state {""priorSnapshotCount"":76,""currentSnapshot"":{""observedAt"":""2026-09-29T22:51:24.477Z"",""price"":0.00003409,""liquidity"":14933.5,""volume"":38835.5,""priceChange5mPct"":-19.32,""priceChange1hPct"":-29.35,""buyCount5m"":456,""sellCount5m"":442,""buySellRatio5m"":0.5077951002227171,""uniqueSellers"":0,""uniqueBuyers"":0,""sellerAcceleration"":0,""coordinatedSellers"":0,""sellUsd"":null,""buyUsd"":null,""sellerCount"":null},""sampleCount"":77,""deltas"":{""price"":0,""liquidity"":0,""volume"":0,""priceChange5mPct"":0,""priceChange1hPct"":0,""buyCount5m"":0,""sellCount5m"":0,""buySellRatio5m"":0,""uniqueSellers"":0,""uniqueBuyers"":0,""sellerAcceleration"":0,""coordinatedSellers"":0},""acceleration"":{""selling"":""stable"",""buyPressure"":""stable"",""volume"":""stable"",""liquidity"":""stable"",""price"":""stable"",""sellers"":""stable"",""coordination"":""stable""}}",1e0c35f9ab6207e5,[object Object],,000000000000000005ba9afd7c8321eb255dcfe10833145b,info
2026-09-29 19:51:20,"[jevsentinel] live action state {""action"":""HOLD"",""stage"":""STABLE"",""riskScore"":0,""confidence"":0.84,""reasons"":[""creator identity resolved""]}",af37968219db71d1,[object Object],,000000000000000005ba9afd7c8321eb255dcfe10833145b,info
2026-09-29 19:51:20,"[jevsentinel] shadow prediction {""version"":1,""shadow"":true,""action"":""CAUTION"",""confidence"":0.5,""sampleCount"":76,""evidenceQuality"":""strong"",""sourceTrajectoryAction"":""HOLD"",""reasons"":[""signals do not form a reliable forward setup""],""predictedAt"":""2026-09-29T22:51:20.188Z""}",8dd1b364d91294b6,[object Object],,000000000000000005ba9afd7c8321eb255dcfe10833145b,info
2026-09-29 19:51:20,"[jevsentinel] decision input {""mint"":""2RFUG2WSvR3v4pGSGj5yNKiFrNM1EhyQWr4XvvHBpump"",""sourceCard"":""CW"",""evidenceGroups"":{""tokenIntegrity"":true,""holderStructure"":true,""creatorIntelligence"":true,""walletBehaviour"":true,""flowDynamics"":true,""marketDynamics"":true,""liquidityStructure"":true,""temporalIntelligence"":true,""historicalIntelligence"":true,""socialNarrative"":true,""alternativeExplanation"":true},""evidenceQuality"":""strong"",""providers"":{""token-research"":{""available"":true,""fieldCount"":30},""transfer-flow"":{""available"":true,""fieldCount"":13},""social-narrative"":{""available"":true,""fieldCount"":2}},""temporalSampleCount"":76}",990bfa35542206df,[object Object],,000000000000000005ba9afd7c8321eb255dcfe10833145b,info
2026-09-29 19:51:20,"[jevsentinel] trajectory state {""action"":""HOLD"",""stage"":""STABLE"",""riskScore"":0,""confidence"":0.84,""reasons"":[""creator identity resolved""]}",5a811bf85599f88,[object Object],,000000000000000005ba9afd7c8321eb255dcfe10833145b,info
2026-09-29 19:51:20,"[jevsentinel] temporal state {""priorSnapshotCount"":75,""currentSnapshot"":{""observedAt"":""2026-09-29T22:51:20.017Z"",""price"":0.00003409,""liquidity"":14933.5,""volume"":38835.5,""priceChange5mPct"":-19.32,""priceChange1hPct"":-29.35,""buyCount5m"":456,""sellCount5m"":442,""buySellRatio5m"":0.5077951002227171,""uniqueSellers"":0,""uniqueBuyers"":0,""sellerAcceleration"":0,""coordinatedSellers"":0,""sellUsd"":null,""buyUsd"":null,""sellerCount"":null},""sampleCount"":76,""deltas"":{""price"":0,""liquidity"":0,""volume"":0,""priceChange5mPct"":0,""priceChange1hPct"":0,""buyCount5m"":0,""sellCount5m"":0,""buySellRatio5m"":0,""uniqueSellers"":0,""uniqueBuyers"":0,""sellerAcceleration"":0,""coordinatedSellers"":0},""acceleration"":{""selling"":""stable"",""buyPressure"":""stable"",""volume"":""stable"",""liquidity"":""stable"",""price"":""stable"",""sellers"":""stable"",""coordination"":""stable""}}",f29d8c87a1f6f799,[object Object],,000000000000000005ba9afd7c8321eb255dcfe10833145b,info
2026-09-29 19:51:15,"[jevsentinel] live action state {""action"":""HOLD"",""stage"":""STABLE"",""riskScore"":1,""confidence"":0.92,""reasons"":[""creator identity resolved"",""selling is accelerating""]}",e0f537ab059b715c,[object Object],,000000000000000005ba9afd7c8321eb255dcfe10833145b,info
2026-09-29 19:51:15,"[jevsentinel] shadow prediction {""version"":1,""shadow"":true,""action"":""CAUTION"",""confidence"":0.58,""sampleCount"":75,""evidenceQuality"":""strong"",""sourceTrajectoryAction"":""HOLD"",""reasons"":[""evidence is conflicting or unreliable""],""predictedAt"":""2026-09-29T22:51:15.722Z""}",c0a1c3ac764bfc13,[object Object],,000000000000000005ba9afd7c8321eb255dcfe10833145b,info
2026-09-29 19:51:15,"[jevsentinel] decision input {""mint"":""2RFUG2WSvR3v4pGSGj5yNKiFrNM1EhyQWr4XvvHBpump"",""sourceCard"":""CW"",""evidenceGroups"":{""tokenIntegrity"":true,""holderStructure"":true,""creatorIntelligence"":true,""walletBehaviour"":true,""flowDynamics"":true,""marketDynamics"":true,""liquidityStructure"":true,""temporalIntelligence"":true,""historicalIntelligence"":true,""socialNarrative"":true,""alternativeExplanation"":true},""evidenceQuality"":""strong"",""providers"":{""token-research"":{""available"":true,""fieldCount"":30},""transfer-flow"":{""available"":true,""fieldCount"":13},""social-narrative"":{""available"":true,""fieldCount"":2}},""temporalSampleCount"":75}",ed67b31d0e5b6360,[object Object],,000000000000000005ba9afd7c8321eb255dcfe10833145b,info
2026-09-29 19:51:15,"[jevsentinel] trajectory state {""action"":""HOLD"",""stage"":""STABLE"",""riskScore"":1,""confidence"":0.92,""reasons"":[""creator identity resolved"",""selling is accelerating""]}",2cda2590c50128,[object Object],,000000000000000005ba9afd7c8321eb255dcfe10833145b,info
2026-09-29 19:51:15,"[jevsentinel] temporal state {""priorSnapshotCount"":74,""currentSnapshot"":{""observedAt"":""2026-09-29T22:51:15.564Z"",""price"":0.00003409,""liquidity"":14933.5,""volume"":38835.5,""priceChange5mPct"":-19.32,""priceChange1hPct"":-29.35,""buyCount5m"":456,""sellCount5m"":442,""buySellRatio5m"":0.5077951002227171,""uniqueSellers"":0,""uniqueBuyers"":0,""sellerAcceleration"":0,""coordinatedSellers"":0,""sellUsd"":null,""buyUsd"":null,""sellerCount"":null},""sampleCount"":75,""deltas"":{""price"":0.000005379999999999999,""liquidity"":1397.67,""volume"":1558.2799999999988,""priceChange5mPct"":12.729999999999997,""priceChange1hPct"":11.149999999999999,""buyCount5m"":28,""sellCount5m"":18,""buySellRatio5m"":0.005447682382341501,""uniqueSellers"":0,""uniqueBuyers"":0,""sellerAcceleration"":0,""coordinatedSellers"":0},""acceleration"":{""selling"":""increasing"",""buyPressure"":""increasing"",""volume"":""increasing"",""liquidity"":""improving"",""price"":""improving"",""sellers"":""stable"",""coordination"":""stable""}}",7ae7240e960c1c41,[object Object],,000000000000000005ba9afd7c8321eb255dcfe10833145b,info
2026-09-29 19:51:11,"[jevsentinel] live action state {""action"":""CAUTION"",""stage"":""STABLE"",""riskScore"":2,""confidence"":0.92,""reasons"":[""5m price deterioration ≤−20%""]}",5db25c3883dd8b08,[object Object],,000000000000000005ba9afd7c8321eb255dcfe10833145b,info
2026-09-29 19:51:11,"[jevsentinel] shadow prediction {""version"":1,""shadow"":true,""action"":""CAUTION"",""confidence"":0.5,""sampleCount"":74,""evidenceQuality"":""strong"",""sourceTrajectoryAction"":""CAUTION"",""reasons"":[""signals do not form a reliable forward setup""],""predictedAt"":""2026-09-29T22:51:11.584Z""}",4fec6d914d3a3c9d,[object Object],,000000000000000005ba9afd7c8321eb255dcfe10833145b,info
2026-09-29 19:51:11,"[jevsentinel] decision input {""mint"":""2RFUG2WSvR3v4pGSGj5yNKiFrNM1EhyQWr4XvvHBpump"",""sourceCard"":""CW"",""evidenceGroups"":{""tokenIntegrity"":true,""holderStructure"":true,""creatorIntelligence"":true,""walletBehaviour"":true,""flowDynamics"":true,""marketDynamics"":true,""liquidityStructure"":true,""temporalIntelligence"":true,""historicalIntelligence"":true,""socialNarrative"":true,""alternativeExplanation"":true},""evidenceQuality"":""strong"",""providers"":{""token-research"":{""available"":true,""fieldCount"":30},""transfer-flow"":{""available"":true,""fieldCount"":13},""social-narrative"":{""available"":true,""fieldCount"":2}},""temporalSampleCount"":74}",3589b4034f4c7803,[object Object],,000000000000000005ba9afd7c8321eb255dcfe10833145b,info
2026-09-29 19:51:11,"[jevsentinel] trajectory state {""action"":""CAUTION"",""stage"":""STABLE"",""riskScore"":2,""confidence"":0.92,""reasons"":[""5m price deterioration ≤−20%""]}",3987917007e09fbe,[object Object],,000000000000000005ba9afd7c8321eb255dcfe10833145b,info
2026-09-29 19:51:11,"[jevsentinel] temporal state {""priorSnapshotCount"":73,""currentSnapshot"":{""observedAt"":""2026-09-29T22:51:11.400Z"",""price"":0.00002871,""liquidity"":13535.83,""volume"":37277.22,""priceChange5mPct"":-32.05,""priceChange1hPct"":-40.5,""buyCount5m"":428,""sellCount5m"":424,""buySellRatio5m"":0.5023474178403756,""uniqueSellers"":0,""uniqueBuyers"":0,""sellerAcceleration"":0,""coordinatedSellers"":0,""sellUsd"":null,""buyUsd"":null,""sellerCount"":null},""sampleCount"":74,""deltas"":{""price"":0,""liquidity"":0,""volume"":0,""priceChange5mPct"":0,""priceChange1hPct"":0,""buyCount5m"":0,""sellCount5m"":0,""buySellRatio5m"":0,""uniqueSellers"":0,""uniqueBuyers"":0,""sellerAcceleration"":0,""coordinatedSellers"":0},""acceleration"":{""selling"":""stable"",""buyPressure"":""stable"",""volume"":""stable"",""liquidity"":""stable"",""price"":""stable"",""sellers"":""stable"",""coordination"":""stable""}}",ec28b4cfffe26d75,[object Object],,000000000000000005ba9afd7c8321eb255dcfe10833145b,info
2026-09-29 19:51:07,"[jevsentinel] live action state {""action"":""CAUTION"",""stage"":""STABLE"",""riskScore"":2,""confidence"":0.92,""reasons"":[""5m price deterioration ≤−20%""]}",77002c2dbac5cf11,[object Object],,000000000000000005ba9afd7c8321eb255dcfe10833145b,info
2026-09-29 19:51:07,"[jevsentinel] shadow prediction {""version"":1,""shadow"":true,""action"":""CAUTION"",""confidence"":0.5,""sampleCount"":73,""evidenceQuality"":""strong"",""sourceTrajectoryAction"":""CAUTION"",""reasons"":[""signals do not form a reliable forward setup""],""predictedAt"":""2026-09-29T22:51:07.202Z""}",5bc7a8ef82d0d666,[object Object],,000000000000000005ba9afd7c8321eb255dcfe10833145b,info
2026-09-29 19:51:07,"[jevsentinel] decision input {""mint"":""2RFUG2WSvR3v4pGSGj5yNKiFrNM1EhyQWr4XvvHBpump"",""sourceCard"":""CW"",""evidenceGroups"":{""tokenIntegrity"":true,""holderStructure"":true,""creatorIntelligence"":true,""walletBehaviour"":true,""flowDynamics"":true,""marketDynamics"":true,""liquidityStructure"":true,""temporalIntelligence"":true,""historicalIntelligence"":true,""socialNarrative"":true,""alternativeExplanation"":true},""evidenceQuality"":""strong"",""providers"":{""token-research"":{""available"":true,""fieldCount"":30},""transfer-flow"":{""available"":true,""fieldCount"":13},""social-narrative"":{""available"":true,""fieldCount"":2}},""temporalSampleCount"":73}",8184fde5300c3065,[object Object],,000000000000000005ba9afd7c8321eb255dcfe10833145b,info
2026-09-29 19:51:07,"[jevsentinel] trajectory state {""action"":""CAUTION"",""stage"":""STABLE"",""riskScore"":2,""confidence"":0.92,""reasons"":[""5m price deterioration ≤−20%""]}",e72e3d83de740a60,[object Object],,000000000000000005ba9afd7c8321eb255dcfe10833145b,info
2026-09-29 19:51:07,"[jevsentinel] temporal state {""priorSnapshotCount"":72,""currentSnapshot"":{""observedAt"":""2026-09-29T22:51:07.015Z"",""price"":0.00002871,""liquidity"":13535.83,""volume"":37277.22,""priceChange5mPct"":-32.05,""priceChange1hPct"":-40.5,""buyCount5m"":428,""sellCount5m"":424,""buySellRatio5m"":0.5023474178403756,""uniqueSellers"":0,""uniqueBuyers"":0,""sellerAcceleration"":0,""coordinatedSellers"":0,""sellUsd"":null,""buyUsd"":null,""sellerCount"":null},""sampleCount"":73,""deltas"":{""price"":0,""liquidity"":0,""volume"":0,""priceChange5mPct"":0,""priceChange1hPct"":0,""buyCount5m"":0,""sellCount5m"":0,""buySellRatio5m"":0,""uniqueSellers"":0,""uniqueBuyers"":0,""sellerAcceleration"":0,""coordinatedSellers"":0},""acceleration"":{""selling"":""stable"",""buyPressure"":""stable"",""volume"":""stable"",""liquidity"":""stable"",""price"":""stable"",""sellers"":""stable"",""coordination"":""stable""}}",598f57f9ae69232b,[object Object],,000000000000000005ba9afd7c8321eb255dcfe10833145b,info
2026-09-29 19:51:02,"[jevsentinel] live action state {""action"":""CAUTION"",""stage"":""STABLE"",""riskScore"":2,""confidence"":0.92,""reasons"":[""5m price deterioration ≤−20%""]}",c66e7d6bb0a947ee,[object Object],,000000000000000005ba9afd7c8321eb255dcfe10833145b,info
2026-09-29 19:51:02,"[jevsentinel] shadow prediction {""version"":1,""shadow"":true,""action"":""CAUTION"",""confidence"":0.5,""sampleCount"":72,""evidenceQuality"":""strong"",""sourceTrajectoryAction"":""CAUTION"",""reasons"":[""signals do not form a reliable forward setup""],""predictedAt"":""2026-09-29T22:51:02.970Z""}",cce4e7dd3349370c,[object Object],,000000000000000005ba9afd7c8321eb255dcfe10833145b,info
2026-09-29 19:51:02,"[jevsentinel] decision input {""mint"":""2RFUG2WSvR3v4pGSGj5yNKiFrNM1EhyQWr4XvvHBpump"",""sourceCard"":""CW"",""evidenceGroups"":{""tokenIntegrity"":true,""holderStructure"":true,""creatorIntelligence"":true,""walletBehaviour"":true,""flowDynamics"":true,""marketDynamics"":true,""liquidityStructure"":true,""temporalIntelligence"":true,""historicalIntelligence"":true,""socialNarrative"":true,""alternativeExplanation"":true},""evidenceQuality"":""strong"",""providers"":{""token-research"":{""available"":true,""fieldCount"":30},""transfer-flow"":{""available"":true,""fieldCount"":13},""social-narrative"":{""available"":true,""fieldCount"":2}},""temporalSampleCount"":72}",2a51ec9e4a91dbc7,[object Object],,000000000000000005ba9afd7c8321eb255dcfe10833145b,info
2026-09-29 19:51:02,"[jevsentinel] trajectory state {""action"":""CAUTION"",""stage"":""STABLE"",""riskScore"":2,""confidence"":0.92,""reasons"":[""5m price deterioration ≤−20%""]}",d903737a8dde9e9c,[object Object],,000000000000000005ba9afd7c8321eb255dcfe10833145b,info
2026-09-29 19:51:02,"[jevsentinel] temporal state {""priorSnapshotCount"":71,""currentSnapshot"":{""observedAt"":""2026-09-29T22:51:02.766Z"",""price"":0.00002871,""liquidity"":13535.83,""volume"":37277.22,""priceChange5mPct"":-32.05,""priceChange1hPct"":-40.5,""buyCount5m"":428,""sellCount5m"":424,""buySellRatio5m"":0.5023474178403756,""uniqueSellers"":0,""uniqueBuyers"":0,""sellerAcceleration"":0,""coordinatedSellers"":0,""sellUsd"":null,""buyUsd"":null,""sellerCount"":null},""sampleCount"":72,""deltas"":{""price"":0,""liquidity"":0,""volume"":0,""priceChange5mPct"":0,""priceChange1hPct"":0,""buyCount5m"":0,""sellCount5m"":0,""buySellRatio5m"":0,""uniqueSellers"":0,""uniqueBuyers"":0,""sellerAcceleration"":0,""coordinatedSellers"":0},""acceleration"":{""selling"":""stable"",""buyPressure"":""stable"",""volume"":""stable"",""liquidity"":""stable"",""price"":""stable"",""sellers"":""stable"",""coordination"":""stable""}}",b31feb3fc537bfb1,[object Object],,000000000000000005ba9afd7c8321eb255dcfe10833145b,info
2026-09-29 19:50:58,"[jevsentinel] live action state {""action"":""CAUTION"",""stage"":""STABLE"",""riskScore"":2,""confidence"":0.92,""reasons"":[""5m price deterioration ≤−20%""]}",cf21d215d18d123b,[object Object],,000000000000000005ba9afd7c8321eb255dcfe10833145b,info
2026-09-29 19:50:58,"[jevsentinel] shadow prediction {""version"":1,""shadow"":true,""action"":""CAUTION"",""confidence"":0.5,""sampleCount"":71,""evidenceQuality"":""strong"",""sourceTrajectoryAction"":""CAUTION"",""reasons"":[""signals do not form a reliable forward setup""],""predictedAt"":""2026-09-29T22:50:58.782Z""}",36abb7b54055b47d,[object Object],,000000000000000005ba9afd7c8321eb255dcfe10833145b,info
2026-09-29 19:50:58,"[jevsentinel] decision input {""mint"":""2RFUG2WSvR3v4pGSGj5yNKiFrNM1EhyQWr4XvvHBpump"",""sourceCard"":""CW"",""evidenceGroups"":{""tokenIntegrity"":true,""holderStructure"":true,""creatorIntelligence"":true,""walletBehaviour"":true,""flowDynamics"":true,""marketDynamics"":true,""liquidityStructure"":true,""temporalIntelligence"":true,""historicalIntelligence"":true,""socialNarrative"":true,""alternativeExplanation"":true},""evidenceQuality"":""strong"",""providers"":{""token-research"":{""available"":true,""fieldCount"":30},""transfer-flow"":{""available"":true,""fieldCount"":13},""social-narrative"":{""available"":true,""fieldCount"":2}},""temporalSampleCount"":71}",3e09abe535d6e4da,[object Object],,000000000000000005ba9afd7c8321eb255dcfe10833145b,info
2026-09-29 19:50:58,"[jevsentinel] trajectory state {""action"":""CAUTION"",""stage"":""STABLE"",""riskScore"":2,""confidence"":0.92,""reasons"":[""5m price deterioration ≤−20%""]}",daa47ac27f497d97,[object Object],,000000000000000005ba9afd7c8321eb255dcfe10833145b,info
2026-09-29 19:50:58,"[jevsentinel] temporal state {""priorSnapshotCount"":70,""currentSnapshot"":{""observedAt"":""2026-09-29T22:50:58.588Z"",""price"":0.00002871,""liquidity"":13535.83,""volume"":37277.22,""priceChange5mPct"":-32.05,""priceChange1hPct"":-40.5,""buyCount5m"":428,""sellCount5m"":424,""buySellRatio5m"":0.5023474178403756,""uniqueSellers"":0,""uniqueBuyers"":0,""sellerAcceleration"":0,""coordinatedSellers"":0,""sellUsd"":null,""buyUsd"":null,""sellerCount"":null},""sampleCount"":71,""deltas"":{""price"":0,""liquidity"":0,""volume"":0,""priceChange5mPct"":0,""priceChange1hPct"":0,""buyCount5m"":0,""sellCount5m"":0,""buySellRatio5m"":0,""uniqueSellers"":0,""uniqueBuyers"":0,""sellerAcceleration"":0,""coordinatedSellers"":0},""acceleration"":{""selling"":""stable"",""buyPressure"":""stable"",""volume"":""stable"",""liquidity"":""stable"",""price"":""stable"",""sellers"":""stable"",""coordination"":""stable""}}",dc8a4113bdd336b3,[object Object],,000000000000000005ba9afd7c8321eb255dcfe10833145b,info
2026-09-29 19:50:54,"[jevsentinel] live action state {""action"":""CAUTION"",""stage"":""STABLE"",""riskScore"":2,""confidence"":0.92,""reasons"":[""creator identity resolved"",""5m price deterioration ≤−20%""]}",741fd618a39c3788,[object Object],,000000000000000005ba9afd7c8321eb255dcfe10833145b,info
2026-09-29 19:50:54,"[jevsentinel] shadow prediction {""version"":1,""shadow"":true,""action"":""CAUTION"",""confidence"":0.5,""sampleCount"":70,""evidenceQuality"":""strong"",""sourceTrajectoryAction"":""CAUTION"",""reasons"":[""signals do not form a reliable forward setup""],""predictedAt"":""2026-09-29T22:50:54.325Z""}",caaf47446873035a,[object Object],,000000000000000005ba9afd7c8321eb255dcfe10833145b,info
2026-09-29 19:50:54,"[jevsentinel] decision input {""mint"":""2RFUG2WSvR3v4pGSGj5yNKiFrNM1EhyQWr4XvvHBpump"",""sourceCard"":""CW"",""evidenceGroups"":{""tokenIntegrity"":true,""holderStructure"":true,""creatorIntelligence"":true,""walletBehaviour"":true,""flowDynamics"":true,""marketDynamics"":true,""liquidityStructure"":true,""temporalIntelligence"":true,""historicalIntelligence"":true,""socialNarrative"":true,""alternativeExplanation"":true},""evidenceQuality"":""strong"",""providers"":{""token-research"":{""available"":true,""fieldCount"":30},""transfer-flow"":{""available"":true,""fieldCount"":13},""social-narrative"":{""available"":true,""fieldCount"":2}},""temporalSampleCount"":70}",41622c543840baa2,[object Object],,000000000000000005ba9afd7c8321eb255dcfe10833145b,info
2026-09-29 19:50:54,"[jevsentinel] trajectory state {""action"":""CAUTION"",""stage"":""STABLE"",""riskScore"":2,""confidence"":0.92,""reasons"":[""creator identity resolved"",""5m price deterioration ≤−20%""]}",d4cf67e0da7c2e90,[object Object],,000000000000000005ba9afd7c8321eb255dcfe10833145b,info
2026-09-29 19:50:54,"[jevsentinel] temporal state {""priorSnapshotCount"":69,""currentSnapshot"":{""observedAt"":""2026-09-29T22:50:54.130Z"",""price"":0.00002871,""liquidity"":13535.83,""volume"":37277.22,""priceChange5mPct"":-32.05,""priceChange1hPct"":-40.5,""buyCount5m"":428,""sellCount5m"":424,""buySellRatio5m"":0.5023474178403756,""uniqueSellers"":0,""uniqueBuyers"":0,""sellerAcceleration"":0,""coordinatedSellers"":0,""sellUsd"":null,""buyUsd"":null,""sellerCount"":null},""sampleCount"":70,""deltas"":{""price"":0,""liquidity"":0,""volume"":0,""priceChange5mPct"":0,""priceChange1hPct"":0,""buyCount5m"":0,""sellCount5m"":0,""buySellRatio5m"":0,""uniqueSellers"":0,""uniqueBuyers"":0,""sellerAcceleration"":0,""coordinatedSellers"":0},""acceleration"":{""selling"":""stable"",""buyPressure"":""stable"",""volume"":""stable"",""liquidity"":""stable"",""price"":""stable"",""sellers"":""stable"",""coordination"":""stable""}}",aad73285744a2d8c,[object Object],,000000000000000005ba9afd7c8321eb255dcfe10833145b,info
2026-09-29 19:50:50,"[jevsentinel] live action state {""action"":""CAUTION"",""stage"":""STABLE"",""riskScore"":2,""confidence"":0.92,""reasons"":[""creator identity resolved"",""5m price deterioration ≤−20%""]}",7ed02b3cb8685382,[object Object],,000000000000000005ba9afd7c8321eb255dcfe10833145b,info
2026-09-29 19:50:50,"[jevsentinel] shadow prediction {""version"":1,""shadow"":true,""action"":""CAUTION"",""confidence"":0.5,""sampleCount"":69,""evidenceQuality"":""strong"",""sourceTrajectoryAction"":""CAUTION"",""reasons"":[""signals do not form a reliable forward setup""],""predictedAt"":""2026-09-29T22:50:50.022Z""}",367a494e9b60d379,[object Object],,000000000000000005ba9afd7c8321eb255dcfe10833145b,info
2026-09-29 19:50:49,"[jevsentinel] decision input {""mint"":""2RFUG2WSvR3v4pGSGj5yNKiFrNM1EhyQWr4XvvHBpump"",""sourceCard"":""CW"",""evidenceGroups"":{""tokenIntegrity"":true,""holderStructure"":true,""creatorIntelligence"":true,""walletBehaviour"":true,""flowDynamics"":true,""marketDynamics"":true,""liquidityStructure"":true,""temporalIntelligence"":true,""historicalIntelligence"":true,""socialNarrative"":true,""alternativeExplanation"":true},""evidenceQuality"":""strong"",""providers"":{""token-research"":{""available"":true,""fieldCount"":30},""transfer-flow"":{""available"":true,""fieldCount"":13},""social-narrative"":{""available"":true,""fieldCount"":2}},""temporalSampleCount"":69}",4b920fd311c09047,[object Object],,000000000000000005ba9afd7c8321eb255dcfe10833145b,info
2026-09-29 19:50:49,"[jevsentinel] trajectory state {""action"":""CAUTION"",""stage"":""STABLE"",""riskScore"":2,""confidence"":0.92,""reasons"":[""creator identity resolved"",""5m price deterioration ≤−20%""]}",529446ffa2680e50,[object Object],,000000000000000005ba9afd7c8321eb255dcfe10833145b,info
2026-09-29 19:50:49,"[jevsentinel] temporal state {""priorSnapshotCount"":68,""currentSnapshot"":{""observedAt"":""2026-09-29T22:50:49.819Z"",""price"":0.00002871,""liquidity"":13535.83,""volume"":37277.22,""priceChange5mPct"":-32.05,""priceChange1hPct"":-40.5,""buyCount5m"":428,""sellCount5m"":424,""buySellRatio5m"":0.5023474178403756,""uniqueSellers"":0,""uniqueBuyers"":0,""sellerAcceleration"":0,""coordinatedSellers"":0,""sellUsd"":null,""buyUsd"":null,""sellerCount"":null},""sampleCount"":69,""deltas"":{""price"":0,""liquidity"":0,""volume"":0,""priceChange5mPct"":0,""priceChange1hPct"":0,""buyCount5m"":0,""sellCount5m"":0,""buySellRatio5m"":0,""uniqueSellers"":0,""uniqueBuyers"":0,""sellerAcceleration"":0,""coordinatedSellers"":0},""acceleration"":{""selling"":""stable"",""buyPressure"":""stable"",""volume"":""stable"",""liquidity"":""stable"",""price"":""stable"",""sellers"":""stable"",""coordination"":""stable""}}",7c15edcdc6db2b9c,[object Object],,000000000000000005ba9afd7c8321eb255dcfe10833145b,info
2026-09-29 19:50:45,"[jevsentinel] live action state {""action"":""CAUTION"",""stage"":""STABLE"",""riskScore"":2,""confidence"":0.85,""reasons"":[""5m price deterioration ≤−20%""]}",bd691a5f0a6f48ed,[object Object],,000000000000000005ba9afd7c8321eb255dcfe10833145b,info
2026-09-29 19:50:45,"[jevsentinel] shadow prediction {""version"":1,""shadow"":true,""action"":""HOLD"",""confidence"":0.62,""sampleCount"":68,""evidenceQuality"":""usable"",""sourceTrajectoryAction"":""CAUTION"",""reasons"":[""setup remains promising but confirmation is incomplete""],""predictedAt"":""2026-09-29T22:50:45.547Z""}",fc82df155f0a5e72,[object Object],,000000000000000005ba9afd7c8321eb255dcfe10833145b,info
2026-09-29 19:50:45,"[jevsentinel] decision input {""mint"":""2RFUG2WSvR3v4pGSGj5yNKiFrNM1EhyQWr4XvvHBpump"",""sourceCard"":""CW"",""evidenceGroups"":{""tokenIntegrity"":true,""holderStructure"":true,""creatorIntelligence"":false,""walletBehaviour"":false,""flowDynamics"":true,""marketDynamics"":true,""liquidityStructure"":true,""temporalIntelligence"":true,""historicalIntelligence"":true,""socialNarrative"":true,""alternativeExplanation"":true},""evidenceQuality"":""usable"",""providers"":{""token-research"":{""available"":true,""fieldCount"":20},""transfer-flow"":{""available"":true,""fieldCount"":13},""social-narrative"":{""available"":true,""fieldCount"":2}},""temporalSampleCount"":68}",ce4964a734b5a07a,[object Object],,000000000000000005ba9afd7c8321eb255dcfe10833145b,info
2026-09-29 19:50:45,"[jevsentinel] trajectory state {""action"":""CAUTION"",""stage"":""STABLE"",""riskScore"":2,""confidence"":0.85,""reasons"":[""5m price deterioration ≤−20%""]}",2bdd5b864609dbd9,[object Object],,000000000000000005ba9afd7c8321eb255dcfe10833145b,info
2026-09-29 19:50:45,"[jevsentinel] temporal state {""priorSnapshotCount"":67,""currentSnapshot"":{""observedAt"":""2026-09-29T22:50:45.306Z"",""price"":0.00002871,""liquidity"":13535.83,""volume"":37277.22,""priceChange5mPct"":-32.05,""priceChange1hPct"":-40.5,""buyCount5m"":428,""sellCount5m"":424,""buySellRatio5m"":0.5023474178403756,""uniqueSellers"":0,""uniqueBuyers"":0,""sellerAcceleration"":0,""coordinatedSellers"":0,""sellUsd"":null,""buyUsd"":null,""sellerCount"":null},""sampleCount"":68,""deltas"":{""price"":0.0000027700000000000023,""liquidity"":773.6499999999996,""volume"":-21639.17,""priceChange5mPct"":19.43,""priceChange1hPct"":5.740000000000002,""buyCount5m"":-229,""sellCount5m"":-201,""buySellRatio5m"":-0.010133081379593123,""uniqueSellers"":0,""uniqueBuyers"":0,""sellerAcceleration"":0,""coordinatedSellers"":0},""acceleration"":{""selling"":""decreasing"",""buyPressure"":""decreasing"",""volume"":""decreasing"",""liquidity"":""improving"",""price"":""improving"",""sellers"":""stable"",""coordination"":""stable""}}",7964c28ea9f16369,[object Object],,000000000000000005ba9afd7c8321eb255dcfe10833145b,info
2026-09-29 19:50:41,"[jevsentinel] live action state {""action"":""SELL"",""stage"":""DISTRIBUTION"",""riskScore"":4,""confidence"":0.92,""reasons"":[""creator identity resolved"",""5m price deterioration ≤−40%""]}",71d276a86d13fc65,[object Object],,000000000000000005ba9afd7c8321eb255dcfe10833145b,info
2026-09-29 19:50:41,"[jevsentinel] shadow prediction {""version"":1,""shadow"":true,""action"":""SELL"",""confidence"":0.78,""sampleCount"":67,""evidenceQuality"":""strong"",""sourceTrajectoryAction"":""SELL"",""reasons"":[""forward risk structure is deteriorating""],""predictedAt"":""2026-09-29T22:50:41.009Z""}",afec9985e56aba6c,[object Object],,000000000000000005ba9afd7c8321eb255dcfe10833145b,info
2026-09-29 19:50:40,"[jevsentinel] decision input {""mint"":""2RFUG2WSvR3v4pGSGj5yNKiFrNM1EhyQWr4XvvHBpump"",""sourceCard"":""CW"",""evidenceGroups"":{""tokenIntegrity"":true,""holderStructure"":true,""creatorIntelligence"":true,""walletBehaviour"":true,""flowDynamics"":true,""marketDynamics"":true,""liquidityStructure"":true,""temporalIntelligence"":true,""historicalIntelligence"":true,""socialNarrative"":true,""alternativeExplanation"":true},""evidenceQuality"":""strong"",""providers"":{""token-research"":{""available"":true,""fieldCount"":30},""transfer-flow"":{""available"":true,""fieldCount"":13},""social-narrative"":{""available"":true,""fieldCount"":2}},""temporalSampleCount"":67}",57c77be252b47ced,[object Object],,000000000000000005ba9afd7c8321eb255dcfe10833145b,info
2026-09-29 19:50:40,"[jevsentinel] trajectory state {""action"":""SELL"",""stage"":""DISTRIBUTION"",""riskScore"":4,""confidence"":0.92,""reasons"":[""creator identity resolved"",""5m price deterioration ≤−40%""]}",b08dbcd989fb1a7,[object Object],,000000000000000005ba9afd7c8321eb255dcfe10833145b,info
2026-09-29 19:50:40,"[jevsentinel] temporal state {""priorSnapshotCount"":66,""currentSnapshot"":{""observedAt"":""2026-09-29T22:50:40.800Z"",""price"":0.00002594,""liquidity"":12762.18,""volume"":58916.39,""priceChange5mPct"":-51.48,""priceChange1hPct"":-46.24,""buyCount5m"":657,""sellCount5m"":625,""buySellRatio5m"":0.5124804992199687,""uniqueSellers"":0,""uniqueBuyers"":0,""sellerAcceleration"":0,""coordinatedSellers"":0,""sellUsd"":null,""buyUsd"":null,""sellerCount"":null},""sampleCount"":67,""deltas"":{""price"":0,""liquidity"":0,""volume"":0,""priceChange5mPct"":0,""priceChange1hPct"":0,""buyCount5m"":0,""sellCount5m"":0,""buySellRatio5m"":0,""uniqueSellers"":0,""uniqueBuyers"":0,""sellerAcceleration"":0,""coordinatedSellers"":0},""acceleration"":{""selling"":""stable"",""buyPressure"":""stable"",""volume"":""stable"",""liquidity"":""stable"",""price"":""stable"",""sellers"":""stable"",""coordination"":""stable""}}",14877697658f3d16,[object Object],,000000000000000005ba9afd7c8321eb255dcfe10833145b,info
2026-09-29 19:50:36,"[jevsentinel] live action state {""action"":""SELL"",""stage"":""DISTRIBUTION"",""riskScore"":4,""confidence"":0.92,""reasons"":[""creator identity resolved"",""5m price deterioration ≤−40%""]}",a99dee96e9ab5897,[object Object],,000000000000000005ba9afd7c8321eb255dcfe10833145b,info
2026-09-29 19:50:36,"[jevsentinel] shadow prediction {""version"":1,""shadow"":true,""action"":""SELL"",""confidence"":0.78,""sampleCount"":66,""evidenceQuality"":""strong"",""sourceTrajectoryAction"":""SELL"",""reasons"":[""forward risk structure is deteriorating""],""predictedAt"":""2026-09-29T22:50:36.579Z""}",55b8f114f32fd8a0,[object Object],,000000000000000005ba9afd7c8321eb255dcfe10833145b,info
2026-09-29 19:50:36,"[jevsentinel] decision input {""mint"":""2RFUG2WSvR3v4pGSGj5yNKiFrNM1EhyQWr4XvvHBpump"",""sourceCard"":""CW"",""evidenceGroups"":{""tokenIntegrity"":true,""holderStructure"":true,""creatorIntelligence"":true,""walletBehaviour"":true,""flowDynamics"":true,""marketDynamics"":true,""liquidityStructure"":true,""temporalIntelligence"":true,""historicalIntelligence"":true,""socialNarrative"":true,""alternativeExplanation"":true},""evidenceQuality"":""strong"",""providers"":{""token-research"":{""available"":true,""fieldCount"":30},""transfer-flow"":{""available"":true,""fieldCount"":13},""social-narrative"":{""available"":true,""fieldCount"":2}},""temporalSampleCount"":66}",1b9776ee43c15255,[object Object],,000000000000000005ba9afd7c8321eb255dcfe10833145b,info
2026-09-29 19:50:36,"[jevsentinel] trajectory state {""action"":""SELL"",""stage"":""DISTRIBUTION"",""riskScore"":4,""confidence"":0.92,""reasons"":[""creator identity resolved"",""5m price deterioration ≤−40%""]}",4834a169a9bbb8de,[object Object],,000000000000000005ba9afd7c8321eb255dcfe10833145b,info
2026-09-29 19:50:36,"[jevsentinel] temporal state {""priorSnapshotCount"":65,""currentSnapshot"":{""observedAt"":""2026-09-29T22:50:36.405Z"",""price"":0.00002594,""liquidity"":12762.18,""volume"":58916.39,""priceChange5mPct"":-51.48,""priceChange1hPct"":-46.24,""buyCount5m"":657,""sellCount5m"":625,""buySellRatio5m"":0.5124804992199687,""uniqueSellers"":0,""uniqueBuyers"":0,""sellerAcceleration"":0,""coordinatedSellers"":0,""sellUsd"":null,""buyUsd"":null,""sellerCount"":null},""sampleCount"":66,""deltas"":{""price"":0,""liquidity"":0,""volume"":0,""priceChange5mPct"":0,""priceChange1hPct"":0,""buyCount5m"":0,""sellCount5m"":0,""buySellRatio5m"":0,""uniqueSellers"":0,""uniqueBuyers"":0,""sellerAcceleration"":0,""coordinatedSellers"":0},""acceleration"":{""selling"":""stable"",""buyPressure"":""stable"",""volume"":""stable"",""liquidity"":""stable"",""price"":""stable"",""sellers"":""stable"",""coordination"":""stable""}}",886fb905d4ac8632,[object Object],,000000000000000005ba9afd7c8321eb255dcfe10833145b,info
2026-09-29 19:50:32,"[jevsentinel] live action state {""action"":""SELL"",""stage"":""DISTRIBUTION"",""riskScore"":4,""confidence"":0.92,""reasons"":[""5m price deterioration ≤−40%""]}",3ecd817b175c58a6,[object Object],,000000000000000005ba9afd7c8321eb255dcfe10833145b,info
2026-09-29 19:50:32,"[jevsentinel] shadow prediction {""version"":1,""shadow"":true,""action"":""SELL"",""confidence"":0.78,""sampleCount"":65,""evidenceQuality"":""strong"",""sourceTrajectoryAction"":""SELL"",""reasons"":[""forward risk structure is deteriorating""],""predictedAt"":""2026-09-29T22:50:32.116Z""}",43983385928bac16,[object Object],,000000000000000005ba9afd7c8321eb255dcfe10833145b,info
2026-09-29 19:50:31,"[jevsentinel] decision input {""mint"":""2RFUG2WSvR3v4pGSGj5yNKiFrNM1EhyQWr4XvvHBpump"",""sourceCard"":""CW"",""evidenceGroups"":{""tokenIntegrity"":true,""holderStructure"":true,""creatorIntelligence"":true,""walletBehaviour"":true,""flowDynamics"":true,""marketDynamics"":true,""liquidityStructure"":true,""temporalIntelligence"":true,""historicalIntelligence"":true,""socialNarrative"":true,""alternativeExplanation"":true},""evidenceQuality"":""strong"",""providers"":{""token-research"":{""available"":true,""fieldCount"":30},""transfer-flow"":{""available"":true,""fieldCount"":13},""social-narrative"":{""available"":true,""fieldCount"":2}},""temporalSampleCount"":65}",fb4321fdc147ebb1,[object Object],,000000000000000005ba9afd7c8321eb255dcfe10833145b,info
2026-09-29 19:50:31,"[jevsentinel] trajectory state {""action"":""SELL"",""stage"":""DISTRIBUTION"",""riskScore"":4,""confidence"":0.92,""reasons"":[""5m price deterioration ≤−40%""]}",b21aff41e1e55070,[object Object],,000000000000000005ba9afd7c8321eb255dcfe10833145b,info
2026-09-29 19:50:31,"[jevsentinel] temporal state {""priorSnapshotCount"":64,""currentSnapshot"":{""observedAt"":""2026-09-29T22:50:31.818Z"",""price"":0.00002594,""liquidity"":12762.18,""volume"":58916.39,""priceChange5mPct"":-51.48,""priceChange1hPct"":-46.24,""buyCount5m"":657,""sellCount5m"":625,""buySellRatio5m"":0.5124804992199687,""uniqueSellers"":0,""uniqueBuyers"":0,""sellerAcceleration"":0,""coordinatedSellers"":0,""sellUsd"":null,""buyUsd"":null,""sellerCount"":null},""sampleCount"":65,""deltas"":{""price"":0,""liquidity"":0,""volume"":0,""priceChange5mPct"":0,""priceChange1hPct"":0,""buyCount5m"":0,""sellCount5m"":0,""buySellRatio5m"":0,""uniqueSellers"":0,""uniqueBuyers"":0,""sellerAcceleration"":0,""coordinatedSellers"":0},""acceleration"":{""selling"":""stable"",""buyPressure"":""stable"",""volume"":""stable"",""liquidity"":""stable"",""price"":""stable"",""sellers"":""stable"",""coordination"":""stable""}}",c9ac86b5eb5170c0,[object Object],,000000000000000005ba9afd7c8321eb255dcfe10833145b,info
2026-09-29 19:50:26,"[jevsentinel] live action state {""action"":""SELL"",""stage"":""DISTRIBUTION"",""riskScore"":4,""confidence"":0.92,""reasons"":[""5m price deterioration ≤−40%""]}",aa6f695ff42c9252,[object Object],,000000000000000005ba9afd7c8321eb255dcfe10833145b,info
2026-09-29 19:50:26,"[jevsentinel] shadow prediction {""version"":1,""shadow"":true,""action"":""SELL"",""confidence"":0.78,""sampleCount"":64,""evidenceQuality"":""strong"",""sourceTrajectoryAction"":""SELL"",""reasons"":[""forward risk structure is deteriorating""],""predictedAt"":""2026-09-29T22:50:26.921Z""}",d708c595d8f259bf,[object Object],,000000000000000005ba9afd7c8321eb255dcfe10833145b,info
2026-09-29 19:50:26,"[jevsentinel] decision input {""mint"":""2RFUG2WSvR3v4pGSGj5yNKiFrNM1EhyQWr4XvvHBpump"",""sourceCard"":""CW"",""evidenceGroups"":{""tokenIntegrity"":true,""holderStructure"":true,""creatorIntelligence"":true,""walletBehaviour"":true,""flowDynamics"":true,""marketDynamics"":true,""liquidityStructure"":true,""temporalIntelligence"":true,""historicalIntelligence"":true,""socialNarrative"":true,""alternativeExplanation"":true},""evidenceQuality"":""strong"",""providers"":{""token-research"":{""available"":true,""fieldCount"":30},""transfer-flow"":{""available"":true,""fieldCount"":13},""social-narrative"":{""available"":true,""fieldCount"":2}},""temporalSampleCount"":64}",77f8ad381a84d40f,[object Object],,000000000000000005ba9afd7c8321eb255dcfe10833145b,info
2026-09-29 19:50:26,"[jevsentinel] trajectory state {""action"":""SELL"",""stage"":""DISTRIBUTION"",""riskScore"":4,""confidence"":0.92,""reasons"":[""5m price deterioration ≤−40%""]}",79112b68ce36a142,[object Object],,000000000000000005ba9afd7c8321eb255dcfe10833145b,info
2026-09-29 19:50:26,"[jevsentinel] temporal state {""priorSnapshotCount"":63,""currentSnapshot"":{""observedAt"":""2026-09-29T22:50:26.735Z"",""price"":0.00002594,""liquidity"":12762.18,""volume"":58916.39,""priceChange5mPct"":-51.48,""priceChange1hPct"":-46.24,""buyCount5m"":657,""sellCount5m"":625,""buySellRatio5m"":0.5124804992199687,""uniqueSellers"":0,""uniqueBuyers"":0,""sellerAcceleration"":0,""coordinatedSellers"":0,""sellUsd"":null,""buyUsd"":null,""sellerCount"":null},""sampleCount"":64,""deltas"":{""price"":0,""liquidity"":0,""volume"":0,""priceChange5mPct"":0,""priceChange1hPct"":0,""buyCount5m"":0,""sellCount5m"":0,""buySellRatio5m"":0,""uniqueSellers"":0,""uniqueBuyers"":0,""sellerAcceleration"":0,""coordinatedSellers"":0},""acceleration"":{""selling"":""stable"",""buyPressure"":""stable"",""volume"":""stable"",""liquidity"":""stable"",""price"":""stable"",""sellers"":""stable"",""coordination"":""stable""}}",715e93fd8b81e480,[object Object],,000000000000000005ba9afd7c8321eb255dcfe10833145b,info
2026-09-29 19:50:23,"[jevsentinel] live action state {""action"":""SELL"",""stage"":""DISTRIBUTION"",""riskScore"":4,""confidence"":0.92,""reasons"":[""creator identity resolved"",""5m price deterioration ≤−40%""]}",112ef147c0097c30,[object Object],,000000000000000005ba9afd7c8321eb255dcfe10833145b,info
2026-09-29 19:50:23,"[jevsentinel] shadow prediction {""version"":1,""shadow"":true,""action"":""SELL"",""confidence"":0.78,""sampleCount"":63,""evidenceQuality"":""strong"",""sourceTrajectoryAction"":""SELL"",""reasons"":[""forward risk structure is deteriorating""],""predictedAt"":""2026-09-29T22:50:23.051Z""}",d15aa19d04facf16,[object Object],,000000000000000005ba9afd7c8321eb255dcfe10833145b,info
2026-09-29 19:50:22,"[jevsentinel] decision input {""mint"":""2RFUG2WSvR3v4pGSGj5yNKiFrNM1EhyQWr4XvvHBpump"",""sourceCard"":""CW"",""evidenceGroups"":{""tokenIntegrity"":true,""holderStructure"":true,""creatorIntelligence"":true,""walletBehaviour"":true,""flowDynamics"":true,""marketDynamics"":true,""liquidityStructure"":true,""temporalIntelligence"":true,""historicalIntelligence"":true,""socialNarrative"":true,""alternativeExplanation"":true},""evidenceQuality"":""strong"",""providers"":{""token-research"":{""available"":true,""fieldCount"":30},""transfer-flow"":{""available"":true,""fieldCount"":13},""social-narrative"":{""available"":true,""fieldCount"":2}},""temporalSampleCount"":63}",5c5b4c371e7719e4,[object Object],,000000000000000005ba9afd7c8321eb255dcfe10833145b,info
2026-09-29 19:50:22,"[jevsentinel] trajectory state {""action"":""SELL"",""stage"":""DISTRIBUTION"",""riskScore"":4,""confidence"":0.92,""reasons"":[""creator identity resolved"",""5m price deterioration ≤−40%""]}",60c6abd50a14d8ef,[object Object],,000000000000000005ba9afd7c8321eb255dcfe10833145b,info
2026-09-29 19:50:22,"[jevsentinel] temporal state {""priorSnapshotCount"":62,""currentSnapshot"":{""observedAt"":""2026-09-29T22:50:22.775Z"",""price"":0.00002594,""liquidity"":12762.18,""volume"":58916.39,""priceChange5mPct"":-51.48,""priceChange1hPct"":-46.24,""buyCount5m"":657,""sellCount5m"":625,""buySellRatio5m"":0.5124804992199687,""uniqueSellers"":0,""uniqueBuyers"":0,""sellerAcceleration"":0,""coordinatedSellers"":0,""sellUsd"":null,""buyUsd"":null,""sellerCount"":null},""sampleCount"":63,""deltas"":{""price"":0,""liquidity"":0,""volume"":0,""priceChange5mPct"":0,""priceChange1hPct"":0,""buyCount5m"":0,""sellCount5m"":0,""buySellRatio5m"":0,""uniqueSellers"":0,""uniqueBuyers"":0,""sellerAcceleration"":0,""coordinatedSellers"":0},""acceleration"":{""selling"":""stable"",""buyPressure"":""stable"",""volume"":""stable"",""liquidity"":""stable"",""price"":""stable"",""sellers"":""stable"",""coordination"":""stable""}}",5ef5a55b730f24c1,[object Object],,000000000000000005ba9afd7c8321eb255dcfe10833145b,info
2026-09-29 19:50:18,"[jevsentinel] live action state {""action"":""SELL"",""stage"":""DISTRIBUTION"",""riskScore"":7,""confidence"":0.99,""reasons"":[""creator identity resolved"",""JEV progression: distribution"",""5m price deterioration ≤−40%"",""selling is accelerating""]}",843f74bb714ae0f9,[object Object],,000000000000000005ba9afd7c8321eb255dcfe10833145b,info
2026-09-29 19:50:18,"[jevsentinel] shadow prediction {""version"":1,""shadow"":true,""action"":""SELL"",""confidence"":0.78,""sampleCount"":62,""evidenceQuality"":""strong"",""sourceTrajectoryAction"":""SELL"",""reasons"":[""forward risk structure is deteriorating""],""predictedAt"":""2026-09-29T22:50:18.612Z""}",17c9b19e9a30386,[object Object],,000000000000000005ba9afd7c8321eb255dcfe10833145b,info
2026-09-29 19:50:18,"[jevsentinel] decision input {""mint"":""2RFUG2WSvR3v4pGSGj5yNKiFrNM1EhyQWr4XvvHBpump"",""sourceCard"":""CW"",""evidenceGroups"":{""tokenIntegrity"":true,""holderStructure"":true,""creatorIntelligence"":true,""walletBehaviour"":true,""flowDynamics"":true,""marketDynamics"":true,""liquidityStructure"":true,""temporalIntelligence"":true,""historicalIntelligence"":true,""socialNarrative"":true,""alternativeExplanation"":true},""evidenceQuality"":""strong"",""providers"":{""token-research"":{""available"":true,""fieldCount"":30},""transfer-flow"":{""available"":true,""fieldCount"":13},""social-narrative"":{""available"":true,""fieldCount"":2}},""temporalSampleCount"":62}",6f5f443e05b347cc,[object Object],,000000000000000005ba9afd7c8321eb255dcfe10833145b,info
2026-09-29 19:50:18,"[jevsentinel] trajectory state {""action"":""SELL"",""stage"":""DISTRIBUTION"",""riskScore"":5,""confidence"":0.99,""reasons"":[""creator identity resolved"",""5m price deterioration ≤−40%"",""selling is accelerating""]}",13f97fda02a216e2,[object Object],,000000000000000005ba9afd7c8321eb255dcfe10833145b,info
2026-09-29 19:50:18,"[jevsentinel] temporal state {""priorSnapshotCount"":61,""currentSnapshot"":{""observedAt"":""2026-09-29T22:50:18.437Z"",""price"":0.00002594,""liquidity"":12762.18,""volume"":58916.39,""priceChange5mPct"":-51.48,""priceChange1hPct"":-46.24,""buyCount5m"":657,""sellCount5m"":625,""buySellRatio5m"":0.5124804992199687,""uniqueSellers"":0,""uniqueBuyers"":0,""sellerAcceleration"":0,""coordinatedSellers"":0,""sellUsd"":null,""buyUsd"":null,""sellerCount"":null},""sampleCount"":62,""deltas"":{""price"":0.0000011099999999999978,""liquidity"":320.7900000000009,""volume"":1073.3399999999965,""priceChange5mPct"":2.0700000000000003,""priceChange1hPct"":2.289999999999999,""buyCount5m"":23,""sellCount5m"":22,""buySellRatio5m"":-0.00004981605893183971,""uniqueSellers"":0,""uniqueBuyers"":0,""sellerAcceleration"":0,""coordinatedSellers"":0},""acceleration"":{""selling"":""increasing"",""buyPressure"":""decreasing"",""volume"":""increasing"",""liquidity"":""improving"",""price"":""improving"",""sellers"":""stable"",""coordination"":""stable""}}",be73f18bebb56958,[object Object],,000000000000000005ba9afd7c8321eb255dcfe10833145b,info
2026-09-29 19:50:14,"[jevsentinel] shadow outcome observed {""mint"":""DtFkKBC3Cmi9j3SxBGRUd8gvBLw7nAasrvUJFB69yubM"",""predictionCount"":31,""outcome"":{""label"":""unresolved"",""source"":""live-monitor-window"",""completedAt"":""2026-09-29T22:50:14.429Z"",""sampleCount"":101,""entryPrice"":0.0001882,""terminalPrice"":0.0001639,""peakGainPct"":79.914984,""terminalReturnPct"":-12.911796,""maxDrawdownPct"":-72.179563,""entryLiquidityUsd"":41825.77,""terminalLiquidityUsd"":40013.58,""liquidityChangeUsd"":-1812.19,""liquidityChangePct"":-4.332712},""validation"":""label-unresolved; objective metrics only""}",7dd81c9b9237b580,[object Object],,000000000000000005ba9afd7c8321eb255dcfe10833145b,info
2026-09-29 19:50:05,"[jevsentinel] live action state {""action"":""SELL"",""stage"":""DISTRIBUTION"",""riskScore"":4,""confidence"":0.92,""reasons"":[""5m price deterioration ≤−40%""]}",8df01900b52a3e39,[object Object],,000000000000000005ba9afd7c8321eb255dcfe10833145b,info
2026-09-29 19:50:05,"[jevsentinel] shadow prediction {""version"":1,""shadow"":true,""action"":""SELL"",""confidence"":0.78,""sampleCount"":61,""evidenceQuality"":""strong"",""sourceTrajectoryAction"":""SELL"",""reasons"":[""forward risk structure is deteriorating""],""predictedAt"":""2026-09-29T22:50:05.996Z""}",746ea3d81c8bb0fa,[object Object],,000000000000000005ba9afd7c8321eb255dcfe10833145b,info
2026-09-29 19:50:05,"[jevsentinel] live action state {""action"":""SELL"",""stage"":""DISTRIBUTION"",""riskScore"":4,""confidence"":0.92,""reasons"":[""5m price deterioration ≤−40%""]}",a5d2db80dd311a49,[object Object],,000000000000000005ba9afd7c8321eb255dcfe10833145b,info
2026-09-29 19:50:05,"[jevsentinel] shadow prediction {""version"":1,""shadow"":true,""action"":""SELL"",""confidence"":0.78,""sampleCount"":102,""evidenceQuality"":""strong"",""sourceTrajectoryAction"":""SELL"",""reasons"":[""forward risk structure is deteriorating""],""predictedAt"":""2026-09-29T22:50:05.916Z""}",5e1a90f2289c4c32,[object Object],,000000000000000005ba9afd7c8321eb255dcfe10833145b,info
2026-09-29 19:50:05,"[jevsentinel] decision input {""mint"":""2RFUG2WSvR3v4pGSGj5yNKiFrNM1EhyQWr4XvvHBpump"",""sourceCard"":""CW"",""evidenceGroups"":{""tokenIntegrity"":true,""holderStructure"":true,""creatorIntelligence"":false,""walletBehaviour"":true,""flowDynamics"":true,""marketDynamics"":true,""liquidityStructure"":true,""temporalIntelligence"":true,""historicalIntelligence"":true,""socialNarrative"":true,""alternativeExplanation"":true},""evidenceQuality"":""strong"",""providers"":{""token-research"":{""available"":true,""fieldCount"":29},""transfer-flow"":{""available"":true,""fieldCount"":13},""social-narrative"":{""available"":true,""fieldCount"":2}},""temporalSampleCount"":61}",fa8b3d5056831eae,[object Object],,000000000000000005ba9afd7c8321eb255dcfe10833145b,info
2026-09-29 19:50:05,"[jevsentinel] trajectory state {""action"":""SELL"",""stage"":""DISTRIBUTION"",""riskScore"":4,""confidence"":0.92,""reasons"":[""5m price deterioration ≤−40%""]}",ef2c173a12d0707a,[object Object],,000000000000000005ba9afd7c8321eb255dcfe10833145b,info
2026-09-29 19:50:05,"[jevsentinel] temporal state {""priorSnapshotCount"":60,""currentSnapshot"":{""observedAt"":""2026-09-29T22:50:05.828Z"",""price"":0.00002483,""liquidity"":12441.39,""volume"":57843.05,""priceChange5mPct"":-53.55,""priceChange1hPct"":-48.53,""buyCount5m"":634,""sellCount5m"":603,""buySellRatio5m"":0.5125303152789006,""uniqueSellers"":0,""uniqueBuyers"":0,""sellerAcceleration"":0,""coordinatedSellers"":0,""sellUsd"":null,""buyUsd"":null,""sellerCount"":null},""sampleCount"":61,""deltas"":{""price"":0,""liquidity"":0,""volume"":0,""priceChange5mPct"":0,""priceChange1hPct"":0,""buyCount5m"":0,""sellCount5m"":0,""buySellRatio5m"":0,""uniqueSellers"":0,""uniqueBuyers"":0,""sellerAcceleration"":0,""coordinatedSellers"":0},""acceleration"":{""selling"":""stable"",""buyPressure"":""stable"",""volume"":""stable"",""liquidity"":""stable"",""price"":""stable"",""sellers"":""stable"",""coordination"":""stable""}}",33f9f05ab760df39,[object Object],,000000000000000005ba9afd7c8321eb255dcfe10833145b,info
2026-09-29 19:50:05,"[jevsentinel] decision input {""mint"":""DtFkKBC3Cmi9j3SxBGRUd8gvBLw7nAasrvUJFB69yubM"",""sourceCard"":""CW"",""evidenceGroups"":{""tokenIntegrity"":true,""holderStructure"":true,""creatorIntelligence"":true,""walletBehaviour"":true,""flowDynamics"":true,""marketDynamics"":true,""liquidityStructure"":true,""temporalIntelligence"":true,""historicalIntelligence"":true,""socialNarrative"":true,""alternativeExplanation"":true},""evidenceQuality"":""strong"",""providers"":{""token-research"":{""available"":true,""fieldCount"":30},""transfer-flow"":{""available"":true,""fieldCount"":13},""social-narrative"":{""available"":true,""fieldCount"":2}},""temporalSampleCount"":102}",39c1989592e8e13,[object Object],,000000000000000005ba9afd7c8321eb255dcfe10833145b,info
2026-09-29 19:50:05,"[jevsentinel] trajectory state {""action"":""SELL"",""stage"":""DISTRIBUTION"",""riskScore"":4,""confidence"":0.92,""reasons"":[""5m price deterioration ≤−40%""]}",45502cb3ce7ca81,[object Object],,000000000000000005ba9afd7c8321eb255dcfe10833145b,info
2026-09-29 19:50:05,"[jevsentinel] temporal state {""priorSnapshotCount"":101,""currentSnapshot"":{""observedAt"":""2026-09-29T22:50:05.736Z"",""price"":0.0001639,""liquidity"":40013.58,""volume"":374779.71,""priceChange5mPct"":-41.72,""priceChange1hPct"":176,""buyCount5m"":2092,""sellCount5m"":1983,""buySellRatio5m"":0.5133742331288343,""uniqueSellers"":0,""uniqueBuyers"":0,""sellerAcceleration"":0,""coordinatedSellers"":0,""sellUsd"":null,""buyUsd"":null,""sellerCount"":null},""sampleCount"":102,""deltas"":{""price"":0,""liquidity"":0,""volume"":0,""priceChange5mPct"":0,""priceChange1hPct"":0,""buyCount5m"":0,""sellCount5m"":0,""buySellRatio5m"":0,""uniqueSellers"":0,""uniqueBuyers"":0,""sellerAcceleration"":0,""coordinatedSellers"":0},""acceleration"":{""selling"":""stable"",""buyPressure"":""stable"",""volume"":""stable"",""liquidity"":""stable"",""price"":""stable"",""sellers"":""stable"",""coordination"":""stable""}}",d203715ad3c870cc,[object Object],,000000000000000005ba9afd7c8321eb255dcfe10833145b,info
2026-09-29 19:50:02,[jevsentinel-live] monitoring tick failed,7e589ec8dbc786f4,[object Object],,000000000000000005ba9afd7c8321eb255dcfe10833145b,info
2026-09-29 19:50:02,[jevsentinel-live] monitoring tick failed,f71b1aa905200d15,[object Object],,000000000000000005ba9afd7c8321eb255dcfe10833145b,info
2026-09-29 19:50:02,"[jevsentinel] live action state {""action"":""SELL"",""stage"":""DISTRIBUTION"",""riskScore"":4,""confidence"":0.92,""reasons"":[""5m price deterioration ≤−40%""]}",f8b36ba934c77c26,[object Object],,000000000000000005ba9afd7c8321eb255dcfe10833145b,info
2026-09-29 19:50:02,"[jevsentinel] shadow prediction {""version"":1,""shadow"":true,""action"":""SELL"",""confidence"":0.78,""sampleCount"":60,""evidenceQuality"":""strong"",""sourceTrajectoryAction"":""SELL"",""reasons"":[""forward risk structure is deteriorating""],""predictedAt"":""2026-09-29T22:50:02.163Z""}",b5c5fef26cac0987,[object Object],,000000000000000005ba9afd7c8321eb255dcfe10833145b,info
2026-09-29 19:50:02,"[jevsentinel] live action state {""action"":""SELL"",""stage"":""DISTRIBUTION"",""riskScore"":4,""confidence"":0.92,""reasons"":[""5m price deterioration ≤−40%""]}",20ceca5adbdc5947,[object Object],,000000000000000005ba9afd7c8321eb255dcfe10833145b,info
2026-09-29 19:50:02,"[jevsentinel] shadow prediction {""version"":1,""shadow"":true,""action"":""SELL"",""confidence"":0.78,""sampleCount"":102,""evidenceQuality"":""strong"",""sourceTrajectoryAction"":""SELL"",""reasons"":[""forward risk structure is deteriorating""],""predictedAt"":""2026-09-29T22:50:02.034Z""}",d2826b2ec4e487f2,[object Object],,000000000000000005ba9afd7c8321eb255dcfe10833145b,info
2026-09-29 19:50:01,"[jevsentinel] decision input {""mint"":""2RFUG2WSvR3v4pGSGj5yNKiFrNM1EhyQWr4XvvHBpump"",""sourceCard"":""CW"",""evidenceGroups"":{""tokenIntegrity"":true,""holderStructure"":true,""creatorIntelligence"":false,""walletBehaviour"":true,""flowDynamics"":true,""marketDynamics"":true,""liquidityStructure"":true,""temporalIntelligence"":true,""historicalIntelligence"":true,""socialNarrative"":true,""alternativeExplanation"":true},""evidenceQuality"":""strong"",""providers"":{""token-research"":{""available"":true,""fieldCount"":28},""transfer-flow"":{""available"":true,""fieldCount"":13},""social-narrative"":{""available"":true,""fieldCount"":2}},""temporalSampleCount"":60}",d66e3851e8b0bb88,[object Object],,000000000000000005ba9afd7c8321eb255dcfe10833145b,info
2026-09-29 19:50:01,"[jevsentinel] trajectory state {""action"":""SELL"",""stage"":""DISTRIBUTION"",""riskScore"":4,""confidence"":0.92,""reasons"":[""5m price deterioration ≤−40%""]}",8bb54154457ec988,[object Object],,000000000000000005ba9afd7c8321eb255dcfe10833145b,info
2026-09-29 19:50:01,"[jevsentinel] temporal state {""priorSnapshotCount"":59,""currentSnapshot"":{""observedAt"":""2026-09-29T22:50:01.969Z"",""price"":0.00002483,""liquidity"":12441.39,""volume"":57843.05,""priceChange5mPct"":-53.55,""priceChange1hPct"":-48.53,""buyCount5m"":634,""sellCount5m"":603,""buySellRatio5m"":0.5125303152789006,""uniqueSellers"":0,""uniqueBuyers"":0,""sellerAcceleration"":0,""coordinatedSellers"":0,""sellUsd"":null,""buyUsd"":null,""sellerCount"":null},""sampleCount"":60,""deltas"":{""price"":0,""liquidity"":0,""volume"":0,""priceChange5mPct"":0,""priceChange1hPct"":0,""buyCount5m"":0,""sellCount5m"":0,""buySellRatio5m"":0,""uniqueSellers"":0,""uniqueBuyers"":0,""sellerAcceleration"":0,""coordinatedSellers"":0},""acceleration"":{""selling"":""stable"",""buyPressure"":""stable"",""volume"":""stable"",""liquidity"":""stable"",""price"":""stable"",""sellers"":""stable"",""coordination"":""stable""}}",2e4ba99a9b9365ae,[object Object],,000000000000000005ba9afd7c8321eb255dcfe10833145b,info
2026-09-29 19:50:01,"[jevsentinel] decision input {""mint"":""DtFkKBC3Cmi9j3SxBGRUd8gvBLw7nAasrvUJFB69yubM"",""sourceCard"":""CW"",""evidenceGroups"":{""tokenIntegrity"":true,""holderStructure"":true,""creatorIntelligence"":false,""walletBehaviour"":true,""flowDynamics"":true,""marketDynamics"":true,""liquidityStructure"":true,""temporalIntelligence"":true,""historicalIntelligence"":true,""socialNarrative"":true,""alternativeExplanation"":true},""evidenceQuality"":""strong"",""providers"":{""token-research"":{""available"":true,""fieldCount"":29},""transfer-flow"":{""available"":true,""fieldCount"":13},""social-narrative"":{""available"":true,""fieldCount"":2}},""temporalSampleCount"":102}",661f0778ef14a12,[object Object],,000000000000000005ba9afd7c8321eb255dcfe10833145b,info
2026-09-29 19:50:01,"[jevsentinel] trajectory state {""action"":""SELL"",""stage"":""DISTRIBUTION"",""riskScore"":4,""confidence"":0.92,""reasons"":[""5m price deterioration ≤−40%""]}",d1ac7fa37f3f6507,[object Object],,000000000000000005ba9afd7c8321eb255dcfe10833145b,info
2026-09-29 19:50:01,"[jevsentinel] temporal state {""priorSnapshotCount"":101,""currentSnapshot"":{""observedAt"":""2026-09-29T22:50:01.857Z"",""price"":0.0001639,""liquidity"":40013.58,""volume"":374779.71,""priceChange5mPct"":-41.72,""priceChange1hPct"":176,""buyCount5m"":2092,""sellCount5m"":1983,""buySellRatio5m"":0.5133742331288343,""uniqueSellers"":0,""uniqueBuyers"":0,""sellerAcceleration"":0,""coordinatedSellers"":0,""sellUsd"":null,""buyUsd"":null,""sellerCount"":null},""sampleCount"":102,""deltas"":{""price"":0,""liquidity"":0,""volume"":0,""priceChange5mPct"":0,""priceChange1hPct"":0,""buyCount5m"":0,""sellCount5m"":0,""buySellRatio5m"":0,""uniqueSellers"":0,""uniqueBuyers"":0,""sellerAcceleration"":0,""coordinatedSellers"":0},""acceleration"":{""selling"":""stable"",""buyPressure"":""stable"",""volume"":""stable"",""liquidity"":""stable"",""price"":""stable"",""sellers"":""stable"",""coordination"":""stable""}}",3463c41920d15046,[object Object],,000000000000000005ba9afd7c8321eb255dcfe10833145b,info
2026-09-29 19:49:58,[jevsentinel-live] monitoring tick failed,93f4821fa1963799,[object Object],,000000000000000005ba9afd7c8321eb255dcfe10833145b,info
2026-09-29 19:49:58,"[jevsentinel] live action state {""action"":""SELL"",""stage"":""DISTRIBUTION"",""riskScore"":4,""confidence"":0.92,""reasons"":[""5m price deterioration ≤−40%""]}",6d4f8c91e2c7ca,[object Object],,000000000000000005ba9afd7c8321eb255dcfe10833145b,info
2026-09-29 19:49:58,"[jevsentinel] shadow prediction {""version"":1,""shadow"":true,""action"":""SELL"",""confidence"":0.78,""sampleCount"":59,""evidenceQuality"":""strong"",""sourceTrajectoryAction"":""SELL"",""reasons"":[""forward risk structure is deteriorating""],""predictedAt"":""2026-09-29T22:49:58.528Z""}",12af68448ee67a8d,[object Object],,000000000000000005ba9afd7c8321eb255dcfe10833145b,info
2026-09-29 19:49:58,[jevsentinel-live] monitoring tick failed,cd07e826b9e97c,[object Object],,000000000000000005ba9afd7c8321eb255dcfe10833145b,info
2026-09-29 19:49:58,"[jevsentinel] decision input {""mint"":""2RFUG2WSvR3v4pGSGj5yNKiFrNM1EhyQWr4XvvHBpump"",""sourceCard"":""CW"",""evidenceGroups"":{""tokenIntegrity"":true,""holderStructure"":true,""creatorIntelligence"":true,""walletBehaviour"":true,""flowDynamics"":true,""marketDynamics"":true,""liquidityStructure"":true,""temporalIntelligence"":true,""historicalIntelligence"":true,""socialNarrative"":true,""alternativeExplanation"":true},""evidenceQuality"":""strong"",""providers"":{""token-research"":{""available"":true,""fieldCount"":30},""transfer-flow"":{""available"":true,""fieldCount"":13},""social-narrative"":{""available"":true,""fieldCount"":2}},""temporalSampleCount"":59}",42a40667924b2f69,[object Object],,000000000000000005ba9afd7c8321eb255dcfe10833145b,info
2026-09-29 19:49:58,"[jevsentinel] trajectory state {""action"":""SELL"",""stage"":""DISTRIBUTION"",""riskScore"":4,""confidence"":0.92,""reasons"":[""5m price deterioration ≤−40%""]}",23343c7936877fec,[object Object],,000000000000000005ba9afd7c8321eb255dcfe10833145b,info
2026-09-29 19:49:58,"[jevsentinel] temporal state {""priorSnapshotCount"":58,""currentSnapshot"":{""observedAt"":""2026-09-29T22:49:58.341Z"",""price"":0.00002483,""liquidity"":12441.39,""volume"":57843.05,""priceChange5mPct"":-53.55,""priceChange1hPct"":-48.53,""buyCount5m"":634,""sellCount5m"":603,""buySellRatio5m"":0.5125303152789006,""uniqueSellers"":0,""uniqueBuyers"":0,""sellerAcceleration"":0,""coordinatedSellers"":0,""sellUsd"":null,""buyUsd"":null,""sellerCount"":null},""sampleCount"":59,""deltas"":{""price"":0,""liquidity"":0,""volume"":0,""priceChange5mPct"":0,""priceChange1hPct"":0,""buyCount5m"":0,""sellCount5m"":0,""buySellRatio5m"":0,""uniqueSellers"":0,""uniqueBuyers"":0,""sellerAcceleration"":0,""coordinatedSellers"":0},""acceleration"":{""selling"":""stable"",""buyPressure"":""stable"",""volume"":""stable"",""liquidity"":""stable"",""price"":""stable"",""sellers"":""stable"",""coordination"":""stable""}}",c90c827eb201aa16,[object Object],,000000000000000005ba9afd7c8321eb255dcfe10833145b,info
2026-09-29 19:49:58,"[jevsentinel] live action state {""action"":""SELL"",""stage"":""DISTRIBUTION"",""riskScore"":8,""confidence"":0.99,""reasons"":[""JEV progression: distribution"",""5m price deterioration ≤−40%"",""selling is accelerating"",""liquidity is deteriorating""]}",3f605d083403ffcf,[object Object],,000000000000000005ba9afd7c8321eb255dcfe10833145b,info
2026-09-29 19:49:58,"[jevsentinel] shadow prediction {""version"":1,""shadow"":true,""action"":""SELL"",""confidence"":0.78,""sampleCount"":101,""evidenceQuality"":""strong"",""sourceTrajectoryAction"":""SELL"",""reasons"":[""forward risk structure is deteriorating""],""predictedAt"":""2026-09-29T22:49:58.213Z""}",75877706c9af7180,[object Object],,000000000000000005ba9afd7c8321eb255dcfe10833145b,info
2026-09-29 19:49:58,"[jevsentinel] decision input {""mint"":""DtFkKBC3Cmi9j3SxBGRUd8gvBLw7nAasrvUJFB69yubM"",""sourceCard"":""CW"",""evidenceGroups"":{""tokenIntegrity"":true,""holderStructure"":true,""creatorIntelligence"":false,""walletBehaviour"":true,""flowDynamics"":true,""marketDynamics"":true,""liquidityStructure"":true,""temporalIntelligence"":true,""historicalIntelligence"":true,""socialNarrative"":true,""alternativeExplanation"":true},""evidenceQuality"":""strong"",""providers"":{""token-research"":{""available"":true,""fieldCount"":29},""transfer-flow"":{""available"":true,""fieldCount"":13},""social-narrative"":{""available"":true,""fieldCount"":2}},""temporalSampleCount"":101}",76fcdc2a8f14352d,[object Object],,000000000000000005ba9afd7c8321eb255dcfe10833145b,info
2026-09-29 19:49:58,"[jevsentinel] trajectory state {""action"":""SELL"",""stage"":""DISTRIBUTION"",""riskScore"":6,""confidence"":0.99,""reasons"":[""5m price deterioration ≤−40%"",""selling is accelerating"",""liquidity is deteriorating""]}",fe29d6e32e03f047,[object Object],,000000000000000005ba9afd7c8321eb255dcfe10833145b,info
2026-09-29 19:49:58,"[jevsentinel] temporal state {""priorSnapshotCount"":100,""currentSnapshot"":{""observedAt"":""2026-09-29T22:49:58.015Z"",""price"":0.0001639,""liquidity"":40013.58,""volume"":374779.71,""priceChange5mPct"":-41.72,""priceChange1hPct"":176,""buyCount5m"":2092,""sellCount5m"":1983,""buySellRatio5m"":0.5133742331288343,""uniqueSellers"":0,""uniqueBuyers"":0,""sellerAcceleration"":0,""coordinatedSellers"":0,""sellUsd"":null,""buyUsd"":null,""sellerCount"":null},""sampleCount"":101,""deltas"":{""price"":-0.000011600000000000011,""liquidity"":-1441.7099999999991,""volume"":16559.650000000023,""priceChange5mPct"":-4.119999999999997,""priceChange1hPct"":-20,""buyCount5m"":91,""sellCount5m"":92,""buySellRatio5m"":-0.0007573187725017361,""uniqueSellers"":0,""uniqueBuyers"":0,""sellerAcceleration"":0,""coordinatedSellers"":0},""acceleration"":{""selling"":""increasing"",""buyPressure"":""decreasing"",""volume"":""increasing"",""liquidity"":""deteriorating"",""price"":""deteriorating"",""sellers"":""stable"",""coordination"":""stable""}}",c8160cad30fda0ca,[object Object],,000000000000000005ba9afd7c8321eb255dcfe10833145b,info
2026-09-29 19:49:54,[jevsentinel-live] monitoring tick failed,a414b3b5367daa0f,[object Object],,000000000000000005ba9afd7c8321eb255dcfe10833145b,info
2026-09-29 19:49:54,"[jevsentinel] live action state {""action"":""CAUTION"",""stage"":""STABLE"",""riskScore"":2,""confidence"":0.92,""reasons"":[""5m price deterioration ≤−20%""]}",18bddf6a03c93fd2,[object Object],,000000000000000005ba9afd7c8321eb255dcfe10833145b,info
2026-09-29 19:49:54,"[jevsentinel] shadow prediction {""version"":1,""shadow"":true,""action"":""CAUTION"",""confidence"":0.5,""sampleCount"":100,""evidenceQuality"":""strong"",""sourceTrajectoryAction"":""CAUTION"",""reasons"":[""signals do not form a reliable forward setup""],""predictedAt"":""2026-09-29T22:49:54.625Z""}",18b903e218c5659b,[object Object],,000000000000000005ba9afd7c8321eb255dcfe10833145b,info
2026-09-29 19:49:54,"[jevsentinel] live action state {""action"":""SELL"",""stage"":""DISTRIBUTION"",""riskScore"":4,""confidence"":0.92,""reasons"":[""5m price deterioration ≤−40%""]}",92ac1cf90ec2e14f,[object Object],,000000000000000005ba9afd7c8321eb255dcfe10833145b,info
2026-09-29 19:49:54,"[jevsentinel] shadow prediction {""version"":1,""shadow"":true,""action"":""SELL"",""confidence"":0.78,""sampleCount"":58,""evidenceQuality"":""strong"",""sourceTrajectoryAction"":""SELL"",""reasons"":[""forward risk structure is deteriorating""],""predictedAt"":""2026-09-29T22:49:54.623Z""}",47fa17e275af67a6,[object Object],,000000000000000005ba9afd7c8321eb255dcfe10833145b,info
2026-09-29 19:49:54,"[jevsentinel] decision input {""mint"":""2RFUG2WSvR3v4pGSGj5yNKiFrNM1EhyQWr4XvvHBpump"",""sourceCard"":""CW"",""evidenceGroups"":{""tokenIntegrity"":true,""holderStructure"":true,""creatorIntelligence"":false,""walletBehaviour"":true,""flowDynamics"":true,""marketDynamics"":true,""liquidityStructure"":true,""temporalIntelligence"":true,""historicalIntelligence"":true,""socialNarrative"":true,""alternativeExplanation"":true},""evidenceQuality"":""strong"",""providers"":{""token-research"":{""available"":true,""fieldCount"":29},""transfer-flow"":{""available"":true,""fieldCount"":13},""social-narrative"":{""available"":true,""fieldCount"":2}},""temporalSampleCount"":58}",c8fd98e87e4c24e2,[object Object],,000000000000000005ba9afd7c8321eb255dcfe10833145b,info
2026-09-29 19:49:54,"[jevsentinel] trajectory state {""action"":""SELL"",""stage"":""DISTRIBUTION"",""riskScore"":4,""confidence"":0.92,""reasons"":[""5m price deterioration ≤−40%""]}",2fc29526347df9eb,[object Object],,000000000000000005ba9afd7c8321eb255dcfe10833145b,info
2026-09-29 19:49:54,"[jevsentinel] temporal state {""priorSnapshotCount"":57,""currentSnapshot"":{""observedAt"":""2026-09-29T22:49:54.467Z"",""price"":0.00002483,""liquidity"":12441.39,""volume"":57843.05,""priceChange5mPct"":-53.55,""priceChange1hPct"":-48.53,""buyCount5m"":634,""sellCount5m"":603,""buySellRatio5m"":0.5125303152789006,""uniqueSellers"":0,""uniqueBuyers"":0,""sellerAcceleration"":0,""coordinatedSellers"":0,""sellUsd"":null,""buyUsd"":null,""sellerCount"":null},""sampleCount"":58,""deltas"":{""price"":0,""liquidity"":0,""volume"":0,""priceChange5mPct"":0,""priceChange1hPct"":0,""buyCount5m"":0,""sellCount5m"":0,""buySellRatio5m"":0,""uniqueSellers"":0,""uniqueBuyers"":0,""sellerAcceleration"":0,""coordinatedSellers"":0},""acceleration"":{""selling"":""stable"",""buyPressure"":""stable"",""volume"":""stable"",""liquidity"":""stable"",""price"":""stable"",""sellers"":""stable"",""coordination"":""stable""}}",71cc6dfd70ab4167,[object Object],,000000000000000005ba9afd7c8321eb255dcfe10833145b,info
2026-09-29 19:49:54,"[jevsentinel] decision input {""mint"":""DtFkKBC3Cmi9j3SxBGRUd8gvBLw7nAasrvUJFB69yubM"",""sourceCard"":""CW"",""evidenceGroups"":{""tokenIntegrity"":true,""holderStructure"":true,""creatorIntelligence"":true,""walletBehaviour"":true,""flowDynamics"":true,""marketDynamics"":true,""liquidityStructure"":true,""temporalIntelligence"":true,""historicalIntelligence"":true,""socialNarrative"":true,""alternativeExplanation"":true},""evidenceQuality"":""strong"",""providers"":{""token-research"":{""available"":true,""fieldCount"":30},""transfer-flow"":{""available"":true,""fieldCount"":13},""social-narrative"":{""available"":true,""fieldCount"":2}},""temporalSampleCount"":100}",afe764b8fb21b12b,[object Object],,000000000000000005ba9afd7c8321eb255dcfe10833145b,info
2026-09-29 19:49:54,"[jevsentinel] trajectory state {""action"":""CAUTION"",""stage"":""STABLE"",""riskScore"":2,""confidence"":0.92,""reasons"":[""5m price deterioration ≤−20%""]}",e37786e52c9d5e7a,[object Object],,000000000000000005ba9afd7c8321eb255dcfe10833145b,info
2026-09-29 19:49:54,"[jevsentinel] temporal state {""priorSnapshotCount"":99,""currentSnapshot"":{""observedAt"":""2026-09-29T22:49:54.412Z"",""price"":0.0001755,""liquidity"":41455.29,""volume"":358220.06,""priceChange5mPct"":-37.6,""priceChange1hPct"":196,""buyCount5m"":2001,""sellCount5m"":1891,""buySellRatio5m"":0.5141315519013361,""uniqueSellers"":0,""uniqueBuyers"":0,""sellerAcceleration"":0,""coordinatedSellers"":0,""sellUsd"":null,""buyUsd"":null,""sellerCount"":null},""sampleCount"":100,""deltas"":{""price"":0,""liquidity"":0,""volume"":0,""priceChange5mPct"":0,""priceChange1hPct"":0,""buyCount5m"":0,""sellCount5m"":0,""buySellRatio5m"":0,""uniqueSellers"":0,""uniqueBuyers"":0,""sellerAcceleration"":0,""coordinatedSellers"":0},""acceleration"":{""selling"":""stable"",""buyPressure"":""stable"",""volume"":""stable"",""liquidity"":""stable"",""price"":""stable"",""sellers"":""stable"",""coordination"":""stable""}}",906a2d9a94f93b0c,[object Object],,000000000000000005ba9afd7c8321eb255dcfe10833145b,info
2026-09-29 19:49:50,"[jevsentinel] live action state {""action"":""SELL"",""stage"":""DISTRIBUTION"",""riskScore"":4,""confidence"":0.92,""reasons"":[""5m price deterioration ≤−40%""]}",8907209da42047db,[object Object],,000000000000000005ba9afd7c8321eb255dcfe10833145b,info
2026-09-29 19:49:50,"[jevsentinel] shadow prediction {""version"":1,""shadow"":true,""action"":""SELL"",""confidence"":0.78,""sampleCount"":57,""evidenceQuality"":""strong"",""sourceTrajectoryAction"":""SELL"",""reasons"":[""forward risk structure is deteriorating""],""predictedAt"":""2026-09-29T22:49:50.785Z""}",3e6db599979a9134,[object Object],,000000000000000005ba9afd7c8321eb255dcfe10833145b,info
2026-09-29 19:49:50,"[jevsentinel] live action state {""action"":""CAUTION"",""stage"":""STABLE"",""riskScore"":2,""confidence"":0.92,""reasons"":[""5m price deterioration ≤−20%""]}",d7f2bfb129f2b9fa,[object Object],,000000000000000005ba9afd7c8321eb255dcfe10833145b,info
2026-09-29 19:49:50,"[jevsentinel] shadow prediction {""version"":1,""shadow"":true,""action"":""CAUTION"",""confidence"":0.5,""sampleCount"":99,""evidenceQuality"":""strong"",""sourceTrajectoryAction"":""CAUTION"",""reasons"":[""signals do not form a reliable forward setup""],""predictedAt"":""2026-09-29T22:49:50.708Z""}",e35ffc20bd04340a,[object Object],,000000000000000005ba9afd7c8321eb255dcfe10833145b,info
2026-09-29 19:49:50,"[jevsentinel] decision input {""mint"":""2RFUG2WSvR3v4pGSGj5yNKiFrNM1EhyQWr4XvvHBpump"",""sourceCard"":""CW"",""evidenceGroups"":{""tokenIntegrity"":true,""holderStructure"":true,""creatorIntelligence"":true,""walletBehaviour"":true,""flowDynamics"":true,""marketDynamics"":true,""liquidityStructure"":true,""temporalIntelligence"":true,""historicalIntelligence"":true,""socialNarrative"":true,""alternativeExplanation"":true},""evidenceQuality"":""strong"",""providers"":{""token-research"":{""available"":true,""fieldCount"":30},""transfer-flow"":{""available"":true,""fieldCount"":13},""social-narrative"":{""available"":true,""fieldCount"":2}},""temporalSampleCount"":57}",8690914ff45bf395,[object Object],,000000000000000005ba9afd7c8321eb255dcfe10833145b,info
2026-09-29 19:49:50,"[jevsentinel] trajectory state {""action"":""SELL"",""stage"":""DISTRIBUTION"",""riskScore"":4,""confidence"":0.92,""reasons"":[""5m price deterioration ≤−40%""]}",b1622f574d8b3729,[object Object],,000000000000000005ba9afd7c8321eb255dcfe10833145b,info
2026-09-29 19:49:50,"[jevsentinel] temporal state {""priorSnapshotCount"":56,""currentSnapshot"":{""observedAt"":""2026-09-29T22:49:50.593Z"",""price"":0.00002483,""liquidity"":12441.39,""volume"":57843.05,""priceChange5mPct"":-53.55,""priceChange1hPct"":-48.53,""buyCount5m"":634,""sellCount5m"":603,""buySellRatio5m"":0.5125303152789006,""uniqueSellers"":0,""uniqueBuyers"":0,""sellerAcceleration"":0,""coordinatedSellers"":0,""sellUsd"":null,""buyUsd"":null,""sellerCount"":null},""sampleCount"":57,""deltas"":{""price"":0,""liquidity"":0,""volume"":0,""priceChange5mPct"":0,""priceChange1hPct"":0,""buyCount5m"":0,""sellCount5m"":0,""buySellRatio5m"":0,""uniqueSellers"":0,""uniqueBuyers"":0,""sellerAcceleration"":0,""coordinatedSellers"":0},""acceleration"":{""selling"":""stable"",""buyPressure"":""stable"",""volume"":""stable"",""liquidity"":""stable"",""price"":""stable"",""sellers"":""stable"",""coordination"":""stable""}}",b877d464bfca69e4,[object Object],,000000000000000005ba9afd7c8321eb255dcfe10833145b,info
2026-09-29 19:49:50,"[jevsentinel] decision input {""mint"":""DtFkKBC3Cmi9j3SxBGRUd8gvBLw7nAasrvUJFB69yubM"",""sourceCard"":""CW"",""evidenceGroups"":{""tokenIntegrity"":true,""holderStructure"":true,""creatorIntelligence"":false,""walletBehaviour"":true,""flowDynamics"":true,""marketDynamics"":true,""liquidityStructure"":true,""temporalIntelligence"":true,""historicalIntelligence"":true,""socialNarrative"":true,""alternativeExplanation"":true},""evidenceQuality"":""strong"",""providers"":{""token-research"":{""available"":true,""fieldCount"":29},""transfer-flow"":{""available"":true,""fieldCount"":13},""social-narrative"":{""available"":true,""fieldCount"":2}},""temporalSampleCount"":99}",6bda640c0862a9f,[object Object],,000000000000000005ba9afd7c8321eb255dcfe10833145b,info
2026-09-29 19:49:50,"[jevsentinel] trajectory state {""action"":""CAUTION"",""stage"":""STABLE"",""riskScore"":2,""confidence"":0.92,""reasons"":[""5m price deterioration ≤−20%""]}",48cc920479be1267,[object Object],,000000000000000005ba9afd7c8321eb255dcfe10833145b,info
2026-09-29 19:49:50,"[jevsentinel] temporal state {""priorSnapshotCount"":98,""currentSnapshot"":{""observedAt"":""2026-09-29T22:49:50.532Z"",""price"":0.0001755,""liquidity"":41455.29,""volume"":358220.06,""priceChange5mPct"":-37.6,""priceChange1hPct"":196,""buyCount5m"":2001,""sellCount5m"":1891,""buySellRatio5m"":0.5141315519013361,""uniqueSellers"":0,""uniqueBuyers"":0,""sellerAcceleration"":0,""coordinatedSellers"":0,""sellUsd"":null,""buyUsd"":null,""sellerCount"":null},""sampleCount"":99,""deltas"":{""price"":0,""liquidity"":0,""volume"":0,""priceChange5mPct"":0,""priceChange1hPct"":0,""buyCount5m"":0,""sellCount5m"":0,""buySellRatio5m"":0,""uniqueSellers"":0,""uniqueBuyers"":0,""sellerAcceleration"":0,""coordinatedSellers"":0},""acceleration"":{""selling"":""stable"",""buyPressure"":""stable"",""volume"":""stable"",""liquidity"":""stable"",""price"":""stable"",""sellers"":""stable"",""coordination"":""stable""}}",b7a9825324e1db30,[object Object],,000000000000000005ba9afd7c8321eb255dcfe10833145b,info
2026-09-29 19:49:47,"[jevsentinel] live action state {""action"":""CAUTION"",""stage"":""STABLE"",""riskScore"":2,""confidence"":0.92,""reasons"":[""5m price deterioration ≤−20%""]}",56e41e5a7e76d63a,[object Object],,000000000000000005ba9afd7c8321eb255dcfe10833145b,info
2026-09-29 19:49:47,"[jevsentinel] shadow prediction {""version"":1,""shadow"":true,""action"":""CAUTION"",""confidence"":0.5,""sampleCount"":98,""evidenceQuality"":""strong"",""sourceTrajectoryAction"":""CAUTION"",""reasons"":[""signals do not form a reliable forward setup""],""predictedAt"":""2026-09-29T22:49:47.061Z""}",3342b85f70c991b,[object Object],,000000000000000005ba9afd7c8321eb255dcfe10833145b,info
2026-09-29 19:49:46,"[jevsentinel] decision input {""mint"":""DtFkKBC3Cmi9j3SxBGRUd8gvBLw7nAasrvUJFB69yubM"",""sourceCard"":""CW"",""evidenceGroups"":{""tokenIntegrity"":true,""holderStructure"":true,""creatorIntelligence"":false,""walletBehaviour"":true,""flowDynamics"":true,""marketDynamics"":true,""liquidityStructure"":true,""temporalIntelligence"":true,""historicalIntelligence"":true,""socialNarrative"":true,""alternativeExplanation"":true},""evidenceQuality"":""strong"",""providers"":{""token-research"":{""available"":true,""fieldCount"":29},""transfer-flow"":{""available"":true,""fieldCount"":13},""social-narrative"":{""available"":true,""fieldCount"":2}},""temporalSampleCount"":98}",27f0b6c5e0682333,[object Object],,000000000000000005ba9afd7c8321eb255dcfe10833145b,info
2026-09-29 19:49:46,"[jevsentinel] trajectory state {""action"":""CAUTION"",""stage"":""STABLE"",""riskScore"":2,""confidence"":0.92,""reasons"":[""5m price deterioration ≤−20%""]}",bf13ceb88f8c0fc7,[object Object],,000000000000000005ba9afd7c8321eb255dcfe10833145b,info
2026-09-29 19:49:46,"[jevsentinel] temporal state {""priorSnapshotCount"":97,""currentSnapshot"":{""observedAt"":""2026-09-29T22:49:46.883Z"",""price"":0.0001755,""liquidity"":41455.29,""volume"":358220.06,""priceChange5mPct"":-37.6,""priceChange1hPct"":196,""buyCount5m"":2001,""sellCount5m"":1891,""buySellRatio5m"":0.5141315519013361,""uniqueSellers"":0,""uniqueBuyers"":0,""sellerAcceleration"":0,""coordinatedSellers"":0,""sellUsd"":null,""buyUsd"":null,""sellerCount"":null},""sampleCount"":98,""deltas"":{""price"":0,""liquidity"":0,""volume"":0,""priceChange5mPct"":0,""priceChange1hPct"":0,""buyCount5m"":0,""sellCount5m"":0,""buySellRatio5m"":0,""uniqueSellers"":0,""uniqueBuyers"":0,""sellerAcceleration"":0,""coordinatedSellers"":0},""acceleration"":{""selling"":""stable"",""buyPressure"":""stable"",""volume"":""stable"",""liquidity"":""stable"",""price"":""stable"",""sellers"":""stable"",""coordination"":""stable""}}",1c5e97baec14b536,[object Object],,000000000000000005ba9afd7c8321eb255dcfe10833145b,info
2026-09-29 19:49:46,"[jevsentinel] live action state {""action"":""SELL"",""stage"":""DISTRIBUTION"",""riskScore"":7,""confidence"":0.99,""reasons"":[""JEV progression: distribution"",""5m price deterioration ≤−40%"",""liquidity is deteriorating""]}",e45329877ad8d543,[object Object],,000000000000000005ba9afd7c8321eb255dcfe10833145b,info
2026-09-29 19:49:46,"[jevsentinel] shadow prediction {""version"":1,""shadow"":true,""action"":""SELL"",""confidence"":0.78,""sampleCount"":56,""evidenceQuality"":""strong"",""sourceTrajectoryAction"":""SELL"",""reasons"":[""forward risk structure is deteriorating""],""predictedAt"":""2026-09-29T22:49:46.593Z""}",77883627ca72432e,[object Object],,000000000000000005ba9afd7c8321eb255dcfe10833145b,info
2026-09-29 19:49:46,"[jevsentinel] decision input {""mint"":""2RFUG2WSvR3v4pGSGj5yNKiFrNM1EhyQWr4XvvHBpump"",""sourceCard"":""CW"",""evidenceGroups"":{""tokenIntegrity"":true,""holderStructure"":true,""creatorIntelligence"":true,""walletBehaviour"":true,""flowDynamics"":true,""marketDynamics"":true,""liquidityStructure"":true,""temporalIntelligence"":true,""historicalIntelligence"":true,""socialNarrative"":true,""alternativeExplanation"":true},""evidenceQuality"":""strong"",""providers"":{""token-research"":{""available"":true,""fieldCount"":30},""transfer-flow"":{""available"":true,""fieldCount"":13},""social-narrative"":{""available"":true,""fieldCount"":2}},""temporalSampleCount"":56}",e1f066e214e76dd9,[object Object],,000000000000000005ba9afd7c8321eb255dcfe10833145b,info
2026-09-29 19:49:46,"[jevsentinel] trajectory state {""action"":""SELL"",""stage"":""DISTRIBUTION"",""riskScore"":5,""confidence"":0.99,""reasons"":[""5m price deterioration ≤−40%"",""liquidity is deteriorating""]}",f48848a716219eae,[object Object],,000000000000000005ba9afd7c8321eb255dcfe10833145b,info
2026-09-29 19:49:46,"[jevsentinel] temporal state {""priorSnapshotCount"":55,""currentSnapshot"":{""observedAt"":""2026-09-29T22:49:46.429Z"",""price"":0.00002483,""liquidity"":12441.39,""volume"":57843.05,""priceChange5mPct"":-53.55,""priceChange1hPct"":-48.53,""buyCount5m"":634,""sellCount5m"":603,""buySellRatio5m"":0.5125303152789006,""uniqueSellers"":0,""uniqueBuyers"":0,""sellerAcceleration"":0,""coordinatedSellers"":0,""sellUsd"":null,""buyUsd"":null,""sellerCount"":null},""sampleCount"":56,""deltas"":{""price"":-0.000007150000000000001,""liquidity"":-1960.0900000000001,""volume"":-15165.160000000003,""priceChange5mPct"":-4.769999999999996,""priceChange1hPct"":-14.810000000000002,""buyCount5m"":-209,""sellCount5m"":-145,""buySellRatio5m"":-0.017325121553280476,""uniqueSellers"":0,""uniqueBuyers"":0,""sellerAcceleration"":0,""coordinatedSellers"":0},""acceleration"":{""selling"":""decreasing"",""buyPressure"":""decreasing"",""volume"":""decreasing"",""liquidity"":""deteriorating"",""price"":""deteriorating"",""sellers"":""stable"",""coordination"":""stable""}}",df824efd9e40e1a6,[object Object],,000000000000000005ba9afd7c8321eb255dcfe10833145b,info
2026-09-29 19:49:43,"[jevsentinel] live action state {""action"":""CAUTION"",""stage"":""STABLE"",""riskScore"":2,""confidence"":0.92,""reasons"":[""5m price deterioration ≤−20%""]}",4a88cee1e9c88a,[object Object],,000000000000000005ba9afd7c8321eb255dcfe10833145b,info
2026-09-29 19:49:43,"[jevsentinel] shadow prediction {""version"":1,""shadow"":true,""action"":""CAUTION"",""confidence"":0.5,""sampleCount"":97,""evidenceQuality"":""strong"",""sourceTrajectoryAction"":""CAUTION"",""reasons"":[""signals do not form a reliable forward setup""],""predictedAt"":""2026-09-29T22:49:43.492Z""}",b279ee69bd62c34b,[object Object],,000000000000000005ba9afd7c8321eb255dcfe10833145b,info
2026-09-29 19:49:42,"[jevsentinel] decision input {""mint"":""DtFkKBC3Cmi9j3SxBGRUd8gvBLw7nAasrvUJFB69yubM"",""sourceCard"":""CW"",""evidenceGroups"":{""tokenIntegrity"":true,""holderStructure"":true,""creatorIntelligence"":false,""walletBehaviour"":true,""flowDynamics"":true,""marketDynamics"":true,""liquidityStructure"":true,""temporalIntelligence"":true,""historicalIntelligence"":true,""socialNarrative"":true,""alternativeExplanation"":true},""evidenceQuality"":""strong"",""providers"":{""token-research"":{""available"":true,""fieldCount"":29},""transfer-flow"":{""available"":true,""fieldCount"":13},""social-narrative"":{""available"":true,""fieldCount"":2}},""temporalSampleCount"":97}",e2139387abfd4edb,[object Object],,000000000000000005ba9afd7c8321eb255dcfe10833145b,info
2026-09-29 19:49:42,"[jevsentinel] trajectory state {""action"":""CAUTION"",""stage"":""STABLE"",""riskScore"":2,""confidence"":0.92,""reasons"":[""5m price deterioration ≤−20%""]}",7a5bad0f06b7aafd,[object Object],,000000000000000005ba9afd7c8321eb255dcfe10833145b,info
2026-09-29 19:49:42,"[jevsentinel] temporal state {""priorSnapshotCount"":96,""currentSnapshot"":{""observedAt"":""2026-09-29T22:49:42.709Z"",""price"":0.0001755,""liquidity"":41455.29,""volume"":358220.06,""priceChange5mPct"":-37.6,""priceChange1hPct"":196,""buyCount5m"":2001,""sellCount5m"":1891,""buySellRatio5m"":0.5141315519013361,""uniqueSellers"":0,""uniqueBuyers"":0,""sellerAcceleration"":0,""coordinatedSellers"":0,""sellUsd"":null,""buyUsd"":null,""sellerCount"":null},""sampleCount"":97,""deltas"":{""price"":0,""liquidity"":0,""volume"":0,""priceChange5mPct"":0,""priceChange1hPct"":0,""buyCount5m"":0,""sellCount5m"":0,""buySellRatio5m"":0,""uniqueSellers"":0,""uniqueBuyers"":0,""sellerAcceleration"":0,""coordinatedSellers"":0},""acceleration"":{""selling"":""stable"",""buyPressure"":""stable"",""volume"":""stable"",""liquidity"":""stable"",""price"":""stable"",""sellers"":""stable"",""coordination"":""stable""}}",41d0e156c5f30e96,[object Object],,000000000000000005ba9afd7c8321eb255dcfe10833145b,info
2026-09-29 19:49:42,"[jevsentinel] live action state {""action"":""SELL"",""stage"":""DISTRIBUTION"",""riskScore"":6,""confidence"":0.99,""reasons"":[""JEV progression: distribution"",""5m price deterioration ≤−40%""]}",6837ff1cad381e0a,[object Object],,000000000000000005ba9afd7c8321eb255dcfe10833145b,info
2026-09-29 19:49:42,"[jevsentinel] shadow prediction {""version"":1,""shadow"":true,""action"":""SELL"",""confidence"":0.78,""sampleCount"":55,""evidenceQuality"":""strong"",""sourceTrajectoryAction"":""SELL"",""reasons"":[""forward risk structure is deteriorating""],""predictedAt"":""2026-09-29T22:49:42.484Z""}",ebeb9f18afc5c2e6,[object Object],,000000000000000005ba9afd7c8321eb255dcfe10833145b,info
2026-09-29 19:49:42,"[jevsentinel] decision input {""mint"":""2RFUG2WSvR3v4pGSGj5yNKiFrNM1EhyQWr4XvvHBpump"",""sourceCard"":""CW"",""evidenceGroups"":{""tokenIntegrity"":true,""holderStructure"":true,""creatorIntelligence"":false,""walletBehaviour"":true,""flowDynamics"":true,""marketDynamics"":true,""liquidityStructure"":true,""temporalIntelligence"":true,""historicalIntelligence"":true,""socialNarrative"":true,""alternativeExplanation"":true},""evidenceQuality"":""strong"",""providers"":{""token-research"":{""available"":true,""fieldCount"":29},""transfer-flow"":{""available"":true,""fieldCount"":13},""social-narrative"":{""available"":true,""fieldCount"":2}},""temporalSampleCount"":55}",4676bea6610ea166,[object Object],,000000000000000005ba9afd7c8321eb255dcfe10833145b,info
2026-09-29 19:49:42,"[jevsentinel] trajectory state {""action"":""SELL"",""stage"":""DISTRIBUTION"",""riskScore"":4,""confidence"":0.92,""reasons"":[""5m price deterioration ≤−40%""]}",f67cd247e5bef4a6,[object Object],,000000000000000005ba9afd7c8321eb255dcfe10833145b,info
2026-09-29 19:49:42,"[jevsentinel] temporal state {""priorSnapshotCount"":54,""currentSnapshot"":{""observedAt"":""2026-09-29T22:49:42.298Z"",""price"":0.00003198,""liquidity"":14401.48,""volume"":73008.21,""priceChange5mPct"":-48.78,""priceChange1hPct"":-33.72,""buyCount5m"":843,""sellCount5m"":748,""buySellRatio5m"":0.5298554368321811,""uniqueSellers"":0,""uniqueBuyers"":0,""sellerAcceleration"":0,""coordinatedSellers"":0,""sellUsd"":null,""buyUsd"":null,""sellerCount"":null},""sampleCount"":55,""deltas"":{""price"":0,""liquidity"":0,""volume"":0,""priceChange5mPct"":0,""priceChange1hPct"":0,""buyCount5m"":0,""sellCount5m"":0,""buySellRatio5m"":0,""uniqueSellers"":0,""uniqueBuyers"":0,""sellerAcceleration"":0,""coordinatedSellers"":0},""acceleration"":{""selling"":""stable"",""buyPressure"":""stable"",""volume"":""stable"",""liquidity"":""stable"",""price"":""stable"",""sellers"":""stable"",""coordination"":""stable""}}",3c2ecfa06454d2b9,[object Object],,000000000000000005ba9afd7c8321eb255dcfe10833145b,info
2026-09-29 19:49:39,"[jevsentinel] live action state {""action"":""CAUTION"",""stage"":""STABLE"",""riskScore"":2,""confidence"":0.92,""reasons"":[""5m price deterioration ≤−20%""]}",4daaedf14f8272d6,[object Object],,000000000000000005ba9afd7c8321eb255dcfe10833145b,info
2026-09-29 19:49:39,"[jevsentinel] shadow prediction {""version"":1,""shadow"":true,""action"":""CAUTION"",""confidence"":0.5,""sampleCount"":96,""evidenceQuality"":""strong"",""sourceTrajectoryAction"":""CAUTION"",""reasons"":[""signals do not form a reliable forward setup""],""predictedAt"":""2026-09-29T22:49:39.302Z""}",c1456a751d65f797,[object Object],,000000000000000005ba9afd7c8321eb255dcfe10833145b,info
2026-09-29 19:49:39,"[jevsentinel] live action state {""action"":""SELL"",""stage"":""DISTRIBUTION"",""riskScore"":4,""confidence"":0.92,""reasons"":[""5m price deterioration ≤−40%""]}",38f976c2e0ab820c,[object Object],,000000000000000005ba9afd7c8321eb255dcfe10833145b,info
2026-09-29 19:49:39,"[jevsentinel] shadow prediction {""version"":1,""shadow"":true,""action"":""SELL"",""confidence"":0.78,""sampleCount"":54,""evidenceQuality"":""strong"",""sourceTrajectoryAction"":""SELL"",""reasons"":[""forward risk structure is deteriorating""],""predictedAt"":""2026-09-29T22:49:39.137Z""}",2c927948789a288a,[object Object],,000000000000000005ba9afd7c8321eb255dcfe10833145b,info
2026-09-29 19:49:39,"[jevsentinel] decision input {""mint"":""DtFkKBC3Cmi9j3SxBGRUd8gvBLw7nAasrvUJFB69yubM"",""sourceCard"":""CW"",""evidenceGroups"":{""tokenIntegrity"":true,""holderStructure"":true,""creatorIntelligence"":true,""walletBehaviour"":true,""flowDynamics"":true,""marketDynamics"":true,""liquidityStructure"":true,""temporalIntelligence"":true,""historicalIntelligence"":true,""socialNarrative"":true,""alternativeExplanation"":true},""evidenceQuality"":""strong"",""providers"":{""token-research"":{""available"":true,""fieldCount"":30},""transfer-flow"":{""available"":true,""fieldCount"":13},""social-narrative"":{""available"":true,""fieldCount"":2}},""temporalSampleCount"":96}",3866332b8cf0b15,[object Object],,000000000000000005ba9afd7c8321eb255dcfe10833145b,info
2026-09-29 19:49:39,"[jevsentinel] trajectory state {""action"":""CAUTION"",""stage"":""STABLE"",""riskScore"":2,""confidence"":0.92,""reasons"":[""5m price deterioration ≤−20%""]}",7325b30d8e2cf0eb,[object Object],,000000000000000005ba9afd7c8321eb255dcfe10833145b,info
2026-09-29 19:49:39,"[jevsentinel] temporal state {""priorSnapshotCount"":95,""currentSnapshot"":{""observedAt"":""2026-09-29T22:49:39.126Z"",""price"":0.0001755,""liquidity"":41455.29,""volume"":358220.06,""priceChange5mPct"":-37.6,""priceChange1hPct"":196,""buyCount5m"":2001,""sellCount5m"":1891,""buySellRatio5m"":0.5141315519013361,""uniqueSellers"":0,""uniqueBuyers"":0,""sellerAcceleration"":0,""coordinatedSellers"":0,""sellUsd"":null,""buyUsd"":null,""sellerCount"":null},""sampleCount"":96,""deltas"":{""price"":0,""liquidity"":0,""volume"":0,""priceChange5mPct"":0,""priceChange1hPct"":0,""buyCount5m"":0,""sellCount5m"":0,""buySellRatio5m"":0,""uniqueSellers"":0,""uniqueBuyers"":0,""sellerAcceleration"":0,""coordinatedSellers"":0},""acceleration"":{""selling"":""stable"",""buyPressure"":""stable"",""volume"":""stable"",""liquidity"":""stable"",""price"":""stable"",""sellers"":""stable"",""coordination"":""stable""}}",712ae4db27eff13b,[object Object],,000000000000000005ba9afd7c8321eb255dcfe10833145b,info
2026-09-29 19:49:38,"[jevsentinel] decision input {""mint"":""2RFUG2WSvR3v4pGSGj5yNKiFrNM1EhyQWr4XvvHBpump"",""sourceCard"":""CW"",""evidenceGroups"":{""tokenIntegrity"":true,""holderStructure"":true,""creatorIntelligence"":false,""walletBehaviour"":true,""flowDynamics"":true,""marketDynamics"":true,""liquidityStructure"":true,""temporalIntelligence"":true,""historicalIntelligence"":true,""socialNarrative"":true,""alternativeExplanation"":true},""evidenceQuality"":""strong"",""providers"":{""token-research"":{""available"":true,""fieldCount"":29},""transfer-flow"":{""available"":true,""fieldCount"":13},""social-narrative"":{""available"":true,""fieldCount"":2}},""temporalSampleCount"":54}",69388e20d443a828,[object Object],,000000000000000005ba9afd7c8321eb255dcfe10833145b,info
2026-09-29 19:49:38,"[jevsentinel] trajectory state {""action"":""SELL"",""stage"":""DISTRIBUTION"",""riskScore"":4,""confidence"":0.92,""reasons"":[""5m price deterioration ≤−40%""]}",ef2c488ce679c38e,[object Object],,000000000000000005ba9afd7c8321eb255dcfe10833145b,info
2026-09-29 19:49:38,"[jevsentinel] temporal state {""priorSnapshotCount"":53,""currentSnapshot"":{""observedAt"":""2026-09-29T22:49:38.962Z"",""price"":0.00003198,""liquidity"":14401.48,""volume"":73008.21,""priceChange5mPct"":-48.78,""priceChange1hPct"":-33.72,""buyCount5m"":843,""sellCount5m"":748,""buySellRatio5m"":0.5298554368321811,""uniqueSellers"":0,""uniqueBuyers"":0,""sellerAcceleration"":0,""coordinatedSellers"":0,""sellUsd"":null,""buyUsd"":null,""sellerCount"":null},""sampleCount"":54,""deltas"":{""price"":0,""liquidity"":0,""volume"":0,""priceChange5mPct"":0,""priceChange1hPct"":0,""buyCount5m"":0,""sellCount5m"":0,""buySellRatio5m"":0,""uniqueSellers"":0,""uniqueBuyers"":0,""sellerAcceleration"":0,""coordinatedSellers"":0},""acceleration"":{""selling"":""stable"",""buyPressure"":""stable"",""volume"":""stable"",""liquidity"":""stable"",""price"":""stable"",""sellers"":""stable"",""coordination"":""stable""}}",d3f61a840e14c7b5,[object Object],,000000000000000005ba9afd7c8321eb255dcfe10833145b,info
2026-09-29 19:49:35,"[jevsentinel] live action state {""action"":""SELL"",""stage"":""DISTRIBUTION"",""riskScore"":4,""confidence"":0.92,""reasons"":[""5m price deterioration ≤−40%""]}",1e6eee83221105dc,[object Object],,000000000000000005ba9afd7c8321eb255dcfe10833145b,info
2026-09-29 19:49:35,"[jevsentinel] shadow prediction {""version"":1,""shadow"":true,""action"":""SELL"",""confidence"":0.78,""sampleCount"":53,""evidenceQuality"":""strong"",""sourceTrajectoryAction"":""SELL"",""reasons"":[""forward risk structure is deteriorating""],""predictedAt"":""2026-09-29T22:49:35.536Z""}",a2a12114394bb042,[object Object],,000000000000000005ba9afd7c8321eb255dcfe10833145b,info
2026-09-29 19:49:35,"[jevsentinel] live action state {""action"":""CAUTION"",""stage"":""STABLE"",""riskScore"":2,""confidence"":0.92,""reasons"":[""5m price deterioration ≤−20%""]}",be0c95e98e56cb16,[object Object],,000000000000000005ba9afd7c8321eb255dcfe10833145b,info
2026-09-29 19:49:35,"[jevsentinel] shadow prediction {""version"":1,""shadow"":true,""action"":""CAUTION"",""confidence"":0.5,""sampleCount"":95,""evidenceQuality"":""strong"",""sourceTrajectoryAction"":""CAUTION"",""reasons"":[""signals do not form a reliable forward setup""],""predictedAt"":""2026-09-29T22:49:35.390Z""}",9a47a52f17f8652b,[object Object],,000000000000000005ba9afd7c8321eb255dcfe10833145b,info
2026-09-29 19:49:35,"[jevsentinel] decision input {""mint"":""2RFUG2WSvR3v4pGSGj5yNKiFrNM1EhyQWr4XvvHBpump"",""sourceCard"":""CW"",""evidenceGroups"":{""tokenIntegrity"":true,""holderStructure"":true,""creatorIntelligence"":true,""walletBehaviour"":true,""flowDynamics"":true,""marketDynamics"":true,""liquidityStructure"":true,""temporalIntelligence"":true,""historicalIntelligence"":true,""socialNarrative"":true,""alternativeExplanation"":true},""evidenceQuality"":""strong"",""providers"":{""token-research"":{""available"":true,""fieldCount"":30},""transfer-flow"":{""available"":true,""fieldCount"":13},""social-narrative"":{""available"":true,""fieldCount"":2}},""temporalSampleCount"":53}",d8bb552991ba64cf,[object Object],,000000000000000005ba9afd7c8321eb255dcfe10833145b,info
2026-09-29 19:49:35,"[jevsentinel] trajectory state {""action"":""SELL"",""stage"":""DISTRIBUTION"",""riskScore"":4,""confidence"":0.92,""reasons"":[""5m price deterioration ≤−40%""]}",80ec6160bed50897,[object Object],,000000000000000005ba9afd7c8321eb255dcfe10833145b,info
2026-09-29 19:49:35,"[jevsentinel] temporal state {""priorSnapshotCount"":52,""currentSnapshot"":{""observedAt"":""2026-09-29T22:49:35.368Z"",""price"":0.00003198,""liquidity"":14401.48,""volume"":73008.21,""priceChange5mPct"":-48.78,""priceChange1hPct"":-33.72,""buyCount5m"":843,""sellCount5m"":748,""buySellRatio5m"":0.5298554368321811,""uniqueSellers"":0,""uniqueBuyers"":0,""sellerAcceleration"":0,""coordinatedSellers"":0,""sellUsd"":null,""buyUsd"":null,""sellerCount"":null},""sampleCount"":53,""deltas"":{""price"":0,""liquidity"":0,""volume"":0,""priceChange5mPct"":0,""priceChange1hPct"":0,""buyCount5m"":0,""sellCount5m"":0,""buySellRatio5m"":0,""uniqueSellers"":0,""uniqueBuyers"":0,""sellerAcceleration"":0,""coordinatedSellers"":0},""acceleration"":{""selling"":""stable"",""buyPressure"":""stable"",""volume"":""stable"",""liquidity"":""stable"",""price"":""stable"",""sellers"":""stable"",""coordination"":""stable""}}",cfada5213850e4bd,[object Object],,000000000000000005ba9afd7c8321eb255dcfe10833145b,info
2026-09-29 19:49:35,"[jevsentinel] decision input {""mint"":""DtFkKBC3Cmi9j3SxBGRUd8gvBLw7nAasrvUJFB69yubM"",""sourceCard"":""CW"",""evidenceGroups"":{""tokenIntegrity"":true,""holderStructure"":true,""creatorIntelligence"":false,""walletBehaviour"":true,""flowDynamics"":true,""marketDynamics"":true,""liquidityStructure"":true,""temporalIntelligence"":true,""historicalIntelligence"":true,""socialNarrative"":true,""alternativeExplanation"":true},""evidenceQuality"":""strong"",""providers"":{""token-research"":{""available"":true,""fieldCount"":29},""transfer-flow"":{""available"":true,""fieldCount"":13},""social-narrative"":{""available"":true,""fieldCount"":2}},""temporalSampleCount"":95}",d040064b23141373,[object Object],,000000000000000005ba9afd7c8321eb255dcfe10833145b,info
2026-09-29 19:49:35,"[jevsentinel] trajectory state {""action"":""CAUTION"",""stage"":""STABLE"",""riskScore"":2,""confidence"":0.92,""reasons"":[""5m price deterioration ≤−20%""]}",cadd2ddfb67892bf,[object Object],,000000000000000005ba9afd7c8321eb255dcfe10833145b,info
2026-09-29 19:49:35,"[jevsentinel] temporal state {""priorSnapshotCount"":94,""currentSnapshot"":{""observedAt"":""2026-09-29T22:49:35.188Z"",""price"":0.0001755,""liquidity"":41455.29,""volume"":358220.06,""priceChange5mPct"":-37.6,""priceChange1hPct"":196,""buyCount5m"":2001,""sellCount5m"":1891,""buySellRatio5m"":0.5141315519013361,""uniqueSellers"":0,""uniqueBuyers"":0,""sellerAcceleration"":0,""coordinatedSellers"":0,""sellUsd"":null,""buyUsd"":null,""sellerCount"":null},""sampleCount"":95,""deltas"":{""price"":0,""liquidity"":0,""volume"":0,""priceChange5mPct"":0,""priceChange1hPct"":0,""buyCount5m"":0,""sellCount5m"":0,""buySellRatio5m"":0,""uniqueSellers"":0,""uniqueBuyers"":0,""sellerAcceleration"":0,""coordinatedSellers"":0},""acceleration"":{""selling"":""stable"",""buyPressure"":""stable"",""volume"":""stable"",""liquidity"":""stable"",""price"":""stable"",""sellers"":""stable"",""coordination"":""stable""}}",d2691530b8cc18e2,[object Object],,000000000000000005ba9afd7c8321eb255dcfe10833145b,info
2026-09-29 19:49:31,"[jevsentinel] live action state {""action"":""CAUTION"",""stage"":""STABLE"",""riskScore"":2,""confidence"":0.92,""reasons"":[""5m price deterioration ≤−20%""]}",fb0c85237e425e3e,[object Object],,000000000000000005ba9afd7c8321eb255dcfe10833145b,info
2026-09-29 19:49:31,"[jevsentinel] shadow prediction {""version"":1,""shadow"":true,""action"":""CAUTION"",""confidence"":0.5,""sampleCount"":94,""evidenceQuality"":""strong"",""sourceTrajectoryAction"":""CAUTION"",""reasons"":[""signals do not form a reliable forward setup""],""predictedAt"":""2026-09-29T22:49:31.695Z""}",2141fec0094635e9,[object Object],,000000000000000005ba9afd7c8321eb255dcfe10833145b,info
2026-09-29 19:49:31,"[jevsentinel] live action state {""action"":""SELL"",""stage"":""DISTRIBUTION"",""riskScore"":6,""confidence"":0.99,""reasons"":[""JEV progression: distribution"",""5m price deterioration ≤−40%""]}",b989d2e79d174afb,[object Object],,000000000000000005ba9afd7c8321eb255dcfe10833145b,info
2026-09-29 19:49:31,"[jevsentinel] shadow prediction {""version"":1,""shadow"":true,""action"":""SELL"",""confidence"":0.78,""sampleCount"":52,""evidenceQuality"":""strong"",""sourceTrajectoryAction"":""SELL"",""reasons"":[""forward risk structure is deteriorating""],""predictedAt"":""2026-09-29T22:49:31.613Z""}",1fc1a041611d2a6c,[object Object],,000000000000000005ba9afd7c8321eb255dcfe10833145b,info
2026-09-29 19:49:31,"[jevsentinel] decision input {""mint"":""DtFkKBC3Cmi9j3SxBGRUd8gvBLw7nAasrvUJFB69yubM"",""sourceCard"":""CW"",""evidenceGroups"":{""tokenIntegrity"":true,""holderStructure"":true,""creatorIntelligence"":true,""walletBehaviour"":true,""flowDynamics"":true,""marketDynamics"":true,""liquidityStructure"":true,""temporalIntelligence"":true,""historicalIntelligence"":true,""socialNarrative"":true,""alternativeExplanation"":true},""evidenceQuality"":""strong"",""providers"":{""token-research"":{""available"":true,""fieldCount"":30},""transfer-flow"":{""available"":true,""fieldCount"":13},""social-narrative"":{""available"":true,""fieldCount"":2}},""temporalSampleCount"":94}",b1272affa08aabae,[object Object],,000000000000000005ba9afd7c8321eb255dcfe10833145b,info
2026-09-29 19:49:31,"[jevsentinel] trajectory state {""action"":""CAUTION"",""stage"":""STABLE"",""riskScore"":2,""confidence"":0.92,""reasons"":[""5m price deterioration ≤−20%""]}",878c8d343ff2d5b2,[object Object],,000000000000000005ba9afd7c8321eb255dcfe10833145b,info
2026-09-29 19:49:31,"[jevsentinel] temporal state {""priorSnapshotCount"":93,""currentSnapshot"":{""observedAt"":""2026-09-29T22:49:31.463Z"",""price"":0.0001755,""liquidity"":41455.29,""volume"":358220.06,""priceChange5mPct"":-37.6,""priceChange1hPct"":196,""buyCount5m"":2001,""sellCount5m"":1891,""buySellRatio5m"":0.5141315519013361,""uniqueSellers"":0,""uniqueBuyers"":0,""sellerAcceleration"":0,""coordinatedSellers"":0,""sellUsd"":null,""buyUsd"":null,""sellerCount"":null},""sampleCount"":94,""deltas"":{""price"":0,""liquidity"":0,""volume"":0,""priceChange5mPct"":0,""priceChange1hPct"":0,""buyCount5m"":0,""sellCount5m"":0,""buySellRatio5m"":0,""uniqueSellers"":0,""uniqueBuyers"":0,""sellerAcceleration"":0,""coordinatedSellers"":0},""acceleration"":{""selling"":""stable"",""buyPressure"":""stable"",""volume"":""stable"",""liquidity"":""stable"",""price"":""stable"",""sellers"":""stable"",""coordination"":""stable""}}",2fc7f7be63917f79,[object Object],,000000000000000005ba9afd7c8321eb255dcfe10833145b,info
2026-09-29 19:49:31,"[jevsentinel] decision input {""mint"":""2RFUG2WSvR3v4pGSGj5yNKiFrNM1EhyQWr4XvvHBpump"",""sourceCard"":""CW"",""evidenceGroups"":{""tokenIntegrity"":true,""holderStructure"":true,""creatorIntelligence"":false,""walletBehaviour"":true,""flowDynamics"":true,""marketDynamics"":true,""liquidityStructure"":true,""temporalIntelligence"":true,""historicalIntelligence"":true,""socialNarrative"":true,""alternativeExplanation"":true},""evidenceQuality"":""strong"",""providers"":{""token-research"":{""available"":true,""fieldCount"":29},""transfer-flow"":{""available"":true,""fieldCount"":13},""social-narrative"":{""available"":true,""fieldCount"":2}},""temporalSampleCount"":52}",a5256eb963f016bb,[object Object],,000000000000000005ba9afd7c8321eb255dcfe10833145b,info
2026-09-29 19:49:31,"[jevsentinel] trajectory state {""action"":""SELL"",""stage"":""DISTRIBUTION"",""riskScore"":4,""confidence"":0.92,""reasons"":[""5m price deterioration ≤−40%""]}",4243a75b7bd3a87a,[object Object],,000000000000000005ba9afd7c8321eb255dcfe10833145b,info
2026-09-29 19:49:31,"[jevsentinel] temporal state {""priorSnapshotCount"":51,""currentSnapshot"":{""observedAt"":""2026-09-29T22:49:31.447Z"",""price"":0.00003198,""liquidity"":14401.48,""volume"":73008.21,""priceChange5mPct"":-48.78,""priceChange1hPct"":-33.72,""buyCount5m"":843,""sellCount5m"":748,""buySellRatio5m"":0.5298554368321811,""uniqueSellers"":0,""uniqueBuyers"":0,""sellerAcceleration"":0,""coordinatedSellers"":0,""sellUsd"":null,""buyUsd"":null,""sellerCount"":null},""sampleCount"":52,""deltas"":{""price"":0,""liquidity"":0,""volume"":0,""priceChange5mPct"":0,""priceChange1hPct"":0,""buyCount5m"":0,""sellCount5m"":0,""buySellRatio5m"":0,""uniqueSellers"":0,""uniqueBuyers"":0,""sellerAcceleration"":0,""coordinatedSellers"":0},""acceleration"":{""selling"":""stable"",""buyPressure"":""stable"",""volume"":""stable"",""liquidity"":""stable"",""price"":""stable"",""sellers"":""stable"",""coordination"":""stable""}}",344c707ba2a502a2,[object Object],,000000000000000005ba9afd7c8321eb255dcfe10833145b,info
2026-09-29 19:49:27,"[jevsentinel] live action state {""action"":""SELL"",""stage"":""DISTRIBUTION"",""riskScore"":4,""confidence"":0.92,""reasons"":[""5m price deterioration ≤−40%""]}",daa248c82e8b6772,[object Object],,000000000000000005ba9afd7c8321eb255dcfe10833145b,info
2026-09-29 19:49:27,"[jevsentinel] shadow prediction {""version"":1,""shadow"":true,""action"":""SELL"",""confidence"":0.78,""sampleCount"":51,""evidenceQuality"":""strong"",""sourceTrajectoryAction"":""SELL"",""reasons"":[""forward risk structure is deteriorating""],""predictedAt"":""2026-09-29T22:49:27.792Z""}",e3187698f12cad02,[object Object],,000000000000000005ba9afd7c8321eb255dcfe10833145b,info
2026-09-29 19:49:27,"[jevsentinel] decision input {""mint"":""2RFUG2WSvR3v4pGSGj5yNKiFrNM1EhyQWr4XvvHBpump"",""sourceCard"":""CW"",""evidenceGroups"":{""tokenIntegrity"":true,""holderStructure"":true,""creatorIntelligence"":false,""walletBehaviour"":true,""flowDynamics"":true,""marketDynamics"":true,""liquidityStructure"":true,""temporalIntelligence"":true,""historicalIntelligence"":true,""socialNarrative"":true,""alternativeExplanation"":true},""evidenceQuality"":""strong"",""providers"":{""token-research"":{""available"":true,""fieldCount"":29},""transfer-flow"":{""available"":true,""fieldCount"":13},""social-narrative"":{""available"":true,""fieldCount"":2}},""temporalSampleCount"":51}",a3b81f7d4e6c4446,[object Object],,000000000000000005ba9afd7c8321eb255dcfe10833145b,info
2026-09-29 19:49:27,"[jevsentinel] trajectory state {""action"":""SELL"",""stage"":""DISTRIBUTION"",""riskScore"":4,""confidence"":0.92,""reasons"":[""5m price deterioration ≤−40%""]}",9080bd2af82a8aab,[object Object],,000000000000000005ba9afd7c8321eb255dcfe10833145b,info
2026-09-29 19:49:27,"[jevsentinel] temporal state {""priorSnapshotCount"":50,""currentSnapshot"":{""observedAt"":""2026-09-29T22:49:27.616Z"",""price"":0.00003198,""liquidity"":14401.48,""volume"":73008.21,""priceChange5mPct"":-48.78,""priceChange1hPct"":-33.72,""buyCount5m"":843,""sellCount5m"":748,""buySellRatio5m"":0.5298554368321811,""uniqueSellers"":0,""uniqueBuyers"":0,""sellerAcceleration"":0,""coordinatedSellers"":0,""sellUsd"":null,""buyUsd"":null,""sellerCount"":null},""sampleCount"":51,""deltas"":{""price"":0,""liquidity"":0,""volume"":0,""priceChange5mPct"":0,""priceChange1hPct"":0,""buyCount5m"":0,""sellCount5m"":0,""buySellRatio5m"":0,""uniqueSellers"":0,""uniqueBuyers"":0,""sellerAcceleration"":0,""coordinatedSellers"":0},""acceleration"":{""selling"":""stable"",""buyPressure"":""stable"",""volume"":""stable"",""liquidity"":""stable"",""price"":""stable"",""sellers"":""stable"",""coordination"":""stable""}}",48836d4f97a1921d,[object Object],,000000000000000005ba9afd7c8321eb255dcfe10833145b,info
2026-09-29 19:49:27,"[jevsentinel] live action state {""action"":""CAUTION"",""stage"":""WATCH"",""riskScore"":3,""confidence"":0.99,""reasons"":[""5m price deterioration ≤−20%"",""liquidity is deteriorating""]}",faca6de97597c6fb,[object Object],,000000000000000005ba9afd7c8321eb255dcfe10833145b,info
2026-09-29 19:49:27,"[jevsentinel] shadow prediction {""version"":1,""shadow"":true,""action"":""HOLD"",""confidence"":0.62,""sampleCount"":93,""evidenceQuality"":""strong"",""sourceTrajectoryAction"":""CAUTION"",""reasons"":[""setup remains promising but confirmation is incomplete""],""predictedAt"":""2026-09-29T22:49:27.594Z""}",79aeb5012074d873,[object Object],,000000000000000005ba9afd7c8321eb255dcfe10833145b,info
2026-09-29 19:49:27,"[jevsentinel] decision input {""mint"":""DtFkKBC3Cmi9j3SxBGRUd8gvBLw7nAasrvUJFB69yubM"",""sourceCard"":""CW"",""evidenceGroups"":{""tokenIntegrity"":true,""holderStructure"":true,""creatorIntelligence"":false,""walletBehaviour"":true,""flowDynamics"":true,""marketDynamics"":true,""liquidityStructure"":true,""temporalIntelligence"":true,""historicalIntelligence"":true,""socialNarrative"":true,""alternativeExplanation"":true},""evidenceQuality"":""strong"",""providers"":{""token-research"":{""available"":true,""fieldCount"":29},""transfer-flow"":{""available"":true,""fieldCount"":13},""social-narrative"":{""available"":true,""fieldCount"":2}},""temporalSampleCount"":93}",77a7bad0d0ff6610,[object Object],,000000000000000005ba9afd7c8321eb255dcfe10833145b,info
2026-09-29 19:49:27,"[jevsentinel] trajectory state {""action"":""CAUTION"",""stage"":""WATCH"",""riskScore"":3,""confidence"":0.99,""reasons"":[""5m price deterioration ≤−20%"",""liquidity is deteriorating""]}",c38da1b2cfb870fe,[object Object],,000000000000000005ba9afd7c8321eb255dcfe10833145b,info
2026-09-29 19:49:27,"[jevsentinel] temporal state {""priorSnapshotCount"":92,""currentSnapshot"":{""observedAt"":""2026-09-29T22:49:27.355Z"",""price"":0.0001755,""liquidity"":41455.29,""volume"":358220.06,""priceChange5mPct"":-37.6,""priceChange1hPct"":196,""buyCount5m"":2001,""sellCount5m"":1891,""buySellRatio5m"":0.5141315519013361,""uniqueSellers"":0,""uniqueBuyers"":0,""sellerAcceleration"":0,""coordinatedSellers"":0,""sellUsd"":null,""buyUsd"":null,""sellerCount"":null},""sampleCount"":93,""deltas"":{""price"":-0.000010199999999999977,""liquidity"":-1236.9700000000012,""volume"":-157608.68,""priceChange5mPct"":-7.700000000000003,""priceChange1hPct"":-17,""buyCount5m"":-731,""sellCount5m"":-733,""buySellRatio5m"":0.004049401042486189,""uniqueSellers"":0,""uniqueBuyers"":0,""sellerAcceleration"":0,""coordinatedSellers"":0},""acceleration"":{""selling"":""decreasing"",""buyPressure"":""increasing"",""volume"":""decreasing"",""liquidity"":""deteriorating"",""price"":""deteriorating"",""sellers"":""stable"",""coordination"":""stable""}}",9730441e31001027,[object Object],,000000000000000005ba9afd7c8321eb255dcfe10833145b,info
2026-09-29 19:49:24,"[jevsentinel] live action state {""action"":""SELL"",""stage"":""DISTRIBUTION"",""riskScore"":6,""confidence"":0.99,""reasons"":[""JEV progression: distribution"",""5m price deterioration ≤−40%""]}",e2713f74dd4fc876,[object Object],,000000000000000005ba9afd7c8321eb255dcfe10833145b,info
2026-09-29 19:49:24,"[jevsentinel] shadow prediction {""version"":1,""shadow"":true,""action"":""SELL"",""confidence"":0.78,""sampleCount"":50,""evidenceQuality"":""strong"",""sourceTrajectoryAction"":""SELL"",""reasons"":[""forward risk structure is deteriorating""],""predictedAt"":""2026-09-29T22:49:24.127Z""}",dc6f76de1045e300,[object Object],,000000000000000005ba9afd7c8321eb255dcfe10833145b,info
2026-09-29 19:49:23,"[jevsentinel] decision input {""mint"":""2RFUG2WSvR3v4pGSGj5yNKiFrNM1EhyQWr4XvvHBpump"",""sourceCard"":""CW"",""evidenceGroups"":{""tokenIntegrity"":true,""holderStructure"":true,""creatorIntelligence"":false,""walletBehaviour"":true,""flowDynamics"":true,""marketDynamics"":true,""liquidityStructure"":true,""temporalIntelligence"":true,""historicalIntelligence"":true,""socialNarrative"":true,""alternativeExplanation"":true},""evidenceQuality"":""strong"",""providers"":{""token-research"":{""available"":true,""fieldCount"":29},""transfer-flow"":{""available"":true,""fieldCount"":13},""social-narrative"":{""available"":true,""fieldCount"":2}},""temporalSampleCount"":50}",34253412c15aff8f,[object Object],,000000000000000005ba9afd7c8321eb255dcfe10833145b,info
2026-09-29 19:49:23,"[jevsentinel] trajectory state {""action"":""SELL"",""stage"":""DISTRIBUTION"",""riskScore"":4,""confidence"":0.92,""reasons"":[""5m price deterioration ≤−40%""]}",f963d206b366d850,[object Object],,000000000000000005ba9afd7c8321eb255dcfe10833145b,info
2026-09-29 19:49:23,"[jevsentinel] temporal state {""priorSnapshotCount"":49,""currentSnapshot"":{""observedAt"":""2026-09-29T22:49:23.944Z"",""price"":0.00003198,""liquidity"":14401.48,""volume"":73008.21,""priceChange5mPct"":-48.78,""priceChange1hPct"":-33.72,""buyCount5m"":843,""sellCount5m"":748,""buySellRatio5m"":0.5298554368321811,""uniqueSellers"":0,""uniqueBuyers"":0,""sellerAcceleration"":0,""coordinatedSellers"":0,""sellUsd"":null,""buyUsd"":null,""sellerCount"":null},""sampleCount"":50,""deltas"":{""price"":0,""liquidity"":0,""volume"":0,""priceChange5mPct"":0,""priceChange1hPct"":0,""buyCount5m"":0,""sellCount5m"":0,""buySellRatio5m"":0,""uniqueSellers"":0,""uniqueBuyers"":0,""sellerAcceleration"":0,""coordinatedSellers"":0},""acceleration"":{""selling"":""stable"",""buyPressure"":""stable"",""volume"":""stable"",""liquidity"":""stable"",""price"":""stable"",""sellers"":""stable"",""coordination"":""stable""}}",317f18d08c5c39b1,[object Object],,000000000000000005ba9afd7c8321eb255dcfe10833145b,info
2026-09-29 19:49:23,"[jevsentinel] live action state {""action"":""CAUTION"",""stage"":""STABLE"",""riskScore"":2,""confidence"":0.92,""reasons"":[""5m price deterioration ≤−20%""]}",8464012b80ab99ce,[object Object],,000000000000000005ba9afd7c8321eb255dcfe10833145b,info
2026-09-29 19:49:23,"[jevsentinel] shadow prediction {""version"":1,""shadow"":true,""action"":""CAUTION"",""confidence"":0.5,""sampleCount"":92,""evidenceQuality"":""strong"",""sourceTrajectoryAction"":""CAUTION"",""reasons"":[""signals do not form a reliable forward setup""],""predictedAt"":""2026-09-29T22:49:23.877Z""}",550c1ed33b17d2e0,[object Object],,000000000000000005ba9afd7c8321eb255dcfe10833145b,info
2026-09-29 19:49:23,"[jevsentinel] decision input {""mint"":""DtFkKBC3Cmi9j3SxBGRUd8gvBLw7nAasrvUJFB69yubM"",""sourceCard"":""CW"",""evidenceGroups"":{""tokenIntegrity"":true,""holderStructure"":true,""creatorIntelligence"":false,""walletBehaviour"":true,""flowDynamics"":true,""marketDynamics"":true,""liquidityStructure"":true,""temporalIntelligence"":true,""historicalIntelligence"":true,""socialNarrative"":true,""alternativeExplanation"":true},""evidenceQuality"":""strong"",""providers"":{""token-research"":{""available"":true,""fieldCount"":29},""transfer-flow"":{""available"":true,""fieldCount"":13},""social-narrative"":{""available"":true,""fieldCount"":2}},""temporalSampleCount"":92}",6e53dd280e16907e,[object Object],,000000000000000005ba9afd7c8321eb255dcfe10833145b,info
2026-09-29 19:49:23,"[jevsentinel] trajectory state {""action"":""CAUTION"",""stage"":""STABLE"",""riskScore"":2,""confidence"":0.92,""reasons"":[""5m price deterioration ≤−20%""]}",191f7462e448b0ac,[object Object],,000000000000000005ba9afd7c8321eb255dcfe10833145b,info
2026-09-29 19:49:23,"[jevsentinel] temporal state {""priorSnapshotCount"":91,""currentSnapshot"":{""observedAt"":""2026-09-29T22:49:23.697Z"",""price"":0.0001857,""liquidity"":42692.26,""volume"":515828.74,""priceChange5mPct"":-29.9,""priceChange1hPct"":213,""buyCount5m"":2732,""sellCount5m"":2624,""buySellRatio5m"":0.5100821508588499,""uniqueSellers"":0,""uniqueBuyers"":0,""sellerAcceleration"":0,""coordinatedSellers"":0,""sellUsd"":null,""buyUsd"":null,""sellerCount"":null},""sampleCount"":92,""deltas"":{""price"":0,""liquidity"":0,""volume"":0,""priceChange5mPct"":0,""priceChange1hPct"":0,""buyCount5m"":0,""sellCount5m"":0,""buySellRatio5m"":0,""uniqueSellers"":0,""uniqueBuyers"":0,""sellerAcceleration"":0,""coordinatedSellers"":0},""acceleration"":{""selling"":""stable"",""buyPressure"":""stable"",""volume"":""stable"",""liquidity"":""stable"",""price"":""stable"",""sellers"":""stable"",""coordination"":""stable""}}",142bea74c59bd66,[object Object],,000000000000000005ba9afd7c8321eb255dcfe10833145b,info
2026-09-29 19:49:20,"[jevsentinel] live action state {""action"":""SELL"",""stage"":""DISTRIBUTION"",""riskScore"":4,""confidence"":0.92,""reasons"":[""5m price deterioration ≤−40%""]}",5fec21ffe15e9898,[object Object],,000000000000000005ba9afd7c8321eb255dcfe10833145b,info
2026-09-29 19:49:20,"[jevsentinel] shadow prediction {""version"":1,""shadow"":true,""action"":""SELL"",""confidence"":0.78,""sampleCount"":49,""evidenceQuality"":""strong"",""sourceTrajectoryAction"":""SELL"",""reasons"":[""forward risk structure is deteriorating""],""predictedAt"":""2026-09-29T22:49:20.540Z""}",d77610f8f2319ce7,[object Object],,000000000000000005ba9afd7c8321eb255dcfe10833145b,info
2026-09-29 19:49:20,"[jevsentinel] decision input {""mint"":""2RFUG2WSvR3v4pGSGj5yNKiFrNM1EhyQWr4XvvHBpump"",""sourceCard"":""CW"",""evidenceGroups"":{""tokenIntegrity"":true,""holderStructure"":true,""creatorIntelligence"":true,""walletBehaviour"":true,""flowDynamics"":true,""marketDynamics"":true,""liquidityStructure"":true,""temporalIntelligence"":true,""historicalIntelligence"":true,""socialNarrative"":true,""alternativeExplanation"":true},""evidenceQuality"":""strong"",""providers"":{""token-research"":{""available"":true,""fieldCount"":30},""transfer-flow"":{""available"":true,""fieldCount"":13},""social-narrative"":{""available"":true,""fieldCount"":2}},""temporalSampleCount"":49}",4604d0c31f43086e,[object Object],,000000000000000005ba9afd7c8321eb255dcfe10833145b,info
2026-09-29 19:49:20,"[jevsentinel] trajectory state {""action"":""SELL"",""stage"":""DISTRIBUTION"",""riskScore"":4,""confidence"":0.92,""reasons"":[""5m price deterioration ≤−40%""]}",b40f8426d8a47ed3,[object Object],,000000000000000005ba9afd7c8321eb255dcfe10833145b,info
2026-09-29 19:49:20,"[jevsentinel] temporal state {""priorSnapshotCount"":48,""currentSnapshot"":{""observedAt"":""2026-09-29T22:49:20.363Z"",""price"":0.00003198,""liquidity"":14401.48,""volume"":73008.21,""priceChange5mPct"":-48.78,""priceChange1hPct"":-33.72,""buyCount5m"":843,""sellCount5m"":748,""buySellRatio5m"":0.5298554368321811,""uniqueSellers"":0,""uniqueBuyers"":0,""sellerAcceleration"":0,""coordinatedSellers"":0,""sellUsd"":null,""buyUsd"":null,""sellerCount"":null},""sampleCount"":49,""deltas"":{""price"":0,""liquidity"":0,""volume"":0,""priceChange5mPct"":0,""priceChange1hPct"":0,""buyCount5m"":0,""sellCount5m"":0,""buySellRatio5m"":0,""uniqueSellers"":0,""uniqueBuyers"":0,""sellerAcceleration"":0,""coordinatedSellers"":0},""acceleration"":{""selling"":""stable"",""buyPressure"":""stable"",""volume"":""stable"",""liquidity"":""stable"",""price"":""stable"",""sellers"":""stable"",""coordination"":""stable""}}",773555eb928036eb,[object Object],,000000000000000005ba9afd7c8321eb255dcfe10833145b,info
2026-09-29 19:49:20,"[jevsentinel] live action state {""action"":""CAUTION"",""stage"":""STABLE"",""riskScore"":2,""confidence"":0.92,""reasons"":[""5m price deterioration ≤−20%""]}",e98a206d76246be8,[object Object],,000000000000000005ba9afd7c8321eb255dcfe10833145b,info
2026-09-29 19:49:20,"[jevsentinel] shadow prediction {""version"":1,""shadow"":true,""action"":""CAUTION"",""confidence"":0.5,""sampleCount"":91,""evidenceQuality"":""strong"",""sourceTrajectoryAction"":""CAUTION"",""reasons"":[""signals do not form a reliable forward setup""],""predictedAt"":""2026-09-29T22:49:20.168Z""}",c1a76065201165a8,[object Object],,000000000000000005ba9afd7c8321eb255dcfe10833145b,info
2026-09-29 19:49:19,"[jevsentinel] decision input {""mint"":""DtFkKBC3Cmi9j3SxBGRUd8gvBLw7nAasrvUJFB69yubM"",""sourceCard"":""CW"",""evidenceGroups"":{""tokenIntegrity"":true,""holderStructure"":true,""creatorIntelligence"":true,""walletBehaviour"":true,""flowDynamics"":true,""marketDynamics"":true,""liquidityStructure"":true,""temporalIntelligence"":true,""historicalIntelligence"":true,""socialNarrative"":true,""alternativeExplanation"":true},""evidenceQuality"":""strong"",""providers"":{""token-research"":{""available"":true,""fieldCount"":30},""transfer-flow"":{""available"":true,""fieldCount"":13},""social-narrative"":{""available"":true,""fieldCount"":2}},""temporalSampleCount"":91}",74b49e59cf47d92,[object Object],,000000000000000005ba9afd7c8321eb255dcfe10833145b,info
2026-09-29 19:49:19,"[jevsentinel] trajectory state {""action"":""CAUTION"",""stage"":""STABLE"",""riskScore"":2,""confidence"":0.92,""reasons"":[""5m price deterioration ≤−20%""]}",8b7fd31984f3366f,[object Object],,000000000000000005ba9afd7c8321eb255dcfe10833145b,info
2026-09-29 19:49:19,"[jevsentinel] temporal state {""priorSnapshotCount"":90,""currentSnapshot"":{""observedAt"":""2026-09-29T22:49:19.975Z"",""price"":0.0001857,""liquidity"":42692.26,""volume"":515828.74,""priceChange5mPct"":-29.9,""priceChange1hPct"":213,""buyCount5m"":2732,""sellCount5m"":2624,""buySellRatio5m"":0.5100821508588499,""uniqueSellers"":0,""uniqueBuyers"":0,""sellerAcceleration"":0,""coordinatedSellers"":0,""sellUsd"":null,""buyUsd"":null,""sellerCount"":null},""sampleCount"":91,""deltas"":{""price"":0,""liquidity"":0,""volume"":0,""priceChange5mPct"":0,""priceChange1hPct"":0,""buyCount5m"":0,""sellCount5m"":0,""buySellRatio5m"":0,""uniqueSellers"":0,""uniqueBuyers"":0,""sellerAcceleration"":0,""coordinatedSellers"":0},""acceleration"":{""selling"":""stable"",""buyPressure"":""stable"",""volume"":""stable"",""liquidity"":""stable"",""price"":""stable"",""sellers"":""stable"",""coordination"":""stable""}}",8321d235fc167d99,[object Object],,000000000000000005ba9afd7c8321eb255dcfe10833145b,info
2026-09-29 19:49:16,"[jevsentinel] live action state {""action"":""SELL"",""stage"":""DISTRIBUTION"",""riskScore"":8,""confidence"":0.99,""reasons"":[""JEV progression: distribution"",""5m price deterioration ≤−40%"",""selling is accelerating"",""liquidity is deteriorating""]}",b2b60ae7c3158809,[object Object],,000000000000000005ba9afd7c8321eb255dcfe10833145b,info
2026-09-29 19:49:16,"[jevsentinel] shadow prediction {""version"":1,""shadow"":true,""action"":""SELL"",""confidence"":0.78,""sampleCount"":48,""evidenceQuality"":""usable"",""sourceTrajectoryAction"":""SELL"",""reasons"":[""forward risk structure is deteriorating""],""predictedAt"":""2026-09-29T22:49:16.258Z""}",733b9ee8e693f61f,[object Object],,000000000000000005ba9afd7c8321eb255dcfe10833145b,info
2026-09-29 19:49:16,"[jevsentinel] decision input {""mint"":""2RFUG2WSvR3v4pGSGj5yNKiFrNM1EhyQWr4XvvHBpump"",""sourceCard"":""CW"",""evidenceGroups"":{""tokenIntegrity"":true,""holderStructure"":true,""creatorIntelligence"":false,""walletBehaviour"":false,""flowDynamics"":true,""marketDynamics"":true,""liquidityStructure"":true,""temporalIntelligence"":true,""historicalIntelligence"":true,""socialNarrative"":true,""alternativeExplanation"":true},""evidenceQuality"":""usable"",""providers"":{""token-research"":{""available"":true,""fieldCount"":20},""transfer-flow"":{""available"":true,""fieldCount"":13},""social-narrative"":{""available"":true,""fieldCount"":2}},""temporalSampleCount"":48}",507243a52936faf6,[object Object],,000000000000000005ba9afd7c8321eb255dcfe10833145b,info
2026-09-29 19:49:16,"[jevsentinel] trajectory state {""action"":""SELL"",""stage"":""DISTRIBUTION"",""riskScore"":6,""confidence"":0.9299999999999999,""reasons"":[""5m price deterioration ≤−40%"",""selling is accelerating"",""liquidity is deteriorating""]}",65ac4a937b5e3ab0,[object Object],,000000000000000005ba9afd7c8321eb255dcfe10833145b,info
2026-09-29 19:49:16,"[jevsentinel] temporal state {""priorSnapshotCount"":47,""currentSnapshot"":{""observedAt"":""2026-09-29T22:49:16.095Z"",""price"":0.00003198,""liquidity"":14401.48,""volume"":73008.21,""priceChange5mPct"":-48.78,""priceChange1hPct"":-33.72,""buyCount5m"":843,""sellCount5m"":748,""buySellRatio5m"":0.5298554368321811,""uniqueSellers"":0,""uniqueBuyers"":0,""sellerAcceleration"":0,""coordinatedSellers"":0,""sellUsd"":null,""buyUsd"":null,""sellerCount"":null},""sampleCount"":48,""deltas"":{""price"":-0.000005619999999999997,""liquidity"":-1389.6499999999996,""volume"":1694.8500000000058,""priceChange5mPct"":-9,""priceChange1hPct"":-11.64,""buyCount5m"":16,""sellCount5m"":30,""buySellRatio5m"":-0.005419644073967778,""uniqueSellers"":0,""uniqueBuyers"":0,""sellerAcceleration"":0,""coordinatedSellers"":0},""acceleration"":{""selling"":""increasing"",""buyPressure"":""decreasing"",""volume"":""increasing"",""liquidity"":""deteriorating"",""price"":""deteriorating"",""sellers"":""stable"",""coordination"":""stable""}}",cc77be90154851c3,[object Object],,000000000000000005ba9afd7c8321eb255dcfe10833145b,info
2026-09-29 19:49:15,"[jevsentinel] live action state {""action"":""CAUTION"",""stage"":""STABLE"",""riskScore"":2,""confidence"":0.92,""reasons"":[""5m price deterioration ≤−20%""]}",1eced8c84c6c1ae0,[object Object],,000000000000000005ba9afd7c8321eb255dcfe10833145b,info
2026-09-29 19:49:15,"[jevsentinel] shadow prediction {""version"":1,""shadow"":true,""action"":""CAUTION"",""confidence"":0.5,""sampleCount"":90,""evidenceQuality"":""strong"",""sourceTrajectoryAction"":""CAUTION"",""reasons"":[""signals do not form a reliable forward setup""],""predictedAt"":""2026-09-29T22:49:15.917Z""}",3caa9f34285af9dd,[object Object],,000000000000000005ba9afd7c8321eb255dcfe10833145b,info
2026-09-29 19:49:15,"[jevsentinel] decision input {""mint"":""DtFkKBC3Cmi9j3SxBGRUd8gvBLw7nAasrvUJFB69yubM"",""sourceCard"":""CW"",""evidenceGroups"":{""tokenIntegrity"":true,""holderStructure"":true,""creatorIntelligence"":true,""walletBehaviour"":true,""flowDynamics"":true,""marketDynamics"":true,""liquidityStructure"":true,""temporalIntelligence"":true,""historicalIntelligence"":true,""socialNarrative"":true,""alternativeExplanation"":true},""evidenceQuality"":""strong"",""providers"":{""token-research"":{""available"":true,""fieldCount"":30},""transfer-flow"":{""available"":true,""fieldCount"":13},""social-narrative"":{""available"":true,""fieldCount"":2}},""temporalSampleCount"":90}",adb4849ff0571456,[object Object],,000000000000000005ba9afd7c8321eb255dcfe10833145b,info
2026-09-29 19:49:15,"[jevsentinel] trajectory state {""action"":""CAUTION"",""stage"":""STABLE"",""riskScore"":2,""confidence"":0.92,""reasons"":[""5m price deterioration ≤−20%""]}",55466447184c9fd6,[object Object],,000000000000000005ba9afd7c8321eb255dcfe10833145b,info
2026-09-29 19:49:15,"[jevsentinel] temporal state {""priorSnapshotCount"":89,""currentSnapshot"":{""observedAt"":""2026-09-29T22:49:15.695Z"",""price"":0.0001857,""liquidity"":42692.26,""volume"":515828.74,""priceChange5mPct"":-29.9,""priceChange1hPct"":213,""buyCount5m"":2732,""sellCount5m"":2624,""buySellRatio5m"":0.5100821508588499,""uniqueSellers"":0,""uniqueBuyers"":0,""sellerAcceleration"":0,""coordinatedSellers"":0,""sellUsd"":null,""buyUsd"":null,""sellerCount"":null},""sampleCount"":90,""deltas"":{""price"":0,""liquidity"":0,""volume"":0,""priceChange5mPct"":0,""priceChange1hPct"":0,""buyCount5m"":0,""sellCount5m"":0,""buySellRatio5m"":0,""uniqueSellers"":0,""uniqueBuyers"":0,""sellerAcceleration"":0,""coordinatedSellers"":0},""acceleration"":{""selling"":""stable"",""buyPressure"":""stable"",""volume"":""stable"",""liquidity"":""stable"",""price"":""stable"",""sellers"":""stable"",""coordination"":""stable""}}",d343c56aa615546d,[object Object],,000000000000000005ba9afd7c8321eb255dcfe10833145b,info
2026-09-29 19:49:05,"[jevsentinel] live action state {""action"":""CAUTION"",""stage"":""STABLE"",""riskScore"":2,""confidence"":0.92,""reasons"":[""5m price deterioration ≤−20%""]}",18c1677227cc3706,[object Object],,000000000000000005ba9afd7c8321eb255dcfe10833145b,info
2026-09-29 19:49:05,"[jevsentinel] shadow prediction {""version"":1,""shadow"":true,""action"":""CAUTION"",""confidence"":0.5,""sampleCount"":47,""evidenceQuality"":""strong"",""sourceTrajectoryAction"":""CAUTION"",""reasons"":[""signals do not form a reliable forward setup""],""predictedAt"":""2026-09-29T22:49:05.728Z""}",f1aa2eb50a7ce896,[object Object],,000000000000000005ba9afd7c8321eb255dcfe10833145b,info
2026-09-29 19:49:05,"[jevsentinel] live action state {""action"":""CAUTION"",""stage"":""STABLE"",""riskScore"":2,""confidence"":0.92,""reasons"":[""5m price deterioration ≤−20%""]}",cfc424e087abbdb2,[object Object],,000000000000000005ba9afd7c8321eb255dcfe10833145b,info
2026-09-29 19:49:05,"[jevsentinel] shadow prediction {""version"":1,""shadow"":true,""action"":""CAUTION"",""confidence"":0.5,""sampleCount"":89,""evidenceQuality"":""strong"",""sourceTrajectoryAction"":""CAUTION"",""reasons"":[""signals do not form a reliable forward setup""],""predictedAt"":""2026-09-29T22:49:05.557Z""}",83995d2fa46ec89b,[object Object],,000000000000000005ba9afd7c8321eb255dcfe10833145b,info
2026-09-29 19:49:05,"[jevsentinel] decision input {""mint"":""2RFUG2WSvR3v4pGSGj5yNKiFrNM1EhyQWr4XvvHBpump"",""sourceCard"":""CW"",""evidenceGroups"":{""tokenIntegrity"":true,""holderStructure"":true,""creatorIntelligence"":true,""walletBehaviour"":true,""flowDynamics"":true,""marketDynamics"":true,""liquidityStructure"":true,""temporalIntelligence"":true,""historicalIntelligence"":true,""socialNarrative"":true,""alternativeExplanation"":true},""evidenceQuality"":""strong"",""providers"":{""token-research"":{""available"":true,""fieldCount"":30},""transfer-flow"":{""available"":true,""fieldCount"":13},""social-narrative"":{""available"":true,""fieldCount"":2}},""temporalSampleCount"":47}",bab2f18c91e91e82,[object Object],,000000000000000005ba9afd7c8321eb255dcfe10833145b,info
2026-09-29 19:49:05,"[jevsentinel] trajectory state {""action"":""CAUTION"",""stage"":""STABLE"",""riskScore"":2,""confidence"":0.92,""reasons"":[""5m price deterioration ≤−20%""]}",c318d5f13552e052,[object Object],,000000000000000005ba9afd7c8321eb255dcfe10833145b,info
2026-09-29 19:49:05,"[jevsentinel] temporal state {""priorSnapshotCount"":46,""currentSnapshot"":{""observedAt"":""2026-09-29T22:49:05.531Z"",""price"":0.0000376,""liquidity"":15791.13,""volume"":71313.36,""priceChange5mPct"":-39.78,""priceChange1hPct"":-22.08,""buyCount5m"":827,""sellCount5m"":718,""buySellRatio5m"":0.5352750809061488,""uniqueSellers"":0,""uniqueBuyers"":0,""sellerAcceleration"":0,""coordinatedSellers"":0,""sellUsd"":null,""buyUsd"":null,""sellerCount"":null},""sampleCount"":47,""deltas"":{""price"":0,""liquidity"":0,""volume"":0,""priceChange5mPct"":0,""priceChange1hPct"":0,""buyCount5m"":0,""sellCount5m"":0,""buySellRatio5m"":0,""uniqueSellers"":0,""uniqueBuyers"":0,""sellerAcceleration"":0,""coordinatedSellers"":0},""acceleration"":{""selling"":""stable"",""buyPressure"":""stable"",""volume"":""stable"",""liquidity"":""stable"",""price"":""stable"",""sellers"":""stable"",""coordination"":""stable""}}",b4262ded0b369994,[object Object],,000000000000000005ba9afd7c8321eb255dcfe10833145b,info
2026-09-29 19:49:05,"[jevsentinel] decision input {""mint"":""DtFkKBC3Cmi9j3SxBGRUd8gvBLw7nAasrvUJFB69yubM"",""sourceCard"":""CW"",""evidenceGroups"":{""tokenIntegrity"":true,""holderStructure"":true,""creatorIntelligence"":false,""walletBehaviour"":true,""flowDynamics"":true,""marketDynamics"":true,""liquidityStructure"":true,""temporalIntelligence"":true,""historicalIntelligence"":true,""socialNarrative"":true,""alternativeExplanation"":true},""evidenceQuality"":""strong"",""providers"":{""token-research"":{""available"":true,""fieldCount"":29},""transfer-flow"":{""available"":true,""fieldCount"":13},""social-narrative"":{""available"":true,""fieldCount"":2}},""temporalSampleCount"":89}",139ac9e840b0c7a,[object Object],,000000000000000005ba9afd7c8321eb255dcfe10833145b,info
2026-09-29 19:49:05,"[jevsentinel] trajectory state {""action"":""CAUTION"",""stage"":""STABLE"",""riskScore"":2,""confidence"":0.92,""reasons"":[""5m price deterioration ≤−20%""]}",a05e20cae5d78bee,[object Object],,000000000000000005ba9afd7c8321eb255dcfe10833145b,info
2026-09-29 19:49:05,"[jevsentinel] temporal state {""priorSnapshotCount"":88,""currentSnapshot"":{""observedAt"":""2026-09-29T22:49:05.337Z"",""price"":0.0001857,""liquidity"":42692.26,""volume"":515828.74,""priceChange5mPct"":-29.9,""priceChange1hPct"":213,""buyCount5m"":2732,""sellCount5m"":2624,""buySellRatio5m"":0.5100821508588499,""uniqueSellers"":0,""uniqueBuyers"":0,""sellerAcceleration"":0,""coordinatedSellers"":0,""sellUsd"":null,""buyUsd"":null,""sellerCount"":null},""sampleCount"":89,""deltas"":{""price"":0,""liquidity"":0,""volume"":0,""priceChange5mPct"":0,""priceChange1hPct"":0,""buyCount5m"":0,""sellCount5m"":0,""buySellRatio5m"":0,""uniqueSellers"":0,""uniqueBuyers"":0,""sellerAcceleration"":0,""coordinatedSellers"":0},""acceleration"":{""selling"":""stable"",""buyPressure"":""stable"",""volume"":""stable"",""liquidity"":""stable"",""price"":""stable"",""sellers"":""stable"",""coordination"":""stable""}}",73e7901fb7b311b2,[object Object],,000000000000000005ba9afd7c8321eb255dcfe10833145b,info
2026-09-29 19:49:02,[jevsentinel-live] monitoring tick failed,e5493d7abbe40935,[object Object],,000000000000000005ba9afd7c8321eb255dcfe10833145b,info
2026-09-29 19:49:01,[jevsentinel-live] monitoring tick failed,c791be6b4f0a8e5c,[object Object],,000000000000000005ba9afd7c8321eb255dcfe10833145b,info
2026-09-29 19:49:01,"[jevsentinel] live action state {""action"":""CAUTION"",""stage"":""STABLE"",""riskScore"":2,""confidence"":0.92,""reasons"":[""5m price deterioration ≤−20%""]}",8036fc67b11f265e,[object Object],,000000000000000005ba9afd7c8321eb255dcfe10833145b,info
2026-09-29 19:49:01,"[jevsentinel] shadow prediction {""version"":1,""shadow"":true,""action"":""CAUTION"",""confidence"":0.5,""sampleCount"":88,""evidenceQuality"":""strong"",""sourceTrajectoryAction"":""CAUTION"",""reasons"":[""signals do not form a reliable forward setup""],""predictedAt"":""2026-09-29T22:49:01.857Z""}",3f07ef98ada55f29,[object Object],,000000000000000005ba9afd7c8321eb255dcfe10833145b,info
2026-09-29 19:49:01,"[jevsentinel] live action state {""action"":""CAUTION"",""stage"":""STABLE"",""riskScore"":2,""confidence"":0.92,""reasons"":[""5m price deterioration ≤−20%""]}",a4077bdeb9505c81,[object Object],,000000000000000005ba9afd7c8321eb255dcfe10833145b,info
2026-09-29 19:49:01,"[jevsentinel] shadow prediction {""version"":1,""shadow"":true,""action"":""CAUTION"",""confidence"":0.5,""sampleCount"":46,""evidenceQuality"":""strong"",""sourceTrajectoryAction"":""CAUTION"",""reasons"":[""signals do not form a reliable forward setup""],""predictedAt"":""2026-09-29T22:49:01.750Z""}",50713ccf59d08aa5,[object Object],,000000000000000005ba9afd7c8321eb255dcfe10833145b,info
2026-09-29 19:49:01,"[jevsentinel] decision input {""mint"":""DtFkKBC3Cmi9j3SxBGRUd8gvBLw7nAasrvUJFB69yubM"",""sourceCard"":""CW"",""evidenceGroups"":{""tokenIntegrity"":true,""holderStructure"":true,""creatorIntelligence"":false,""walletBehaviour"":true,""flowDynamics"":true,""marketDynamics"":true,""liquidityStructure"":true,""temporalIntelligence"":true,""historicalIntelligence"":true,""socialNarrative"":true,""alternativeExplanation"":true},""evidenceQuality"":""strong"",""providers"":{""token-research"":{""available"":true,""fieldCount"":29},""transfer-flow"":{""available"":true,""fieldCount"":13},""social-narrative"":{""available"":true,""fieldCount"":2}},""temporalSampleCount"":88}",7ba0be86fcc9f76,[object Object],,000000000000000005ba9afd7c8321eb255dcfe10833145b,info
2026-09-29 19:49:01,"[jevsentinel] trajectory state {""action"":""CAUTION"",""stage"":""STABLE"",""riskScore"":2,""confidence"":0.92,""reasons"":[""5m price deterioration ≤−20%""]}",41ce14045ba29d67,[object Object],,000000000000000005ba9afd7c8321eb255dcfe10833145b,info
2026-09-29 19:49:01,"[jevsentinel] temporal state {""priorSnapshotCount"":87,""currentSnapshot"":{""observedAt"":""2026-09-29T22:49:01.677Z"",""price"":0.0001857,""liquidity"":42692.26,""volume"":515828.74,""priceChange5mPct"":-29.9,""priceChange1hPct"":213,""buyCount5m"":2732,""sellCount5m"":2624,""buySellRatio5m"":0.5100821508588499,""uniqueSellers"":0,""uniqueBuyers"":0,""sellerAcceleration"":0,""coordinatedSellers"":0,""sellUsd"":null,""buyUsd"":null,""sellerCount"":null},""sampleCount"":88,""deltas"":{""price"":0,""liquidity"":0,""volume"":0,""priceChange5mPct"":0,""priceChange1hPct"":0,""buyCount5m"":0,""sellCount5m"":0,""buySellRatio5m"":0,""uniqueSellers"":0,""uniqueBuyers"":0,""sellerAcceleration"":0,""coordinatedSellers"":0},""acceleration"":{""selling"":""stable"",""buyPressure"":""stable"",""volume"":""stable"",""liquidity"":""stable"",""price"":""stable"",""sellers"":""stable"",""coordination"":""stable""}}",e6e91502e849c261,[object Object],,000000000000000005ba9afd7c8321eb255dcfe10833145b,info
2026-09-29 19:49:01,"[jevsentinel] decision input {""mint"":""2RFUG2WSvR3v4pGSGj5yNKiFrNM1EhyQWr4XvvHBpump"",""sourceCard"":""CW"",""evidenceGroups"":{""tokenIntegrity"":true,""holderStructure"":true,""creatorIntelligence"":false,""walletBehaviour"":true,""flowDynamics"":true,""marketDynamics"":true,""liquidityStructure"":true,""temporalIntelligence"":true,""historicalIntelligence"":true,""socialNarrative"":true,""alternativeExplanation"":true},""evidenceQuality"":""strong"",""providers"":{""token-research"":{""available"":true,""fieldCount"":29},""transfer-flow"":{""available"":true,""fieldCount"":13},""social-narrative"":{""available"":true,""fieldCount"":2}},""temporalSampleCount"":46}",5963f8019ad86a72,[object Object],,000000000000000005ba9afd7c8321eb255dcfe10833145b,info
2026-09-29 19:49:01,"[jevsentinel] trajectory state {""action"":""CAUTION"",""stage"":""STABLE"",""riskScore"":2,""confidence"":0.92,""reasons"":[""5m price deterioration ≤−20%""]}",5d1036c8c716567a,[object Object],,000000000000000005ba9afd7c8321eb255dcfe10833145b,info
2026-09-29 19:49:01,"[jevsentinel] temporal state {""priorSnapshotCount"":45,""currentSnapshot"":{""observedAt"":""2026-09-29T22:49:01.551Z"",""price"":0.0000376,""liquidity"":15791.13,""volume"":71313.36,""priceChange5mPct"":-39.78,""priceChange1hPct"":-22.08,""buyCount5m"":827,""sellCount5m"":718,""buySellRatio5m"":0.5352750809061488,""uniqueSellers"":0,""uniqueBuyers"":0,""sellerAcceleration"":0,""coordinatedSellers"":0,""sellUsd"":null,""buyUsd"":null,""sellerCount"":null},""sampleCount"":46,""deltas"":{""price"":0,""liquidity"":0,""volume"":0,""priceChange5mPct"":0,""priceChange1hPct"":0,""buyCount5m"":0,""sellCount5m"":0,""buySellRatio5m"":0,""uniqueSellers"":0,""uniqueBuyers"":0,""sellerAcceleration"":0,""coordinatedSellers"":0},""acceleration"":{""selling"":""stable"",""buyPressure"":""stable"",""volume"":""stable"",""liquidity"":""stable"",""price"":""stable"",""sellers"":""stable"",""coordination"":""stable""}}",d7213ab419e2ceda,[object Object],,000000000000000005ba9afd7c8321eb255dcfe10833145b,info
2026-09-29 19:48:58,[jevsentinel-live] monitoring tick failed,47cd2d7cd9e2a5a2,[object Object],,000000000000000005ba9afd7c8321eb255dcfe10833145b,info
2026-09-29 19:48:58,[jevsentinel-live] monitoring tick failed,a86492a967e01191,[object Object],,000000000000000005ba9afd7c8321eb255dcfe10833145b,info
2026-09-29 19:48:58,"[jevsentinel] live action state {""action"":""CAUTION"",""stage"":""WATCH"",""riskScore"":3,""confidence"":0.99,""reasons"":[""5m price deterioration ≤−20%"",""selling is accelerating""]}",12c3b5193762124e,[object Object],,000000000000000005ba9afd7c8321eb255dcfe10833145b,info
2026-09-29 19:48:58,"[jevsentinel] shadow prediction {""version"":1,""shadow"":true,""action"":""CAUTION"",""confidence"":0.5,""sampleCount"":87,""evidenceQuality"":""strong"",""sourceTrajectoryAction"":""CAUTION"",""reasons"":[""signals do not form a reliable forward setup""],""predictedAt"":""2026-09-29T22:48:58.013Z""}",d9ba35667c34d571,[object Object],,000000000000000005ba9afd7c8321eb255dcfe10833145b,info
2026-09-29 19:48:57,"[jevsentinel] live action state {""action"":""CAUTION"",""stage"":""STABLE"",""riskScore"":2,""confidence"":0.92,""reasons"":[""5m price deterioration ≤−20%""]}",f82290d4f99f5c6d,[object Object],,000000000000000005ba9afd7c8321eb255dcfe10833145b,info
2026-09-29 19:48:57,"[jevsentinel] shadow prediction {""version"":1,""shadow"":true,""action"":""CAUTION"",""confidence"":0.5,""sampleCount"":45,""evidenceQuality"":""strong"",""sourceTrajectoryAction"":""CAUTION"",""reasons"":[""signals do not form a reliable forward setup""],""predictedAt"":""2026-09-29T22:48:57.909Z""}",50b377268d49ae9e,[object Object],,000000000000000005ba9afd7c8321eb255dcfe10833145b,info
2026-09-29 19:48:57,"[jevsentinel] decision input {""mint"":""DtFkKBC3Cmi9j3SxBGRUd8gvBLw7nAasrvUJFB69yubM"",""sourceCard"":""CW"",""evidenceGroups"":{""tokenIntegrity"":true,""holderStructure"":true,""creatorIntelligence"":false,""walletBehaviour"":true,""flowDynamics"":true,""marketDynamics"":true,""liquidityStructure"":true,""temporalIntelligence"":true,""historicalIntelligence"":true,""socialNarrative"":true,""alternativeExplanation"":true},""evidenceQuality"":""strong"",""providers"":{""token-research"":{""available"":true,""fieldCount"":29},""transfer-flow"":{""available"":true,""fieldCount"":13},""social-narrative"":{""available"":true,""fieldCount"":2}},""temporalSampleCount"":87}",73349ffc6714a396,[object Object],,000000000000000005ba9afd7c8321eb255dcfe10833145b,info
2026-09-29 19:48:57,"[jevsentinel] trajectory state {""action"":""CAUTION"",""stage"":""WATCH"",""riskScore"":3,""confidence"":0.99,""reasons"":[""5m price deterioration ≤−20%"",""selling is accelerating""]}",76c52f29525d5b49,[object Object],,000000000000000005ba9afd7c8321eb255dcfe10833145b,info
2026-09-29 19:48:57,"[jevsentinel] temporal state {""priorSnapshotCount"":86,""currentSnapshot"":{""observedAt"":""2026-09-29T22:48:57.802Z"",""price"":0.0001857,""liquidity"":42692.26,""volume"":515828.74,""priceChange5mPct"":-29.9,""priceChange1hPct"":213,""buyCount5m"":2732,""sellCount5m"":2624,""buySellRatio5m"":0.5100821508588499,""uniqueSellers"":0,""uniqueBuyers"":0,""sellerAcceleration"":0,""coordinatedSellers"":0,""sellUsd"":null,""buyUsd"":null,""sellerCount"":null},""sampleCount"":87,""deltas"":{""price"":0.00003499999999999998,""liquidity"":4538.730000000003,""volume"":32098.72999999998,""priceChange5mPct"":13.200000000000003,""priceChange1hPct"":59,""buyCount5m"":157,""sellCount5m"":164,""buySellRatio5m"":-0.0013379087240696919,""uniqueSellers"":0,""uniqueBuyers"":0,""sellerAcceleration"":0,""coordinatedSellers"":0},""acceleration"":{""selling"":""increasing"",""buyPressure"":""decreasing"",""volume"":""increasing"",""liquidity"":""improving"",""price"":""improving"",""sellers"":""stable"",""coordination"":""stable""}}",d943b12e054a4416,[object Object],,000000000000000005ba9afd7c8321eb255dcfe10833145b,info
2026-09-29 19:48:57,"[jevsentinel] decision input {""mint"":""2RFUG2WSvR3v4pGSGj5yNKiFrNM1EhyQWr4XvvHBpump"",""sourceCard"":""CW"",""evidenceGroups"":{""tokenIntegrity"":true,""holderStructure"":true,""creatorIntelligence"":true,""walletBehaviour"":true,""flowDynamics"":true,""marketDynamics"":true,""liquidityStructure"":true,""temporalIntelligence"":true,""historicalIntelligence"":true,""socialNarrative"":true,""alternativeExplanation"":true},""evidenceQuality"":""strong"",""providers"":{""token-research"":{""available"":true,""fieldCount"":30},""transfer-flow"":{""available"":true,""fieldCount"":13},""social-narrative"":{""available"":true,""fieldCount"":2}},""temporalSampleCount"":45}",2979d8cffb9df5ca,[object Object],,000000000000000005ba9afd7c8321eb255dcfe10833145b,info
2026-09-29 19:48:57,"[jevsentinel] trajectory state {""action"":""CAUTION"",""stage"":""STABLE"",""riskScore"":2,""confidence"":0.92,""reasons"":[""5m price deterioration ≤−20%""]}",6ed718578670fc3b,[object Object],,000000000000000005ba9afd7c8321eb255dcfe10833145b,info
2026-09-29 19:48:57,"[jevsentinel] temporal state {""priorSnapshotCount"":44,""currentSnapshot"":{""observedAt"":""2026-09-29T22:48:57.736Z"",""price"":0.0000376,""liquidity"":15791.13,""volume"":71313.36,""priceChange5mPct"":-39.78,""priceChange1hPct"":-22.08,""buyCount5m"":827,""sellCount5m"":718,""buySellRatio5m"":0.5352750809061488,""uniqueSellers"":0,""uniqueBuyers"":0,""sellerAcceleration"":0,""coordinatedSellers"":0,""sellUsd"":null,""buyUsd"":null,""sellerCount"":null},""sampleCount"":45,""deltas"":{""price"":0,""liquidity"":0,""volume"":0,""priceChange5mPct"":0,""priceChange1hPct"":0,""buyCount5m"":0,""sellCount5m"":0,""buySellRatio5m"":0,""uniqueSellers"":0,""uniqueBuyers"":0,""sellerAcceleration"":0,""coordinatedSellers"":0},""acceleration"":{""selling"":""stable"",""buyPressure"":""stable"",""volume"":""stable"",""liquidity"":""stable"",""price"":""stable"",""sellers"":""stable"",""coordination"":""stable""}}",17a18d3950600b69,[object Object],,000000000000000005ba9afd7c8321eb255dcfe10833145b,info
2026-09-29 19:48:54,[jevsentinel-live] monitoring tick failed,229b013a41921a93,[object Object],,000000000000000005ba9afd7c8321eb255dcfe10833145b,info
2026-09-29 19:48:54,"[jevsentinel] live action state {""action"":""SELL"",""stage"":""DISTRIBUTION"",""riskScore"":4,""confidence"":0.92,""reasons"":[""5m price deterioration ≤−40%""]}",5ce00bdf56bf92ef,[object Object],,000000000000000005ba9afd7c8321eb255dcfe10833145b,info
2026-09-29 19:48:54,"[jevsentinel] shadow prediction {""version"":1,""shadow"":true,""action"":""SELL"",""confidence"":0.78,""sampleCount"":86,""evidenceQuality"":""strong"",""sourceTrajectoryAction"":""SELL"",""reasons"":[""forward risk structure is deteriorating""],""predictedAt"":""2026-09-29T22:48:54.308Z""}",95fa297b79fe4496,[object Object],,000000000000000005ba9afd7c8321eb255dcfe10833145b,info
2026-09-29 19:48:54,[jevsentinel-live] monitoring tick failed,ba0f157b95f77b73,[object Object],,000000000000000005ba9afd7c8321eb255dcfe10833145b,info
2026-09-29 19:48:54,"[jevsentinel] decision input {""mint"":""DtFkKBC3Cmi9j3SxBGRUd8gvBLw7nAasrvUJFB69yubM"",""sourceCard"":""CW"",""evidenceGroups"":{""tokenIntegrity"":true,""holderStructure"":true,""creatorIntelligence"":true,""walletBehaviour"":true,""flowDynamics"":true,""marketDynamics"":true,""liquidityStructure"":true,""temporalIntelligence"":true,""historicalIntelligence"":true,""socialNarrative"":true,""alternativeExplanation"":true},""evidenceQuality"":""strong"",""providers"":{""token-research"":{""available"":true,""fieldCount"":30},""transfer-flow"":{""available"":true,""fieldCount"":13},""social-narrative"":{""available"":true,""fieldCount"":2}},""temporalSampleCount"":86}",c51b53c15da049cc,[object Object],,000000000000000005ba9afd7c8321eb255dcfe10833145b,info
2026-09-29 19:48:54,"[jevsentinel] trajectory state {""action"":""SELL"",""stage"":""DISTRIBUTION"",""riskScore"":4,""confidence"":0.92,""reasons"":[""5m price deterioration ≤−40%""]}",6683c05b7c79de84,[object Object],,000000000000000005ba9afd7c8321eb255dcfe10833145b,info
2026-09-29 19:48:54,"[jevsentinel] temporal state {""priorSnapshotCount"":85,""currentSnapshot"":{""observedAt"":""2026-09-29T22:48:54.101Z"",""price"":0.0001507,""liquidity"":38153.53,""volume"":483730.01,""priceChange5mPct"":-43.1,""priceChange1hPct"":154,""buyCount5m"":2575,""sellCount5m"":2460,""buySellRatio5m"":0.5114200595829196,""uniqueSellers"":0,""uniqueBuyers"":0,""sellerAcceleration"":0,""coordinatedSellers"":0,""sellUsd"":null,""buyUsd"":null,""sellerCount"":null},""sampleCount"":86,""deltas"":{""price"":0,""liquidity"":0,""volume"":0,""priceChange5mPct"":0,""priceChange1hPct"":0,""buyCount5m"":0,""sellCount5m"":0,""buySellRatio5m"":0,""uniqueSellers"":0,""uniqueBuyers"":0,""sellerAcceleration"":0,""coordinatedSellers"":0},""acceleration"":{""selling"":""stable"",""buyPressure"":""stable"",""volume"":""stable"",""liquidity"":""stable"",""price"":""stable"",""sellers"":""stable"",""coordination"":""stable""}}",e75b5aef8ce1e46e,[object Object],,000000000000000005ba9afd7c8321eb255dcfe10833145b,info
2026-09-29 19:48:53,"[jevsentinel] live action state {""action"":""CAUTION"",""stage"":""STABLE"",""riskScore"":2,""confidence"":0.92,""reasons"":[""5m price deterioration ≤−20%""]}",87f4fdf8f5e063b1,[object Object],,000000000000000005ba9afd7c8321eb255dcfe10833145b,info
2026-09-29 19:48:53,"[jevsentinel] shadow prediction {""version"":1,""shadow"":true,""action"":""CAUTION"",""confidence"":0.5,""sampleCount"":44,""evidenceQuality"":""strong"",""sourceTrajectoryAction"":""CAUTION"",""reasons"":[""signals do not form a reliable forward setup""],""predictedAt"":""2026-09-29T22:48:53.952Z""}",f3c913278ca164a8,[object Object],,000000000000000005ba9afd7c8321eb255dcfe10833145b,info
2026-09-29 19:48:53,"[jevsentinel] decision input {""mint"":""2RFUG2WSvR3v4pGSGj5yNKiFrNM1EhyQWr4XvvHBpump"",""sourceCard"":""CW"",""evidenceGroups"":{""tokenIntegrity"":true,""holderStructure"":true,""creatorIntelligence"":false,""walletBehaviour"":true,""flowDynamics"":true,""marketDynamics"":true,""liquidityStructure"":true,""temporalIntelligence"":true,""historicalIntelligence"":true,""socialNarrative"":true,""alternativeExplanation"":true},""evidenceQuality"":""strong"",""providers"":{""token-research"":{""available"":true,""fieldCount"":29},""transfer-flow"":{""available"":true,""fieldCount"":13},""social-narrative"":{""available"":true,""fieldCount"":2}},""temporalSampleCount"":44}",9a3ad90d82983fbf,[object Object],,000000000000000005ba9afd7c8321eb255dcfe10833145b,info
2026-09-29 19:48:53,"[jevsentinel] trajectory state {""action"":""CAUTION"",""stage"":""STABLE"",""riskScore"":2,""confidence"":0.92,""reasons"":[""5m price deterioration ≤−20%""]}",cbc96143ef8e66c8,[object Object],,000000000000000005ba9afd7c8321eb255dcfe10833145b,info
2026-09-29 19:48:53,"[jevsentinel] temporal state {""priorSnapshotCount"":43,""currentSnapshot"":{""observedAt"":""2026-09-29T22:48:53.756Z"",""price"":0.0000376,""liquidity"":15791.13,""volume"":71313.36,""priceChange5mPct"":-39.78,""priceChange1hPct"":-22.08,""buyCount5m"":827,""sellCount5m"":718,""buySellRatio5m"":0.5352750809061488,""uniqueSellers"":0,""uniqueBuyers"":0,""sellerAcceleration"":0,""coordinatedSellers"":0,""sellUsd"":null,""buyUsd"":null,""sellerCount"":null},""sampleCount"":44,""deltas"":{""price"":0,""liquidity"":0,""volume"":0,""priceChange5mPct"":0,""priceChange1hPct"":0,""buyCount5m"":0,""sellCount5m"":0,""buySellRatio5m"":0,""uniqueSellers"":0,""uniqueBuyers"":0,""sellerAcceleration"":0,""coordinatedSellers"":0},""acceleration"":{""selling"":""stable"",""buyPressure"":""stable"",""volume"":""stable"",""liquidity"":""stable"",""price"":""stable"",""sellers"":""stable"",""coordination"":""stable""}}",640bb96e77293f3b,[object Object],,000000000000000005ba9afd7c8321eb255dcfe10833145b,info
2026-09-29 19:48:50,"[jevsentinel] live action state {""action"":""CAUTION"",""stage"":""STABLE"",""riskScore"":2,""confidence"":0.92,""reasons"":[""5m price deterioration ≤−20%""]}",e2ccaee341bf0e9,[object Object],,000000000000000005ba9afd7c8321eb255dcfe10833145b,info
2026-09-29 19:48:50,"[jevsentinel] shadow prediction {""version"":1,""shadow"":true,""action"":""CAUTION"",""confidence"":0.5,""sampleCount"":43,""evidenceQuality"":""strong"",""sourceTrajectoryAction"":""CAUTION"",""reasons"":[""signals do not form a reliable forward setup""],""predictedAt"":""2026-09-29T22:48:50.363Z""}",b01d9aabdc9a6b49,[object Object],,000000000000000005ba9afd7c8321eb255dcfe10833145b,info
2026-09-29 19:48:50,"[jevsentinel] decision input {""mint"":""2RFUG2WSvR3v4pGSGj5yNKiFrNM1EhyQWr4XvvHBpump"",""sourceCard"":""CW"",""evidenceGroups"":{""tokenIntegrity"":true,""holderStructure"":true,""creatorIntelligence"":false,""walletBehaviour"":true,""flowDynamics"":true,""marketDynamics"":true,""liquidityStructure"":true,""temporalIntelligence"":true,""historicalIntelligence"":true,""socialNarrative"":true,""alternativeExplanation"":true},""evidenceQuality"":""strong"",""providers"":{""token-research"":{""available"":true,""fieldCount"":29},""transfer-flow"":{""available"":true,""fieldCount"":13},""social-narrative"":{""available"":true,""fieldCount"":2}},""temporalSampleCount"":43}",fdbc09b86908bd9,[object Object],,000000000000000005ba9afd7c8321eb255dcfe10833145b,info
2026-09-29 19:48:50,"[jevsentinel] trajectory state {""action"":""CAUTION"",""stage"":""STABLE"",""riskScore"":2,""confidence"":0.92,""reasons"":[""5m price deterioration ≤−20%""]}",60d7ad2d1a7287f2,[object Object],,000000000000000005ba9afd7c8321eb255dcfe10833145b,info
2026-09-29 19:48:50,"[jevsentinel] temporal state {""priorSnapshotCount"":42,""currentSnapshot"":{""observedAt"":""2026-09-29T22:48:50.183Z"",""price"":0.0000376,""liquidity"":15791.13,""volume"":71313.36,""priceChange5mPct"":-39.78,""priceChange1hPct"":-22.08,""buyCount5m"":827,""sellCount5m"":718,""buySellRatio5m"":0.5352750809061488,""uniqueSellers"":0,""uniqueBuyers"":0,""sellerAcceleration"":0,""coordinatedSellers"":0,""sellUsd"":null,""buyUsd"":null,""sellerCount"":null},""sampleCount"":43,""deltas"":{""price"":0,""liquidity"":0,""volume"":0,""priceChange5mPct"":0,""priceChange1hPct"":0,""buyCount5m"":0,""sellCount5m"":0,""buySellRatio5m"":0,""uniqueSellers"":0,""uniqueBuyers"":0,""sellerAcceleration"":0,""coordinatedSellers"":0},""acceleration"":{""selling"":""stable"",""buyPressure"":""stable"",""volume"":""stable"",""liquidity"":""stable"",""price"":""stable"",""sellers"":""stable"",""coordination"":""stable""}}",dacb6bf97829e40a,[object Object],,000000000000000005ba9afd7c8321eb255dcfe10833145b,info
2026-09-29 19:48:50,"[jevsentinel] live action state {""action"":""SELL"",""stage"":""DISTRIBUTION"",""riskScore"":4,""confidence"":0.92,""reasons"":[""5m price deterioration ≤−40%""]}",721fab186d96aef7,[object Object],,000000000000000005ba9afd7c8321eb255dcfe10833145b,info
2026-09-29 19:48:50,"[jevsentinel] shadow prediction {""version"":1,""shadow"":true,""action"":""SELL"",""confidence"":0.78,""sampleCount"":85,""evidenceQuality"":""strong"",""sourceTrajectoryAction"":""SELL"",""reasons"":[""forward risk structure is deteriorating""],""predictedAt"":""2026-09-29T22:48:50.032Z""}",90aedf3264e553a7,[object Object],,000000000000000005ba9afd7c8321eb255dcfe10833145b,info
2026-09-29 19:48:49,"[jevsentinel] decision input {""mint"":""DtFkKBC3Cmi9j3SxBGRUd8gvBLw7nAasrvUJFB69yubM"",""sourceCard"":""CW"",""evidenceGroups"":{""tokenIntegrity"":true,""holderStructure"":true,""creatorIntelligence"":true,""walletBehaviour"":true,""flowDynamics"":true,""marketDynamics"":true,""liquidityStructure"":true,""temporalIntelligence"":true,""historicalIntelligence"":true,""socialNarrative"":true,""alternativeExplanation"":true},""evidenceQuality"":""strong"",""providers"":{""token-research"":{""available"":true,""fieldCount"":30},""transfer-flow"":{""available"":true,""fieldCount"":13},""social-narrative"":{""available"":true,""fieldCount"":2}},""temporalSampleCount"":85}",7917f529b061d91d,[object Object],,000000000000000005ba9afd7c8321eb255dcfe10833145b,info
2026-09-29 19:48:49,"[jevsentinel] trajectory state {""action"":""SELL"",""stage"":""DISTRIBUTION"",""riskScore"":4,""confidence"":0.92,""reasons"":[""5m price deterioration ≤−40%""]}",3faaff32f6ba3473,[object Object],,000000000000000005ba9afd7c8321eb255dcfe10833145b,info
2026-09-29 19:48:49,"[jevsentinel] temporal state {""priorSnapshotCount"":84,""currentSnapshot"":{""observedAt"":""2026-09-29T22:48:49.813Z"",""price"":0.0001507,""liquidity"":38153.53,""volume"":483730.01,""priceChange5mPct"":-43.1,""priceChange1hPct"":154,""buyCount5m"":2575,""sellCount5m"":2460,""buySellRatio5m"":0.5114200595829196,""uniqueSellers"":0,""uniqueBuyers"":0,""sellerAcceleration"":0,""coordinatedSellers"":0,""sellUsd"":null,""buyUsd"":null,""sellerCount"":null},""sampleCount"":85,""deltas"":{""price"":0,""liquidity"":0,""volume"":0,""priceChange5mPct"":0,""priceChange1hPct"":0,""buyCount5m"":0,""sellCount5m"":0,""buySellRatio5m"":0,""uniqueSellers"":0,""uniqueBuyers"":0,""sellerAcceleration"":0,""coordinatedSellers"":0},""acceleration"":{""selling"":""stable"",""buyPressure"":""stable"",""volume"":""stable"",""liquidity"":""stable"",""price"":""stable"",""sellers"":""stable"",""coordination"":""stable""}}",a3c0b49e3673250d,[object Object],,000000000000000005ba9afd7c8321eb255dcfe10833145b,info
2026-09-29 19:48:46,"[jevsentinel] live action state {""action"":""CAUTION"",""stage"":""STABLE"",""riskScore"":2,""confidence"":0.92,""reasons"":[""5m price deterioration ≤−20%""]}",cb19d2b9ed6d4209,[object Object],,000000000000000005ba9afd7c8321eb255dcfe10833145b,info
2026-09-29 19:48:46,"[jevsentinel] shadow prediction {""version"":1,""shadow"":true,""action"":""HOLD"",""confidence"":0.62,""sampleCount"":42,""evidenceQuality"":""strong"",""sourceTrajectoryAction"":""CAUTION"",""reasons"":[""setup remains promising but confirmation is incomplete""],""predictedAt"":""2026-09-29T22:48:46.599Z""}",17bedbe833e12e7a,[object Object],,000000000000000005ba9afd7c8321eb255dcfe10833145b,info
2026-09-29 19:48:46,"[jevsentinel] live action state {""action"":""SELL"",""stage"":""DISTRIBUTION"",""riskScore"":4,""confidence"":0.92,""reasons"":[""5m price deterioration ≤−40%""]}",87c6a6e4431ca646,[object Object],,000000000000000005ba9afd7c8321eb255dcfe10833145b,info
2026-09-29 19:48:46,"[jevsentinel] shadow prediction {""version"":1,""shadow"":true,""action"":""SELL"",""confidence"":0.78,""sampleCount"":84,""evidenceQuality"":""strong"",""sourceTrajectoryAction"":""SELL"",""reasons"":[""forward risk structure is deteriorating""],""predictedAt"":""2026-09-29T22:48:46.480Z""}",415f73c7d477d55e,[object Object],,000000000000000005ba9afd7c8321eb255dcfe10833145b,info
2026-09-29 19:48:46,"[jevsentinel] decision input {""mint"":""2RFUG2WSvR3v4pGSGj5yNKiFrNM1EhyQWr4XvvHBpump"",""sourceCard"":""CW"",""evidenceGroups"":{""tokenIntegrity"":true,""holderStructure"":true,""creatorIntelligence"":true,""walletBehaviour"":true,""flowDynamics"":true,""marketDynamics"":true,""liquidityStructure"":true,""temporalIntelligence"":true,""historicalIntelligence"":true,""socialNarrative"":true,""alternativeExplanation"":true},""evidenceQuality"":""strong"",""providers"":{""token-research"":{""available"":true,""fieldCount"":30},""transfer-flow"":{""available"":true,""fieldCount"":13},""social-narrative"":{""available"":true,""fieldCount"":2}},""temporalSampleCount"":42}",f4ce74049d3bcf47,[object Object],,000000000000000005ba9afd7c8321eb255dcfe10833145b,info
2026-09-29 19:48:46,"[jevsentinel] trajectory state {""action"":""CAUTION"",""stage"":""STABLE"",""riskScore"":2,""confidence"":0.92,""reasons"":[""5m price deterioration ≤−20%""]}",b0c2b82b3c0e761f,[object Object],,000000000000000005ba9afd7c8321eb255dcfe10833145b,info
2026-09-29 19:48:46,"[jevsentinel] temporal state {""priorSnapshotCount"":41,""currentSnapshot"":{""observedAt"":""2026-09-29T22:48:46.424Z"",""price"":0.0000376,""liquidity"":15791.13,""volume"":71313.36,""priceChange5mPct"":-39.78,""priceChange1hPct"":-22.08,""buyCount5m"":827,""sellCount5m"":718,""buySellRatio5m"":0.5352750809061488,""uniqueSellers"":0,""uniqueBuyers"":0,""sellerAcceleration"":0,""coordinatedSellers"":0,""sellUsd"":null,""buyUsd"":null,""sellerCount"":null},""sampleCount"":42,""deltas"":{""price"":0.0000068099999999999975,""liquidity"":1701.3399999999983,""volume"":-43444.84,""priceChange5mPct"":5.109999999999999,""priceChange1hPct"":14.100000000000001,""buyCount5m"":-312,""sellCount5m"":-278,""buySellRatio5m"":0.0017856195478350712,""uniqueSellers"":0,""uniqueBuyers"":0,""sellerAcceleration"":0,""coordinatedSellers"":0},""acceleration"":{""selling"":""decreasing"",""buyPressure"":""increasing"",""volume"":""decreasing"",""liquidity"":""improving"",""price"":""improving"",""sellers"":""stable"",""coordination"":""stable""}}",ac1ba2e8e7ce7401,[object Object],,000000000000000005ba9afd7c8321eb255dcfe10833145b,info
2026-09-29 19:48:46,"[jevsentinel] decision input {""mint"":""DtFkKBC3Cmi9j3SxBGRUd8gvBLw7nAasrvUJFB69yubM"",""sourceCard"":""CW"",""evidenceGroups"":{""tokenIntegrity"":true,""holderStructure"":true,""creatorIntelligence"":true,""walletBehaviour"":true,""flowDynamics"":true,""marketDynamics"":true,""liquidityStructure"":true,""temporalIntelligence"":true,""historicalIntelligence"":true,""socialNarrative"":true,""alternativeExplanation"":true},""evidenceQuality"":""strong"",""providers"":{""token-research"":{""available"":true,""fieldCount"":30},""transfer-flow"":{""available"":true,""fieldCount"":13},""social-narrative"":{""available"":true,""fieldCount"":2}},""temporalSampleCount"":84}",1d22c25382d57007,[object Object],,000000000000000005ba9afd7c8321eb255dcfe10833145b,info
2026-09-29 19:48:46,"[jevsentinel] trajectory state {""action"":""SELL"",""stage"":""DISTRIBUTION"",""riskScore"":4,""confidence"":0.92,""reasons"":[""5m price deterioration ≤−40%""]}",ea6a26440bc237d1,[object Object],,000000000000000005ba9afd7c8321eb255dcfe10833145b,info
2026-09-29 19:48:46,"[jevsentinel] temporal state {""priorSnapshotCount"":83,""currentSnapshot"":{""observedAt"":""2026-09-29T22:48:46.237Z"",""price"":0.0001507,""liquidity"":38153.53,""volume"":483730.01,""priceChange5mPct"":-43.1,""priceChange1hPct"":154,""buyCount5m"":2575,""sellCount5m"":2460,""buySellRatio5m"":0.5114200595829196,""uniqueSellers"":0,""uniqueBuyers"":0,""sellerAcceleration"":0,""coordinatedSellers"":0,""sellUsd"":null,""buyUsd"":null,""sellerCount"":null},""sampleCount"":84,""deltas"":{""price"":0,""liquidity"":0,""volume"":0,""priceChange5mPct"":0,""priceChange1hPct"":0,""buyCount5m"":0,""sellCount5m"":0,""buySellRatio5m"":0,""uniqueSellers"":0,""uniqueBuyers"":0,""sellerAcceleration"":0,""coordinatedSellers"":0},""acceleration"":{""selling"":""stable"",""buyPressure"":""stable"",""volume"":""stable"",""liquidity"":""stable"",""price"":""stable"",""sellers"":""stable"",""coordination"":""stable""}}",a8210af1f0c5015f,[object Object],,000000000000000005ba9afd7c8321eb255dcfe10833145b,info
2026-09-29 19:48:42,"[jevsentinel] live action state {""action"":""SELL"",""stage"":""DISTRIBUTION"",""riskScore"":4,""confidence"":0.92,""reasons"":[""5m price deterioration ≤−40%""]}",b1fa2db5bcca0815,[object Object],,000000000000000005ba9afd7c8321eb255dcfe10833145b,info
2026-09-29 19:48:42,"[jevsentinel] shadow prediction {""version"":1,""shadow"":true,""action"":""SELL"",""confidence"":0.78,""sampleCount"":41,""evidenceQuality"":""strong"",""sourceTrajectoryAction"":""SELL"",""reasons"":[""forward risk structure is deteriorating""],""predictedAt"":""2026-09-29T22:48:42.688Z""}",407241c6f7591ae7,[object Object],,000000000000000005ba9afd7c8321eb255dcfe10833145b,info
2026-09-29 19:48:42,"[jevsentinel] decision input {""mint"":""2RFUG2WSvR3v4pGSGj5yNKiFrNM1EhyQWr4XvvHBpump"",""sourceCard"":""CW"",""evidenceGroups"":{""tokenIntegrity"":true,""holderStructure"":true,""creatorIntelligence"":true,""walletBehaviour"":true,""flowDynamics"":true,""marketDynamics"":true,""liquidityStructure"":true,""temporalIntelligence"":true,""historicalIntelligence"":true,""socialNarrative"":true,""alternativeExplanation"":true},""evidenceQuality"":""strong"",""providers"":{""token-research"":{""available"":true,""fieldCount"":30},""transfer-flow"":{""available"":true,""fieldCount"":13},""social-narrative"":{""available"":true,""fieldCount"":2}},""temporalSampleCount"":41}",a492068d98cbacde,[object Object],,000000000000000005ba9afd7c8321eb255dcfe10833145b,info
2026-09-29 19:48:42,"[jevsentinel] trajectory state {""action"":""SELL"",""stage"":""DISTRIBUTION"",""riskScore"":4,""confidence"":0.92,""reasons"":[""5m price deterioration ≤−40%""]}",dbc2d8e8a2827f72,[object Object],,000000000000000005ba9afd7c8321eb255dcfe10833145b,info
2026-09-29 19:48:42,"[jevsentinel] temporal state {""priorSnapshotCount"":40,""currentSnapshot"":{""observedAt"":""2026-09-29T22:48:42.484Z"",""price"":0.00003079,""liquidity"":14089.79,""volume"":114758.2,""priceChange5mPct"":-44.89,""priceChange1hPct"":-36.18,""buyCount5m"":1139,""sellCount5m"":996,""buySellRatio5m"":0.5334894613583138,""uniqueSellers"":0,""uniqueBuyers"":0,""sellerAcceleration"":0,""coordinatedSellers"":0,""sellUsd"":null,""buyUsd"":null,""sellerCount"":null},""sampleCount"":41,""deltas"":{""price"":0,""liquidity"":0,""volume"":0,""priceChange5mPct"":0,""priceChange1hPct"":0,""buyCount5m"":0,""sellCount5m"":0,""buySellRatio5m"":0,""uniqueSellers"":0,""uniqueBuyers"":0,""sellerAcceleration"":0,""coordinatedSellers"":0},""acceleration"":{""selling"":""stable"",""buyPressure"":""stable"",""volume"":""stable"",""liquidity"":""stable"",""price"":""stable"",""sellers"":""stable"",""coordination"":""stable""}}",2ad757569e816553,[object Object],,000000000000000005ba9afd7c8321eb255dcfe10833145b,info
2026-09-29 19:48:42,"[jevsentinel] live action state {""action"":""SELL"",""stage"":""DISTRIBUTION"",""riskScore"":4,""confidence"":0.92,""reasons"":[""5m price deterioration ≤−40%""]}",26325d4203f13a4c,[object Object],,000000000000000005ba9afd7c8321eb255dcfe10833145b,info
2026-09-29 19:48:42,"[jevsentinel] shadow prediction {""version"":1,""shadow"":true,""action"":""SELL"",""confidence"":0.78,""sampleCount"":83,""evidenceQuality"":""strong"",""sourceTrajectoryAction"":""SELL"",""reasons"":[""forward risk structure is deteriorating""],""predictedAt"":""2026-09-29T22:48:42.476Z""}",98f816e2515f69ca,[object Object],,000000000000000005ba9afd7c8321eb255dcfe10833145b,info
2026-09-29 19:48:42,"[jevsentinel] decision input {""mint"":""DtFkKBC3Cmi9j3SxBGRUd8gvBLw7nAasrvUJFB69yubM"",""sourceCard"":""CW"",""evidenceGroups"":{""tokenIntegrity"":true,""holderStructure"":true,""creatorIntelligence"":false,""walletBehaviour"":true,""flowDynamics"":true,""marketDynamics"":true,""liquidityStructure"":true,""temporalIntelligence"":true,""historicalIntelligence"":true,""socialNarrative"":true,""alternativeExplanation"":true},""evidenceQuality"":""strong"",""providers"":{""token-research"":{""available"":true,""fieldCount"":29},""transfer-flow"":{""available"":true,""fieldCount"":13},""social-narrative"":{""available"":true,""fieldCount"":2}},""temporalSampleCount"":83}",2e1915136bd6a1d2,[object Object],,000000000000000005ba9afd7c8321eb255dcfe10833145b,info
2026-09-29 19:48:42,"[jevsentinel] trajectory state {""action"":""SELL"",""stage"":""DISTRIBUTION"",""riskScore"":4,""confidence"":0.92,""reasons"":[""5m price deterioration ≤−40%""]}",bcbd1a864be06cbc,[object Object],,000000000000000005ba9afd7c8321eb255dcfe10833145b,info
2026-09-29 19:48:42,"[jevsentinel] temporal state {""priorSnapshotCount"":82,""currentSnapshot"":{""observedAt"":""2026-09-29T22:48:42.281Z"",""price"":0.0001507,""liquidity"":38153.53,""volume"":483730.01,""priceChange5mPct"":-43.1,""priceChange1hPct"":154,""buyCount5m"":2575,""sellCount5m"":2460,""buySellRatio5m"":0.5114200595829196,""uniqueSellers"":0,""uniqueBuyers"":0,""sellerAcceleration"":0,""coordinatedSellers"":0,""sellUsd"":null,""buyUsd"":null,""sellerCount"":null},""sampleCount"":83,""deltas"":{""price"":0,""liquidity"":0,""volume"":0,""priceChange5mPct"":0,""priceChange1hPct"":0,""buyCount5m"":0,""sellCount5m"":0,""buySellRatio5m"":0,""uniqueSellers"":0,""uniqueBuyers"":0,""sellerAcceleration"":0,""coordinatedSellers"":0},""acceleration"":{""selling"":""stable"",""buyPressure"":""stable"",""volume"":""stable"",""liquidity"":""stable"",""price"":""stable"",""sellers"":""stable"",""coordination"":""stable""}}",14e9dbe52368484c,[object Object],,000000000000000005ba9afd7c8321eb255dcfe10833145b,info
2026-09-29 19:48:38,"[jevsentinel] live action state {""action"":""SELL"",""stage"":""DISTRIBUTION"",""riskScore"":4,""confidence"":0.92,""reasons"":[""5m price deterioration ≤−40%""]}",2695126db787a94e,[object Object],,000000000000000005ba9afd7c8321eb255dcfe10833145b,info
2026-09-29 19:48:38,"[jevsentinel] shadow prediction {""version"":1,""shadow"":true,""action"":""SELL"",""confidence"":0.78,""sampleCount"":82,""evidenceQuality"":""strong"",""sourceTrajectoryAction"":""SELL"",""reasons"":[""forward risk structure is deteriorating""],""predictedAt"":""2026-09-29T22:48:38.801Z""}",e0a9f8ecfce6c956,[object Object],,000000000000000005ba9afd7c8321eb255dcfe10833145b,info
2026-09-29 19:48:38,"[jevsentinel] live action state {""action"":""SELL"",""stage"":""DISTRIBUTION"",""riskScore"":4,""confidence"":0.92,""reasons"":[""5m price deterioration ≤−40%""]}",459c34034f03a703,[object Object],,000000000000000005ba9afd7c8321eb255dcfe10833145b,info
2026-09-29 19:48:38,"[jevsentinel] shadow prediction {""version"":1,""shadow"":true,""action"":""SELL"",""confidence"":0.78,""sampleCount"":40,""evidenceQuality"":""strong"",""sourceTrajectoryAction"":""SELL"",""reasons"":[""forward risk structure is deteriorating""],""predictedAt"":""2026-09-29T22:48:38.707Z""}",eff113b43f139da8,[object Object],,000000000000000005ba9afd7c8321eb255dcfe10833145b,info
2026-09-29 19:48:38,"[jevsentinel] decision input {""mint"":""DtFkKBC3Cmi9j3SxBGRUd8gvBLw7nAasrvUJFB69yubM"",""sourceCard"":""CW"",""evidenceGroups"":{""tokenIntegrity"":true,""holderStructure"":true,""creatorIntelligence"":true,""walletBehaviour"":true,""flowDynamics"":true,""marketDynamics"":true,""liquidityStructure"":true,""temporalIntelligence"":true,""historicalIntelligence"":true,""socialNarrative"":true,""alternativeExplanation"":true},""evidenceQuality"":""strong"",""providers"":{""token-research"":{""available"":true,""fieldCount"":30},""transfer-flow"":{""available"":true,""fieldCount"":13},""social-narrative"":{""available"":true,""fieldCount"":2}},""temporalSampleCount"":82}",a141143ae0acabe7,[object Object],,000000000000000005ba9afd7c8321eb255dcfe10833145b,info
2026-09-29 19:48:38,"[jevsentinel] trajectory state {""action"":""SELL"",""stage"":""DISTRIBUTION"",""riskScore"":4,""confidence"":0.92,""reasons"":[""5m price deterioration ≤−40%""]}",aabc09a33a07787b,[object Object],,000000000000000005ba9afd7c8321eb255dcfe10833145b,info
2026-09-29 19:48:38,"[jevsentinel] temporal state {""priorSnapshotCount"":81,""currentSnapshot"":{""observedAt"":""2026-09-29T22:48:38.622Z"",""price"":0.0001507,""liquidity"":38153.53,""volume"":483730.01,""priceChange5mPct"":-43.1,""priceChange1hPct"":154,""buyCount5m"":2575,""sellCount5m"":2460,""buySellRatio5m"":0.5114200595829196,""uniqueSellers"":0,""uniqueBuyers"":0,""sellerAcceleration"":0,""coordinatedSellers"":0,""sellUsd"":null,""buyUsd"":null,""sellerCount"":null},""sampleCount"":82,""deltas"":{""price"":0,""liquidity"":0,""volume"":0,""priceChange5mPct"":0,""priceChange1hPct"":0,""buyCount5m"":0,""sellCount5m"":0,""buySellRatio5m"":0,""uniqueSellers"":0,""uniqueBuyers"":0,""sellerAcceleration"":0,""coordinatedSellers"":0},""acceleration"":{""selling"":""stable"",""buyPressure"":""stable"",""volume"":""stable"",""liquidity"":""stable"",""price"":""stable"",""sellers"":""stable"",""coordination"":""stable""}}",9b000b511857b968,[object Object],,000000000000000005ba9afd7c8321eb255dcfe10833145b,info
2026-09-29 19:48:38,"[jevsentinel] decision input {""mint"":""2RFUG2WSvR3v4pGSGj5yNKiFrNM1EhyQWr4XvvHBpump"",""sourceCard"":""CW"",""evidenceGroups"":{""tokenIntegrity"":true,""holderStructure"":true,""creatorIntelligence"":false,""walletBehaviour"":true,""flowDynamics"":true,""marketDynamics"":true,""liquidityStructure"":true,""temporalIntelligence"":true,""historicalIntelligence"":true,""socialNarrative"":true,""alternativeExplanation"":true},""evidenceQuality"":""strong"",""providers"":{""token-research"":{""available"":true,""fieldCount"":29},""transfer-flow"":{""available"":true,""fieldCount"":13},""social-narrative"":{""available"":true,""fieldCount"":2}},""temporalSampleCount"":40}",3f24f0c06a3d9402,[object Object],,000000000000000005ba9afd7c8321eb255dcfe10833145b,info
2026-09-29 19:48:38,"[jevsentinel] trajectory state {""action"":""SELL"",""stage"":""DISTRIBUTION"",""riskScore"":4,""confidence"":0.92,""reasons"":[""5m price deterioration ≤−40%""]}",faf38bee2f5056be,[object Object],,000000000000000005ba9afd7c8321eb255dcfe10833145b,info
2026-09-29 19:48:38,"[jevsentinel] temporal state {""priorSnapshotCount"":39,""currentSnapshot"":{""observedAt"":""2026-09-29T22:48:38.547Z"",""price"":0.00003079,""liquidity"":14089.79,""volume"":114758.2,""priceChange5mPct"":-44.89,""priceChange1hPct"":-36.18,""buyCount5m"":1139,""sellCount5m"":996,""buySellRatio5m"":0.5334894613583138,""uniqueSellers"":0,""uniqueBuyers"":0,""sellerAcceleration"":0,""coordinatedSellers"":0,""sellUsd"":null,""buyUsd"":null,""sellerCount"":null},""sampleCount"":40,""deltas"":{""price"":0,""liquidity"":0,""volume"":0,""priceChange5mPct"":0,""priceChange1hPct"":0,""buyCount5m"":0,""sellCount5m"":0,""buySellRatio5m"":0,""uniqueSellers"":0,""uniqueBuyers"":0,""sellerAcceleration"":0,""coordinatedSellers"":0},""acceleration"":{""selling"":""stable"",""buyPressure"":""stable"",""volume"":""stable"",""liquidity"":""stable"",""price"":""stable"",""sellers"":""stable"",""coordination"":""stable""}}",c5946085242c3ce9,[object Object],,000000000000000005ba9afd7c8321eb255dcfe10833145b,info
2026-09-29 19:48:35,"[jevsentinel] live action state {""action"":""SELL"",""stage"":""DISTRIBUTION"",""riskScore"":4,""confidence"":0.92,""reasons"":[""5m price deterioration ≤−40%""]}",c13e20a027f6301c,[object Object],,000000000000000005ba9afd7c8321eb255dcfe10833145b,info
2026-09-29 19:48:35,"[jevsentinel] shadow prediction {""version"":1,""shadow"":true,""action"":""SELL"",""confidence"":0.78,""sampleCount"":39,""evidenceQuality"":""strong"",""sourceTrajectoryAction"":""SELL"",""reasons"":[""forward risk structure is deteriorating""],""predictedAt"":""2026-09-29T22:48:35.055Z""}",d5e8d28dcaec4d7b,[object Object],,000000000000000005ba9afd7c8321eb255dcfe10833145b,info
2026-09-29 19:48:34,"[jevsentinel] live action state {""action"":""SELL"",""stage"":""DISTRIBUTION"",""riskScore"":4,""confidence"":0.92,""reasons"":[""5m price deterioration ≤−40%""]}",4d78339ed978a897,[object Object],,000000000000000005ba9afd7c8321eb255dcfe10833145b,info
2026-09-29 19:48:34,"[jevsentinel] shadow prediction {""version"":1,""shadow"":true,""action"":""SELL"",""confidence"":0.78,""sampleCount"":81,""evidenceQuality"":""strong"",""sourceTrajectoryAction"":""SELL"",""reasons"":[""forward risk structure is deteriorating""],""predictedAt"":""2026-09-29T22:48:34.907Z""}",e780fab0aa2e84f7,[object Object],,000000000000000005ba9afd7c8321eb255dcfe10833145b,info
2026-09-29 19:48:34,"[jevsentinel] decision input {""mint"":""2RFUG2WSvR3v4pGSGj5yNKiFrNM1EhyQWr4XvvHBpump"",""sourceCard"":""CW"",""evidenceGroups"":{""tokenIntegrity"":true,""holderStructure"":true,""creatorIntelligence"":true,""walletBehaviour"":true,""flowDynamics"":true,""marketDynamics"":true,""liquidityStructure"":true,""temporalIntelligence"":true,""historicalIntelligence"":true,""socialNarrative"":true,""alternativeExplanation"":true},""evidenceQuality"":""strong"",""providers"":{""token-research"":{""available"":true,""fieldCount"":30},""transfer-flow"":{""available"":true,""fieldCount"":13},""social-narrative"":{""available"":true,""fieldCount"":2}},""temporalSampleCount"":39}",7a3b0f49a4d28cb5,[object Object],,000000000000000005ba9afd7c8321eb255dcfe10833145b,info
2026-09-29 19:48:34,"[jevsentinel] trajectory state {""action"":""SELL"",""stage"":""DISTRIBUTION"",""riskScore"":4,""confidence"":0.92,""reasons"":[""5m price deterioration ≤−40%""]}",ed03d096f21c7342,[object Object],,000000000000000005ba9afd7c8321eb255dcfe10833145b,info
2026-09-29 19:48:34,"[jevsentinel] temporal state {""priorSnapshotCount"":38,""currentSnapshot"":{""observedAt"":""2026-09-29T22:48:34.870Z"",""price"":0.00003079,""liquidity"":14089.79,""volume"":114758.2,""priceChange5mPct"":-44.89,""priceChange1hPct"":-36.18,""buyCount5m"":1139,""sellCount5m"":996,""buySellRatio5m"":0.5334894613583138,""uniqueSellers"":0,""uniqueBuyers"":0,""sellerAcceleration"":0,""coordinatedSellers"":0,""sellUsd"":null,""buyUsd"":null,""sellerCount"":null},""sampleCount"":39,""deltas"":{""price"":0,""liquidity"":0,""volume"":0,""priceChange5mPct"":0,""priceChange1hPct"":0,""buyCount5m"":0,""sellCount5m"":0,""buySellRatio5m"":0,""uniqueSellers"":0,""uniqueBuyers"":0,""sellerAcceleration"":0,""coordinatedSellers"":0},""acceleration"":{""selling"":""stable"",""buyPressure"":""stable"",""volume"":""stable"",""liquidity"":""stable"",""price"":""stable"",""sellers"":""stable"",""coordination"":""stable""}}",c8a2090ed037f923,[object Object],,000000000000000005ba9afd7c8321eb255dcfe10833145b,info
2026-09-29 19:48:34,"[jevsentinel] decision input {""mint"":""DtFkKBC3Cmi9j3SxBGRUd8gvBLw7nAasrvUJFB69yubM"",""sourceCard"":""CW"",""evidenceGroups"":{""tokenIntegrity"":true,""holderStructure"":true,""creatorIntelligence"":true,""walletBehaviour"":true,""flowDynamics"":true,""marketDynamics"":true,""liquidityStructure"":true,""temporalIntelligence"":true,""historicalIntelligence"":true,""socialNarrative"":true,""alternativeExplanation"":true},""evidenceQuality"":""strong"",""providers"":{""token-research"":{""available"":true,""fieldCount"":30},""transfer-flow"":{""available"":true,""fieldCount"":13},""social-narrative"":{""available"":true,""fieldCount"":2}},""temporalSampleCount"":81}",1276235909b3803f,[object Object],,000000000000000005ba9afd7c8321eb255dcfe10833145b,info
2026-09-29 19:48:34,"[jevsentinel] trajectory state {""action"":""SELL"",""stage"":""DISTRIBUTION"",""riskScore"":4,""confidence"":0.92,""reasons"":[""5m price deterioration ≤−40%""]}",e57e8d2cd5fc245f,[object Object],,000000000000000005ba9afd7c8321eb255dcfe10833145b,info
2026-09-29 19:48:34,"[jevsentinel] temporal state {""priorSnapshotCount"":80,""currentSnapshot"":{""observedAt"":""2026-09-29T22:48:34.688Z"",""price"":0.0001507,""liquidity"":38153.53,""volume"":483730.01,""priceChange5mPct"":-43.1,""priceChange1hPct"":154,""buyCount5m"":2575,""sellCount5m"":2460,""buySellRatio5m"":0.5114200595829196,""uniqueSellers"":0,""uniqueBuyers"":0,""sellerAcceleration"":0,""coordinatedSellers"":0,""sellUsd"":null,""buyUsd"":null,""sellerCount"":null},""sampleCount"":81,""deltas"":{""price"":0,""liquidity"":0,""volume"":0,""priceChange5mPct"":0,""priceChange1hPct"":0,""buyCount5m"":0,""sellCount5m"":0,""buySellRatio5m"":0,""uniqueSellers"":0,""uniqueBuyers"":0,""sellerAcceleration"":0,""coordinatedSellers"":0},""acceleration"":{""selling"":""stable"",""buyPressure"":""stable"",""volume"":""stable"",""liquidity"":""stable"",""price"":""stable"",""sellers"":""stable"",""coordination"":""stable""}}",9454768195906b2b,[object Object],,000000000000000005ba9afd7c8321eb255dcfe10833145b,info
2026-09-29 19:48:31,"[jevsentinel] live action state {""action"":""SELL"",""stage"":""DISTRIBUTION"",""riskScore"":6,""confidence"":0.99,""reasons"":[""JEV progression: distribution"",""5m price deterioration ≤−40%""]}",9835d2961c95eb1d,[object Object],,000000000000000005ba9afd7c8321eb255dcfe10833145b,info
2026-09-29 19:48:31,"[jevsentinel] shadow prediction {""version"":1,""shadow"":true,""action"":""SELL"",""confidence"":0.78,""sampleCount"":38,""evidenceQuality"":""strong"",""sourceTrajectoryAction"":""SELL"",""reasons"":[""forward risk structure is deteriorating""],""predictedAt"":""2026-09-29T22:48:31.085Z""}",6b687213e6444b6c,[object Object],,000000000000000005ba9afd7c8321eb255dcfe10833145b,info
2026-09-29 19:48:31,"[jevsentinel] live action state {""action"":""SELL"",""stage"":""DISTRIBUTION"",""riskScore"":4,""confidence"":0.92,""reasons"":[""5m price deterioration ≤−40%""]}",6765819bdbbc6fa8,[object Object],,000000000000000005ba9afd7c8321eb255dcfe10833145b,info
2026-09-29 19:48:31,"[jevsentinel] shadow prediction {""version"":1,""shadow"":true,""action"":""SELL"",""confidence"":0.78,""sampleCount"":80,""evidenceQuality"":""strong"",""sourceTrajectoryAction"":""SELL"",""reasons"":[""forward risk structure is deteriorating""],""predictedAt"":""2026-09-29T22:48:31.002Z""}",85a8d66c58d28651,[object Object],,000000000000000005ba9afd7c8321eb255dcfe10833145b,info
2026-09-29 19:48:30,"[jevsentinel] decision input {""mint"":""2RFUG2WSvR3v4pGSGj5yNKiFrNM1EhyQWr4XvvHBpump"",""sourceCard"":""CW"",""evidenceGroups"":{""tokenIntegrity"":true,""holderStructure"":true,""creatorIntelligence"":true,""walletBehaviour"":true,""flowDynamics"":true,""marketDynamics"":true,""liquidityStructure"":true,""temporalIntelligence"":true,""historicalIntelligence"":true,""socialNarrative"":true,""alternativeExplanation"":true},""evidenceQuality"":""strong"",""providers"":{""token-research"":{""available"":true,""fieldCount"":30},""transfer-flow"":{""available"":true,""fieldCount"":13},""social-narrative"":{""available"":true,""fieldCount"":2}},""temporalSampleCount"":38}",4bff90b501c0b19f,[object Object],,000000000000000005ba9afd7c8321eb255dcfe10833145b,info
2026-09-29 19:48:30,"[jevsentinel] trajectory state {""action"":""SELL"",""stage"":""DISTRIBUTION"",""riskScore"":4,""confidence"":0.92,""reasons"":[""5m price deterioration ≤−40%""]}",32efff8bd1a87712,[object Object],,000000000000000005ba9afd7c8321eb255dcfe10833145b,info
2026-09-29 19:48:30,"[jevsentinel] temporal state {""priorSnapshotCount"":37,""currentSnapshot"":{""observedAt"":""2026-09-29T22:48:30.891Z"",""price"":0.00003079,""liquidity"":14089.79,""volume"":114758.2,""priceChange5mPct"":-44.89,""priceChange1hPct"":-36.18,""buyCount5m"":1139,""sellCount5m"":996,""buySellRatio5m"":0.5334894613583138,""uniqueSellers"":0,""uniqueBuyers"":0,""sellerAcceleration"":0,""coordinatedSellers"":0,""sellUsd"":null,""buyUsd"":null,""sellerCount"":null},""sampleCount"":38,""deltas"":{""price"":0,""liquidity"":0,""volume"":0,""priceChange5mPct"":0,""priceChange1hPct"":0,""buyCount5m"":0,""sellCount5m"":0,""buySellRatio5m"":0,""uniqueSellers"":0,""uniqueBuyers"":0,""sellerAcceleration"":0,""coordinatedSellers"":0},""acceleration"":{""selling"":""stable"",""buyPressure"":""stable"",""volume"":""stable"",""liquidity"":""stable"",""price"":""stable"",""sellers"":""stable"",""coordination"":""stable""}}",249efbb472dcc39c,[object Object],,000000000000000005ba9afd7c8321eb255dcfe10833145b,info
2026-09-29 19:48:30,"[jevsentinel] decision input {""mint"":""DtFkKBC3Cmi9j3SxBGRUd8gvBLw7nAasrvUJFB69yubM"",""sourceCard"":""CW"",""evidenceGroups"":{""tokenIntegrity"":true,""holderStructure"":true,""creatorIntelligence"":false,""walletBehaviour"":true,""flowDynamics"":true,""marketDynamics"":true,""liquidityStructure"":true,""temporalIntelligence"":true,""historicalIntelligence"":true,""socialNarrative"":true,""alternativeExplanation"":true},""evidenceQuality"":""strong"",""providers"":{""token-research"":{""available"":true,""fieldCount"":29},""transfer-flow"":{""available"":true,""fieldCount"":13},""social-narrative"":{""available"":true,""fieldCount"":2}},""temporalSampleCount"":80}",816934e696bc167c,[object Object],,000000000000000005ba9afd7c8321eb255dcfe10833145b,info
2026-09-29 19:48:30,"[jevsentinel] trajectory state {""action"":""SELL"",""stage"":""DISTRIBUTION"",""riskScore"":4,""confidence"":0.92,""reasons"":[""5m price deterioration ≤−40%""]}",79beccb514545fcf,[object Object],,000000000000000005ba9afd7c8321eb255dcfe10833145b,info
2026-09-29 19:48:30,"[jevsentinel] temporal state {""priorSnapshotCount"":79,""currentSnapshot"":{""observedAt"":""2026-09-29T22:48:30.806Z"",""price"":0.0001507,""liquidity"":38153.53,""volume"":483730.01,""priceChange5mPct"":-43.1,""priceChange1hPct"":154,""buyCount5m"":2575,""sellCount5m"":2460,""buySellRatio5m"":0.5114200595829196,""uniqueSellers"":0,""uniqueBuyers"":0,""sellerAcceleration"":0,""coordinatedSellers"":0,""sellUsd"":null,""buyUsd"":null,""sellerCount"":null},""sampleCount"":80,""deltas"":{""price"":0,""liquidity"":0,""volume"":0,""priceChange5mPct"":0,""priceChange1hPct"":0,""buyCount5m"":0,""sellCount5m"":0,""buySellRatio5m"":0,""uniqueSellers"":0,""uniqueBuyers"":0,""sellerAcceleration"":0,""coordinatedSellers"":0},""acceleration"":{""selling"":""stable"",""buyPressure"":""stable"",""volume"":""stable"",""liquidity"":""stable"",""price"":""stable"",""sellers"":""stable"",""coordination"":""stable""}}",5e4d7dcf47b40418,[object Object],,000000000000000005ba9afd7c8321eb255dcfe10833145b,info
2026-09-29 19:48:27,"[jevsentinel] live action state {""action"":""SELL"",""stage"":""DISTRIBUTION"",""riskScore"":4,""confidence"":0.92,""reasons"":[""5m price deterioration ≤−40%""]}",99aca8e6685f03c9,[object Object],,000000000000000005ba9afd7c8321eb255dcfe10833145b,info
2026-09-29 19:48:27,"[jevsentinel] shadow prediction {""version"":1,""shadow"":true,""action"":""SELL"",""confidence"":0.78,""sampleCount"":79,""evidenceQuality"":""strong"",""sourceTrajectoryAction"":""SELL"",""reasons"":[""forward risk structure is deteriorating""],""predictedAt"":""2026-09-29T22:48:27.188Z""}",4cdab1f0c6ee13ee,[object Object],,000000000000000005ba9afd7c8321eb255dcfe10833145b,info
2026-09-29 19:48:27,"[jevsentinel] live action state {""action"":""SELL"",""stage"":""DISTRIBUTION"",""riskScore"":4,""confidence"":0.92,""reasons"":[""5m price deterioration ≤−40%""]}",902b27cbe7be56b2,[object Object],,000000000000000005ba9afd7c8321eb255dcfe10833145b,info
2026-09-29 19:48:27,"[jevsentinel] shadow prediction {""version"":1,""shadow"":true,""action"":""SELL"",""confidence"":0.78,""sampleCount"":37,""evidenceQuality"":""strong"",""sourceTrajectoryAction"":""SELL"",""reasons"":[""forward risk structure is deteriorating""],""predictedAt"":""2026-09-29T22:48:27.145Z""}",447b205c0cc6dac2,[object Object],,000000000000000005ba9afd7c8321eb255dcfe10833145b,info
2026-09-29 19:48:26,"[jevsentinel] decision input {""mint"":""2RFUG2WSvR3v4pGSGj5yNKiFrNM1EhyQWr4XvvHBpump"",""sourceCard"":""CW"",""evidenceGroups"":{""tokenIntegrity"":true,""holderStructure"":true,""creatorIntelligence"":false,""walletBehaviour"":true,""flowDynamics"":true,""marketDynamics"":true,""liquidityStructure"":true,""temporalIntelligence"":true,""historicalIntelligence"":true,""socialNarrative"":true,""alternativeExplanation"":true},""evidenceQuality"":""strong"",""providers"":{""token-research"":{""available"":true,""fieldCount"":29},""transfer-flow"":{""available"":true,""fieldCount"":13},""social-narrative"":{""available"":true,""fieldCount"":2}},""temporalSampleCount"":37}",c05ed2a8be7d503f,[object Object],,000000000000000005ba9afd7c8321eb255dcfe10833145b,info
2026-09-29 19:48:26,"[jevsentinel] trajectory state {""action"":""SELL"",""stage"":""DISTRIBUTION"",""riskScore"":4,""confidence"":0.92,""reasons"":[""5m price deterioration ≤−40%""]}",5bbb48a89c89207f,[object Object],,000000000000000005ba9afd7c8321eb255dcfe10833145b,info
2026-09-29 19:48:26,"[jevsentinel] temporal state {""priorSnapshotCount"":36,""currentSnapshot"":{""observedAt"":""2026-09-29T22:48:26.978Z"",""price"":0.00003079,""liquidity"":14089.79,""volume"":114758.2,""priceChange5mPct"":-44.89,""priceChange1hPct"":-36.18,""buyCount5m"":1139,""sellCount5m"":996,""buySellRatio5m"":0.5334894613583138,""uniqueSellers"":0,""uniqueBuyers"":0,""sellerAcceleration"":0,""coordinatedSellers"":0,""sellUsd"":null,""buyUsd"":null,""sellerCount"":null},""sampleCount"":37,""deltas"":{""price"":0,""liquidity"":0,""volume"":0,""priceChange5mPct"":0,""priceChange1hPct"":0,""buyCount5m"":0,""sellCount5m"":0,""buySellRatio5m"":0,""uniqueSellers"":0,""uniqueBuyers"":0,""sellerAcceleration"":0,""coordinatedSellers"":0},""acceleration"":{""selling"":""stable"",""buyPressure"":""stable"",""volume"":""stable"",""liquidity"":""stable"",""price"":""stable"",""sellers"":""stable"",""coordination"":""stable""}}",fae99228ae27f811,[object Object],,000000000000000005ba9afd7c8321eb255dcfe10833145b,info
2026-09-29 19:48:26,"[jevsentinel] decision input {""mint"":""DtFkKBC3Cmi9j3SxBGRUd8gvBLw7nAasrvUJFB69yubM"",""sourceCard"":""CW"",""evidenceGroups"":{""tokenIntegrity"":true,""holderStructure"":true,""creatorIntelligence"":false,""walletBehaviour"":true,""flowDynamics"":true,""marketDynamics"":true,""liquidityStructure"":true,""temporalIntelligence"":true,""historicalIntelligence"":true,""socialNarrative"":true,""alternativeExplanation"":true},""evidenceQuality"":""strong"",""providers"":{""token-research"":{""available"":true,""fieldCount"":29},""transfer-flow"":{""available"":true,""fieldCount"":13},""social-narrative"":{""available"":true,""fieldCount"":2}},""temporalSampleCount"":79}",5e7e4fd4577c2fab,[object Object],,000000000000000005ba9afd7c8321eb255dcfe10833145b,info
2026-09-29 19:48:26,"[jevsentinel] trajectory state {""action"":""SELL"",""stage"":""DISTRIBUTION"",""riskScore"":4,""confidence"":0.92,""reasons"":[""5m price deterioration ≤−40%""]}",c17526ca59b55f86,[object Object],,000000000000000005ba9afd7c8321eb255dcfe10833145b,info
2026-09-29 19:48:26,"[jevsentinel] temporal state {""priorSnapshotCount"":78,""currentSnapshot"":{""observedAt"":""2026-09-29T22:48:26.933Z"",""price"":0.0001507,""liquidity"":38153.53,""volume"":483730.01,""priceChange5mPct"":-43.1,""priceChange1hPct"":154,""buyCount5m"":2575,""sellCount5m"":2460,""buySellRatio5m"":0.5114200595829196,""uniqueSellers"":0,""uniqueBuyers"":0,""sellerAcceleration"":0,""coordinatedSellers"":0,""sellUsd"":null,""buyUsd"":null,""sellerCount"":null},""sampleCount"":79,""deltas"":{""price"":0.000056500000000000005,""liquidity"":8590.469999999998,""volume"":-51808.27000000002,""priceChange5mPct"":13.659999999999997,""priceChange1hPct"":95.28999999999999,""buyCount5m"":-240,""sellCount5m"":-194,""buySellRatio5m"":-0.003299267533555139,""uniqueSellers"":0,""uniqueBuyers"":0,""sellerAcceleration"":0,""coordinatedSellers"":0},""acceleration"":{""selling"":""decreasing"",""buyPressure"":""decreasing"",""volume"":""decreasing"",""liquidity"":""improving"",""price"":""improving"",""sellers"":""stable"",""coordination"":""stable""}}",c2c00121195bdd60,[object Object],,000000000000000005ba9afd7c8321eb255dcfe10833145b,info
2026-09-29 19:48:23,"[jevsentinel] live action state {""action"":""SELL"",""stage"":""DISTRIBUTION"",""riskScore"":4,""confidence"":0.92,""reasons"":[""5m price deterioration ≤−40%""]}",d309657cb24d1af6,[object Object],,000000000000000005ba9afd7c8321eb255dcfe10833145b,info
2026-09-29 19:48:23,"[jevsentinel] shadow prediction {""version"":1,""shadow"":true,""action"":""SELL"",""confidence"":0.78,""sampleCount"":78,""evidenceQuality"":""strong"",""sourceTrajectoryAction"":""SELL"",""reasons"":[""forward risk structure is deteriorating""],""predictedAt"":""2026-09-29T22:48:23.464Z""}",3f1c29e50167dddd,[object Object],,000000000000000005ba9afd7c8321eb255dcfe10833145b,info
2026-09-29 19:48:23,"[jevsentinel] live action state {""action"":""SELL"",""stage"":""DISTRIBUTION"",""riskScore"":4,""confidence"":0.92,""reasons"":[""5m price deterioration ≤−40%""]}",11e2e3e3a883ee00,[object Object],,000000000000000005ba9afd7c8321eb255dcfe10833145b,info
2026-09-29 19:48:23,"[jevsentinel] shadow prediction {""version"":1,""shadow"":true,""action"":""SELL"",""confidence"":0.78,""sampleCount"":36,""evidenceQuality"":""strong"",""sourceTrajectoryAction"":""SELL"",""reasons"":[""forward risk structure is deteriorating""],""predictedAt"":""2026-09-29T22:48:23.295Z""}",2d088c8beed7aa5d,[object Object],,000000000000000005ba9afd7c8321eb255dcfe10833145b,info
2026-09-29 19:48:23,"[jevsentinel] decision input {""mint"":""DtFkKBC3Cmi9j3SxBGRUd8gvBLw7nAasrvUJFB69yubM"",""sourceCard"":""CW"",""evidenceGroups"":{""tokenIntegrity"":true,""holderStructure"":true,""creatorIntelligence"":true,""walletBehaviour"":true,""flowDynamics"":true,""marketDynamics"":true,""liquidityStructure"":true,""temporalIntelligence"":true,""historicalIntelligence"":true,""socialNarrative"":true,""alternativeExplanation"":true},""evidenceQuality"":""strong"",""providers"":{""token-research"":{""available"":true,""fieldCount"":30},""transfer-flow"":{""available"":true,""fieldCount"":13},""social-narrative"":{""available"":true,""fieldCount"":2}},""temporalSampleCount"":78}",a70b5cc1c5d8abc2,[object Object],,000000000000000005ba9afd7c8321eb255dcfe10833145b,info
2026-09-29 19:48:23,"[jevsentinel] trajectory state {""action"":""SELL"",""stage"":""DISTRIBUTION"",""riskScore"":4,""confidence"":0.92,""reasons"":[""5m price deterioration ≤−40%""]}",105dcd339c8ec8d7,[object Object],,000000000000000005ba9afd7c8321eb255dcfe10833145b,info
2026-09-29 19:48:23,"[jevsentinel] temporal state {""priorSnapshotCount"":77,""currentSnapshot"":{""observedAt"":""2026-09-29T22:48:23.198Z"",""price"":0.0000942,""liquidity"":29563.06,""volume"":535538.28,""priceChange5mPct"":-56.76,""priceChange1hPct"":58.71,""buyCount5m"":2815,""sellCount5m"":2654,""buySellRatio5m"":0.5147193271164747,""uniqueSellers"":0,""uniqueBuyers"":0,""sellerAcceleration"":0,""coordinatedSellers"":0,""sellUsd"":null,""buyUsd"":null,""sellerCount"":null},""sampleCount"":78,""deltas"":{""price"":0,""liquidity"":0,""volume"":0,""priceChange5mPct"":0,""priceChange1hPct"":0,""buyCount5m"":0,""sellCount5m"":0,""buySellRatio5m"":0,""uniqueSellers"":0,""uniqueBuyers"":0,""sellerAcceleration"":0,""coordinatedSellers"":0},""acceleration"":{""selling"":""stable"",""buyPressure"":""stable"",""volume"":""stable"",""liquidity"":""stable"",""price"":""stable"",""sellers"":""stable"",""coordination"":""stable""}}",4360d91468016983,[object Object],,000000000000000005ba9afd7c8321eb255dcfe10833145b,info
2026-09-29 19:48:23,"[jevsentinel] decision input {""mint"":""2RFUG2WSvR3v4pGSGj5yNKiFrNM1EhyQWr4XvvHBpump"",""sourceCard"":""CW"",""evidenceGroups"":{""tokenIntegrity"":true,""holderStructure"":true,""creatorIntelligence"":false,""walletBehaviour"":true,""flowDynamics"":true,""marketDynamics"":true,""liquidityStructure"":true,""temporalIntelligence"":true,""historicalIntelligence"":true,""socialNarrative"":true,""alternativeExplanation"":true},""evidenceQuality"":""strong"",""providers"":{""token-research"":{""available"":true,""fieldCount"":29},""transfer-flow"":{""available"":true,""fieldCount"":13},""social-narrative"":{""available"":true,""fieldCount"":2}},""temporalSampleCount"":36}",1fc3c5489e604e3,[object Object],,000000000000000005ba9afd7c8321eb255dcfe10833145b,info
2026-09-29 19:48:23,"[jevsentinel] trajectory state {""action"":""SELL"",""stage"":""DISTRIBUTION"",""riskScore"":4,""confidence"":0.92,""reasons"":[""5m price deterioration ≤−40%""]}",833e995ffb97a19c,[object Object],,000000000000000005ba9afd7c8321eb255dcfe10833145b,info
2026-09-29 19:48:23,"[jevsentinel] temporal state {""priorSnapshotCount"":35,""currentSnapshot"":{""observedAt"":""2026-09-29T22:48:23.133Z"",""price"":0.00003079,""liquidity"":14089.79,""volume"":114758.2,""priceChange5mPct"":-44.89,""priceChange1hPct"":-36.18,""buyCount5m"":1139,""sellCount5m"":996,""buySellRatio5m"":0.5334894613583138,""uniqueSellers"":0,""uniqueBuyers"":0,""sellerAcceleration"":0,""coordinatedSellers"":0,""sellUsd"":null,""buyUsd"":null,""sellerCount"":null},""sampleCount"":36,""deltas"":{""price"":0,""liquidity"":0,""volume"":0,""priceChange5mPct"":0,""priceChange1hPct"":0,""buyCount5m"":0,""sellCount5m"":0,""buySellRatio5m"":0,""uniqueSellers"":0,""uniqueBuyers"":0,""sellerAcceleration"":0,""coordinatedSellers"":0},""acceleration"":{""selling"":""stable"",""buyPressure"":""stable"",""volume"":""stable"",""liquidity"":""stable"",""price"":""stable"",""sellers"":""stable"",""coordination"":""stable""}}",a2972b81944ef1fb,[object Object],,000000000000000005ba9afd7c8321eb255dcfe10833145b,info
2026-09-29 19:48:19,"[jevsentinel] live action state {""action"":""SELL"",""stage"":""DISTRIBUTION"",""riskScore"":4,""confidence"":0.92,""reasons"":[""5m price deterioration ≤−40%""]}",b2d570bc866d8ce2,[object Object],,000000000000000005ba9afd7c8321eb255dcfe10833145b,info
2026-09-29 19:48:19,"[jevsentinel] shadow prediction {""version"":1,""shadow"":true,""action"":""SELL"",""confidence"":0.78,""sampleCount"":35,""evidenceQuality"":""strong"",""sourceTrajectoryAction"":""SELL"",""reasons"":[""forward risk structure is deteriorating""],""predictedAt"":""2026-09-29T22:48:19.663Z""}",5fff50810d2e4b9,[object Object],,000000000000000005ba9afd7c8321eb255dcfe10833145b,info
2026-09-29 19:48:19,"[jevsentinel] decision input {""mint"":""2RFUG2WSvR3v4pGSGj5yNKiFrNM1EhyQWr4XvvHBpump"",""sourceCard"":""CW"",""evidenceGroups"":{""tokenIntegrity"":true,""holderStructure"":true,""creatorIntelligence"":true,""walletBehaviour"":true,""flowDynamics"":true,""marketDynamics"":true,""liquidityStructure"":true,""temporalIntelligence"":true,""historicalIntelligence"":true,""socialNarrative"":true,""alternativeExplanation"":true},""evidenceQuality"":""strong"",""providers"":{""token-research"":{""available"":true,""fieldCount"":30},""transfer-flow"":{""available"":true,""fieldCount"":13},""social-narrative"":{""available"":true,""fieldCount"":2}},""temporalSampleCount"":35}",bfcb39071fa6c83c,[object Object],,000000000000000005ba9afd7c8321eb255dcfe10833145b,info
2026-09-29 19:48:19,"[jevsentinel] trajectory state {""action"":""SELL"",""stage"":""DISTRIBUTION"",""riskScore"":4,""confidence"":0.92,""reasons"":[""5m price deterioration ≤−40%""]}",b81ec76a092580bc,[object Object],,000000000000000005ba9afd7c8321eb255dcfe10833145b,info
2026-09-29 19:48:19,"[jevsentinel] temporal state {""priorSnapshotCount"":34,""currentSnapshot"":{""observedAt"":""2026-09-29T22:48:19.470Z"",""price"":0.00003079,""liquidity"":14089.79,""volume"":114758.2,""priceChange5mPct"":-44.89,""priceChange1hPct"":-36.18,""buyCount5m"":1139,""sellCount5m"":996,""buySellRatio5m"":0.5334894613583138,""uniqueSellers"":0,""uniqueBuyers"":0,""sellerAcceleration"":0,""coordinatedSellers"":0,""sellUsd"":null,""buyUsd"":null,""sellerCount"":null},""sampleCount"":35,""deltas"":{""price"":0,""liquidity"":0,""volume"":0,""priceChange5mPct"":0,""priceChange1hPct"":0,""buyCount5m"":0,""sellCount5m"":0,""buySellRatio5m"":0,""uniqueSellers"":0,""uniqueBuyers"":0,""sellerAcceleration"":0,""coordinatedSellers"":0},""acceleration"":{""selling"":""stable"",""buyPressure"":""stable"",""volume"":""stable"",""liquidity"":""stable"",""price"":""stable"",""sellers"":""stable"",""coordination"":""stable""}}",2598023b5de7c6b9,[object Object],,000000000000000005ba9afd7c8321eb255dcfe10833145b,info
2026-09-29 19:48:19,"[jevsentinel] live action state {""action"":""SELL"",""stage"":""DISTRIBUTION"",""riskScore"":4,""confidence"":0.92,""reasons"":[""5m price deterioration ≤−40%""]}",4f36827567fae280,[object Object],,000000000000000005ba9afd7c8321eb255dcfe10833145b,info
2026-09-29 19:48:19,"[jevsentinel] shadow prediction {""version"":1,""shadow"":true,""action"":""SELL"",""confidence"":0.78,""sampleCount"":77,""evidenceQuality"":""strong"",""sourceTrajectoryAction"":""SELL"",""reasons"":[""forward risk structure is deteriorating""],""predictedAt"":""2026-09-29T22:48:19.454Z""}",11f94f5289c06b3e,[object Object],,000000000000000005ba9afd7c8321eb255dcfe10833145b,info
2026-09-29 19:48:19,"[jevsentinel] decision input {""mint"":""DtFkKBC3Cmi9j3SxBGRUd8gvBLw7nAasrvUJFB69yubM"",""sourceCard"":""CW"",""evidenceGroups"":{""tokenIntegrity"":true,""holderStructure"":true,""creatorIntelligence"":true,""walletBehaviour"":true,""flowDynamics"":true,""marketDynamics"":true,""liquidityStructure"":true,""temporalIntelligence"":true,""historicalIntelligence"":true,""socialNarrative"":true,""alternativeExplanation"":true},""evidenceQuality"":""strong"",""providers"":{""token-research"":{""available"":true,""fieldCount"":30},""transfer-flow"":{""available"":true,""fieldCount"":13},""social-narrative"":{""available"":true,""fieldCount"":2}},""temporalSampleCount"":77}",eeae40ee3432e2ae,[object Object],,000000000000000005ba9afd7c8321eb255dcfe10833145b,info
2026-09-29 19:48:19,"[jevsentinel] trajectory state {""action"":""SELL"",""stage"":""DISTRIBUTION"",""riskScore"":4,""confidence"":0.92,""reasons"":[""5m price deterioration ≤−40%""]}",c689debcbc7aef42,[object Object],,000000000000000005ba9afd7c8321eb255dcfe10833145b,info
2026-09-29 19:48:19,"[jevsentinel] temporal state {""priorSnapshotCount"":76,""currentSnapshot"":{""observedAt"":""2026-09-29T22:48:19.267Z"",""price"":0.0000942,""liquidity"":29563.06,""volume"":535538.28,""priceChange5mPct"":-56.76,""priceChange1hPct"":58.71,""buyCount5m"":2815,""sellCount5m"":2654,""buySellRatio5m"":0.5147193271164747,""uniqueSellers"":0,""uniqueBuyers"":0,""sellerAcceleration"":0,""coordinatedSellers"":0,""sellUsd"":null,""buyUsd"":null,""sellerCount"":null},""sampleCount"":77,""deltas"":{""price"":0,""liquidity"":0,""volume"":0,""priceChange5mPct"":0,""priceChange1hPct"":0,""buyCount5m"":0,""sellCount5m"":0,""buySellRatio5m"":0,""uniqueSellers"":0,""uniqueBuyers"":0,""sellerAcceleration"":0,""coordinatedSellers"":0},""acceleration"":{""selling"":""stable"",""buyPressure"":""stable"",""volume"":""stable"",""liquidity"":""stable"",""price"":""stable"",""sellers"":""stable"",""coordination"":""stable""}}",4444d6de1c987c3c,[object Object],,000000000000000005ba9afd7c8321eb255dcfe10833145b,info
2026-09-29 19:48:15,"[jevsentinel] live action state {""action"":""SELL"",""stage"":""DISTRIBUTION"",""riskScore"":4,""confidence"":0.92,""reasons"":[""5m price deterioration ≤−40%""]}",41a4fc1609565c4c,[object Object],,000000000000000005ba9afd7c8321eb255dcfe10833145b,info
2026-09-29 19:48:15,"[jevsentinel] shadow prediction {""version"":1,""shadow"":true,""action"":""SELL"",""confidence"":0.78,""sampleCount"":76,""evidenceQuality"":""strong"",""sourceTrajectoryAction"":""SELL"",""reasons"":[""forward risk structure is deteriorating""],""predictedAt"":""2026-09-29T22:48:15.499Z""}",883b1f630dc90423,[object Object],,000000000000000005ba9afd7c8321eb255dcfe10833145b,info
2026-09-29 19:48:15,"[jevsentinel] live action state {""action"":""SELL"",""stage"":""DISTRIBUTION"",""riskScore"":5,""confidence"":0.99,""reasons"":[""5m price deterioration ≤−40%"",""selling is accelerating""]}",883a40bb982ff7c6,[object Object],,000000000000000005ba9afd7c8321eb255dcfe10833145b,info
2026-09-29 19:48:15,"[jevsentinel] shadow prediction {""version"":1,""shadow"":true,""action"":""SELL"",""confidence"":0.78,""sampleCount"":34,""evidenceQuality"":""strong"",""sourceTrajectoryAction"":""SELL"",""reasons"":[""forward risk structure is deteriorating""],""predictedAt"":""2026-09-29T22:48:15.463Z""}",31575fd6b56a3e3b,[object Object],,000000000000000005ba9afd7c8321eb255dcfe10833145b,info
2026-09-29 19:48:15,"[jevsentinel] decision input {""mint"":""2RFUG2WSvR3v4pGSGj5yNKiFrNM1EhyQWr4XvvHBpump"",""sourceCard"":""CW"",""evidenceGroups"":{""tokenIntegrity"":true,""holderStructure"":true,""creatorIntelligence"":true,""walletBehaviour"":true,""flowDynamics"":true,""marketDynamics"":true,""liquidityStructure"":true,""temporalIntelligence"":true,""historicalIntelligence"":true,""socialNarrative"":true,""alternativeExplanation"":true},""evidenceQuality"":""strong"",""providers"":{""token-research"":{""available"":true,""fieldCount"":30},""transfer-flow"":{""available"":true,""fieldCount"":13},""social-narrative"":{""available"":true,""fieldCount"":2}},""temporalSampleCount"":34}",ceb4886e67d83064,[object Object],,000000000000000005ba9afd7c8321eb255dcfe10833145b,info
2026-09-29 19:48:15,"[jevsentinel] trajectory state {""action"":""SELL"",""stage"":""DISTRIBUTION"",""riskScore"":5,""confidence"":0.99,""reasons"":[""5m price deterioration ≤−40%"",""selling is accelerating""]}",dcc2181ab0dfd4a0,[object Object],,000000000000000005ba9afd7c8321eb255dcfe10833145b,info
2026-09-29 19:48:15,"[jevsentinel] temporal state {""priorSnapshotCount"":33,""currentSnapshot"":{""observedAt"":""2026-09-29T22:48:15.232Z"",""price"":0.00003079,""liquidity"":14089.79,""volume"":114758.2,""priceChange5mPct"":-44.89,""priceChange1hPct"":-36.18,""buyCount5m"":1139,""sellCount5m"":996,""buySellRatio5m"":0.5334894613583138,""uniqueSellers"":0,""uniqueBuyers"":0,""sellerAcceleration"":0,""coordinatedSellers"":0,""sellUsd"":null,""buyUsd"":null,""sellerCount"":null},""sampleCount"":34,""deltas"":{""price"":0.000012570000000000003,""liquidity"":3737.0200000000004,""volume"":8115.369999999995,""priceChange5mPct"":22.510000000000005,""priceChange1hPct"":26.060000000000002,""buyCount5m"":75,""sellCount5m"":47,""buySellRatio5m"":0.004925129515293447,""uniqueSellers"":0,""uniqueBuyers"":0,""sellerAcceleration"":0,""coordinatedSellers"":0},""acceleration"":{""selling"":""increasing"",""buyPressure"":""increasing"",""volume"":""increasing"",""liquidity"":""improving"",""price"":""improving"",""sellers"":""stable"",""coordination"":""stable""}}",4334e7ab1b726eac,[object Object],,000000000000000005ba9afd7c8321eb255dcfe10833145b,info
2026-09-29 19:48:15,"[jevsentinel] decision input {""mint"":""DtFkKBC3Cmi9j3SxBGRUd8gvBLw7nAasrvUJFB69yubM"",""sourceCard"":""CW"",""evidenceGroups"":{""tokenIntegrity"":true,""holderStructure"":true,""creatorIntelligence"":true,""walletBehaviour"":true,""flowDynamics"":true,""marketDynamics"":true,""liquidityStructure"":true,""temporalIntelligence"":true,""historicalIntelligence"":true,""socialNarrative"":true,""alternativeExplanation"":true},""evidenceQuality"":""strong"",""providers"":{""token-research"":{""available"":true,""fieldCount"":30},""transfer-flow"":{""available"":true,""fieldCount"":13},""social-narrative"":{""available"":true,""fieldCount"":2}},""temporalSampleCount"":76}",5924796287faf328,[object Object],,000000000000000005ba9afd7c8321eb255dcfe10833145b,info
2026-09-29 19:48:15,"[jevsentinel] trajectory state {""action"":""SELL"",""stage"":""DISTRIBUTION"",""riskScore"":4,""confidence"":0.92,""reasons"":[""5m price deterioration ≤−40%""]}",d99f5f3e16e654e4,[object Object],,000000000000000005ba9afd7c8321eb255dcfe10833145b,info
2026-09-29 19:48:15,"[jevsentinel] temporal state {""priorSnapshotCount"":75,""currentSnapshot"":{""observedAt"":""2026-09-29T22:48:15.154Z"",""price"":0.0000942,""liquidity"":29563.06,""volume"":535538.28,""priceChange5mPct"":-56.76,""priceChange1hPct"":58.71,""buyCount5m"":2815,""sellCount5m"":2654,""buySellRatio5m"":0.5147193271164747,""uniqueSellers"":0,""uniqueBuyers"":0,""sellerAcceleration"":0,""coordinatedSellers"":0,""sellUsd"":null,""buyUsd"":null,""sellerCount"":null},""sampleCount"":76,""deltas"":{""price"":0,""liquidity"":0,""volume"":0,""priceChange5mPct"":0,""priceChange1hPct"":0,""buyCount5m"":0,""sellCount5m"":0,""buySellRatio5m"":0,""uniqueSellers"":0,""uniqueBuyers"":0,""sellerAcceleration"":0,""coordinatedSellers"":0},""acceleration"":{""selling"":""stable"",""buyPressure"":""stable"",""volume"":""stable"",""liquidity"":""stable"",""price"":""stable"",""sellers"":""stable"",""coordination"":""stable""}}",5c1b0c86fa2106a0,[object Object],,000000000000000005ba9afd7c8321eb255dcfe10833145b,info
2026-09-29 19:48:07,"[jevsentinel] live action state {""action"":""SELL"",""stage"":""DISTRIBUTION"",""riskScore"":4,""confidence"":0.92,""reasons"":[""5m price deterioration ≤−40%""]}",f44d0d06b2159eff,[object Object],,000000000000000005ba9afd7c8321eb255dcfe10833145b,info
2026-09-29 19:48:07,"[jevsentinel] shadow prediction {""version"":1,""shadow"":true,""action"":""SELL"",""confidence"":0.78,""sampleCount"":75,""evidenceQuality"":""strong"",""sourceTrajectoryAction"":""SELL"",""reasons"":[""forward risk structure is deteriorating""],""predictedAt"":""2026-09-29T22:48:07.910Z""}",1a1f974c61937a49,[object Object],,000000000000000005ba9afd7c8321eb255dcfe10833145b,info
2026-09-29 19:48:07,"[jevsentinel] decision input {""mint"":""DtFkKBC3Cmi9j3SxBGRUd8gvBLw7nAasrvUJFB69yubM"",""sourceCard"":""CW"",""evidenceGroups"":{""tokenIntegrity"":true,""holderStructure"":true,""creatorIntelligence"":true,""walletBehaviour"":true,""flowDynamics"":true,""marketDynamics"":true,""liquidityStructure"":true,""temporalIntelligence"":true,""historicalIntelligence"":true,""socialNarrative"":true,""alternativeExplanation"":true},""evidenceQuality"":""strong"",""providers"":{""token-research"":{""available"":true,""fieldCount"":30},""transfer-flow"":{""available"":true,""fieldCount"":13},""social-narrative"":{""available"":true,""fieldCount"":2}},""temporalSampleCount"":75}",6fe7efcab7d695e0,[object Object],,000000000000000005ba9afd7c8321eb255dcfe10833145b,info
2026-09-29 19:48:07,"[jevsentinel] trajectory state {""action"":""SELL"",""stage"":""DISTRIBUTION"",""riskScore"":4,""confidence"":0.92,""reasons"":[""5m price deterioration ≤−40%""]}",7164f310bb43bae7,[object Object],,000000000000000005ba9afd7c8321eb255dcfe10833145b,info
2026-09-29 19:48:07,"[jevsentinel] temporal state {""priorSnapshotCount"":74,""currentSnapshot"":{""observedAt"":""2026-09-29T22:48:07.685Z"",""price"":0.0000942,""liquidity"":29563.06,""volume"":535538.28,""priceChange5mPct"":-56.76,""priceChange1hPct"":58.71,""buyCount5m"":2815,""sellCount5m"":2654,""buySellRatio5m"":0.5147193271164747,""uniqueSellers"":0,""uniqueBuyers"":0,""sellerAcceleration"":0,""coordinatedSellers"":0,""sellUsd"":null,""buyUsd"":null,""sellerCount"":null},""sampleCount"":75,""deltas"":{""price"":0,""liquidity"":0,""volume"":0,""priceChange5mPct"":0,""priceChange1hPct"":0,""buyCount5m"":0,""sellCount5m"":0,""buySellRatio5m"":0,""uniqueSellers"":0,""uniqueBuyers"":0,""sellerAcceleration"":0,""coordinatedSellers"":0},""acceleration"":{""selling"":""stable"",""buyPressure"":""stable"",""volume"":""stable"",""liquidity"":""stable"",""price"":""stable"",""sellers"":""stable"",""coordination"":""stable""}}",38d25740972d7718,[object Object],,000000000000000005ba9afd7c8321eb255dcfe10833145b,info
2026-09-29 19:48:03,"[jevsentinel] live action state {""action"":""SELL"",""stage"":""DISTRIBUTION"",""riskScore"":4,""confidence"":0.92,""reasons"":[""5m price deterioration ≤−40%""]}",fa4b090d4c309bbc,[object Object],,000000000000000005ba9afd7c8321eb255dcfe10833145b,info
2026-09-29 19:48:03,"[jevsentinel] shadow prediction {""version"":1,""shadow"":true,""action"":""SELL"",""confidence"":0.78,""sampleCount"":33,""evidenceQuality"":""strong"",""sourceTrajectoryAction"":""SELL"",""reasons"":[""forward risk structure is deteriorating""],""predictedAt"":""2026-09-29T22:48:03.954Z""}",74723ea37f9a09d8,[object Object],,000000000000000005ba9afd7c8321eb255dcfe10833145b,info
2026-09-29 19:48:03,"[jevsentinel] live action state {""action"":""SELL"",""stage"":""DISTRIBUTION"",""riskScore"":4,""confidence"":0.92,""reasons"":[""5m price deterioration ≤−40%""]}",28dc7a06a0210a85,[object Object],,000000000000000005ba9afd7c8321eb255dcfe10833145b,info
2026-09-29 19:48:03,"[jevsentinel] shadow prediction {""version"":1,""shadow"":true,""action"":""SELL"",""confidence"":0.78,""sampleCount"":74,""evidenceQuality"":""strong"",""sourceTrajectoryAction"":""SELL"",""reasons"":[""forward risk structure is deteriorating""],""predictedAt"":""2026-09-29T22:48:03.851Z""}",b0c726f1d661e66d,[object Object],,000000000000000005ba9afd7c8321eb255dcfe10833145b,info
2026-09-29 19:48:03,"[jevsentinel] decision input {""mint"":""2RFUG2WSvR3v4pGSGj5yNKiFrNM1EhyQWr4XvvHBpump"",""sourceCard"":""CW"",""evidenceGroups"":{""tokenIntegrity"":true,""holderStructure"":true,""creatorIntelligence"":true,""walletBehaviour"":true,""flowDynamics"":true,""marketDynamics"":true,""liquidityStructure"":true,""temporalIntelligence"":true,""historicalIntelligence"":true,""socialNarrative"":true,""alternativeExplanation"":true},""evidenceQuality"":""strong"",""providers"":{""token-research"":{""available"":true,""fieldCount"":30},""transfer-flow"":{""available"":true,""fieldCount"":13},""social-narrative"":{""available"":true,""fieldCount"":2}},""temporalSampleCount"":33}",124c9c776bcddaff,[object Object],,000000000000000005ba9afd7c8321eb255dcfe10833145b,info
2026-09-29 19:48:03,"[jevsentinel] trajectory state {""action"":""SELL"",""stage"":""DISTRIBUTION"",""riskScore"":4,""confidence"":0.92,""reasons"":[""5m price deterioration ≤−40%""]}",d48f8d1957ef964d,[object Object],,000000000000000005ba9afd7c8321eb255dcfe10833145b,info
2026-09-29 19:48:03,"[jevsentinel] temporal state {""priorSnapshotCount"":32,""currentSnapshot"":{""observedAt"":""2026-09-29T22:48:03.748Z"",""price"":0.00001822,""liquidity"":10352.77,""volume"":106642.83,""priceChange5mPct"":-67.4,""priceChange1hPct"":-62.24,""buyCount5m"":1064,""sellCount5m"":949,""buySellRatio5m"":0.5285643318430203,""uniqueSellers"":0,""uniqueBuyers"":0,""sellerAcceleration"":0,""coordinatedSellers"":0,""sellUsd"":null,""buyUsd"":null,""sellerCount"":null},""sampleCount"":33,""deltas"":{""price"":0,""liquidity"":0,""volume"":0,""priceChange5mPct"":0,""priceChange1hPct"":0,""buyCount5m"":0,""sellCount5m"":0,""buySellRatio5m"":0,""uniqueSellers"":0,""uniqueBuyers"":0,""sellerAcceleration"":0,""coordinatedSellers"":0},""acceleration"":{""selling"":""stable"",""buyPressure"":""stable"",""volume"":""stable"",""liquidity"":""stable"",""price"":""stable"",""sellers"":""stable"",""coordination"":""stable""}}",5b1d6558fff1de99,[object Object],,000000000000000005ba9afd7c8321eb255dcfe10833145b,info
2026-09-29 19:48:03,"[jevsentinel] decision input {""mint"":""DtFkKBC3Cmi9j3SxBGRUd8gvBLw7nAasrvUJFB69yubM"",""sourceCard"":""CW"",""evidenceGroups"":{""tokenIntegrity"":true,""holderStructure"":true,""creatorIntelligence"":true,""walletBehaviour"":true,""flowDynamics"":true,""marketDynamics"":true,""liquidityStructure"":true,""temporalIntelligence"":true,""historicalIntelligence"":true,""socialNarrative"":true,""alternativeExplanation"":true},""evidenceQuality"":""strong"",""providers"":{""token-research"":{""available"":true,""fieldCount"":30},""transfer-flow"":{""available"":true,""fieldCount"":13},""social-narrative"":{""available"":true,""fieldCount"":2}},""temporalSampleCount"":74}",cd2fb62c58bb5f1f,[object Object],,000000000000000005ba9afd7c8321eb255dcfe10833145b,info
2026-09-29 19:48:03,"[jevsentinel] trajectory state {""action"":""SELL"",""stage"":""DISTRIBUTION"",""riskScore"":4,""confidence"":0.92,""reasons"":[""5m price deterioration ≤−40%""]}",603911b4675aba44,[object Object],,000000000000000005ba9afd7c8321eb255dcfe10833145b,info
2026-09-29 19:48:03,"[jevsentinel] temporal state {""priorSnapshotCount"":73,""currentSnapshot"":{""observedAt"":""2026-09-29T22:48:03.629Z"",""price"":0.0000942,""liquidity"":29563.06,""volume"":535538.28,""priceChange5mPct"":-56.76,""priceChange1hPct"":58.71,""buyCount5m"":2815,""sellCount5m"":2654,""buySellRatio5m"":0.5147193271164747,""uniqueSellers"":0,""uniqueBuyers"":0,""sellerAcceleration"":0,""coordinatedSellers"":0,""sellUsd"":null,""buyUsd"":null,""sellerCount"":null},""sampleCount"":74,""deltas"":{""price"":0,""liquidity"":0,""volume"":0,""priceChange5mPct"":0,""priceChange1hPct"":0,""buyCount5m"":0,""sellCount5m"":0,""buySellRatio5m"":0,""uniqueSellers"":0,""uniqueBuyers"":0,""sellerAcceleration"":0,""coordinatedSellers"":0},""acceleration"":{""selling"":""stable"",""buyPressure"":""stable"",""volume"":""stable"",""liquidity"":""stable"",""price"":""stable"",""sellers"":""stable"",""coordination"":""stable""}}",77f4b134cfe70ab2,[object Object],,000000000000000005ba9afd7c8321eb255dcfe10833145b,info
2026-09-29 19:48:00,[jevsentinel-live] monitoring tick failed,83bdab5dc2aed341,[object Object],,000000000000000005ba9afd7c8321eb255dcfe10833145b,info
2026-09-29 19:48:00,[jevsentinel-live] monitoring tick failed,c6cf6e859d9a3986,[object Object],,000000000000000005ba9afd7c8321eb255dcfe10833145b,info
2026-09-29 19:47:59,"[jevsentinel] live action state {""action"":""SELL"",""stage"":""DISTRIBUTION"",""riskScore"":4,""confidence"":0.92,""reasons"":[""5m price deterioration ≤−40%""]}",774fd58929ad30c1,[object Object],,000000000000000005ba9afd7c8321eb255dcfe10833145b,info
2026-09-29 19:47:59,"[jevsentinel] shadow prediction {""version"":1,""shadow"":true,""action"":""SELL"",""confidence"":0.78,""sampleCount"":32,""evidenceQuality"":""strong"",""sourceTrajectoryAction"":""SELL"",""reasons"":[""forward risk structure is deteriorating""],""predictedAt"":""2026-09-29T22:47:59.959Z""}",a76de48caf3e6de7,[object Object],,000000000000000005ba9afd7c8321eb255dcfe10833145b,info
2026-09-29 19:47:59,"[jevsentinel] live action state {""action"":""SELL"",""stage"":""DISTRIBUTION"",""riskScore"":4,""confidence"":0.92,""reasons"":[""5m price deterioration ≤−40%""]}",ea18aac3a730e1ce,[object Object],,000000000000000005ba9afd7c8321eb255dcfe10833145b,info
2026-09-29 19:47:59,"[jevsentinel] shadow prediction {""version"":1,""shadow"":true,""action"":""SELL"",""confidence"":0.78,""sampleCount"":73,""evidenceQuality"":""strong"",""sourceTrajectoryAction"":""SELL"",""reasons"":[""forward risk structure is deteriorating""],""predictedAt"":""2026-09-29T22:47:59.861Z""}",e10c469dedcd7455,[object Object],,000000000000000005ba9afd7c8321eb255dcfe10833145b,info
2026-09-29 19:47:59,"[jevsentinel] decision input {""mint"":""2RFUG2WSvR3v4pGSGj5yNKiFrNM1EhyQWr4XvvHBpump"",""sourceCard"":""CW"",""evidenceGroups"":{""tokenIntegrity"":true,""holderStructure"":true,""creatorIntelligence"":false,""walletBehaviour"":true,""flowDynamics"":true,""marketDynamics"":true,""liquidityStructure"":true,""temporalIntelligence"":true,""historicalIntelligence"":true,""socialNarrative"":true,""alternativeExplanation"":true},""evidenceQuality"":""strong"",""providers"":{""token-research"":{""available"":true,""fieldCount"":29},""transfer-flow"":{""available"":true,""fieldCount"":13},""social-narrative"":{""available"":true,""fieldCount"":2}},""temporalSampleCount"":32}",2b291d86bdf54b7a,[object Object],,000000000000000005ba9afd7c8321eb255dcfe10833145b,info
2026-09-29 19:47:59,"[jevsentinel] trajectory state {""action"":""SELL"",""stage"":""DISTRIBUTION"",""riskScore"":4,""confidence"":0.92,""reasons"":[""5m price deterioration ≤−40%""]}",e45d960bb43ea85c,[object Object],,000000000000000005ba9afd7c8321eb255dcfe10833145b,info
2026-09-29 19:47:59,"[jevsentinel] temporal state {""priorSnapshotCount"":31,""currentSnapshot"":{""observedAt"":""2026-09-29T22:47:59.809Z"",""price"":0.00001822,""liquidity"":10352.77,""volume"":106642.83,""priceChange5mPct"":-67.4,""priceChange1hPct"":-62.24,""buyCount5m"":1064,""sellCount5m"":949,""buySellRatio5m"":0.5285643318430203,""uniqueSellers"":0,""uniqueBuyers"":0,""sellerAcceleration"":0,""coordinatedSellers"":0,""sellUsd"":null,""buyUsd"":null,""sellerCount"":null},""sampleCount"":32,""deltas"":{""price"":0,""liquidity"":0,""volume"":0,""priceChange5mPct"":0,""priceChange1hPct"":0,""buyCount5m"":0,""sellCount5m"":0,""buySellRatio5m"":0,""uniqueSellers"":0,""uniqueBuyers"":0,""sellerAcceleration"":0,""coordinatedSellers"":0},""acceleration"":{""selling"":""stable"",""buyPressure"":""stable"",""volume"":""stable"",""liquidity"":""stable"",""price"":""stable"",""sellers"":""stable"",""coordination"":""stable""}}",56b2d793a7fee287,[object Object],,000000000000000005ba9afd7c8321eb255dcfe10833145b,info
2026-09-29 19:47:59,"[jevsentinel] decision input {""mint"":""DtFkKBC3Cmi9j3SxBGRUd8gvBLw7nAasrvUJFB69yubM"",""sourceCard"":""CW"",""evidenceGroups"":{""tokenIntegrity"":true,""holderStructure"":true,""creatorIntelligence"":false,""walletBehaviour"":true,""flowDynamics"":true,""marketDynamics"":true,""liquidityStructure"":true,""temporalIntelligence"":true,""historicalIntelligence"":true,""socialNarrative"":true,""alternativeExplanation"":true},""evidenceQuality"":""strong"",""providers"":{""token-research"":{""available"":true,""fieldCount"":29},""transfer-flow"":{""available"":true,""fieldCount"":13},""social-narrative"":{""available"":true,""fieldCount"":2}},""temporalSampleCount"":73}",493132dfb2f66c4e,[object Object],,000000000000000005ba9afd7c8321eb255dcfe10833145b,info
2026-09-29 19:47:59,"[jevsentinel] trajectory state {""action"":""SELL"",""stage"":""DISTRIBUTION"",""riskScore"":4,""confidence"":0.92,""reasons"":[""5m price deterioration ≤−40%""]}",82aa1cb3b04866dd,[object Object],,000000000000000005ba9afd7c8321eb255dcfe10833145b,info
2026-09-29 19:47:59,"[jevsentinel] temporal state {""priorSnapshotCount"":72,""currentSnapshot"":{""observedAt"":""2026-09-29T22:47:59.644Z"",""price"":0.0000942,""liquidity"":29563.06,""volume"":535538.28,""priceChange5mPct"":-56.76,""priceChange1hPct"":58.71,""buyCount5m"":2815,""sellCount5m"":2654,""buySellRatio5m"":0.5147193271164747,""uniqueSellers"":0,""uniqueBuyers"":0,""sellerAcceleration"":0,""coordinatedSellers"":0,""sellUsd"":null,""buyUsd"":null,""sellerCount"":null},""sampleCount"":73,""deltas"":{""price"":0,""liquidity"":0,""volume"":0,""priceChange5mPct"":0,""priceChange1hPct"":0,""buyCount5m"":0,""sellCount5m"":0,""buySellRatio5m"":0,""uniqueSellers"":0,""uniqueBuyers"":0,""sellerAcceleration"":0,""coordinatedSellers"":0},""acceleration"":{""selling"":""stable"",""buyPressure"":""stable"",""volume"":""stable"",""liquidity"":""stable"",""price"":""stable"",""sellers"":""stable"",""coordination"":""stable""}}",aa9d18db0c3f6897,[object Object],,000000000000000005ba9afd7c8321eb255dcfe10833145b,info
2026-09-29 19:47:57,[jevsentinel-telegram] Telegram sendMessage failed,57798cc19476d347,[object Object],,000000000000000005ba9afd7c8321eb255dcfe10833145b,info
2026-09-29 19:47:56,[jevsentinel-telegram] EARLY ENTRY assessment failed,b646884e2c2395a3,[object Object],,000000000000000005ba9afd7c8321eb255dcfe10833145b,info
2026-09-29 19:47:56,"[jevsentinel-telegram] JEV assessment finished {""chatId"":""-1004483915430"",""messageId"":10908,""escalation"":false}",b1d7b6f844ca5d09,[object Object],,000000000000000005ba9afd7c8321eb255dcfe10833145b,info
2026-09-29 19:47:56,"[jevsentinel] live action state {""action"":""HOLD"",""stage"":""INITIAL"",""riskScore"":0,""confidence"":0.52,""reasons"":[]}",7beb083721972e6,[object Object],,000000000000000005ba9afd7c8321eb255dcfe10833145b,info
2026-09-29 19:47:56,"[jevsentinel] shadow prediction {""version"":1,""shadow"":true,""action"":""CAUTION"",""confidence"":0.58,""sampleCount"":1,""evidenceQuality"":""strong"",""sourceTrajectoryAction"":""HOLD"",""reasons"":[""evidence is conflicting or unreliable""],""predictedAt"":""2026-09-29T22:47:56.744Z""}",79e1172d818c5fd6,[object Object],,000000000000000005ba9afd7c8321eb255dcfe10833145b,info
2026-09-29 19:47:56,[jevsentinel-live] monitoring tick failed,5c1ea5cd1ae45adc,[object Object],,000000000000000005ba9afd7c8321eb255dcfe10833145b,info
2026-09-29 19:47:56,"[jevsentinel] decision input {""mint"":""D8ig1ypnJdtnnBpFk5QsmhNtfFiLgiRzdRZioJXxpump"",""sourceCard"":""CW"",""evidenceGroups"":{""tokenIntegrity"":true,""holderStructure"":true,""creatorIntelligence"":false,""walletBehaviour"":true,""flowDynamics"":true,""marketDynamics"":true,""liquidityStructure"":true,""temporalIntelligence"":true,""historicalIntelligence"":true,""socialNarrative"":true,""alternativeExplanation"":true},""evidenceQuality"":""strong"",""providers"":{""token-research"":{""available"":true,""fieldCount"":29},""transfer-flow"":{""available"":true,""fieldCount"":13},""social-narrative"":{""available"":true,""fieldCount"":2}},""temporalSampleCount"":1}",ec802f1777fd3b52,[object Object],,000000000000000005ba9afd7c8321eb255dcfe10833145b,info
2026-09-29 19:47:56,"[jevsentinel] trajectory state {""action"":""HOLD"",""stage"":""INITIAL"",""riskScore"":0,""confidence"":0.52,""reasons"":[]}",f82871c1a43b98b7,[object Object],,000000000000000005ba9afd7c8321eb255dcfe10833145b,info
2026-09-29 19:47:56,"[jevsentinel] temporal state {""priorSnapshotCount"":0,""currentSnapshot"":{""observedAt"":""2026-09-29T22:47:56.554Z"",""price"":0.0004008,""liquidity"":56474.37,""volume"":188987.15,""priceChange5mPct"":236,""priceChange1hPct"":674,""buyCount5m"":849,""sellCount5m"":488,""buySellRatio5m"":0.6350037397157816,""uniqueSellers"":0,""uniqueBuyers"":0,""sellerAcceleration"":0,""coordinatedSellers"":0,""sellUsd"":null,""buyUsd"":null,""sellerCount"":null},""sampleCount"":1,""deltas"":{},""acceleration"":{""selling"":""stable"",""buyPressure"":""stable"",""volume"":""stable"",""liquidity"":""stable"",""price"":""stable"",""sellers"":""stable"",""coordination"":""stable""}}",8d7bfbab7a59c249,[object Object],,000000000000000005ba9afd7c8321eb255dcfe10833145b,info
2026-09-29 19:47:56,[jevsentinel-live] monitoring tick failed,424844f12c578468,[object Object],,000000000000000005ba9afd7c8321eb255dcfe10833145b,info
2026-09-29 19:47:56,"[jevsentinel-telegram] EARLY ENTRY JEV assessment starting {""chatId"":""-1004483915430"",""messageId"":10908}",4bf3ba6ac216c3a9,[object Object],,000000000000000005ba9afd7c8321eb255dcfe10833145b,info
2026-09-29 19:47:56,"[jevsentinel-telegram] EARLY ENTRY EXPERIMENT detected {""chatId"":""-1004483915430"",""messageId"":10908,""mintExtracted"":true,""symbol"":""DOTBOOK"",""monitorCard"":""cw2"",""monitorLabel"":""CONVICTION PULSE CW2""}",ee0cc2ca27c82a94,[object Object],,000000000000000005ba9afd7c8321eb255dcfe10833145b,info
2026-09-29 19:47:56,"[jevsentinel-telegram] group message received {""chatId"":""-1004483915430"",""messageId"":10908,""configured"":true,""enabled"":true,""hasText"":true,""isEarlyEntry"":true,""monitorCard"":""cw2"",""textLength"":540}",bfc59d55f68040e2,[object Object],,000000000000000005ba9afd7c8321eb255dcfe10833145b,info
2026-09-29 19:47:56,"[jevsentinel-telegram] updates received {""count"":1,""firstUpdateId"":562699858,""lastUpdateId"":562699858}",337493f3df1bc52e,[object Object],,000000000000000005ba9afd7c8321eb255dcfe10833145b,info
2026-09-29 19:47:56,"[jevsentinel] live action state {""action"":""SELL"",""stage"":""DISTRIBUTION"",""riskScore"":4,""confidence"":0.92,""reasons"":[""5m price deterioration ≤−40%""]}",d0db95b41b8486c1,[object Object],,000000000000000005ba9afd7c8321eb255dcfe10833145b,info
2026-09-29 19:47:56,"[jevsentinel] shadow prediction {""version"":1,""shadow"":true,""action"":""SELL"",""confidence"":0.78,""sampleCount"":31,""evidenceQuality"":""strong"",""sourceTrajectoryAction"":""SELL"",""reasons"":[""forward risk structure is deteriorating""],""predictedAt"":""2026-09-29T22:47:56.242Z""}",d25807df0b3e1ffe,[object Object],,000000000000000005ba9afd7c8321eb255dcfe10833145b,info
2026-09-29 19:47:56,"[jevsentinel] live action state {""action"":""SELL"",""stage"":""EXTRACTION"",""riskScore"":14,""confidence"":0.99,""reasons"":[""liquidity fell ≥30% between live snapshots"",""5m price deterioration ≤−40%"",""selling is accelerating"",""liquidity is deteriorating"",""JEV progression: extraction""]}",e64667baa065e747,[object Object],,000000000000000005ba9afd7c8321eb255dcfe10833145b,info
2026-09-29 19:47:56,"[jevsentinel] shadow prediction {""version"":1,""shadow"":true,""action"":""SELL"",""confidence"":0.78,""sampleCount"":72,""evidenceQuality"":""strong"",""sourceTrajectoryAction"":""SELL"",""reasons"":[""forward risk structure is deteriorating"",""JEV progression indicates extraction""],""predictedAt"":""2026-09-29T22:47:56.180Z""}",defe69caf3aca2d7,[object Object],,000000000000000005ba9afd7c8321eb255dcfe10833145b,info
2026-09-29 19:47:56,"[jevsentinel] decision input {""mint"":""2RFUG2WSvR3v4pGSGj5yNKiFrNM1EhyQWr4XvvHBpump"",""sourceCard"":""CW"",""evidenceGroups"":{""tokenIntegrity"":true,""holderStructure"":true,""creatorIntelligence"":false,""walletBehaviour"":true,""flowDynamics"":true,""marketDynamics"":true,""liquidityStructure"":true,""temporalIntelligence"":true,""historicalIntelligence"":true,""socialNarrative"":true,""alternativeExplanation"":true},""evidenceQuality"":""strong"",""providers"":{""token-research"":{""available"":true,""fieldCount"":29},""transfer-flow"":{""available"":true,""fieldCount"":13},""social-narrative"":{""available"":true,""fieldCount"":2}},""temporalSampleCount"":31}",bb99fbfcef04862d,[object Object],,000000000000000005ba9afd7c8321eb255dcfe10833145b,info
2026-09-29 19:47:56,"[jevsentinel] trajectory state {""action"":""SELL"",""stage"":""DISTRIBUTION"",""riskScore"":4,""confidence"":0.92,""reasons"":[""5m price deterioration ≤−40%""]}",5fc9c9d6bbb42dd6,[object Object],,000000000000000005ba9afd7c8321eb255dcfe10833145b,info
2026-09-29 19:47:56,"[jevsentinel] temporal state {""priorSnapshotCount"":30,""currentSnapshot"":{""observedAt"":""2026-09-29T22:47:56.037Z"",""price"":0.00001822,""liquidity"":10352.77,""volume"":106642.83,""priceChange5mPct"":-67.4,""priceChange1hPct"":-62.24,""buyCount5m"":1064,""sellCount5m"":949,""buySellRatio5m"":0.5285643318430203,""uniqueSellers"":0,""uniqueBuyers"":0,""sellerAcceleration"":0,""coordinatedSellers"":0,""sellUsd"":null,""buyUsd"":null,""sellerCount"":null},""sampleCount"":31,""deltas"":{""price"":0,""liquidity"":0,""volume"":0,""priceChange5mPct"":0,""priceChange1hPct"":0,""buyCount5m"":0,""sellCount5m"":0,""buySellRatio5m"":0,""uniqueSellers"":0,""uniqueBuyers"":0,""sellerAcceleration"":0,""coordinatedSellers"":0},""acceleration"":{""selling"":""stable"",""buyPressure"":""stable"",""volume"":""stable"",""liquidity"":""stable"",""price"":""stable"",""sellers"":""stable"",""coordination"":""stable""}}",7e16d39d2d894a74,[object Object],,000000000000000005ba9afd7c8321eb255dcfe10833145b,info
2026-09-29 19:47:55,"[jevsentinel] decision input {""mint"":""DtFkKBC3Cmi9j3SxBGRUd8gvBLw7nAasrvUJFB69yubM"",""sourceCard"":""CW"",""evidenceGroups"":{""tokenIntegrity"":true,""holderStructure"":true,""creatorIntelligence"":true,""walletBehaviour"":true,""flowDynamics"":true,""marketDynamics"":true,""liquidityStructure"":true,""temporalIntelligence"":true,""historicalIntelligence"":true,""socialNarrative"":true,""alternativeExplanation"":true},""evidenceQuality"":""strong"",""providers"":{""token-research"":{""available"":true,""fieldCount"":30},""transfer-flow"":{""available"":true,""fieldCount"":13},""social-narrative"":{""available"":true,""fieldCount"":2}},""temporalSampleCount"":72}",21322ae97a914d26,[object Object],,000000000000000005ba9afd7c8321eb255dcfe10833145b,info
2026-09-29 19:47:55,"[jevsentinel] trajectory state {""action"":""SELL"",""stage"":""EXTRACTION"",""riskScore"":10,""confidence"":0.99,""reasons"":[""liquidity fell ≥30% between live snapshots"",""5m price deterioration ≤−40%"",""selling is accelerating"",""liquidity is deteriorating""]}",7f9c5294d97057de,[object Object],,000000000000000005ba9afd7c8321eb255dcfe10833145b,info
2026-09-29 19:47:55,"[jevsentinel] temporal state {""priorSnapshotCount"":71,""currentSnapshot"":{""observedAt"":""2026-09-29T22:47:55.960Z"",""price"":0.0000942,""liquidity"":29563.06,""volume"":535538.28,""priceChange5mPct"":-56.76,""priceChange1hPct"":58.71,""buyCount5m"":2815,""sellCount5m"":2654,""buySellRatio5m"":0.5147193271164747,""uniqueSellers"":0,""uniqueBuyers"":0,""sellerAcceleration"":0,""coordinatedSellers"":0,""sellUsd"":null,""buyUsd"":null,""sellerCount"":null},""sampleCount"":72,""deltas"":{""price"":-0.00013509999999999998,""liquidity"":-17868.12,""volume"":41650.69,""priceChange5mPct"":-62.01,""priceChange1hPct"":-227.29,""buyCount5m"":209,""sellCount5m"":220,""buySellRatio5m"":-0.002344164947017391,""uniqueSellers"":0,""uniqueBuyers"":0,""sellerAcceleration"":0,""coordinatedSellers"":0},""acceleration"":{""selling"":""increasing"",""buyPressure"":""decreasing"",""volume"":""increasing"",""liquidity"":""deteriorating"",""price"":""deteriorating"",""sellers"":""stable"",""coordination"":""stable""}}",277691d7daf69fda,[object Object],,000000000000000005ba9afd7c8321eb255dcfe10833145b,info
2026-09-29 19:47:52,[jevsentinel-live] monitoring tick failed,88926a4e0a2e93d8,[object Object],,000000000000000005ba9afd7c8321eb255dcfe10833145b,info
2026-09-29 19:47:52,"[jevsentinel] live action state {""action"":""SELL"",""stage"":""DISTRIBUTION"",""riskScore"":4,""confidence"":0.92,""reasons"":[""5m price deterioration ≤−40%""]}",b3ae84f9a3101fb0,[object Object],,000000000000000005ba9afd7c8321eb255dcfe10833145b,info
2026-09-29 19:47:52,"[jevsentinel] shadow prediction {""version"":1,""shadow"":true,""action"":""SELL"",""confidence"":0.78,""sampleCount"":30,""evidenceQuality"":""strong"",""sourceTrajectoryAction"":""SELL"",""reasons"":[""forward risk structure is deteriorating""],""predictedAt"":""2026-09-29T22:47:52.461Z""}",4e9c28eb3f7fb8da,[object Object],,000000000000000005ba9afd7c8321eb255dcfe10833145b,info
2026-09-29 19:47:52,[jevsentinel-live] monitoring tick failed,f7998f91295f3512,[object Object],,000000000000000005ba9afd7c8321eb255dcfe10833145b,info
2026-09-29 19:47:52,"[jevsentinel] decision input {""mint"":""2RFUG2WSvR3v4pGSGj5yNKiFrNM1EhyQWr4XvvHBpump"",""sourceCard"":""CW"",""evidenceGroups"":{""tokenIntegrity"":true,""holderStructure"":true,""creatorIntelligence"":true,""walletBehaviour"":true,""flowDynamics"":true,""marketDynamics"":true,""liquidityStructure"":true,""temporalIntelligence"":true,""historicalIntelligence"":true,""socialNarrative"":true,""alternativeExplanation"":true},""evidenceQuality"":""strong"",""providers"":{""token-research"":{""available"":true,""fieldCount"":30},""transfer-flow"":{""available"":true,""fieldCount"":13},""social-narrative"":{""available"":true,""fieldCount"":2}},""temporalSampleCount"":30}",852eb74b58a45292,[object Object],,000000000000000005ba9afd7c8321eb255dcfe10833145b,info
2026-09-29 19:47:52,"[jevsentinel] trajectory state {""action"":""SELL"",""stage"":""DISTRIBUTION"",""riskScore"":4,""confidence"":0.92,""reasons"":[""5m price deterioration ≤−40%""]}",d29d394dcb72b1a5,[object Object],,000000000000000005ba9afd7c8321eb255dcfe10833145b,info
2026-09-29 19:47:52,"[jevsentinel] temporal state {""priorSnapshotCount"":29,""currentSnapshot"":{""observedAt"":""2026-09-29T22:47:52.267Z"",""price"":0.00001822,""liquidity"":10352.77,""volume"":106642.83,""priceChange5mPct"":-67.4,""priceChange1hPct"":-62.24,""buyCount5m"":1064,""sellCount5m"":949,""buySellRatio5m"":0.5285643318430203,""uniqueSellers"":0,""uniqueBuyers"":0,""sellerAcceleration"":0,""coordinatedSellers"":0,""sellUsd"":null,""buyUsd"":null,""sellerCount"":null},""sampleCount"":30,""deltas"":{""price"":0,""liquidity"":0,""volume"":0,""priceChange5mPct"":0,""priceChange1hPct"":0,""buyCount5m"":0,""sellCount5m"":0,""buySellRatio5m"":0,""uniqueSellers"":0,""uniqueBuyers"":0,""sellerAcceleration"":0,""coordinatedSellers"":0},""acceleration"":{""selling"":""stable"",""buyPressure"":""stable"",""volume"":""stable"",""liquidity"":""stable"",""price"":""stable"",""sellers"":""stable"",""coordination"":""stable""}}",b51cc3670205d127,[object Object],,000000000000000005ba9afd7c8321eb255dcfe10833145b,info
2026-09-29 19:47:52,"[jevsentinel] live action state {""action"":""HOLD"",""stage"":""STABLE"",""riskScore"":0,""confidence"":0.84,""reasons"":[]}",623fa629939c630e,[object Object],,000000000000000005ba9afd7c8321eb255dcfe10833145b,info
2026-09-29 19:47:52,"[jevsentinel] shadow prediction {""version"":1,""shadow"":true,""action"":""CAUTION"",""confidence"":0.5,""sampleCount"":71,""evidenceQuality"":""strong"",""sourceTrajectoryAction"":""HOLD"",""reasons"":[""signals do not form a reliable forward setup""],""predictedAt"":""2026-09-29T22:47:52.178Z""}",669f9a8f6ceeb313,[object Object],,000000000000000005ba9afd7c8321eb255dcfe10833145b,info
2026-09-29 19:47:51,"[jevsentinel] decision input {""mint"":""DtFkKBC3Cmi9j3SxBGRUd8gvBLw7nAasrvUJFB69yubM"",""sourceCard"":""CW"",""evidenceGroups"":{""tokenIntegrity"":true,""holderStructure"":true,""creatorIntelligence"":false,""walletBehaviour"":true,""flowDynamics"":true,""marketDynamics"":true,""liquidityStructure"":true,""temporalIntelligence"":true,""historicalIntelligence"":true,""socialNarrative"":true,""alternativeExplanation"":true},""evidenceQuality"":""strong"",""providers"":{""token-research"":{""available"":true,""fieldCount"":29},""transfer-flow"":{""available"":true,""fieldCount"":13},""social-narrative"":{""available"":true,""fieldCount"":2}},""temporalSampleCount"":71}",800976d9344c0adc,[object Object],,000000000000000005ba9afd7c8321eb255dcfe10833145b,info
2026-09-29 19:47:51,"[jevsentinel] trajectory state {""action"":""HOLD"",""stage"":""STABLE"",""riskScore"":0,""confidence"":0.84,""reasons"":[]}",ed86b50abdf494cf,[object Object],,000000000000000005ba9afd7c8321eb255dcfe10833145b,info
2026-09-29 19:47:51,"[jevsentinel] temporal state {""priorSnapshotCount"":70,""currentSnapshot"":{""observedAt"":""2026-09-29T22:47:51.976Z"",""price"":0.0002293,""liquidity"":47431.18,""volume"":493887.59,""priceChange5mPct"":5.25,""priceChange1hPct"":286,""buyCount5m"":2606,""sellCount5m"":2434,""buySellRatio5m"":0.5170634920634921,""uniqueSellers"":0,""uniqueBuyers"":0,""sellerAcceleration"":0,""coordinatedSellers"":0,""sellUsd"":null,""buyUsd"":null,""sellerCount"":null},""sampleCount"":71,""deltas"":{""price"":0,""liquidity"":0,""volume"":0,""priceChange5mPct"":0,""priceChange1hPct"":0,""buyCount5m"":0,""sellCount5m"":0,""buySellRatio5m"":0,""uniqueSellers"":0,""uniqueBuyers"":0,""sellerAcceleration"":0,""coordinatedSellers"":0},""acceleration"":{""selling"":""stable"",""buyPressure"":""stable"",""volume"":""stable"",""liquidity"":""stable"",""price"":""stable"",""sellers"":""stable"",""coordination"":""stable""}}",b1f8bc3970e3aecf,[object Object],,000000000000000005ba9afd7c8321eb255dcfe10833145b,info
2026-09-29 19:47:48,"[jevsentinel] live action state {""action"":""HOLD"",""stage"":""STABLE"",""riskScore"":0,""confidence"":0.84,""reasons"":[]}",a838afcd3e55629b,[object Object],,000000000000000005ba9afd7c8321eb255dcfe10833145b,info
2026-09-29 19:47:48,"[jevsentinel] shadow prediction {""version"":1,""shadow"":true,""action"":""CAUTION"",""confidence"":0.5,""sampleCount"":70,""evidenceQuality"":""strong"",""sourceTrajectoryAction"":""HOLD"",""reasons"":[""signals do not form a reliable forward setup""],""predictedAt"":""2026-09-29T22:47:48.817Z""}",5060bfb20d1cf2b2,[object Object],,000000000000000005ba9afd7c8321eb255dcfe10833145b,info
2026-09-29 19:47:48,"[jevsentinel] decision input {""mint"":""DtFkKBC3Cmi9j3SxBGRUd8gvBLw7nAasrvUJFB69yubM"",""sourceCard"":""CW"",""evidenceGroups"":{""tokenIntegrity"":true,""holderStructure"":true,""creatorIntelligence"":false,""walletBehaviour"":true,""flowDynamics"":true,""marketDynamics"":true,""liquidityStructure"":true,""temporalIntelligence"":true,""historicalIntelligence"":true,""socialNarrative"":true,""alternativeExplanation"":true},""evidenceQuality"":""strong"",""providers"":{""token-research"":{""available"":true,""fieldCount"":29},""transfer-flow"":{""available"":true,""fieldCount"":13},""social-narrative"":{""available"":true,""fieldCount"":2}},""temporalSampleCount"":70}",2f17e3187ae46f0f,[object Object],,000000000000000005ba9afd7c8321eb255dcfe10833145b,info
2026-09-29 19:47:48,"[jevsentinel] trajectory state {""action"":""HOLD"",""stage"":""STABLE"",""riskScore"":0,""confidence"":0.84,""reasons"":[]}",8e225e92f958e486,[object Object],,000000000000000005ba9afd7c8321eb255dcfe10833145b,info
2026-09-29 19:47:48,"[jevsentinel] temporal state {""priorSnapshotCount"":69,""currentSnapshot"":{""observedAt"":""2026-09-29T22:47:48.615Z"",""price"":0.0002293,""liquidity"":47431.18,""volume"":493887.59,""priceChange5mPct"":5.25,""priceChange1hPct"":286,""buyCount5m"":2606,""sellCount5m"":2434,""buySellRatio5m"":0.5170634920634921,""uniqueSellers"":0,""uniqueBuyers"":0,""sellerAcceleration"":0,""coordinatedSellers"":0,""sellUsd"":null,""buyUsd"":null,""sellerCount"":null},""sampleCount"":70,""deltas"":{""price"":0,""liquidity"":0,""volume"":0,""priceChange5mPct"":0,""priceChange1hPct"":0,""buyCount5m"":0,""sellCount5m"":0,""buySellRatio5m"":0,""uniqueSellers"":0,""uniqueBuyers"":0,""sellerAcceleration"":0,""coordinatedSellers"":0},""acceleration"":{""selling"":""stable"",""buyPressure"":""stable"",""volume"":""stable"",""liquidity"":""stable"",""price"":""stable"",""sellers"":""stable"",""coordination"":""stable""}}",3cb3f259377cca69,[object Object],,000000000000000005ba9afd7c8321eb255dcfe10833145b,info
2026-09-29 19:47:48,"[jevsentinel] live action state {""action"":""SELL"",""stage"":""DISTRIBUTION"",""riskScore"":4,""confidence"":0.92,""reasons"":[""5m price deterioration ≤−40%""]}",8312b649d7c3dc8b,[object Object],,000000000000000005ba9afd7c8321eb255dcfe10833145b,info
2026-09-29 19:47:48,"[jevsentinel] shadow prediction {""version"":1,""shadow"":true,""action"":""SELL"",""confidence"":0.78,""sampleCount"":29,""evidenceQuality"":""strong"",""sourceTrajectoryAction"":""SELL"",""reasons"":[""forward risk structure is deteriorating""],""predictedAt"":""2026-09-29T22:47:48.281Z""}",c694129a45e3cc6f,[object Object],,000000000000000005ba9afd7c8321eb255dcfe10833145b,info
2026-09-29 19:47:48,"[jevsentinel] decision input {""mint"":""2RFUG2WSvR3v4pGSGj5yNKiFrNM1EhyQWr4XvvHBpump"",""sourceCard"":""CW"",""evidenceGroups"":{""tokenIntegrity"":true,""holderStructure"":true,""creatorIntelligence"":false,""walletBehaviour"":true,""flowDynamics"":true,""marketDynamics"":true,""liquidityStructure"":true,""temporalIntelligence"":true,""historicalIntelligence"":true,""socialNarrative"":true,""alternativeExplanation"":true},""evidenceQuality"":""strong"",""providers"":{""token-research"":{""available"":true,""fieldCount"":29},""transfer-flow"":{""available"":true,""fieldCount"":13},""social-narrative"":{""available"":true,""fieldCount"":2}},""temporalSampleCount"":29}",ed7f3d6d7dbe56a2,[object Object],,000000000000000005ba9afd7c8321eb255dcfe10833145b,info
2026-09-29 19:47:48,"[jevsentinel] trajectory state {""action"":""SELL"",""stage"":""DISTRIBUTION"",""riskScore"":4,""confidence"":0.92,""reasons"":[""5m price deterioration ≤−40%""]}",5b6032afe282008c,[object Object],,000000000000000005ba9afd7c8321eb255dcfe10833145b,info
2026-09-29 19:47:48,"[jevsentinel] temporal state {""priorSnapshotCount"":28,""currentSnapshot"":{""observedAt"":""2026-09-29T22:47:48.103Z"",""price"":0.00001822,""liquidity"":10352.77,""volume"":106642.83,""priceChange5mPct"":-67.4,""priceChange1hPct"":-62.24,""buyCount5m"":1064,""sellCount5m"":949,""buySellRatio5m"":0.5285643318430203,""uniqueSellers"":0,""uniqueBuyers"":0,""sellerAcceleration"":0,""coordinatedSellers"":0,""sellUsd"":null,""buyUsd"":null,""sellerCount"":null},""sampleCount"":29,""deltas"":{""price"":0,""liquidity"":0,""volume"":0,""priceChange5mPct"":0,""priceChange1hPct"":0,""buyCount5m"":0,""sellCount5m"":0,""buySellRatio5m"":0,""uniqueSellers"":0,""uniqueBuyers"":0,""sellerAcceleration"":0,""coordinatedSellers"":0},""acceleration"":{""selling"":""stable"",""buyPressure"":""stable"",""volume"":""stable"",""liquidity"":""stable"",""price"":""stable"",""sellers"":""stable"",""coordination"":""stable""}}",534f585bd89ae271,[object Object],,000000000000000005ba9afd7c8321eb255dcfe10833145b,info
2026-09-29 19:47:44,"[jevsentinel] live action state {""action"":""HOLD"",""stage"":""STABLE"",""riskScore"":0,""confidence"":0.84,""reasons"":[]}",4e60bf7622ee0e0b,[object Object],,000000000000000005ba9afd7c8321eb255dcfe10833145b,info
2026-09-29 19:47:44,"[jevsentinel] shadow prediction {""version"":1,""shadow"":true,""action"":""CAUTION"",""confidence"":0.5,""sampleCount"":69,""evidenceQuality"":""strong"",""sourceTrajectoryAction"":""HOLD"",""reasons"":[""signals do not form a reliable forward setup""],""predictedAt"":""2026-09-29T22:47:44.939Z""}",a79620944f0de560,[object Object],,000000000000000005ba9afd7c8321eb255dcfe10833145b,info
2026-09-29 19:47:44,"[jevsentinel] decision input {""mint"":""DtFkKBC3Cmi9j3SxBGRUd8gvBLw7nAasrvUJFB69yubM"",""sourceCard"":""CW"",""evidenceGroups"":{""tokenIntegrity"":true,""holderStructure"":true,""creatorIntelligence"":false,""walletBehaviour"":true,""flowDynamics"":true,""marketDynamics"":true,""liquidityStructure"":true,""temporalIntelligence"":true,""historicalIntelligence"":true,""socialNarrative"":true,""alternativeExplanation"":true},""evidenceQuality"":""strong"",""providers"":{""token-research"":{""available"":true,""fieldCount"":29},""transfer-flow"":{""available"":true,""fieldCount"":13},""social-narrative"":{""available"":true,""fieldCount"":2}},""temporalSampleCount"":69}",758511744088ac6d,[object Object],,000000000000000005ba9afd7c8321eb255dcfe10833145b,info
2026-09-29 19:47:44,"[jevsentinel] trajectory state {""action"":""HOLD"",""stage"":""STABLE"",""riskScore"":0,""confidence"":0.84,""reasons"":[]}",dacfc8e31a18f3eb,[object Object],,000000000000000005ba9afd7c8321eb255dcfe10833145b,info
2026-09-29 19:47:44,"[jevsentinel] temporal state {""priorSnapshotCount"":68,""currentSnapshot"":{""observedAt"":""2026-09-29T22:47:44.730Z"",""price"":0.0002293,""liquidity"":47431.18,""volume"":493887.59,""priceChange5mPct"":5.25,""priceChange1hPct"":286,""buyCount5m"":2606,""sellCount5m"":2434,""buySellRatio5m"":0.5170634920634921,""uniqueSellers"":0,""uniqueBuyers"":0,""sellerAcceleration"":0,""coordinatedSellers"":0,""sellUsd"":null,""buyUsd"":null,""sellerCount"":null},""sampleCount"":69,""deltas"":{""price"":0,""liquidity"":0,""volume"":0,""priceChange5mPct"":0,""priceChange1hPct"":0,""buyCount5m"":0,""sellCount5m"":0,""buySellRatio5m"":0,""uniqueSellers"":0,""uniqueBuyers"":0,""sellerAcceleration"":0,""coordinatedSellers"":0},""acceleration"":{""selling"":""stable"",""buyPressure"":""stable"",""volume"":""stable"",""liquidity"":""stable"",""price"":""stable"",""sellers"":""stable"",""coordination"":""stable""}}",37279fd1d75e7ac8,[object Object],,000000000000000005ba9afd7c8321eb255dcfe10833145b,info
2026-09-29 19:47:44,"[jevsentinel] live action state {""action"":""SELL"",""stage"":""EXTRACTION"",""riskScore"":10,""confidence"":0.99,""reasons"":[""JEV progression: distribution"",""liquidity fell ≥20% between live snapshots"",""5m price deterioration ≤−40%"",""liquidity is deteriorating""]}",a40c26866fb83c2b,[object Object],,000000000000000005ba9afd7c8321eb255dcfe10833145b,info
2026-09-29 19:47:44,"[jevsentinel] shadow prediction {""version"":1,""shadow"":true,""action"":""SELL"",""confidence"":0.78,""sampleCount"":28,""evidenceQuality"":""strong"",""sourceTrajectoryAction"":""SELL"",""reasons"":[""forward risk structure is deteriorating""],""predictedAt"":""2026-09-29T22:47:44.705Z""}",2cd372efcff0a016,[object Object],,000000000000000005ba9afd7c8321eb255dcfe10833145b,info
2026-09-29 19:47:44,"[jevsentinel] decision input {""mint"":""2RFUG2WSvR3v4pGSGj5yNKiFrNM1EhyQWr4XvvHBpump"",""sourceCard"":""CW"",""evidenceGroups"":{""tokenIntegrity"":true,""holderStructure"":true,""creatorIntelligence"":true,""walletBehaviour"":true,""flowDynamics"":true,""marketDynamics"":true,""liquidityStructure"":true,""temporalIntelligence"":true,""historicalIntelligence"":true,""socialNarrative"":true,""alternativeExplanation"":true},""evidenceQuality"":""strong"",""providers"":{""token-research"":{""available"":true,""fieldCount"":30},""transfer-flow"":{""available"":true,""fieldCount"":13},""social-narrative"":{""available"":true,""fieldCount"":2}},""temporalSampleCount"":28}",49fbd4f3f2c9010e,[object Object],,000000000000000005ba9afd7c8321eb255dcfe10833145b,info
2026-09-29 19:47:44,"[jevsentinel] trajectory state {""action"":""SELL"",""stage"":""DISTRIBUTION"",""riskScore"":8,""confidence"":0.99,""reasons"":[""liquidity fell ≥20% between live snapshots"",""5m price deterioration ≤−40%"",""liquidity is deteriorating""]}",c1222800e04d5a19,[object Object],,000000000000000005ba9afd7c8321eb255dcfe10833145b,info
2026-09-29 19:47:44,"[jevsentinel] temporal state {""priorSnapshotCount"":27,""currentSnapshot"":{""observedAt"":""2026-09-29T22:47:44.545Z"",""price"":0.00001822,""liquidity"":10352.77,""volume"":106642.83,""priceChange5mPct"":-67.4,""priceChange1hPct"":-62.24,""buyCount5m"":1064,""sellCount5m"":949,""buySellRatio5m"":0.5285643318430203,""uniqueSellers"":0,""uniqueBuyers"":0,""sellerAcceleration"":0,""coordinatedSellers"":0,""sellUsd"":null,""buyUsd"":null,""sellerCount"":null},""sampleCount"":28,""deltas"":{""price"":-0.00000867,""liquidity"":-2674,""volume"":-8330.589999999997,""priceChange5mPct"":-23.130000000000003,""priceChange1hPct"":-17.97,""buyCount5m"":-72,""sellCount5m"":-7,""buySellRatio5m"":-0.014456700661759747,""uniqueSellers"":0,""uniqueBuyers"":0,""sellerAcceleration"":0,""coordinatedSellers"":0},""acceleration"":{""selling"":""decreasing"",""buyPressure"":""decreasing"",""volume"":""decreasing"",""liquidity"":""deteriorating"",""price"":""deteriorating"",""sellers"":""stable"",""coordination"":""stable""}}",3bbcda199fef8ebc,[object Object],,000000000000000005ba9afd7c8321eb255dcfe10833145b,info
2026-09-29 19:47:41,"[jevsentinel] live action state {""action"":""HOLD"",""stage"":""STABLE"",""riskScore"":0,""confidence"":0.84,""reasons"":[]}",e80060398b42cc6c,[object Object],,000000000000000005ba9afd7c8321eb255dcfe10833145b,info
2026-09-29 19:47:41,"[jevsentinel] shadow prediction {""version"":1,""shadow"":true,""action"":""CAUTION"",""confidence"":0.5,""sampleCount"":68,""evidenceQuality"":""strong"",""sourceTrajectoryAction"":""HOLD"",""reasons"":[""signals do not form a reliable forward setup""],""predictedAt"":""2026-09-29T22:47:41.144Z""}",8115a114a97e1bb8,[object Object],,000000000000000005ba9afd7c8321eb255dcfe10833145b,info
2026-09-29 19:47:40,"[jevsentinel] decision input {""mint"":""DtFkKBC3Cmi9j3SxBGRUd8gvBLw7nAasrvUJFB69yubM"",""sourceCard"":""CW"",""evidenceGroups"":{""tokenIntegrity"":true,""holderStructure"":true,""creatorIntelligence"":true,""walletBehaviour"":true,""flowDynamics"":true,""marketDynamics"":true,""liquidityStructure"":true,""temporalIntelligence"":true,""historicalIntelligence"":true,""socialNarrative"":true,""alternativeExplanation"":true},""evidenceQuality"":""strong"",""providers"":{""token-research"":{""available"":true,""fieldCount"":30},""transfer-flow"":{""available"":true,""fieldCount"":13},""social-narrative"":{""available"":true,""fieldCount"":2}},""temporalSampleCount"":68}",1c571d3d5c57c095,[object Object],,000000000000000005ba9afd7c8321eb255dcfe10833145b,info
2026-09-29 19:47:40,"[jevsentinel] trajectory state {""action"":""HOLD"",""stage"":""STABLE"",""riskScore"":0,""confidence"":0.84,""reasons"":[]}",4efd56cad002eabd,[object Object],,000000000000000005ba9afd7c8321eb255dcfe10833145b,info
2026-09-29 19:47:40,"[jevsentinel] temporal state {""priorSnapshotCount"":67,""currentSnapshot"":{""observedAt"":""2026-09-29T22:47:40.914Z"",""price"":0.0002293,""liquidity"":47431.18,""volume"":493887.59,""priceChange5mPct"":5.25,""priceChange1hPct"":286,""buyCount5m"":2606,""sellCount5m"":2434,""buySellRatio5m"":0.5170634920634921,""uniqueSellers"":0,""uniqueBuyers"":0,""sellerAcceleration"":0,""coordinatedSellers"":0,""sellUsd"":null,""buyUsd"":null,""sellerCount"":null},""sampleCount"":68,""deltas"":{""price"":0,""liquidity"":0,""volume"":0,""priceChange5mPct"":0,""priceChange1hPct"":0,""buyCount5m"":0,""sellCount5m"":0,""buySellRatio5m"":0,""uniqueSellers"":0,""uniqueBuyers"":0,""sellerAcceleration"":0,""coordinatedSellers"":0},""acceleration"":{""selling"":""stable"",""buyPressure"":""stable"",""volume"":""stable"",""liquidity"":""stable"",""price"":""stable"",""sellers"":""stable"",""coordination"":""stable""}}",7cbf16c2682b7d9e,[object Object],,000000000000000005ba9afd7c8321eb255dcfe10833145b,info
2026-09-29 19:47:40,"[jevsentinel] live action state {""action"":""SELL"",""stage"":""DISTRIBUTION"",""riskScore"":6,""confidence"":0.99,""reasons"":[""JEV progression: distribution"",""5m price deterioration ≤−40%""]}",320835d3a0ad28b6,[object Object],,000000000000000005ba9afd7c8321eb255dcfe10833145b,info
2026-09-29 19:47:40,"[jevsentinel] shadow prediction {""version"":1,""shadow"":true,""action"":""SELL"",""confidence"":0.78,""sampleCount"":27,""evidenceQuality"":""strong"",""sourceTrajectoryAction"":""SELL"",""reasons"":[""forward risk structure is deteriorating""],""predictedAt"":""2026-09-29T22:47:40.704Z""}",f3c7856ab5678f86,[object Object],,000000000000000005ba9afd7c8321eb255dcfe10833145b,info
2026-09-29 19:47:40,"[jevsentinel] decision input {""mint"":""2RFUG2WSvR3v4pGSGj5yNKiFrNM1EhyQWr4XvvHBpump"",""sourceCard"":""CW"",""evidenceGroups"":{""tokenIntegrity"":true,""holderStructure"":true,""creatorIntelligence"":false,""walletBehaviour"":true,""flowDynamics"":true,""marketDynamics"":true,""liquidityStructure"":true,""temporalIntelligence"":true,""historicalIntelligence"":true,""socialNarrative"":true,""alternativeExplanation"":true},""evidenceQuality"":""strong"",""providers"":{""token-research"":{""available"":true,""fieldCount"":29},""transfer-flow"":{""available"":true,""fieldCount"":13},""social-narrative"":{""available"":true,""fieldCount"":2}},""temporalSampleCount"":27}",f93b8c191bde3a02,[object Object],,000000000000000005ba9afd7c8321eb255dcfe10833145b,info
2026-09-29 19:47:40,"[jevsentinel] trajectory state {""action"":""SELL"",""stage"":""DISTRIBUTION"",""riskScore"":4,""confidence"":0.92,""reasons"":[""5m price deterioration ≤−40%""]}",4c4f7a5a7bbf3758,[object Object],,000000000000000005ba9afd7c8321eb255dcfe10833145b,info
2026-09-29 19:47:40,"[jevsentinel] temporal state {""priorSnapshotCount"":26,""currentSnapshot"":{""observedAt"":""2026-09-29T22:47:40.537Z"",""price"":0.00002689,""liquidity"":13026.77,""volume"":114973.42,""priceChange5mPct"":-44.27,""priceChange1hPct"":-44.27,""buyCount5m"":1136,""sellCount5m"":956,""buySellRatio5m"":0.5430210325047801,""uniqueSellers"":0,""uniqueBuyers"":0,""sellerAcceleration"":0,""coordinatedSellers"":0,""sellUsd"":null,""buyUsd"":null,""sellerCount"":null},""sampleCount"":27,""deltas"":{""price"":0,""liquidity"":0,""volume"":0,""priceChange5mPct"":0,""priceChange1hPct"":0,""buyCount5m"":0,""sellCount5m"":0,""buySellRatio5m"":0,""uniqueSellers"":0,""uniqueBuyers"":0,""sellerAcceleration"":0,""coordinatedSellers"":0},""acceleration"":{""selling"":""stable"",""buyPressure"":""stable"",""volume"":""stable"",""liquidity"":""stable"",""price"":""stable"",""sellers"":""stable"",""coordination"":""stable""}}",a9d1d5650c982a5f,[object Object],,000000000000000005ba9afd7c8321eb255dcfe10833145b,info
2026-09-29 19:47:36,"[jevsentinel] live action state {""action"":""SELL"",""stage"":""DISTRIBUTION"",""riskScore"":4,""confidence"":0.92,""reasons"":[""5m price deterioration ≤−40%""]}",b24219052ae7bda9,[object Object],,000000000000000005ba9afd7c8321eb255dcfe10833145b,info
2026-09-29 19:47:36,"[jevsentinel] shadow prediction {""version"":1,""shadow"":true,""action"":""SELL"",""confidence"":0.78,""sampleCount"":26,""evidenceQuality"":""strong"",""sourceTrajectoryAction"":""SELL"",""reasons"":[""forward risk structure is deteriorating""],""predictedAt"":""2026-09-29T22:47:36.951Z""}",6330ab22b950aa81,[object Object],,000000000000000005ba9afd7c8321eb255dcfe10833145b,info
2026-09-29 19:47:36,"[jevsentinel] live action state {""action"":""HOLD"",""stage"":""STABLE"",""riskScore"":0,""confidence"":0.84,""reasons"":[]}",f8d20982ba836c04,[object Object],,000000000000000005ba9afd7c8321eb255dcfe10833145b,info
2026-09-29 19:47:36,"[jevsentinel] shadow prediction {""version"":1,""shadow"":true,""action"":""CAUTION"",""confidence"":0.5,""sampleCount"":67,""evidenceQuality"":""strong"",""sourceTrajectoryAction"":""HOLD"",""reasons"":[""signals do not form a reliable forward setup""],""predictedAt"":""2026-09-29T22:47:36.918Z""}",a2616f2dc4d711ee,[object Object],,000000000000000005ba9afd7c8321eb255dcfe10833145b,info
2026-09-29 19:47:36,"[jevsentinel] decision input {""mint"":""2RFUG2WSvR3v4pGSGj5yNKiFrNM1EhyQWr4XvvHBpump"",""sourceCard"":""CW"",""evidenceGroups"":{""tokenIntegrity"":true,""holderStructure"":true,""creatorIntelligence"":true,""walletBehaviour"":true,""flowDynamics"":true,""marketDynamics"":true,""liquidityStructure"":true,""temporalIntelligence"":true,""historicalIntelligence"":true,""socialNarrative"":true,""alternativeExplanation"":true},""evidenceQuality"":""strong"",""providers"":{""token-research"":{""available"":true,""fieldCount"":30},""transfer-flow"":{""available"":true,""fieldCount"":13},""social-narrative"":{""available"":true,""fieldCount"":2}},""temporalSampleCount"":26}",ce141dcaacfe2a65,[object Object],,000000000000000005ba9afd7c8321eb255dcfe10833145b,info
2026-09-29 19:47:36,"[jevsentinel] trajectory state {""action"":""SELL"",""stage"":""DISTRIBUTION"",""riskScore"":4,""confidence"":0.92,""reasons"":[""5m price deterioration ≤−40%""]}",cfa68f514d3b2d43,[object Object],,000000000000000005ba9afd7c8321eb255dcfe10833145b,info
2026-09-29 19:47:36,"[jevsentinel] temporal state {""priorSnapshotCount"":25,""currentSnapshot"":{""observedAt"":""2026-09-29T22:47:36.763Z"",""price"":0.00002689,""liquidity"":13026.77,""volume"":114973.42,""priceChange5mPct"":-44.27,""priceChange1hPct"":-44.27,""buyCount5m"":1136,""sellCount5m"":956,""buySellRatio5m"":0.5430210325047801,""uniqueSellers"":0,""uniqueBuyers"":0,""sellerAcceleration"":0,""coordinatedSellers"":0,""sellUsd"":null,""buyUsd"":null,""sellerCount"":null},""sampleCount"":26,""deltas"":{""price"":0,""liquidity"":0,""volume"":0,""priceChange5mPct"":0,""priceChange1hPct"":0,""buyCount5m"":0,""sellCount5m"":0,""buySellRatio5m"":0,""uniqueSellers"":0,""uniqueBuyers"":0,""sellerAcceleration"":0,""coordinatedSellers"":0},""acceleration"":{""selling"":""stable"",""buyPressure"":""stable"",""volume"":""stable"",""liquidity"":""stable"",""price"":""stable"",""sellers"":""stable"",""coordination"":""stable""}}",e9262f52d58be594,[object Object],,000000000000000005ba9afd7c8321eb255dcfe10833145b,info
2026-09-29 19:47:36,"[jevsentinel] decision input {""mint"":""DtFkKBC3Cmi9j3SxBGRUd8gvBLw7nAasrvUJFB69yubM"",""sourceCard"":""CW"",""evidenceGroups"":{""tokenIntegrity"":true,""holderStructure"":true,""creatorIntelligence"":true,""walletBehaviour"":true,""flowDynamics"":true,""marketDynamics"":true,""liquidityStructure"":true,""temporalIntelligence"":true,""historicalIntelligence"":true,""socialNarrative"":true,""alternativeExplanation"":true},""evidenceQuality"":""strong"",""providers"":{""token-research"":{""available"":true,""fieldCount"":30},""transfer-flow"":{""available"":true,""fieldCount"":13},""social-narrative"":{""available"":true,""fieldCount"":2}},""temporalSampleCount"":67}",488db522d3d0132e,[object Object],,000000000000000005ba9afd7c8321eb255dcfe10833145b,info
2026-09-29 19:47:36,"[jevsentinel] trajectory state {""action"":""HOLD"",""stage"":""STABLE"",""riskScore"":0,""confidence"":0.84,""reasons"":[]}",1e77ac860fc6f763,[object Object],,000000000000000005ba9afd7c8321eb255dcfe10833145b,info
2026-09-29 19:47:36,"[jevsentinel] temporal state {""priorSnapshotCount"":66,""currentSnapshot"":{""observedAt"":""2026-09-29T22:47:36.736Z"",""price"":0.0002293,""liquidity"":47431.18,""volume"":493887.59,""priceChange5mPct"":5.25,""priceChange1hPct"":286,""buyCount5m"":2606,""sellCount5m"":2434,""buySellRatio5m"":0.5170634920634921,""uniqueSellers"":0,""uniqueBuyers"":0,""sellerAcceleration"":0,""coordinatedSellers"":0,""sellUsd"":null,""buyUsd"":null,""sellerCount"":null},""sampleCount"":67,""deltas"":{""price"":0,""liquidity"":0,""volume"":0,""priceChange5mPct"":0,""priceChange1hPct"":0,""buyCount5m"":0,""sellCount5m"":0,""buySellRatio5m"":0,""uniqueSellers"":0,""uniqueBuyers"":0,""sellerAcceleration"":0,""coordinatedSellers"":0},""acceleration"":{""selling"":""stable"",""buyPressure"":""stable"",""volume"":""stable"",""liquidity"":""stable"",""price"":""stable"",""sellers"":""stable"",""coordination"":""stable""}}",bcd324f05e8a6a50,[object Object],,000000000000000005ba9afd7c8321eb255dcfe10833145b,info
2026-09-29 19:47:32,"[jevsentinel] live action state {""action"":""SELL"",""stage"":""DISTRIBUTION"",""riskScore"":4,""confidence"":0.92,""reasons"":[""5m price deterioration ≤−40%""]}",56a4516eae0cd25e,[object Object],,000000000000000005ba9afd7c8321eb255dcfe10833145b,info
2026-09-29 19:47:32,"[jevsentinel] shadow prediction {""version"":1,""shadow"":true,""action"":""SELL"",""confidence"":0.78,""sampleCount"":25,""evidenceQuality"":""strong"",""sourceTrajectoryAction"":""SELL"",""reasons"":[""forward risk structure is deteriorating""],""predictedAt"":""2026-09-29T22:47:32.818Z""}",ff10a0d720cc560e,[object Object],,000000000000000005ba9afd7c8321eb255dcfe10833145b,info
2026-09-29 19:47:32,"[jevsentinel] live action state {""action"":""HOLD"",""stage"":""STABLE"",""riskScore"":0,""confidence"":0.84,""reasons"":[]}",12ae553b21f5219c,[object Object],,000000000000000005ba9afd7c8321eb255dcfe10833145b,info
2026-09-29 19:47:32,"[jevsentinel] shadow prediction {""version"":1,""shadow"":true,""action"":""CAUTION"",""confidence"":0.5,""sampleCount"":66,""evidenceQuality"":""strong"",""sourceTrajectoryAction"":""HOLD"",""reasons"":[""signals do not form a reliable forward setup""],""predictedAt"":""2026-09-29T22:47:32.779Z""}",a8b83fbe88db03d6,[object Object],,000000000000000005ba9afd7c8321eb255dcfe10833145b,info
2026-09-29 19:47:32,"[jevsentinel] decision input {""mint"":""2RFUG2WSvR3v4pGSGj5yNKiFrNM1EhyQWr4XvvHBpump"",""sourceCard"":""CW"",""evidenceGroups"":{""tokenIntegrity"":true,""holderStructure"":true,""creatorIntelligence"":false,""walletBehaviour"":true,""flowDynamics"":true,""marketDynamics"":true,""liquidityStructure"":true,""temporalIntelligence"":true,""historicalIntelligence"":true,""socialNarrative"":true,""alternativeExplanation"":true},""evidenceQuality"":""strong"",""providers"":{""token-research"":{""available"":true,""fieldCount"":29},""transfer-flow"":{""available"":true,""fieldCount"":13},""social-narrative"":{""available"":true,""fieldCount"":2}},""temporalSampleCount"":25}",653e3ddece3ec207,[object Object],,000000000000000005ba9afd7c8321eb255dcfe10833145b,info
2026-09-29 19:47:32,"[jevsentinel] trajectory state {""action"":""SELL"",""stage"":""DISTRIBUTION"",""riskScore"":4,""confidence"":0.92,""reasons"":[""5m price deterioration ≤−40%""]}",160c0583d8d3f46b,[object Object],,000000000000000005ba9afd7c8321eb255dcfe10833145b,info
2026-09-29 19:47:32,"[jevsentinel] temporal state {""priorSnapshotCount"":24,""currentSnapshot"":{""observedAt"":""2026-09-29T22:47:32.653Z"",""price"":0.00002689,""liquidity"":13026.77,""volume"":114973.42,""priceChange5mPct"":-44.27,""priceChange1hPct"":-44.27,""buyCount5m"":1136,""sellCount5m"":956,""buySellRatio5m"":0.5430210325047801,""uniqueSellers"":0,""uniqueBuyers"":0,""sellerAcceleration"":0,""coordinatedSellers"":0,""sellUsd"":null,""buyUsd"":null,""sellerCount"":null},""sampleCount"":25,""deltas"":{""price"":0,""liquidity"":0,""volume"":0,""priceChange5mPct"":0,""priceChange1hPct"":0,""buyCount5m"":0,""sellCount5m"":0,""buySellRatio5m"":0,""uniqueSellers"":0,""uniqueBuyers"":0,""sellerAcceleration"":0,""coordinatedSellers"":0},""acceleration"":{""selling"":""stable"",""buyPressure"":""stable"",""volume"":""stable"",""liquidity"":""stable"",""price"":""stable"",""sellers"":""stable"",""coordination"":""stable""}}",2dd21e466e01cd99,[object Object],,000000000000000005ba9afd7c8321eb255dcfe10833145b,info
2026-09-29 19:47:32,"[jevsentinel] decision input {""mint"":""DtFkKBC3Cmi9j3SxBGRUd8gvBLw7nAasrvUJFB69yubM"",""sourceCard"":""CW"",""evidenceGroups"":{""tokenIntegrity"":true,""holderStructure"":true,""creatorIntelligence"":false,""walletBehaviour"":true,""flowDynamics"":true,""marketDynamics"":true,""liquidityStructure"":true,""temporalIntelligence"":true,""historicalIntelligence"":true,""socialNarrative"":true,""alternativeExplanation"":true},""evidenceQuality"":""strong"",""providers"":{""token-research"":{""available"":true,""fieldCount"":29},""transfer-flow"":{""available"":true,""fieldCount"":13},""social-narrative"":{""available"":true,""fieldCount"":2}},""temporalSampleCount"":66}",261caac5dd25fe85,[object Object],,000000000000000005ba9afd7c8321eb255dcfe10833145b,info
2026-09-29 19:47:32,"[jevsentinel] trajectory state {""action"":""HOLD"",""stage"":""STABLE"",""riskScore"":0,""confidence"":0.84,""reasons"":[]}",4d9003dc38de735b,[object Object],,000000000000000005ba9afd7c8321eb255dcfe10833145b,info
2026-09-29 19:47:32,"[jevsentinel] temporal state {""priorSnapshotCount"":65,""currentSnapshot"":{""observedAt"":""2026-09-29T22:47:32.562Z"",""price"":0.0002293,""liquidity"":47431.18,""volume"":493887.59,""priceChange5mPct"":5.25,""priceChange1hPct"":286,""buyCount5m"":2606,""sellCount5m"":2434,""buySellRatio5m"":0.5170634920634921,""uniqueSellers"":0,""uniqueBuyers"":0,""sellerAcceleration"":0,""coordinatedSellers"":0,""sellUsd"":null,""buyUsd"":null,""sellerCount"":null},""sampleCount"":66,""deltas"":{""price"":0,""liquidity"":0,""volume"":0,""priceChange5mPct"":0,""priceChange1hPct"":0,""buyCount5m"":0,""sellCount5m"":0,""buySellRatio5m"":0,""uniqueSellers"":0,""uniqueBuyers"":0,""sellerAcceleration"":0,""coordinatedSellers"":0},""acceleration"":{""selling"":""stable"",""buyPressure"":""stable"",""volume"":""stable"",""liquidity"":""stable"",""price"":""stable"",""sellers"":""stable"",""coordination"":""stable""}}",db82b0ff47f1f707,[object Object],,000000000000000005ba9afd7c8321eb255dcfe10833145b,info
2026-09-29 19:47:29,"[jevsentinel] live action state {""action"":""HOLD"",""stage"":""STABLE"",""riskScore"":0,""confidence"":0.84,""reasons"":[]}",646ece15433e64db,[object Object],,000000000000000005ba9afd7c8321eb255dcfe10833145b,info
2026-09-29 19:47:29,"[jevsentinel] shadow prediction {""version"":1,""shadow"":true,""action"":""CAUTION"",""confidence"":0.5,""sampleCount"":65,""evidenceQuality"":""strong"",""sourceTrajectoryAction"":""HOLD"",""reasons"":[""signals do not form a reliable forward setup""],""predictedAt"":""2026-09-29T22:47:29.272Z""}",1135e3e1e4c93bc4,[object Object],,000000000000000005ba9afd7c8321eb255dcfe10833145b,info
2026-09-29 19:47:29,"[jevsentinel] decision input {""mint"":""DtFkKBC3Cmi9j3SxBGRUd8gvBLw7nAasrvUJFB69yubM"",""sourceCard"":""CW"",""evidenceGroups"":{""tokenIntegrity"":true,""holderStructure"":true,""creatorIntelligence"":true,""walletBehaviour"":true,""flowDynamics"":true,""marketDynamics"":true,""liquidityStructure"":true,""temporalIntelligence"":true,""historicalIntelligence"":true,""socialNarrative"":true,""alternativeExplanation"":true},""evidenceQuality"":""strong"",""providers"":{""token-research"":{""available"":true,""fieldCount"":30},""transfer-flow"":{""available"":true,""fieldCount"":13},""social-narrative"":{""available"":true,""fieldCount"":2}},""temporalSampleCount"":65}",6b0d90e9ca644e6a,[object Object],,000000000000000005ba9afd7c8321eb255dcfe10833145b,info
2026-09-29 19:47:29,"[jevsentinel] trajectory state {""action"":""HOLD"",""stage"":""STABLE"",""riskScore"":0,""confidence"":0.84,""reasons"":[]}",b966920ff80ba3d8,[object Object],,000000000000000005ba9afd7c8321eb255dcfe10833145b,info
2026-09-29 19:47:29,"[jevsentinel] temporal state {""priorSnapshotCount"":64,""currentSnapshot"":{""observedAt"":""2026-09-29T22:47:29.082Z"",""price"":0.0002293,""liquidity"":47431.18,""volume"":493887.59,""priceChange5mPct"":5.25,""priceChange1hPct"":286,""buyCount5m"":2606,""sellCount5m"":2434,""buySellRatio5m"":0.5170634920634921,""uniqueSellers"":0,""uniqueBuyers"":0,""sellerAcceleration"":0,""coordinatedSellers"":0,""sellUsd"":null,""buyUsd"":null,""sellerCount"":null},""sampleCount"":65,""deltas"":{""price"":0,""liquidity"":0,""volume"":0,""priceChange5mPct"":0,""priceChange1hPct"":0,""buyCount5m"":0,""sellCount5m"":0,""buySellRatio5m"":0,""uniqueSellers"":0,""uniqueBuyers"":0,""sellerAcceleration"":0,""coordinatedSellers"":0},""acceleration"":{""selling"":""stable"",""buyPressure"":""stable"",""volume"":""stable"",""liquidity"":""stable"",""price"":""stable"",""sellers"":""stable"",""coordination"":""stable""}}",3914a3c6138c4dab,[object Object],,000000000000000005ba9afd7c8321eb255dcfe10833145b,info
2026-09-29 19:47:28,"[jevsentinel] live action state {""action"":""SELL"",""stage"":""DISTRIBUTION"",""riskScore"":4,""confidence"":0.92,""reasons"":[""5m price deterioration ≤−40%""]}",77a1f88577d5e73c,[object Object],,000000000000000005ba9afd7c8321eb255dcfe10833145b,info
2026-09-29 19:47:28,"[jevsentinel] shadow prediction {""version"":1,""shadow"":true,""action"":""SELL"",""confidence"":0.78,""sampleCount"":24,""evidenceQuality"":""strong"",""sourceTrajectoryAction"":""SELL"",""reasons"":[""forward risk structure is deteriorating""],""predictedAt"":""2026-09-29T22:47:28.935Z""}",f5e562e46deaebe2,[object Object],,000000000000000005ba9afd7c8321eb255dcfe10833145b,info
2026-09-29 19:47:28,"[jevsentinel] decision input {""mint"":""2RFUG2WSvR3v4pGSGj5yNKiFrNM1EhyQWr4XvvHBpump"",""sourceCard"":""CW"",""evidenceGroups"":{""tokenIntegrity"":true,""holderStructure"":true,""creatorIntelligence"":false,""walletBehaviour"":true,""flowDynamics"":true,""marketDynamics"":true,""liquidityStructure"":true,""temporalIntelligence"":true,""historicalIntelligence"":true,""socialNarrative"":true,""alternativeExplanation"":true},""evidenceQuality"":""strong"",""providers"":{""token-research"":{""available"":true,""fieldCount"":29},""transfer-flow"":{""available"":true,""fieldCount"":13},""social-narrative"":{""available"":true,""fieldCount"":2}},""temporalSampleCount"":24}",11bc65588a7f02ed,[object Object],,000000000000000005ba9afd7c8321eb255dcfe10833145b,info
2026-09-29 19:47:28,"[jevsentinel] trajectory state {""action"":""SELL"",""stage"":""DISTRIBUTION"",""riskScore"":4,""confidence"":0.92,""reasons"":[""5m price deterioration ≤−40%""]}",d0147e0f51ef2f7e,[object Object],,000000000000000005ba9afd7c8321eb255dcfe10833145b,info
2026-09-29 19:47:28,"[jevsentinel] temporal state {""priorSnapshotCount"":23,""currentSnapshot"":{""observedAt"":""2026-09-29T22:47:28.720Z"",""price"":0.00002689,""liquidity"":13026.77,""volume"":114973.42,""priceChange5mPct"":-44.27,""priceChange1hPct"":-44.27,""buyCount5m"":1136,""sellCount5m"":956,""buySellRatio5m"":0.5430210325047801,""uniqueSellers"":0,""uniqueBuyers"":0,""sellerAcceleration"":0,""coordinatedSellers"":0,""sellUsd"":null,""buyUsd"":null,""sellerCount"":null},""sampleCount"":24,""deltas"":{""price"":0,""liquidity"":0,""volume"":0,""priceChange5mPct"":0,""priceChange1hPct"":0,""buyCount5m"":0,""sellCount5m"":0,""buySellRatio5m"":0,""uniqueSellers"":0,""uniqueBuyers"":0,""sellerAcceleration"":0,""coordinatedSellers"":0},""acceleration"":{""selling"":""stable"",""buyPressure"":""stable"",""volume"":""stable"",""liquidity"":""stable"",""price"":""stable"",""sellers"":""stable"",""coordination"":""stable""}}",8821b05556db6109,[object Object],,000000000000000005ba9afd7c8321eb255dcfe10833145b,info
2026-09-29 19:47:25,"[jevsentinel] live action state {""action"":""SELL"",""stage"":""DISTRIBUTION"",""riskScore"":4,""confidence"":0.92,""reasons"":[""5m price deterioration ≤−40%""]}",df905cbfe0ca4bff,[object Object],,000000000000000005ba9afd7c8321eb255dcfe10833145b,info
2026-09-29 19:47:25,"[jevsentinel] shadow prediction {""version"":1,""shadow"":true,""action"":""SELL"",""confidence"":0.78,""sampleCount"":23,""evidenceQuality"":""strong"",""sourceTrajectoryAction"":""SELL"",""reasons"":[""forward risk structure is deteriorating""],""predictedAt"":""2026-09-29T22:47:25.315Z""}",5e4a3dca67ce9711,[object Object],,000000000000000005ba9afd7c8321eb255dcfe10833145b,info
2026-09-29 19:47:25,"[jevsentinel] live action state {""action"":""HOLD"",""stage"":""STABLE"",""riskScore"":0,""confidence"":0.84,""reasons"":[]}",dccae387b8d0c957,[object Object],,000000000000000005ba9afd7c8321eb255dcfe10833145b,info
2026-09-29 19:47:25,"[jevsentinel] shadow prediction {""version"":1,""shadow"":true,""action"":""CAUTION"",""confidence"":0.5,""sampleCount"":64,""evidenceQuality"":""strong"",""sourceTrajectoryAction"":""HOLD"",""reasons"":[""signals do not form a reliable forward setup""],""predictedAt"":""2026-09-29T22:47:25.229Z""}",ba1a2547c9ac9769,[object Object],,000000000000000005ba9afd7c8321eb255dcfe10833145b,info
2026-09-29 19:47:25,"[jevsentinel] decision input {""mint"":""2RFUG2WSvR3v4pGSGj5yNKiFrNM1EhyQWr4XvvHBpump"",""sourceCard"":""CW"",""evidenceGroups"":{""tokenIntegrity"":true,""holderStructure"":true,""creatorIntelligence"":true,""walletBehaviour"":true,""flowDynamics"":true,""marketDynamics"":true,""liquidityStructure"":true,""temporalIntelligence"":true,""historicalIntelligence"":true,""socialNarrative"":true,""alternativeExplanation"":true},""evidenceQuality"":""strong"",""providers"":{""token-research"":{""available"":true,""fieldCount"":30},""transfer-flow"":{""available"":true,""fieldCount"":13},""social-narrative"":{""available"":true,""fieldCount"":2}},""temporalSampleCount"":23}",e19cd6658533f598,[object Object],,000000000000000005ba9afd7c8321eb255dcfe10833145b,info
2026-09-29 19:47:25,"[jevsentinel] trajectory state {""action"":""SELL"",""stage"":""DISTRIBUTION"",""riskScore"":4,""confidence"":0.92,""reasons"":[""5m price deterioration ≤−40%""]}",6121988af3691f82,[object Object],,000000000000000005ba9afd7c8321eb255dcfe10833145b,info
2026-09-29 19:47:25,"[jevsentinel] temporal state {""priorSnapshotCount"":22,""currentSnapshot"":{""observedAt"":""2026-09-29T22:47:25.147Z"",""price"":0.00002689,""liquidity"":13026.77,""volume"":114973.42,""priceChange5mPct"":-44.27,""priceChange1hPct"":-44.27,""buyCount5m"":1136,""sellCount5m"":956,""buySellRatio5m"":0.5430210325047801,""uniqueSellers"":0,""uniqueBuyers"":0,""sellerAcceleration"":0,""coordinatedSellers"":0,""sellUsd"":null,""buyUsd"":null,""sellerCount"":null},""sampleCount"":23,""deltas"":{""price"":0,""liquidity"":0,""volume"":0,""priceChange5mPct"":0,""priceChange1hPct"":0,""buyCount5m"":0,""sellCount5m"":0,""buySellRatio5m"":0,""uniqueSellers"":0,""uniqueBuyers"":0,""sellerAcceleration"":0,""coordinatedSellers"":0},""acceleration"":{""selling"":""stable"",""buyPressure"":""stable"",""volume"":""stable"",""liquidity"":""stable"",""price"":""stable"",""sellers"":""stable"",""coordination"":""stable""}}",6b929168d46c9a2d,[object Object],,000000000000000005ba9afd7c8321eb255dcfe10833145b,info
2026-09-29 19:47:25,"[jevsentinel] decision input {""mint"":""DtFkKBC3Cmi9j3SxBGRUd8gvBLw7nAasrvUJFB69yubM"",""sourceCard"":""CW"",""evidenceGroups"":{""tokenIntegrity"":true,""holderStructure"":true,""creatorIntelligence"":false,""walletBehaviour"":true,""flowDynamics"":true,""marketDynamics"":true,""liquidityStructure"":true,""temporalIntelligence"":true,""historicalIntelligence"":true,""socialNarrative"":true,""alternativeExplanation"":true},""evidenceQuality"":""strong"",""providers"":{""token-research"":{""available"":true,""fieldCount"":29},""transfer-flow"":{""available"":true,""fieldCount"":13},""social-narrative"":{""available"":true,""fieldCount"":2}},""temporalSampleCount"":64}",6a9d70536a69a573,[object Object],,000000000000000005ba9afd7c8321eb255dcfe10833145b,info
2026-09-29 19:47:25,"[jevsentinel] trajectory state {""action"":""HOLD"",""stage"":""STABLE"",""riskScore"":0,""confidence"":0.84,""reasons"":[]}",1647847ee20efd08,[object Object],,000000000000000005ba9afd7c8321eb255dcfe10833145b,info
2026-09-29 19:47:25,"[jevsentinel] temporal state {""priorSnapshotCount"":63,""currentSnapshot"":{""observedAt"":""2026-09-29T22:47:25.029Z"",""price"":0.0002293,""liquidity"":47431.18,""volume"":493887.59,""priceChange5mPct"":5.25,""priceChange1hPct"":286,""buyCount5m"":2606,""sellCount5m"":2434,""buySellRatio5m"":0.5170634920634921,""uniqueSellers"":0,""uniqueBuyers"":0,""sellerAcceleration"":0,""coordinatedSellers"":0,""sellUsd"":null,""buyUsd"":null,""sellerCount"":null},""sampleCount"":64,""deltas"":{""price"":0,""liquidity"":64.87000000000262,""volume"":-55137.34999999992,""priceChange5mPct"":-22.86,""priceChange1hPct"":0,""buyCount5m"":-451,""sellCount5m"":-305,""buySellRatio5m"":-0.01036922015182884,""uniqueSellers"":0,""uniqueBuyers"":0,""sellerAcceleration"":0,""coordinatedSellers"":0},""acceleration"":{""selling"":""decreasing"",""buyPressure"":""decreasing"",""volume"":""decreasing"",""liquidity"":""improving"",""price"":""deteriorating"",""sellers"":""stable"",""coordination"":""stable""}}",270faa60364a918f,[object Object],,000000000000000005ba9afd7c8321eb255dcfe10833145b,info
2026-09-29 19:47:21,"[jevsentinel] live action state {""action"":""HOLD"",""stage"":""STABLE"",""riskScore"":0,""confidence"":0.84,""reasons"":[]}",1fe3ede1d23dac9,[object Object],,000000000000000005ba9afd7c8321eb255dcfe10833145b,info
2026-09-29 19:47:21,"[jevsentinel] shadow prediction {""version"":1,""shadow"":true,""action"":""CAUTION"",""confidence"":0.5,""sampleCount"":63,""evidenceQuality"":""strong"",""sourceTrajectoryAction"":""HOLD"",""reasons"":[""signals do not form a reliable forward setup""],""predictedAt"":""2026-09-29T22:47:21.191Z""}",67d32c7c46f38a03,[object Object],,000000000000000005ba9afd7c8321eb255dcfe10833145b,info
2026-09-29 19:47:21,"[jevsentinel] live action state {""action"":""SELL"",""stage"":""DISTRIBUTION"",""riskScore"":4,""confidence"":0.92,""reasons"":[""5m price deterioration ≤−40%""]}",a1ced0671a61297c,[object Object],,000000000000000005ba9afd7c8321eb255dcfe10833145b,info
2026-09-29 19:47:21,"[jevsentinel] shadow prediction {""version"":1,""shadow"":true,""action"":""SELL"",""confidence"":0.78,""sampleCount"":22,""evidenceQuality"":""strong"",""sourceTrajectoryAction"":""SELL"",""reasons"":[""forward risk structure is deteriorating""],""predictedAt"":""2026-09-29T22:47:21.183Z""}",edbef55150f46c6b,[object Object],,000000000000000005ba9afd7c8321eb255dcfe10833145b,info
2026-09-29 19:47:20,"[jevsentinel] decision input {""mint"":""2RFUG2WSvR3v4pGSGj5yNKiFrNM1EhyQWr4XvvHBpump"",""sourceCard"":""CW"",""evidenceGroups"":{""tokenIntegrity"":true,""holderStructure"":true,""creatorIntelligence"":false,""walletBehaviour"":true,""flowDynamics"":true,""marketDynamics"":true,""liquidityStructure"":true,""temporalIntelligence"":true,""historicalIntelligence"":true,""socialNarrative"":true,""alternativeExplanation"":true},""evidenceQuality"":""strong"",""providers"":{""token-research"":{""available"":true,""fieldCount"":29},""transfer-flow"":{""available"":true,""fieldCount"":13},""social-narrative"":{""available"":true,""fieldCount"":2}},""temporalSampleCount"":22}",a644bc320ec65fc0,[object Object],,000000000000000005ba9afd7c8321eb255dcfe10833145b,info
2026-09-29 19:47:20,"[jevsentinel] trajectory state {""action"":""SELL"",""stage"":""DISTRIBUTION"",""riskScore"":4,""confidence"":0.92,""reasons"":[""5m price deterioration ≤−40%""]}",27dec8d2f1991881,[object Object],,000000000000000005ba9afd7c8321eb255dcfe10833145b,info
2026-09-29 19:47:20,"[jevsentinel] temporal state {""priorSnapshotCount"":21,""currentSnapshot"":{""observedAt"":""2026-09-29T22:47:20.995Z"",""price"":0.00002689,""liquidity"":13026.77,""volume"":114973.42,""priceChange5mPct"":-44.27,""priceChange1hPct"":-44.27,""buyCount5m"":1136,""sellCount5m"":956,""buySellRatio5m"":0.5430210325047801,""uniqueSellers"":0,""uniqueBuyers"":0,""sellerAcceleration"":0,""coordinatedSellers"":0,""sellUsd"":null,""buyUsd"":null,""sellerCount"":null},""sampleCount"":22,""deltas"":{""price"":0,""liquidity"":0,""volume"":0,""priceChange5mPct"":0,""priceChange1hPct"":0,""buyCount5m"":0,""sellCount5m"":0,""buySellRatio5m"":0,""uniqueSellers"":0,""uniqueBuyers"":0,""sellerAcceleration"":0,""coordinatedSellers"":0},""acceleration"":{""selling"":""stable"",""buyPressure"":""stable"",""volume"":""stable"",""liquidity"":""stable"",""price"":""stable"",""sellers"":""stable"",""coordination"":""stable""}}",3340179969724f8a,[object Object],,000000000000000005ba9afd7c8321eb255dcfe10833145b,info
2026-09-29 19:47:20,"[jevsentinel] decision input {""mint"":""DtFkKBC3Cmi9j3SxBGRUd8gvBLw7nAasrvUJFB69yubM"",""sourceCard"":""CW"",""evidenceGroups"":{""tokenIntegrity"":true,""holderStructure"":true,""creatorIntelligence"":true,""walletBehaviour"":true,""flowDynamics"":true,""marketDynamics"":true,""liquidityStructure"":true,""temporalIntelligence"":true,""historicalIntelligence"":true,""socialNarrative"":true,""alternativeExplanation"":true},""evidenceQuality"":""strong"",""providers"":{""token-research"":{""available"":true,""fieldCount"":30},""transfer-flow"":{""available"":true,""fieldCount"":13},""social-narrative"":{""available"":true,""fieldCount"":2}},""temporalSampleCount"":63}",f52bf30576027fb8,[object Object],,000000000000000005ba9afd7c8321eb255dcfe10833145b,info
2026-09-29 19:47:20,"[jevsentinel] trajectory state {""action"":""HOLD"",""stage"":""STABLE"",""riskScore"":0,""confidence"":0.84,""reasons"":[]}",aafb146d376806da,[object Object],,000000000000000005ba9afd7c8321eb255dcfe10833145b,info
2026-09-29 19:47:20,"[jevsentinel] temporal state {""priorSnapshotCount"":62,""currentSnapshot"":{""observedAt"":""2026-09-29T22:47:20.963Z"",""price"":0.0002293,""liquidity"":47366.31,""volume"":549024.94,""priceChange5mPct"":28.11,""priceChange1hPct"":286,""buyCount5m"":3057,""sellCount5m"":2739,""buySellRatio5m"":0.527432712215321,""uniqueSellers"":0,""uniqueBuyers"":0,""sellerAcceleration"":0,""coordinatedSellers"":0,""sellUsd"":null,""buyUsd"":null,""sellerCount"":null},""sampleCount"":63,""deltas"":{""price"":0,""liquidity"":0,""volume"":0,""priceChange5mPct"":0,""priceChange1hPct"":0,""buyCount5m"":0,""sellCount5m"":0,""buySellRatio5m"":0,""uniqueSellers"":0,""uniqueBuyers"":0,""sellerAcceleration"":0,""coordinatedSellers"":0},""acceleration"":{""selling"":""stable"",""buyPressure"":""stable"",""volume"":""stable"",""liquidity"":""stable"",""price"":""stable"",""sellers"":""stable"",""coordination"":""stable""}}",e00b10b784f36993,[object Object],,000000000000000005ba9afd7c8321eb255dcfe10833145b,info
2026-09-29 19:47:17,"[jevsentinel] live action state {""action"":""SELL"",""stage"":""DISTRIBUTION"",""riskScore"":4,""confidence"":0.92,""reasons"":[""5m price deterioration ≤−40%""]}",f53e8dc0147b9dd8,[object Object],,000000000000000005ba9afd7c8321eb255dcfe10833145b,info
2026-09-29 19:47:17,"[jevsentinel] shadow prediction {""version"":1,""shadow"":true,""action"":""SELL"",""confidence"":0.78,""sampleCount"":21,""evidenceQuality"":""strong"",""sourceTrajectoryAction"":""SELL"",""reasons"":[""forward risk structure is deteriorating""],""predictedAt"":""2026-09-29T22:47:17.366Z""}",931f03bed9385838,[object Object],,000000000000000005ba9afd7c8321eb255dcfe10833145b,info
2026-09-29 19:47:17,"[jevsentinel] decision input {""mint"":""2RFUG2WSvR3v4pGSGj5yNKiFrNM1EhyQWr4XvvHBpump"",""sourceCard"":""CW"",""evidenceGroups"":{""tokenIntegrity"":true,""holderStructure"":true,""creatorIntelligence"":false,""walletBehaviour"":true,""flowDynamics"":true,""marketDynamics"":true,""liquidityStructure"":true,""temporalIntelligence"":true,""historicalIntelligence"":true,""socialNarrative"":true,""alternativeExplanation"":true},""evidenceQuality"":""strong"",""providers"":{""token-research"":{""available"":true,""fieldCount"":29},""transfer-flow"":{""available"":true,""fieldCount"":13},""social-narrative"":{""available"":true,""fieldCount"":2}},""temporalSampleCount"":21}",91ac4d7e342ce4e7,[object Object],,000000000000000005ba9afd7c8321eb255dcfe10833145b,info
2026-09-29 19:47:17,"[jevsentinel] trajectory state {""action"":""SELL"",""stage"":""DISTRIBUTION"",""riskScore"":4,""confidence"":0.92,""reasons"":[""5m price deterioration ≤−40%""]}",56d595ec16dc3649,[object Object],,000000000000000005ba9afd7c8321eb255dcfe10833145b,info
2026-09-29 19:47:17,"[jevsentinel] temporal state {""priorSnapshotCount"":20,""currentSnapshot"":{""observedAt"":""2026-09-29T22:47:17.216Z"",""price"":0.00002689,""liquidity"":13026.77,""volume"":114973.42,""priceChange5mPct"":-44.27,""priceChange1hPct"":-44.27,""buyCount5m"":1136,""sellCount5m"":956,""buySellRatio5m"":0.5430210325047801,""uniqueSellers"":0,""uniqueBuyers"":0,""sellerAcceleration"":0,""coordinatedSellers"":0,""sellUsd"":null,""buyUsd"":null,""sellerCount"":null},""sampleCount"":21,""deltas"":{""price"":0,""liquidity"":0,""volume"":0,""priceChange5mPct"":0,""priceChange1hPct"":0,""buyCount5m"":0,""sellCount5m"":0,""buySellRatio5m"":0,""uniqueSellers"":0,""uniqueBuyers"":0,""sellerAcceleration"":0,""coordinatedSellers"":0},""acceleration"":{""selling"":""stable"",""buyPressure"":""stable"",""volume"":""stable"",""liquidity"":""stable"",""price"":""stable"",""sellers"":""stable"",""coordination"":""stable""}}",bb30292cedfba85,[object Object],,000000000000000005ba9afd7c8321eb255dcfe10833145b,info
2026-09-29 19:47:17,"[jevsentinel] live action state {""action"":""HOLD"",""stage"":""STABLE"",""riskScore"":0,""confidence"":0.84,""reasons"":[]}",3b239486d6571017,[object Object],,000000000000000005ba9afd7c8321eb255dcfe10833145b,info
2026-09-29 19:47:17,"[jevsentinel] shadow prediction {""version"":1,""shadow"":true,""action"":""CAUTION"",""confidence"":0.5,""sampleCount"":62,""evidenceQuality"":""strong"",""sourceTrajectoryAction"":""HOLD"",""reasons"":[""signals do not form a reliable forward setup""],""predictedAt"":""2026-09-29T22:47:17.083Z""}",501ab2f6f2e64b85,[object Object],,000000000000000005ba9afd7c8321eb255dcfe10833145b,info
2026-09-29 19:47:16,"[jevsentinel] decision input {""mint"":""DtFkKBC3Cmi9j3SxBGRUd8gvBLw7nAasrvUJFB69yubM"",""sourceCard"":""CW"",""evidenceGroups"":{""tokenIntegrity"":true,""holderStructure"":true,""creatorIntelligence"":true,""walletBehaviour"":true,""flowDynamics"":true,""marketDynamics"":true,""liquidityStructure"":true,""temporalIntelligence"":true,""historicalIntelligence"":true,""socialNarrative"":true,""alternativeExplanation"":true},""evidenceQuality"":""strong"",""providers"":{""token-research"":{""available"":true,""fieldCount"":30},""transfer-flow"":{""available"":true,""fieldCount"":13},""social-narrative"":{""available"":true,""fieldCount"":2}},""temporalSampleCount"":62}",5e36b5550529695,[object Object],,000000000000000005ba9afd7c8321eb255dcfe10833145b,info
2026-09-29 19:47:16,"[jevsentinel] trajectory state {""action"":""HOLD"",""stage"":""STABLE"",""riskScore"":0,""confidence"":0.84,""reasons"":[]}",f928b0f90a96a197,[object Object],,000000000000000005ba9afd7c8321eb255dcfe10833145b,info
2026-09-29 19:47:16,"[jevsentinel] temporal state {""priorSnapshotCount"":61,""currentSnapshot"":{""observedAt"":""2026-09-29T22:47:16.845Z"",""price"":0.0002293,""liquidity"":47366.31,""volume"":549024.94,""priceChange5mPct"":28.11,""priceChange1hPct"":286,""buyCount5m"":3057,""sellCount5m"":2739,""buySellRatio5m"":0.527432712215321,""uniqueSellers"":0,""uniqueBuyers"":0,""sellerAcceleration"":0,""coordinatedSellers"":0,""sellUsd"":null,""buyUsd"":null,""sellerCount"":null},""sampleCount"":62,""deltas"":{""price"":0,""liquidity"":0,""volume"":0,""priceChange5mPct"":0,""priceChange1hPct"":0,""buyCount5m"":0,""sellCount5m"":0,""buySellRatio5m"":0,""uniqueSellers"":0,""uniqueBuyers"":0,""sellerAcceleration"":0,""coordinatedSellers"":0},""acceleration"":{""selling"":""stable"",""buyPressure"":""stable"",""volume"":""stable"",""liquidity"":""stable"",""price"":""stable"",""sellers"":""stable"",""coordination"":""stable""}}",6a719308f8a208c1,[object Object],,000000000000000005ba9afd7c8321eb255dcfe10833145b,info
2026-09-29 19:47:13,"[jevsentinel] live action state {""action"":""SELL"",""stage"":""DISTRIBUTION"",""riskScore"":8,""confidence"":0.99,""reasons"":[""JEV progression: distribution"",""5m price deterioration ≤−40%"",""selling is accelerating"",""liquidity is deteriorating""]}",27ad7b696b38049b,[object Object],,000000000000000005ba9afd7c8321eb255dcfe10833145b,info
2026-09-29 19:47:13,"[jevsentinel] shadow prediction {""version"":1,""shadow"":true,""action"":""SELL"",""confidence"":0.78,""sampleCount"":20,""evidenceQuality"":""strong"",""sourceTrajectoryAction"":""SELL"",""reasons"":[""forward risk structure is deteriorating""],""predictedAt"":""2026-09-29T22:47:13.767Z""}",b89b4d380105e4a4,[object Object],,000000000000000005ba9afd7c8321eb255dcfe10833145b,info
2026-09-29 19:47:13,"[jevsentinel] decision input {""mint"":""2RFUG2WSvR3v4pGSGj5yNKiFrNM1EhyQWr4XvvHBpump"",""sourceCard"":""CW"",""evidenceGroups"":{""tokenIntegrity"":true,""holderStructure"":true,""creatorIntelligence"":false,""walletBehaviour"":true,""flowDynamics"":true,""marketDynamics"":true,""liquidityStructure"":true,""temporalIntelligence"":true,""historicalIntelligence"":true,""socialNarrative"":true,""alternativeExplanation"":true},""evidenceQuality"":""strong"",""providers"":{""token-research"":{""available"":true,""fieldCount"":29},""transfer-flow"":{""available"":true,""fieldCount"":13},""social-narrative"":{""available"":true,""fieldCount"":2}},""temporalSampleCount"":20}",efc7c03a81a2a62f,[object Object],,000000000000000005ba9afd7c8321eb255dcfe10833145b,info
2026-09-29 19:47:13,"[jevsentinel] trajectory state {""action"":""SELL"",""stage"":""DISTRIBUTION"",""riskScore"":6,""confidence"":0.99,""reasons"":[""5m price deterioration ≤−40%"",""selling is accelerating"",""liquidity is deteriorating""]}",1962445419947839,[object Object],,000000000000000005ba9afd7c8321eb255dcfe10833145b,info
2026-09-29 19:47:13,"[jevsentinel] temporal state {""priorSnapshotCount"":19,""currentSnapshot"":{""observedAt"":""2026-09-29T22:47:13.608Z"",""price"":0.00002689,""liquidity"":13026.77,""volume"":114973.42,""priceChange5mPct"":-44.27,""priceChange1hPct"":-44.27,""buyCount5m"":1136,""sellCount5m"":956,""buySellRatio5m"":0.5430210325047801,""uniqueSellers"":0,""uniqueBuyers"":0,""sellerAcceleration"":0,""coordinatedSellers"":0,""sellUsd"":null,""buyUsd"":null,""sellerCount"":null},""sampleCount"":20,""deltas"":{""price"":-0.000009500000000000004,""liquidity"":-2466.5599999999995,""volume"":7614.880000000005,""priceChange5mPct"":-19.680000000000003,""priceChange1hPct"":-19.680000000000003,""buyCount5m"":76,""sellCount5m"":84,""buySellRatio5m"":-0.005633211801638116,""uniqueSellers"":0,""uniqueBuyers"":0,""sellerAcceleration"":0,""coordinatedSellers"":0},""acceleration"":{""selling"":""increasing"",""buyPressure"":""decreasing"",""volume"":""increasing"",""liquidity"":""deteriorating"",""price"":""deteriorating"",""sellers"":""stable"",""coordination"":""stable""}}",ed2d1f008fac3a5d,[object Object],,000000000000000005ba9afd7c8321eb255dcfe10833145b,info
2026-09-29 19:47:13,"[jevsentinel] live action state {""action"":""HOLD"",""stage"":""STABLE"",""riskScore"":0,""confidence"":0.84,""reasons"":[]}",12c629fcee3bee7e,[object Object],,000000000000000005ba9afd7c8321eb255dcfe10833145b,info
2026-09-29 19:47:13,"[jevsentinel] shadow prediction {""version"":1,""shadow"":true,""action"":""CAUTION"",""confidence"":0.5,""sampleCount"":61,""evidenceQuality"":""strong"",""sourceTrajectoryAction"":""HOLD"",""reasons"":[""signals do not form a reliable forward setup""],""predictedAt"":""2026-09-29T22:47:13.100Z""}",7122c003376ca029,[object Object],,000000000000000005ba9afd7c8321eb255dcfe10833145b,info
2026-09-29 19:47:12,"[jevsentinel] decision input {""mint"":""DtFkKBC3Cmi9j3SxBGRUd8gvBLw7nAasrvUJFB69yubM"",""sourceCard"":""CW"",""evidenceGroups"":{""tokenIntegrity"":true,""holderStructure"":true,""creatorIntelligence"":true,""walletBehaviour"":true,""flowDynamics"":true,""marketDynamics"":true,""liquidityStructure"":true,""temporalIntelligence"":true,""historicalIntelligence"":true,""socialNarrative"":true,""alternativeExplanation"":true},""evidenceQuality"":""strong"",""providers"":{""token-research"":{""available"":true,""fieldCount"":30},""transfer-flow"":{""available"":true,""fieldCount"":13},""social-narrative"":{""available"":true,""fieldCount"":2}},""temporalSampleCount"":61}",5c57be051d4b3ee6,[object Object],,000000000000000005ba9afd7c8321eb255dcfe10833145b,info
2026-09-29 19:47:12,"[jevsentinel] trajectory state {""action"":""HOLD"",""stage"":""STABLE"",""riskScore"":0,""confidence"":0.84,""reasons"":[]}",f3fb89ace16a5399,[object Object],,000000000000000005ba9afd7c8321eb255dcfe10833145b,info
2026-09-29 19:47:12,"[jevsentinel] temporal state {""priorSnapshotCount"":60,""currentSnapshot"":{""observedAt"":""2026-09-29T22:47:12.914Z"",""price"":0.0002293,""liquidity"":47366.31,""volume"":549024.94,""priceChange5mPct"":28.11,""priceChange1hPct"":286,""buyCount5m"":3057,""sellCount5m"":2739,""buySellRatio5m"":0.527432712215321,""uniqueSellers"":0,""uniqueBuyers"":0,""sellerAcceleration"":0,""coordinatedSellers"":0,""sellUsd"":null,""buyUsd"":null,""sellerCount"":null},""sampleCount"":61,""deltas"":{""price"":0,""liquidity"":0,""volume"":0,""priceChange5mPct"":0,""priceChange1hPct"":0,""buyCount5m"":0,""sellCount5m"":0,""buySellRatio5m"":0,""uniqueSellers"":0,""uniqueBuyers"":0,""sellerAcceleration"":0,""coordinatedSellers"":0},""acceleration"":{""selling"":""stable"",""buyPressure"":""stable"",""volume"":""stable"",""liquidity"":""stable"",""price"":""stable"",""sellers"":""stable"",""coordination"":""stable""}}",1554466fdf01c2ce,[object Object],,000000000000000005ba9afd7c8321eb255dcfe10833145b,info
2026-09-29 19:47:10,"[jevsentinel] live action state {""action"":""CAUTION"",""stage"":""STABLE"",""riskScore"":2,""confidence"":0.92,""reasons"":[""creator identity resolved"",""5m price deterioration ≤−20%""]}",8a8008ca85fddb24,[object Object],,000000000000000005ba9afd7c8321eb255dcfe10833145b,info
2026-09-29 19:47:10,"[jevsentinel] shadow prediction {""version"":1,""shadow"":true,""action"":""CAUTION"",""confidence"":0.5,""sampleCount"":19,""evidenceQuality"":""strong"",""sourceTrajectoryAction"":""CAUTION"",""reasons"":[""signals do not form a reliable forward setup""],""predictedAt"":""2026-09-29T22:47:10.003Z""}",109aaf0deb36e3f,[object Object],,000000000000000005ba9afd7c8321eb255dcfe10833145b,info
2026-09-29 19:47:09,"[jevsentinel] decision input {""mint"":""2RFUG2WSvR3v4pGSGj5yNKiFrNM1EhyQWr4XvvHBpump"",""sourceCard"":""CW"",""evidenceGroups"":{""tokenIntegrity"":true,""holderStructure"":true,""creatorIntelligence"":true,""walletBehaviour"":true,""flowDynamics"":true,""marketDynamics"":true,""liquidityStructure"":true,""temporalIntelligence"":true,""historicalIntelligence"":true,""socialNarrative"":true,""alternativeExplanation"":true},""evidenceQuality"":""strong"",""providers"":{""token-research"":{""available"":true,""fieldCount"":30},""transfer-flow"":{""available"":true,""fieldCount"":13},""social-narrative"":{""available"":true,""fieldCount"":2}},""temporalSampleCount"":19}",d57f14c748b63cf,[object Object],,000000000000000005ba9afd7c8321eb255dcfe10833145b,info
2026-09-29 19:47:09,"[jevsentinel] trajectory state {""action"":""CAUTION"",""stage"":""STABLE"",""riskScore"":2,""confidence"":0.92,""reasons"":[""creator identity resolved"",""5m price deterioration ≤−20%""]}",49e4862f7a10fc3e,[object Object],,000000000000000005ba9afd7c8321eb255dcfe10833145b,info
2026-09-29 19:47:09,"[jevsentinel] temporal state {""priorSnapshotCount"":18,""currentSnapshot"":{""observedAt"":""2026-09-29T22:47:09.795Z"",""price"":0.00003639,""liquidity"":15493.33,""volume"":107358.54,""priceChange5mPct"":-24.59,""priceChange1hPct"":-24.59,""buyCount5m"":1060,""sellCount5m"":872,""buySellRatio5m"":0.5486542443064182,""uniqueSellers"":0,""uniqueBuyers"":0,""sellerAcceleration"":0,""coordinatedSellers"":0,""sellUsd"":null,""buyUsd"":null,""sellerCount"":null},""sampleCount"":19,""deltas"":{""price"":0,""liquidity"":0,""volume"":0,""priceChange5mPct"":0,""priceChange1hPct"":0,""buyCount5m"":0,""sellCount5m"":0,""buySellRatio5m"":0,""uniqueSellers"":0,""uniqueBuyers"":0,""sellerAcceleration"":0,""coordinatedSellers"":0},""acceleration"":{""selling"":""stable"",""buyPressure"":""stable"",""volume"":""stable"",""liquidity"":""stable"",""price"":""stable"",""sellers"":""stable"",""coordination"":""stable""}}",d036ae8d7888449c,[object Object],,000000000000000005ba9afd7c8321eb255dcfe10833145b,info
2026-09-29 19:47:05,[jevsentinel-live] monitoring tick failed,dd035631d0ff1bc1,[object Object],,000000000000000005ba9afd7c8321eb255dcfe10833145b,info
2026-09-29 19:46:59,"[jevsentinel] live action state {""action"":""HOLD"",""stage"":""STABLE"",""riskScore"":0,""confidence"":0.84,""reasons"":[]}",d79810e859abd1f9,[object Object],,000000000000000005ba9afd7c8321eb255dcfe10833145b,info
2026-09-29 19:46:59,"[jevsentinel] shadow prediction {""version"":1,""shadow"":true,""action"":""CAUTION"",""confidence"":0.5,""sampleCount"":60,""evidenceQuality"":""strong"",""sourceTrajectoryAction"":""HOLD"",""reasons"":[""signals do not form a reliable forward setup""],""predictedAt"":""2026-09-29T22:46:59.681Z""}",b07ec4179b427edc,[object Object],,000000000000000005ba9afd7c8321eb255dcfe10833145b,info
2026-09-29 19:46:59,"[jevsentinel] decision input {""mint"":""DtFkKBC3Cmi9j3SxBGRUd8gvBLw7nAasrvUJFB69yubM"",""sourceCard"":""CW"",""evidenceGroups"":{""tokenIntegrity"":true,""holderStructure"":true,""creatorIntelligence"":true,""walletBehaviour"":true,""flowDynamics"":true,""marketDynamics"":true,""liquidityStructure"":true,""temporalIntelligence"":true,""historicalIntelligence"":true,""socialNarrative"":true,""alternativeExplanation"":true},""evidenceQuality"":""strong"",""providers"":{""token-research"":{""available"":true,""fieldCount"":30},""transfer-flow"":{""available"":true,""fieldCount"":13},""social-narrative"":{""available"":true,""fieldCount"":2}},""temporalSampleCount"":60}",878af96707f2a14,[object Object],,000000000000000005ba9afd7c8321eb255dcfe10833145b,info
2026-09-29 19:46:59,"[jevsentinel] trajectory state {""action"":""HOLD"",""stage"":""STABLE"",""riskScore"":0,""confidence"":0.84,""reasons"":[]}",65258f8c6289b92e,[object Object],,000000000000000005ba9afd7c8321eb255dcfe10833145b,info
2026-09-29 19:46:59,"[jevsentinel] temporal state {""priorSnapshotCount"":59,""currentSnapshot"":{""observedAt"":""2026-09-29T22:46:59.469Z"",""price"":0.0002293,""liquidity"":47366.31,""volume"":549024.94,""priceChange5mPct"":28.11,""priceChange1hPct"":286,""buyCount5m"":3057,""sellCount5m"":2739,""buySellRatio5m"":0.527432712215321,""uniqueSellers"":0,""uniqueBuyers"":0,""sellerAcceleration"":0,""coordinatedSellers"":0,""sellUsd"":null,""buyUsd"":null,""sellerCount"":null},""sampleCount"":60,""deltas"":{""price"":0,""liquidity"":0,""volume"":0,""priceChange5mPct"":0,""priceChange1hPct"":0,""buyCount5m"":0,""sellCount5m"":0,""buySellRatio5m"":0,""uniqueSellers"":0,""uniqueBuyers"":0,""sellerAcceleration"":0,""coordinatedSellers"":0},""acceleration"":{""selling"":""stable"",""buyPressure"":""stable"",""volume"":""stable"",""liquidity"":""stable"",""price"":""stable"",""sellers"":""stable"",""coordination"":""stable""}}",b926bb5c9a9107ca,[object Object],,000000000000000005ba9afd7c8321eb255dcfe10833145b,info
2026-09-29 19:46:59,"[jevsentinel] live action state {""action"":""CAUTION"",""stage"":""STABLE"",""riskScore"":2,""confidence"":0.92,""reasons"":[""5m price deterioration ≤−20%""]}",8cb5027bdf2cc4df,[object Object],,000000000000000005ba9afd7c8321eb255dcfe10833145b,info
2026-09-29 19:46:59,"[jevsentinel] shadow prediction {""version"":1,""shadow"":true,""action"":""CAUTION"",""confidence"":0.5,""sampleCount"":18,""evidenceQuality"":""strong"",""sourceTrajectoryAction"":""CAUTION"",""reasons"":[""signals do not form a reliable forward setup""],""predictedAt"":""2026-09-29T22:46:59.442Z""}",ceedb7340171a98d,[object Object],,000000000000000005ba9afd7c8321eb255dcfe10833145b,info
2026-09-29 19:46:59,"[jevsentinel] decision input {""mint"":""2RFUG2WSvR3v4pGSGj5yNKiFrNM1EhyQWr4XvvHBpump"",""sourceCard"":""CW"",""evidenceGroups"":{""tokenIntegrity"":true,""holderStructure"":true,""creatorIntelligence"":true,""walletBehaviour"":true,""flowDynamics"":true,""marketDynamics"":true,""liquidityStructure"":true,""temporalIntelligence"":true,""historicalIntelligence"":true,""socialNarrative"":true,""alternativeExplanation"":true},""evidenceQuality"":""strong"",""providers"":{""token-research"":{""available"":true,""fieldCount"":30},""transfer-flow"":{""available"":true,""fieldCount"":13},""social-narrative"":{""available"":true,""fieldCount"":2}},""temporalSampleCount"":18}",7959e75727d3932c,[object Object],,000000000000000005ba9afd7c8321eb255dcfe10833145b,info
2026-09-29 19:46:59,"[jevsentinel] trajectory state {""action"":""CAUTION"",""stage"":""STABLE"",""riskScore"":2,""confidence"":0.92,""reasons"":[""5m price deterioration ≤−20%""]}",23c44673734c85a9,[object Object],,000000000000000005ba9afd7c8321eb255dcfe10833145b,info
2026-09-29 19:46:59,"[jevsentinel] temporal state {""priorSnapshotCount"":17,""currentSnapshot"":{""observedAt"":""2026-09-29T22:46:59.236Z"",""price"":0.00003639,""liquidity"":15493.33,""volume"":107358.54,""priceChange5mPct"":-24.59,""priceChange1hPct"":-24.59,""buyCount5m"":1060,""sellCount5m"":872,""buySellRatio5m"":0.5486542443064182,""uniqueSellers"":0,""uniqueBuyers"":0,""sellerAcceleration"":0,""coordinatedSellers"":0,""sellUsd"":null,""buyUsd"":null,""sellerCount"":null},""sampleCount"":18,""deltas"":{""price"":0,""liquidity"":0,""volume"":0,""priceChange5mPct"":0,""priceChange1hPct"":0,""buyCount5m"":0,""sellCount5m"":0,""buySellRatio5m"":0,""uniqueSellers"":0,""uniqueBuyers"":0,""sellerAcceleration"":0,""coordinatedSellers"":0},""acceleration"":{""selling"":""stable"",""buyPressure"":""stable"",""volume"":""stable"",""liquidity"":""stable"",""price"":""stable"",""sellers"":""stable"",""coordination"":""stable""}}",c5820867eccabe2a,[object Object],,000000000000000005ba9afd7c8321eb255dcfe10833145b,info
2026-09-29 19:46:55,[jevsentinel-live] monitoring tick failed,a5a5ac5ee4f513f,[object Object],,000000000000000005ba9afd7c8321eb255dcfe10833145b,info
2026-09-29 19:46:55,[jevsentinel-live] monitoring tick failed,c42c90c14bf26115,[object Object],,000000000000000005ba9afd7c8321eb255dcfe10833145b,info
2026-09-29 19:46:55,"[jevsentinel] live action state {""action"":""HOLD"",""stage"":""STABLE"",""riskScore"":1,""confidence"":0.92,""reasons"":[""selling is accelerating""]}",5ae8ad8180a9bd70,[object Object],,000000000000000005ba9afd7c8321eb255dcfe10833145b,info
2026-09-29 19:46:55,"[jevsentinel] shadow prediction {""version"":1,""shadow"":true,""action"":""CAUTION"",""confidence"":0.5,""sampleCount"":59,""evidenceQuality"":""strong"",""sourceTrajectoryAction"":""HOLD"",""reasons"":[""signals do not form a reliable forward setup""],""predictedAt"":""2026-09-29T22:46:55.519Z""}",939e4aabf1b60590,[object Object],,000000000000000005ba9afd7c8321eb255dcfe10833145b,info
2026-09-29 19:46:55,"[jevsentinel] live action state {""action"":""CAUTION"",""stage"":""STABLE"",""riskScore"":2,""confidence"":0.92,""reasons"":[""5m price deterioration ≤−20%""]}",d9b22c52afd3a96e,[object Object],,000000000000000005ba9afd7c8321eb255dcfe10833145b,info
2026-09-29 19:46:55,"[jevsentinel] shadow prediction {""version"":1,""shadow"":true,""action"":""CAUTION"",""confidence"":0.5,""sampleCount"":17,""evidenceQuality"":""strong"",""sourceTrajectoryAction"":""CAUTION"",""reasons"":[""signals do not form a reliable forward setup""],""predictedAt"":""2026-09-29T22:46:55.513Z""}",7083a4f8a1da2284,[object Object],,000000000000000005ba9afd7c8321eb255dcfe10833145b,info
2026-09-29 19:46:55,"[jevsentinel] decision input {""mint"":""2RFUG2WSvR3v4pGSGj5yNKiFrNM1EhyQWr4XvvHBpump"",""sourceCard"":""CW"",""evidenceGroups"":{""tokenIntegrity"":true,""holderStructure"":true,""creatorIntelligence"":true,""walletBehaviour"":true,""flowDynamics"":true,""marketDynamics"":true,""liquidityStructure"":true,""temporalIntelligence"":true,""historicalIntelligence"":true,""socialNarrative"":true,""alternativeExplanation"":true},""evidenceQuality"":""strong"",""providers"":{""token-research"":{""available"":true,""fieldCount"":30},""transfer-flow"":{""available"":true,""fieldCount"":13},""social-narrative"":{""available"":true,""fieldCount"":2}},""temporalSampleCount"":17}",2738a5b858263a97,[object Object],,000000000000000005ba9afd7c8321eb255dcfe10833145b,info
2026-09-29 19:46:55,"[jevsentinel] trajectory state {""action"":""CAUTION"",""stage"":""STABLE"",""riskScore"":2,""confidence"":0.92,""reasons"":[""5m price deterioration ≤−20%""]}",f223c012ad4dca5b,[object Object],,000000000000000005ba9afd7c8321eb255dcfe10833145b,info
2026-09-29 19:46:55,"[jevsentinel] temporal state {""priorSnapshotCount"":16,""currentSnapshot"":{""observedAt"":""2026-09-29T22:46:55.372Z"",""price"":0.00003639,""liquidity"":15493.33,""volume"":107358.54,""priceChange5mPct"":-24.59,""priceChange1hPct"":-24.59,""buyCount5m"":1060,""sellCount5m"":872,""buySellRatio5m"":0.5486542443064182,""uniqueSellers"":0,""uniqueBuyers"":0,""sellerAcceleration"":0,""coordinatedSellers"":0,""sellUsd"":null,""buyUsd"":null,""sellerCount"":null},""sampleCount"":17,""deltas"":{""price"":0,""liquidity"":0,""volume"":0,""priceChange5mPct"":0,""priceChange1hPct"":0,""buyCount5m"":0,""sellCount5m"":0,""buySellRatio5m"":0,""uniqueSellers"":0,""uniqueBuyers"":0,""sellerAcceleration"":0,""coordinatedSellers"":0},""acceleration"":{""selling"":""stable"",""buyPressure"":""stable"",""volume"":""stable"",""liquidity"":""stable"",""price"":""stable"",""sellers"":""stable"",""coordination"":""stable""}}",9653fbb171c37bd1,[object Object],,000000000000000005ba9afd7c8321eb255dcfe10833145b,info
2026-09-29 19:46:55,"[jevsentinel] decision input {""mint"":""DtFkKBC3Cmi9j3SxBGRUd8gvBLw7nAasrvUJFB69yubM"",""sourceCard"":""CW"",""evidenceGroups"":{""tokenIntegrity"":true,""holderStructure"":true,""creatorIntelligence"":false,""walletBehaviour"":true,""flowDynamics"":true,""marketDynamics"":true,""liquidityStructure"":true,""temporalIntelligence"":true,""historicalIntelligence"":true,""socialNarrative"":true,""alternativeExplanation"":true},""evidenceQuality"":""strong"",""providers"":{""token-research"":{""available"":true,""fieldCount"":29},""transfer-flow"":{""available"":true,""fieldCount"":13},""social-narrative"":{""available"":true,""fieldCount"":2}},""temporalSampleCount"":59}",5ff5de4709eab0ef,[object Object],,000000000000000005ba9afd7c8321eb255dcfe10833145b,info
2026-09-29 19:46:55,"[jevsentinel] trajectory state {""action"":""HOLD"",""stage"":""STABLE"",""riskScore"":1,""confidence"":0.92,""reasons"":[""selling is accelerating""]}",97d52b46d61a83e6,[object Object],,000000000000000005ba9afd7c8321eb255dcfe10833145b,info
2026-09-29 19:46:55,"[jevsentinel] temporal state {""priorSnapshotCount"":58,""currentSnapshot"":{""observedAt"":""2026-09-29T22:46:55.354Z"",""price"":0.0002293,""liquidity"":47366.31,""volume"":549024.94,""priceChange5mPct"":28.11,""priceChange1hPct"":286,""buyCount5m"":3057,""sellCount5m"":2739,""buySellRatio5m"":0.527432712215321,""uniqueSellers"":0,""uniqueBuyers"":0,""sellerAcceleration"":0,""coordinatedSellers"":0,""sellUsd"":null,""buyUsd"":null,""sellerCount"":null},""sampleCount"":59,""deltas"":{""price"":0.00003919999999999998,""liquidity"":4604.189999999995,""volume"":68229.70999999996,""priceChange5mPct"":21.89,""priceChange1hPct"":66,""buyCount5m"":381,""sellCount5m"":408,""buySellRatio5m"":-0.007019055310143352,""uniqueSellers"":0,""uniqueBuyers"":0,""sellerAcceleration"":0,""coordinatedSellers"":0},""acceleration"":{""selling"":""increasing"",""buyPressure"":""decreasing"",""volume"":""increasing"",""liquidity"":""improving"",""price"":""improving"",""sellers"":""stable"",""coordination"":""stable""}}",f15e02b30f57cbda,[object Object],,000000000000000005ba9afd7c8321eb255dcfe10833145b,info
2026-09-29 19:46:52,[jevsentinel-live] monitoring tick failed,d27f070aad40a50f,[object Object],,000000000000000005ba9afd7c8321eb255dcfe10833145b,info
2026-09-29 19:46:51,[jevsentinel-live] monitoring tick failed,87d6302e505bc6b2,[object Object],,000000000000000005ba9afd7c8321eb255dcfe10833145b,info
2026-09-29 19:46:51,"[jevsentinel] live action state {""action"":""HOLD"",""stage"":""STABLE"",""riskScore"":0,""confidence"":0.84,""reasons"":[]}",f306e51cf554d,[object Object],,000000000000000005ba9afd7c8321eb255dcfe10833145b,info
2026-09-29 19:46:51,"[jevsentinel] shadow prediction {""version"":1,""shadow"":true,""action"":""CAUTION"",""confidence"":0.5,""sampleCount"":58,""evidenceQuality"":""strong"",""sourceTrajectoryAction"":""HOLD"",""reasons"":[""signals do not form a reliable forward setup""],""predictedAt"":""2026-09-29T22:46:51.716Z""}",5303099ee1d98a23,[object Object],,000000000000000005ba9afd7c8321eb255dcfe10833145b,info
2026-09-29 19:46:51,"[jevsentinel] live action state {""action"":""CAUTION"",""stage"":""STABLE"",""riskScore"":2,""confidence"":0.92,""reasons"":[""5m price deterioration ≤−20%""]}",b7ab5c024d9d686f,[object Object],,000000000000000005ba9afd7c8321eb255dcfe10833145b,info
2026-09-29 19:46:51,"[jevsentinel] shadow prediction {""version"":1,""shadow"":true,""action"":""CAUTION"",""confidence"":0.5,""sampleCount"":16,""evidenceQuality"":""strong"",""sourceTrajectoryAction"":""CAUTION"",""reasons"":[""signals do not form a reliable forward setup""],""predictedAt"":""2026-09-29T22:46:51.619Z""}",83aa6cd6763f21d0,[object Object],,000000000000000005ba9afd7c8321eb255dcfe10833145b,info
2026-09-29 19:46:51,"[jevsentinel] decision input {""mint"":""DtFkKBC3Cmi9j3SxBGRUd8gvBLw7nAasrvUJFB69yubM"",""sourceCard"":""CW"",""evidenceGroups"":{""tokenIntegrity"":true,""holderStructure"":true,""creatorIntelligence"":false,""walletBehaviour"":true,""flowDynamics"":true,""marketDynamics"":true,""liquidityStructure"":true,""temporalIntelligence"":true,""historicalIntelligence"":true,""socialNarrative"":true,""alternativeExplanation"":true},""evidenceQuality"":""strong"",""providers"":{""token-research"":{""available"":true,""fieldCount"":29},""transfer-flow"":{""available"":true,""fieldCount"":13},""social-narrative"":{""available"":true,""fieldCount"":2}},""temporalSampleCount"":58}",e4fcb419baa085a0,[object Object],,000000000000000005ba9afd7c8321eb255dcfe10833145b,info
2026-09-29 19:46:51,"[jevsentinel] trajectory state {""action"":""HOLD"",""stage"":""STABLE"",""riskScore"":0,""confidence"":0.84,""reasons"":[]}",ae873de670a4acfc,[object Object],,000000000000000005ba9afd7c8321eb255dcfe10833145b,info
2026-09-29 19:46:51,"[jevsentinel] temporal state {""priorSnapshotCount"":57,""currentSnapshot"":{""observedAt"":""2026-09-29T22:46:51.540Z"",""price"":0.0001901,""liquidity"":42762.12,""volume"":480795.23,""priceChange5mPct"":6.22,""priceChange1hPct"":220,""buyCount5m"":2676,""sellCount5m"":2331,""buySellRatio5m"":0.5344517675254643,""uniqueSellers"":0,""uniqueBuyers"":0,""sellerAcceleration"":0,""coordinatedSellers"":0,""sellUsd"":null,""buyUsd"":null,""sellerCount"":null},""sampleCount"":58,""deltas"":{""price"":0,""liquidity"":0,""volume"":0,""priceChange5mPct"":0,""priceChange1hPct"":0,""buyCount5m"":0,""sellCount5m"":0,""buySellRatio5m"":0,""uniqueSellers"":0,""uniqueBuyers"":0,""sellerAcceleration"":0,""coordinatedSellers"":0},""acceleration"":{""selling"":""stable"",""buyPressure"":""stable"",""volume"":""stable"",""liquidity"":""stable"",""price"":""stable"",""sellers"":""stable"",""coordination"":""stable""}}",8bda3da7e8e9a009,[object Object],,000000000000000005ba9afd7c8321eb255dcfe10833145b,info
2026-09-29 19:46:51,"[jevsentinel] decision input {""mint"":""2RFUG2WSvR3v4pGSGj5yNKiFrNM1EhyQWr4XvvHBpump"",""sourceCard"":""CW"",""evidenceGroups"":{""tokenIntegrity"":true,""holderStructure"":true,""creatorIntelligence"":false,""walletBehaviour"":true,""flowDynamics"":true,""marketDynamics"":true,""liquidityStructure"":true,""temporalIntelligence"":true,""historicalIntelligence"":true,""socialNarrative"":true,""alternativeExplanation"":true},""evidenceQuality"":""strong"",""providers"":{""token-research"":{""available"":true,""fieldCount"":29},""transfer-flow"":{""available"":true,""fieldCount"":13},""social-narrative"":{""available"":true,""fieldCount"":2}},""temporalSampleCount"":16}",c7e3f3659c8e75c3,[object Object],,000000000000000005ba9afd7c8321eb255dcfe10833145b,info
2026-09-29 19:46:51,"[jevsentinel] trajectory state {""action"":""CAUTION"",""stage"":""STABLE"",""riskScore"":2,""confidence"":0.92,""reasons"":[""5m price deterioration ≤−20%""]}",ef39c9fbc740475f,[object Object],,000000000000000005ba9afd7c8321eb255dcfe10833145b,info
2026-09-29 19:46:51,"[jevsentinel] temporal state {""priorSnapshotCount"":15,""currentSnapshot"":{""observedAt"":""2026-09-29T22:46:51.443Z"",""price"":0.00003639,""liquidity"":15493.33,""volume"":107358.54,""priceChange5mPct"":-24.59,""priceChange1hPct"":-24.59,""buyCount5m"":1060,""sellCount5m"":872,""buySellRatio5m"":0.5486542443064182,""uniqueSellers"":0,""uniqueBuyers"":0,""sellerAcceleration"":0,""coordinatedSellers"":0,""sellUsd"":null,""buyUsd"":null,""sellerCount"":null},""sampleCount"":16,""deltas"":{""price"":0,""liquidity"":0,""volume"":0,""priceChange5mPct"":0,""priceChange1hPct"":0,""buyCount5m"":0,""sellCount5m"":0,""buySellRatio5m"":0,""uniqueSellers"":0,""uniqueBuyers"":0,""sellerAcceleration"":0,""coordinatedSellers"":0},""acceleration"":{""selling"":""stable"",""buyPressure"":""stable"",""volume"":""stable"",""liquidity"":""stable"",""price"":""stable"",""sellers"":""stable"",""coordination"":""stable""}}",d239324452a4deb0,[object Object],,000000000000000005ba9afd7c8321eb255dcfe10833145b,info
2026-09-29 19:46:48,[jevsentinel-live] monitoring tick failed,e628ce1ecb2494c3,[object Object],,000000000000000005ba9afd7c8321eb255dcfe10833145b,info
2026-09-29 19:46:48,"[jevsentinel] live action state {""action"":""HOLD"",""stage"":""STABLE"",""riskScore"":0,""confidence"":0.84,""reasons"":[]}",1500e1804199f779,[object Object],,000000000000000005ba9afd7c8321eb255dcfe10833145b,info
2026-09-29 19:46:48,"[jevsentinel] shadow prediction {""version"":1,""shadow"":true,""action"":""CAUTION"",""confidence"":0.5,""sampleCount"":57,""evidenceQuality"":""strong"",""sourceTrajectoryAction"":""HOLD"",""reasons"":[""signals do not form a reliable forward setup""],""predictedAt"":""2026-09-29T22:46:48.040Z""}",10ec3e39bce80c1d,[object Object],,000000000000000005ba9afd7c8321eb255dcfe10833145b,info
2026-09-29 19:46:47,"[jevsentinel] live action state {""action"":""CAUTION"",""stage"":""STABLE"",""riskScore"":2,""confidence"":0.92,""reasons"":[""5m price deterioration ≤−20%""]}",fda9c1ae824e941e,[object Object],,000000000000000005ba9afd7c8321eb255dcfe10833145b,info
2026-09-29 19:46:47,"[jevsentinel] shadow prediction {""version"":1,""shadow"":true,""action"":""CAUTION"",""confidence"":0.5,""sampleCount"":15,""evidenceQuality"":""strong"",""sourceTrajectoryAction"":""CAUTION"",""reasons"":[""signals do not form a reliable forward setup""],""predictedAt"":""2026-09-29T22:46:47.934Z""}",3f38a70e4012ec43,[object Object],,000000000000000005ba9afd7c8321eb255dcfe10833145b,info
2026-09-29 19:46:47,"[jevsentinel] decision input {""mint"":""DtFkKBC3Cmi9j3SxBGRUd8gvBLw7nAasrvUJFB69yubM"",""sourceCard"":""CW"",""evidenceGroups"":{""tokenIntegrity"":true,""holderStructure"":true,""creatorIntelligence"":false,""walletBehaviour"":true,""flowDynamics"":true,""marketDynamics"":true,""liquidityStructure"":true,""temporalIntelligence"":true,""historicalIntelligence"":true,""socialNarrative"":true,""alternativeExplanation"":true},""evidenceQuality"":""strong"",""providers"":{""token-research"":{""available"":true,""fieldCount"":29},""transfer-flow"":{""available"":true,""fieldCount"":13},""social-narrative"":{""available"":true,""fieldCount"":2}},""temporalSampleCount"":57}",aed7be063eefc18,[object Object],,000000000000000005ba9afd7c8321eb255dcfe10833145b,info
2026-09-29 19:46:47,"[jevsentinel] trajectory state {""action"":""HOLD"",""stage"":""STABLE"",""riskScore"":0,""confidence"":0.84,""reasons"":[]}",47d50bc73d912f9a,[object Object],,000000000000000005ba9afd7c8321eb255dcfe10833145b,info
2026-09-29 19:46:47,"[jevsentinel] temporal state {""priorSnapshotCount"":56,""currentSnapshot"":{""observedAt"":""2026-09-29T22:46:47.827Z"",""price"":0.0001901,""liquidity"":42762.12,""volume"":480795.23,""priceChange5mPct"":6.22,""priceChange1hPct"":220,""buyCount5m"":2676,""sellCount5m"":2331,""buySellRatio5m"":0.5344517675254643,""uniqueSellers"":0,""uniqueBuyers"":0,""sellerAcceleration"":0,""coordinatedSellers"":0,""sellUsd"":null,""buyUsd"":null,""sellerCount"":null},""sampleCount"":57,""deltas"":{""price"":0,""liquidity"":0,""volume"":0,""priceChange5mPct"":0,""priceChange1hPct"":0,""buyCount5m"":0,""sellCount5m"":0,""buySellRatio5m"":0,""uniqueSellers"":0,""uniqueBuyers"":0,""sellerAcceleration"":0,""coordinatedSellers"":0},""acceleration"":{""selling"":""stable"",""buyPressure"":""stable"",""volume"":""stable"",""liquidity"":""stable"",""price"":""stable"",""sellers"":""stable"",""coordination"":""stable""}}",b826104c9a6dd88f,[object Object],,000000000000000005ba9afd7c8321eb255dcfe10833145b,info
2026-09-29 19:46:47,"[jevsentinel] decision input {""mint"":""2RFUG2WSvR3v4pGSGj5yNKiFrNM1EhyQWr4XvvHBpump"",""sourceCard"":""CW"",""evidenceGroups"":{""tokenIntegrity"":true,""holderStructure"":true,""creatorIntelligence"":true,""walletBehaviour"":true,""flowDynamics"":true,""marketDynamics"":true,""liquidityStructure"":true,""temporalIntelligence"":true,""historicalIntelligence"":true,""socialNarrative"":true,""alternativeExplanation"":true},""evidenceQuality"":""strong"",""providers"":{""token-research"":{""available"":true,""fieldCount"":30},""transfer-flow"":{""available"":true,""fieldCount"":13},""social-narrative"":{""available"":true,""fieldCount"":2}},""temporalSampleCount"":15}",389a1cc061aa26d9,[object Object],,000000000000000005ba9afd7c8321eb255dcfe10833145b,info
2026-09-29 19:46:47,"[jevsentinel] trajectory state {""action"":""CAUTION"",""stage"":""STABLE"",""riskScore"":2,""confidence"":0.92,""reasons"":[""5m price deterioration ≤−20%""]}",1173e51223271c14,[object Object],,000000000000000005ba9afd7c8321eb255dcfe10833145b,info
2026-09-29 19:46:47,"[jevsentinel] temporal state {""priorSnapshotCount"":14,""currentSnapshot"":{""observedAt"":""2026-09-29T22:46:47.759Z"",""price"":0.00003639,""liquidity"":15493.33,""volume"":107358.54,""priceChange5mPct"":-24.59,""priceChange1hPct"":-24.59,""buyCount5m"":1060,""sellCount5m"":872,""buySellRatio5m"":0.5486542443064182,""uniqueSellers"":0,""uniqueBuyers"":0,""sellerAcceleration"":0,""coordinatedSellers"":0,""sellUsd"":null,""buyUsd"":null,""sellerCount"":null},""sampleCount"":15,""deltas"":{""price"":0,""liquidity"":0,""volume"":0,""priceChange5mPct"":0,""priceChange1hPct"":0,""buyCount5m"":0,""sellCount5m"":0,""buySellRatio5m"":0,""uniqueSellers"":0,""uniqueBuyers"":0,""sellerAcceleration"":0,""coordinatedSellers"":0},""acceleration"":{""selling"":""stable"",""buyPressure"":""stable"",""volume"":""stable"",""liquidity"":""stable"",""price"":""stable"",""sellers"":""stable"",""coordination"":""stable""}}",5b81dc0619fa6707,[object Object],,000000000000000005ba9afd7c8321eb255dcfe10833145b,info
2026-09-29 19:46:44,"[jevsentinel] live action state {""action"":""HOLD"",""stage"":""STABLE"",""riskScore"":0,""confidence"":0.84,""reasons"":[]}",c3ccf14e77fcc7f3,[object Object],,000000000000000005ba9afd7c8321eb255dcfe10833145b,info
2026-09-29 19:46:44,"[jevsentinel] shadow prediction {""version"":1,""shadow"":true,""action"":""CAUTION"",""confidence"":0.5,""sampleCount"":56,""evidenceQuality"":""strong"",""sourceTrajectoryAction"":""HOLD"",""reasons"":[""signals do not form a reliable forward setup""],""predictedAt"":""2026-09-29T22:46:44.197Z""}",fc10fcf0c2f65047,[object Object],,000000000000000005ba9afd7c8321eb255dcfe10833145b,info
2026-09-29 19:46:44,"[jevsentinel] decision input {""mint"":""DtFkKBC3Cmi9j3SxBGRUd8gvBLw7nAasrvUJFB69yubM"",""sourceCard"":""CW"",""evidenceGroups"":{""tokenIntegrity"":true,""holderStructure"":true,""creatorIntelligence"":false,""walletBehaviour"":true,""flowDynamics"":true,""marketDynamics"":true,""liquidityStructure"":true,""temporalIntelligence"":true,""historicalIntelligence"":true,""socialNarrative"":true,""alternativeExplanation"":true},""evidenceQuality"":""strong"",""providers"":{""token-research"":{""available"":true,""fieldCount"":29},""transfer-flow"":{""available"":true,""fieldCount"":13},""social-narrative"":{""available"":true,""fieldCount"":2}},""temporalSampleCount"":56}",e5e73e317e77b7c1,[object Object],,000000000000000005ba9afd7c8321eb255dcfe10833145b,info
2026-09-29 19:46:44,"[jevsentinel] trajectory state {""action"":""HOLD"",""stage"":""STABLE"",""riskScore"":0,""confidence"":0.84,""reasons"":[]}",e0976df7ade219e1,[object Object],,000000000000000005ba9afd7c8321eb255dcfe10833145b,info
2026-09-29 19:46:44,"[jevsentinel] temporal state {""priorSnapshotCount"":55,""currentSnapshot"":{""observedAt"":""2026-09-29T22:46:44.007Z"",""price"":0.0001901,""liquidity"":42762.12,""volume"":480795.23,""priceChange5mPct"":6.22,""priceChange1hPct"":220,""buyCount5m"":2676,""sellCount5m"":2331,""buySellRatio5m"":0.5344517675254643,""uniqueSellers"":0,""uniqueBuyers"":0,""sellerAcceleration"":0,""coordinatedSellers"":0,""sellUsd"":null,""buyUsd"":null,""sellerCount"":null},""sampleCount"":56,""deltas"":{""price"":0,""liquidity"":0,""volume"":0,""priceChange5mPct"":0,""priceChange1hPct"":0,""buyCount5m"":0,""sellCount5m"":0,""buySellRatio5m"":0,""uniqueSellers"":0,""uniqueBuyers"":0,""sellerAcceleration"":0,""coordinatedSellers"":0},""acceleration"":{""selling"":""stable"",""buyPressure"":""stable"",""volume"":""stable"",""liquidity"":""stable"",""price"":""stable"",""sellers"":""stable"",""coordination"":""stable""}}",5810f4cfa93a56fe,[object Object],,000000000000000005ba9afd7c8321eb255dcfe10833145b,info
2026-09-29 19:46:43,"[jevsentinel] live action state {""action"":""CAUTION"",""stage"":""WATCH"",""riskScore"":4,""confidence"":0.99,""reasons"":[""5m price deterioration ≤−20%"",""selling is accelerating"",""liquidity is deteriorating""]}",cb94b85ee7d840f2,[object Object],,000000000000000005ba9afd7c8321eb255dcfe10833145b,info
2026-09-29 19:46:43,"[jevsentinel] shadow prediction {""version"":1,""shadow"":true,""action"":""SELL"",""confidence"":0.78,""sampleCount"":14,""evidenceQuality"":""strong"",""sourceTrajectoryAction"":""CAUTION"",""reasons"":[""forward risk structure is deteriorating""],""predictedAt"":""2026-09-29T22:46:43.800Z""}",510ae776f421d26f,[object Object],,000000000000000005ba9afd7c8321eb255dcfe10833145b,info
2026-09-29 19:46:43,"[jevsentinel] decision input {""mint"":""2RFUG2WSvR3v4pGSGj5yNKiFrNM1EhyQWr4XvvHBpump"",""sourceCard"":""CW"",""evidenceGroups"":{""tokenIntegrity"":true,""holderStructure"":true,""creatorIntelligence"":false,""walletBehaviour"":true,""flowDynamics"":true,""marketDynamics"":true,""liquidityStructure"":true,""temporalIntelligence"":true,""historicalIntelligence"":true,""socialNarrative"":true,""alternativeExplanation"":true},""evidenceQuality"":""strong"",""providers"":{""token-research"":{""available"":true,""fieldCount"":29},""transfer-flow"":{""available"":true,""fieldCount"":13},""social-narrative"":{""available"":true,""fieldCount"":2}},""temporalSampleCount"":14}",761bbcf304af844f,[object Object],,000000000000000005ba9afd7c8321eb255dcfe10833145b,info
2026-09-29 19:46:43,"[jevsentinel] trajectory state {""action"":""CAUTION"",""stage"":""WATCH"",""riskScore"":4,""confidence"":0.99,""reasons"":[""5m price deterioration ≤−20%"",""selling is accelerating"",""liquidity is deteriorating""]}",5752bc88ebf2af06,[object Object],,000000000000000005ba9afd7c8321eb255dcfe10833145b,info
2026-09-29 19:46:43,"[jevsentinel] temporal state {""priorSnapshotCount"":13,""currentSnapshot"":{""observedAt"":""2026-09-29T22:46:43.643Z"",""price"":0.00003639,""liquidity"":15493.33,""volume"":107358.54,""priceChange5mPct"":-24.59,""priceChange1hPct"":-24.59,""buyCount5m"":1060,""sellCount5m"":872,""buySellRatio5m"":0.5486542443064182,""uniqueSellers"":0,""uniqueBuyers"":0,""sellerAcceleration"":0,""coordinatedSellers"":0,""sellUsd"":null,""buyUsd"":null,""sellerCount"":null},""sampleCount"":14,""deltas"":{""price"":-0.000008570000000000001,""liquidity"":-1961.1400000000012,""volume"":3986.5,""priceChange5mPct"":-17.759999999999998,""priceChange1hPct"":-17.759999999999998,""buyCount5m"":49,""sellCount5m"":40,""buySellRatio5m"":0.00009211733951641765,""uniqueSellers"":0,""uniqueBuyers"":0,""sellerAcceleration"":0,""coordinatedSellers"":0},""acceleration"":{""selling"":""increasing"",""buyPressure"":""increasing"",""volume"":""increasing"",""liquidity"":""deteriorating"",""price"":""deteriorating"",""sellers"":""stable"",""coordination"":""stable""}}",427eb0c930be2524,[object Object],,000000000000000005ba9afd7c8321eb255dcfe10833145b,info
2026-09-29 19:46:40,"[jevsentinel] live action state {""action"":""HOLD"",""stage"":""STABLE"",""riskScore"":0,""confidence"":0.84,""reasons"":[]}",63df2ddce7fb8096,[object Object],,000000000000000005ba9afd7c8321eb255dcfe10833145b,info
2026-09-29 19:46:40,"[jevsentinel] shadow prediction {""version"":1,""shadow"":true,""action"":""CAUTION"",""confidence"":0.5,""sampleCount"":55,""evidenceQuality"":""strong"",""sourceTrajectoryAction"":""HOLD"",""reasons"":[""signals do not form a reliable forward setup""],""predictedAt"":""2026-09-29T22:46:40.835Z""}",b4438b94a360723e,[object Object],,000000000000000005ba9afd7c8321eb255dcfe10833145b,info
2026-09-29 19:46:40,"[jevsentinel] decision input {""mint"":""DtFkKBC3Cmi9j3SxBGRUd8gvBLw7nAasrvUJFB69yubM"",""sourceCard"":""CW"",""evidenceGroups"":{""tokenIntegrity"":true,""holderStructure"":true,""creatorIntelligence"":false,""walletBehaviour"":true,""flowDynamics"":true,""marketDynamics"":true,""liquidityStructure"":true,""temporalIntelligence"":true,""historicalIntelligence"":true,""socialNarrative"":true,""alternativeExplanation"":true},""evidenceQuality"":""strong"",""providers"":{""token-research"":{""available"":true,""fieldCount"":29},""transfer-flow"":{""available"":true,""fieldCount"":13},""social-narrative"":{""available"":true,""fieldCount"":2}},""temporalSampleCount"":55}",762df40ad8892e0a,[object Object],,000000000000000005ba9afd7c8321eb255dcfe10833145b,info
2026-09-29 19:46:40,"[jevsentinel] trajectory state {""action"":""HOLD"",""stage"":""STABLE"",""riskScore"":0,""confidence"":0.84,""reasons"":[]}",cbcdf1721d594d82,[object Object],,000000000000000005ba9afd7c8321eb255dcfe10833145b,info
2026-09-29 19:46:40,"[jevsentinel] temporal state {""priorSnapshotCount"":54,""currentSnapshot"":{""observedAt"":""2026-09-29T22:46:40.624Z"",""price"":0.0001901,""liquidity"":42762.12,""volume"":480795.23,""priceChange5mPct"":6.22,""priceChange1hPct"":220,""buyCount5m"":2676,""sellCount5m"":2331,""buySellRatio5m"":0.5344517675254643,""uniqueSellers"":0,""uniqueBuyers"":0,""sellerAcceleration"":0,""coordinatedSellers"":0,""sellUsd"":null,""buyUsd"":null,""sellerCount"":null},""sampleCount"":55,""deltas"":{""price"":0,""liquidity"":0,""volume"":0,""priceChange5mPct"":0,""priceChange1hPct"":0,""buyCount5m"":0,""sellCount5m"":0,""buySellRatio5m"":0,""uniqueSellers"":0,""uniqueBuyers"":0,""sellerAcceleration"":0,""coordinatedSellers"":0},""acceleration"":{""selling"":""stable"",""buyPressure"":""stable"",""volume"":""stable"",""liquidity"":""stable"",""price"":""stable"",""sellers"":""stable"",""coordination"":""stable""}}",86f36082f9cdc75b,[object Object],,000000000000000005ba9afd7c8321eb255dcfe10833145b,info
2026-09-29 19:46:40,"[jevsentinel] live action state {""action"":""HOLD"",""stage"":""STABLE"",""riskScore"":0,""confidence"":0.84,""reasons"":[]}",46beb1057ff80541,[object Object],,000000000000000005ba9afd7c8321eb255dcfe10833145b,info
2026-09-29 19:46:40,"[jevsentinel] shadow prediction {""version"":1,""shadow"":true,""action"":""CAUTION"",""confidence"":0.5,""sampleCount"":13,""evidenceQuality"":""strong"",""sourceTrajectoryAction"":""HOLD"",""reasons"":[""signals do not form a reliable forward setup""],""predictedAt"":""2026-09-29T22:46:40.480Z""}",bfe0f9e745abdd06,[object Object],,000000000000000005ba9afd7c8321eb255dcfe10833145b,info
2026-09-29 19:46:40,"[jevsentinel] decision input {""mint"":""2RFUG2WSvR3v4pGSGj5yNKiFrNM1EhyQWr4XvvHBpump"",""sourceCard"":""CW"",""evidenceGroups"":{""tokenIntegrity"":true,""holderStructure"":true,""creatorIntelligence"":false,""walletBehaviour"":true,""flowDynamics"":true,""marketDynamics"":true,""liquidityStructure"":true,""temporalIntelligence"":true,""historicalIntelligence"":true,""socialNarrative"":true,""alternativeExplanation"":true},""evidenceQuality"":""strong"",""providers"":{""token-research"":{""available"":true,""fieldCount"":29},""transfer-flow"":{""available"":true,""fieldCount"":13},""social-narrative"":{""available"":true,""fieldCount"":2}},""temporalSampleCount"":13}",5bc13482994665be,[object Object],,000000000000000005ba9afd7c8321eb255dcfe10833145b,info
2026-09-29 19:46:40,"[jevsentinel] trajectory state {""action"":""HOLD"",""stage"":""STABLE"",""riskScore"":0,""confidence"":0.84,""reasons"":[]}",433bc9c9751a2bb4,[object Object],,000000000000000005ba9afd7c8321eb255dcfe10833145b,info
2026-09-29 19:46:40,"[jevsentinel] temporal state {""priorSnapshotCount"":12,""currentSnapshot"":{""observedAt"":""2026-09-29T22:46:40.255Z"",""price"":0.00004496,""liquidity"":17454.47,""volume"":103372.04,""priceChange5mPct"":-6.83,""priceChange1hPct"":-6.83,""buyCount5m"":1011,""sellCount5m"":832,""buySellRatio5m"":0.5485621269669018,""uniqueSellers"":0,""uniqueBuyers"":0,""sellerAcceleration"":0,""coordinatedSellers"":0,""sellUsd"":null,""buyUsd"":null,""sellerCount"":null},""sampleCount"":13,""deltas"":{""price"":0,""liquidity"":0,""volume"":0,""priceChange5mPct"":0,""priceChange1hPct"":0,""buyCount5m"":0,""sellCount5m"":0,""buySellRatio5m"":0,""uniqueSellers"":0,""uniqueBuyers"":0,""sellerAcceleration"":0,""coordinatedSellers"":0},""acceleration"":{""selling"":""stable"",""buyPressure"":""stable"",""volume"":""stable"",""liquidity"":""stable"",""price"":""stable"",""sellers"":""stable"",""coordination"":""stable""}}",e6295a0d20570d5e,[object Object],,000000000000000005ba9afd7c8321eb255dcfe10833145b,info
2026-09-29 19:46:37,"[jevsentinel] live action state {""action"":""HOLD"",""stage"":""STABLE"",""riskScore"":0,""confidence"":0.84,""reasons"":[]}",15ab252a9231668e,[object Object],,000000000000000005ba9afd7c8321eb255dcfe10833145b,info
2026-09-29 19:46:37,"[jevsentinel] shadow prediction {""version"":1,""shadow"":true,""action"":""CAUTION"",""confidence"":0.5,""sampleCount"":54,""evidenceQuality"":""strong"",""sourceTrajectoryAction"":""HOLD"",""reasons"":[""signals do not form a reliable forward setup""],""predictedAt"":""2026-09-29T22:46:37.111Z""}",8044d0fe6c1401f0,[object Object],,000000000000000005ba9afd7c8321eb255dcfe10833145b,info
2026-09-29 19:46:36,"[jevsentinel] decision input {""mint"":""DtFkKBC3Cmi9j3SxBGRUd8gvBLw7nAasrvUJFB69yubM"",""sourceCard"":""CW"",""evidenceGroups"":{""tokenIntegrity"":true,""holderStructure"":true,""creatorIntelligence"":true,""walletBehaviour"":true,""flowDynamics"":true,""marketDynamics"":true,""liquidityStructure"":true,""temporalIntelligence"":true,""historicalIntelligence"":true,""socialNarrative"":true,""alternativeExplanation"":true},""evidenceQuality"":""strong"",""providers"":{""token-research"":{""available"":true,""fieldCount"":30},""transfer-flow"":{""available"":true,""fieldCount"":13},""social-narrative"":{""available"":true,""fieldCount"":2}},""temporalSampleCount"":54}",55209fd3a88da8a9,[object Object],,000000000000000005ba9afd7c8321eb255dcfe10833145b,info
2026-09-29 19:46:36,"[jevsentinel] trajectory state {""action"":""HOLD"",""stage"":""STABLE"",""riskScore"":0,""confidence"":0.84,""reasons"":[]}",952d48f05ee12dd,[object Object],,000000000000000005ba9afd7c8321eb255dcfe10833145b,info
2026-09-29 19:46:36,"[jevsentinel] temporal state {""priorSnapshotCount"":53,""currentSnapshot"":{""observedAt"":""2026-09-29T22:46:36.901Z"",""price"":0.0001901,""liquidity"":42762.12,""volume"":480795.23,""priceChange5mPct"":6.22,""priceChange1hPct"":220,""buyCount5m"":2676,""sellCount5m"":2331,""buySellRatio5m"":0.5344517675254643,""uniqueSellers"":0,""uniqueBuyers"":0,""sellerAcceleration"":0,""coordinatedSellers"":0,""sellUsd"":null,""buyUsd"":null,""sellerCount"":null},""sampleCount"":54,""deltas"":{""price"":0,""liquidity"":0,""volume"":0,""priceChange5mPct"":0,""priceChange1hPct"":0,""buyCount5m"":0,""sellCount5m"":0,""buySellRatio5m"":0,""uniqueSellers"":0,""uniqueBuyers"":0,""sellerAcceleration"":0,""coordinatedSellers"":0},""acceleration"":{""selling"":""stable"",""buyPressure"":""stable"",""volume"":""stable"",""liquidity"":""stable"",""price"":""stable"",""sellers"":""stable"",""coordination"":""stable""}}",92c7649de7d1c6dc,[object Object],,000000000000000005ba9afd7c8321eb255dcfe10833145b,info
2026-09-29 19:46:36,"[jevsentinel] live action state {""action"":""HOLD"",""stage"":""STABLE"",""riskScore"":0,""confidence"":0.84,""reasons"":[]}",d192714f9d0fb9be,[object Object],,000000000000000005ba9afd7c8321eb255dcfe10833145b,info
2026-09-29 19:46:36,"[jevsentinel] shadow prediction {""version"":1,""shadow"":true,""action"":""CAUTION"",""confidence"":0.5,""sampleCount"":12,""evidenceQuality"":""strong"",""sourceTrajectoryAction"":""HOLD"",""reasons"":[""signals do not form a reliable forward setup""],""predictedAt"":""2026-09-29T22:46:36.846Z""}",a5eb02178691e470,[object Object],,000000000000000005ba9afd7c8321eb255dcfe10833145b,info
2026-09-29 19:46:36,"[jevsentinel] decision input {""mint"":""2RFUG2WSvR3v4pGSGj5yNKiFrNM1EhyQWr4XvvHBpump"",""sourceCard"":""CW"",""evidenceGroups"":{""tokenIntegrity"":true,""holderStructure"":true,""creatorIntelligence"":true,""walletBehaviour"":true,""flowDynamics"":true,""marketDynamics"":true,""liquidityStructure"":true,""temporalIntelligence"":true,""historicalIntelligence"":true,""socialNarrative"":true,""alternativeExplanation"":true},""evidenceQuality"":""strong"",""providers"":{""token-research"":{""available"":true,""fieldCount"":30},""transfer-flow"":{""available"":true,""fieldCount"":13},""social-narrative"":{""available"":true,""fieldCount"":2}},""temporalSampleCount"":12}",985fbd61497b01da,[object Object],,000000000000000005ba9afd7c8321eb255dcfe10833145b,info
2026-09-29 19:46:36,"[jevsentinel] trajectory state {""action"":""HOLD"",""stage"":""STABLE"",""riskScore"":0,""confidence"":0.84,""reasons"":[]}",b99a438d91957742,[object Object],,000000000000000005ba9afd7c8321eb255dcfe10833145b,info
2026-09-29 19:46:36,"[jevsentinel] temporal state {""priorSnapshotCount"":11,""currentSnapshot"":{""observedAt"":""2026-09-29T22:46:36.647Z"",""price"":0.00004496,""liquidity"":17454.47,""volume"":103372.04,""priceChange5mPct"":-6.83,""priceChange1hPct"":-6.83,""buyCount5m"":1011,""sellCount5m"":832,""buySellRatio5m"":0.5485621269669018,""uniqueSellers"":0,""uniqueBuyers"":0,""sellerAcceleration"":0,""coordinatedSellers"":0,""sellUsd"":null,""buyUsd"":null,""sellerCount"":null},""sampleCount"":12,""deltas"":{""price"":0,""liquidity"":0,""volume"":0,""priceChange5mPct"":0,""priceChange1hPct"":0,""buyCount5m"":0,""sellCount5m"":0,""buySellRatio5m"":0,""uniqueSellers"":0,""uniqueBuyers"":0,""sellerAcceleration"":0,""coordinatedSellers"":0},""acceleration"":{""selling"":""stable"",""buyPressure"":""stable"",""volume"":""stable"",""liquidity"":""stable"",""price"":""stable"",""sellers"":""stable"",""coordination"":""stable""}}",5e62aca043298db6,[object Object],,000000000000000005ba9afd7c8321eb255dcfe10833145b,info
2026-09-29 19:46:32,"[jevsentinel] live action state {""action"":""HOLD"",""stage"":""STABLE"",""riskScore"":0,""confidence"":0.84,""reasons"":[]}",5760213e15ed9fbb,[object Object],,000000000000000005ba9afd7c8321eb255dcfe10833145b,info
2026-09-29 19:46:32,"[jevsentinel] shadow prediction {""version"":1,""shadow"":true,""action"":""CAUTION"",""confidence"":0.5,""sampleCount"":53,""evidenceQuality"":""strong"",""sourceTrajectoryAction"":""HOLD"",""reasons"":[""signals do not form a reliable forward setup""],""predictedAt"":""2026-09-29T22:46:32.864Z""}",f64d652a1c85057f,[object Object],,000000000000000005ba9afd7c8321eb255dcfe10833145b,info
2026-09-29 19:46:32,"[jevsentinel] live action state {""action"":""HOLD"",""stage"":""STABLE"",""riskScore"":0,""confidence"":0.84,""reasons"":[]}",212fb2be24b5b2eb,[object Object],,000000000000000005ba9afd7c8321eb255dcfe10833145b,info
2026-09-29 19:46:32,"[jevsentinel] shadow prediction {""version"":1,""shadow"":true,""action"":""CAUTION"",""confidence"":0.5,""sampleCount"":11,""evidenceQuality"":""strong"",""sourceTrajectoryAction"":""HOLD"",""reasons"":[""signals do not form a reliable forward setup""],""predictedAt"":""2026-09-29T22:46:32.722Z""}",84e79d63fea1ae4f,[object Object],,000000000000000005ba9afd7c8321eb255dcfe10833145b,info
2026-09-29 19:46:32,"[jevsentinel] decision input {""mint"":""DtFkKBC3Cmi9j3SxBGRUd8gvBLw7nAasrvUJFB69yubM"",""sourceCard"":""CW"",""evidenceGroups"":{""tokenIntegrity"":true,""holderStructure"":true,""creatorIntelligence"":true,""walletBehaviour"":true,""flowDynamics"":true,""marketDynamics"":true,""liquidityStructure"":true,""temporalIntelligence"":true,""historicalIntelligence"":true,""socialNarrative"":true,""alternativeExplanation"":true},""evidenceQuality"":""strong"",""providers"":{""token-research"":{""available"":true,""fieldCount"":30},""transfer-flow"":{""available"":true,""fieldCount"":13},""social-narrative"":{""available"":true,""fieldCount"":2}},""temporalSampleCount"":53}",4aead686bc3d896e,[object Object],,000000000000000005ba9afd7c8321eb255dcfe10833145b,info
2026-09-29 19:46:32,"[jevsentinel] trajectory state {""action"":""HOLD"",""stage"":""STABLE"",""riskScore"":0,""confidence"":0.84,""reasons"":[]}",59589986b1b19794,[object Object],,000000000000000005ba9afd7c8321eb255dcfe10833145b,info
2026-09-29 19:46:32,"[jevsentinel] temporal state {""priorSnapshotCount"":52,""currentSnapshot"":{""observedAt"":""2026-09-29T22:46:32.645Z"",""price"":0.0001901,""liquidity"":42762.12,""volume"":480795.23,""priceChange5mPct"":6.22,""priceChange1hPct"":220,""buyCount5m"":2676,""sellCount5m"":2331,""buySellRatio5m"":0.5344517675254643,""uniqueSellers"":0,""uniqueBuyers"":0,""sellerAcceleration"":0,""coordinatedSellers"":0,""sellUsd"":null,""buyUsd"":null,""sellerCount"":null},""sampleCount"":53,""deltas"":{""price"":0,""liquidity"":0,""volume"":0,""priceChange5mPct"":0,""priceChange1hPct"":0,""buyCount5m"":0,""sellCount5m"":0,""buySellRatio5m"":0,""uniqueSellers"":0,""uniqueBuyers"":0,""sellerAcceleration"":0,""coordinatedSellers"":0},""acceleration"":{""selling"":""stable"",""buyPressure"":""stable"",""volume"":""stable"",""liquidity"":""stable"",""price"":""stable"",""sellers"":""stable"",""coordination"":""stable""}}",74a578344b14a217,[object Object],,000000000000000005ba9afd7c8321eb255dcfe10833145b,info
2026-09-29 19:46:32,"[jevsentinel] decision input {""mint"":""2RFUG2WSvR3v4pGSGj5yNKiFrNM1EhyQWr4XvvHBpump"",""sourceCard"":""CW"",""evidenceGroups"":{""tokenIntegrity"":true,""holderStructure"":true,""creatorIntelligence"":false,""walletBehaviour"":true,""flowDynamics"":true,""marketDynamics"":true,""liquidityStructure"":true,""temporalIntelligence"":true,""historicalIntelligence"":true,""socialNarrative"":true,""alternativeExplanation"":true},""evidenceQuality"":""strong"",""providers"":{""token-research"":{""available"":true,""fieldCount"":29},""transfer-flow"":{""available"":true,""fieldCount"":13},""social-narrative"":{""available"":true,""fieldCount"":2}},""temporalSampleCount"":11}",6a1b7af7423cb321,[object Object],,000000000000000005ba9afd7c8321eb255dcfe10833145b,info
2026-09-29 19:46:32,"[jevsentinel] trajectory state {""action"":""HOLD"",""stage"":""STABLE"",""riskScore"":0,""confidence"":0.84,""reasons"":[]}",c42ca317d97869b2,[object Object],,000000000000000005ba9afd7c8321eb255dcfe10833145b,info
2026-09-29 19:46:32,"[jevsentinel] temporal state {""priorSnapshotCount"":10,""currentSnapshot"":{""observedAt"":""2026-09-29T22:46:32.564Z"",""price"":0.00004496,""liquidity"":17454.47,""volume"":103372.04,""priceChange5mPct"":-6.83,""priceChange1hPct"":-6.83,""buyCount5m"":1011,""sellCount5m"":832,""buySellRatio5m"":0.5485621269669018,""uniqueSellers"":0,""uniqueBuyers"":0,""sellerAcceleration"":0,""coordinatedSellers"":0,""sellUsd"":null,""buyUsd"":null,""sellerCount"":null},""sampleCount"":11,""deltas"":{""price"":0,""liquidity"":0,""volume"":0,""priceChange5mPct"":0,""priceChange1hPct"":0,""buyCount5m"":0,""sellCount5m"":0,""buySellRatio5m"":0,""uniqueSellers"":0,""uniqueBuyers"":0,""sellerAcceleration"":0,""coordinatedSellers"":0},""acceleration"":{""selling"":""stable"",""buyPressure"":""stable"",""volume"":""stable"",""liquidity"":""stable"",""price"":""stable"",""sellers"":""stable"",""coordination"":""stable""}}",73814b93220aa27,[object Object],,000000000000000005ba9afd7c8321eb255dcfe10833145b,info
2026-09-29 19:46:29,"[jevsentinel] live action state {""action"":""HOLD"",""stage"":""STABLE"",""riskScore"":0,""confidence"":0.84,""reasons"":[]}",90ef8f918c73146b,[object Object],,000000000000000005ba9afd7c8321eb255dcfe10833145b,info
2026-09-29 19:46:29,"[jevsentinel] shadow prediction {""version"":1,""shadow"":true,""action"":""CAUTION"",""confidence"":0.5,""sampleCount"":10,""evidenceQuality"":""strong"",""sourceTrajectoryAction"":""HOLD"",""reasons"":[""signals do not form a reliable forward setup""],""predictedAt"":""2026-09-29T22:46:29.156Z""}",98a6d85b99f008e3,[object Object],,000000000000000005ba9afd7c8321eb255dcfe10833145b,info
2026-09-29 19:46:28,"[jevsentinel] decision input {""mint"":""2RFUG2WSvR3v4pGSGj5yNKiFrNM1EhyQWr4XvvHBpump"",""sourceCard"":""CW"",""evidenceGroups"":{""tokenIntegrity"":true,""holderStructure"":true,""creatorIntelligence"":false,""walletBehaviour"":true,""flowDynamics"":true,""marketDynamics"":true,""liquidityStructure"":true,""temporalIntelligence"":true,""historicalIntelligence"":true,""socialNarrative"":true,""alternativeExplanation"":true},""evidenceQuality"":""strong"",""providers"":{""token-research"":{""available"":true,""fieldCount"":29},""transfer-flow"":{""available"":true,""fieldCount"":13},""social-narrative"":{""available"":true,""fieldCount"":2}},""temporalSampleCount"":10}",e910ad36761f1be8,[object Object],,000000000000000005ba9afd7c8321eb255dcfe10833145b,info
2026-09-29 19:46:28,"[jevsentinel] trajectory state {""action"":""HOLD"",""stage"":""STABLE"",""riskScore"":0,""confidence"":0.84,""reasons"":[]}",48b27027b44b279f,[object Object],,000000000000000005ba9afd7c8321eb255dcfe10833145b,info
2026-09-29 19:46:28,"[jevsentinel] temporal state {""priorSnapshotCount"":9,""currentSnapshot"":{""observedAt"":""2026-09-29T22:46:28.997Z"",""price"":0.00004496,""liquidity"":17454.47,""volume"":103372.04,""priceChange5mPct"":-6.83,""priceChange1hPct"":-6.83,""buyCount5m"":1011,""sellCount5m"":832,""buySellRatio5m"":0.5485621269669018,""uniqueSellers"":0,""uniqueBuyers"":0,""sellerAcceleration"":0,""coordinatedSellers"":0,""sellUsd"":null,""buyUsd"":null,""sellerCount"":null},""sampleCount"":10,""deltas"":{""price"":0,""liquidity"":0,""volume"":0,""priceChange5mPct"":0,""priceChange1hPct"":0,""buyCount5m"":0,""sellCount5m"":0,""buySellRatio5m"":0,""uniqueSellers"":0,""uniqueBuyers"":0,""sellerAcceleration"":0,""coordinatedSellers"":0},""acceleration"":{""selling"":""stable"",""buyPressure"":""stable"",""volume"":""stable"",""liquidity"":""stable"",""price"":""stable"",""sellers"":""stable"",""coordination"":""stable""}}",7efad5a043229f51,[object Object],,000000000000000005ba9afd7c8321eb255dcfe10833145b,info
2026-09-29 19:46:28,"[jevsentinel] live action state {""action"":""HOLD"",""stage"":""STABLE"",""riskScore"":0,""confidence"":0.84,""reasons"":[]}",7b559d5c9ea562bf,[object Object],,000000000000000005ba9afd7c8321eb255dcfe10833145b,info
2026-09-29 19:46:28,"[jevsentinel] shadow prediction {""version"":1,""shadow"":true,""action"":""CAUTION"",""confidence"":0.5,""sampleCount"":52,""evidenceQuality"":""strong"",""sourceTrajectoryAction"":""HOLD"",""reasons"":[""signals do not form a reliable forward setup""],""predictedAt"":""2026-09-29T22:46:28.746Z""}",98d26723c7634f69,[object Object],,000000000000000005ba9afd7c8321eb255dcfe10833145b,info
2026-09-29 19:46:28,"[jevsentinel] decision input {""mint"":""DtFkKBC3Cmi9j3SxBGRUd8gvBLw7nAasrvUJFB69yubM"",""sourceCard"":""CW"",""evidenceGroups"":{""tokenIntegrity"":true,""holderStructure"":true,""creatorIntelligence"":false,""walletBehaviour"":true,""flowDynamics"":true,""marketDynamics"":true,""liquidityStructure"":true,""temporalIntelligence"":true,""historicalIntelligence"":true,""socialNarrative"":true,""alternativeExplanation"":true},""evidenceQuality"":""strong"",""providers"":{""token-research"":{""available"":true,""fieldCount"":29},""transfer-flow"":{""available"":true,""fieldCount"":13},""social-narrative"":{""available"":true,""fieldCount"":2}},""temporalSampleCount"":52}",5a6c71d1d3fef9b7,[object Object],,000000000000000005ba9afd7c8321eb255dcfe10833145b,info
2026-09-29 19:46:28,"[jevsentinel] trajectory state {""action"":""HOLD"",""stage"":""STABLE"",""riskScore"":0,""confidence"":0.84,""reasons"":[]}",dc9204fd3c186134,[object Object],,000000000000000005ba9afd7c8321eb255dcfe10833145b,info
2026-09-29 19:46:28,"[jevsentinel] temporal state {""priorSnapshotCount"":51,""currentSnapshot"":{""observedAt"":""2026-09-29T22:46:28.540Z"",""price"":0.0001901,""liquidity"":42762.12,""volume"":480795.23,""priceChange5mPct"":6.22,""priceChange1hPct"":220,""buyCount5m"":2676,""sellCount5m"":2331,""buySellRatio5m"":0.5344517675254643,""uniqueSellers"":0,""uniqueBuyers"":0,""sellerAcceleration"":0,""coordinatedSellers"":0,""sellUsd"":null,""buyUsd"":null,""sellerCount"":null},""sampleCount"":52,""deltas"":{""price"":0,""liquidity"":0,""volume"":0,""priceChange5mPct"":0,""priceChange1hPct"":0,""buyCount5m"":0,""sellCount5m"":0,""buySellRatio5m"":0,""uniqueSellers"":0,""uniqueBuyers"":0,""sellerAcceleration"":0,""coordinatedSellers"":0},""acceleration"":{""selling"":""stable"",""buyPressure"":""stable"",""volume"":""stable"",""liquidity"":""stable"",""price"":""stable"",""sellers"":""stable"",""coordination"":""stable""}}",584b051d6f81c4a2,[object Object],,000000000000000005ba9afd7c8321eb255dcfe10833145b,info
2026-09-29 19:46:25,"[jevsentinel] live action state {""action"":""HOLD"",""stage"":""STABLE"",""riskScore"":0,""confidence"":0.84,""reasons"":[]}",ecaa73547b8b701b,[object Object],,000000000000000005ba9afd7c8321eb255dcfe10833145b,info
2026-09-29 19:46:25,"[jevsentinel] shadow prediction {""version"":1,""shadow"":true,""action"":""CAUTION"",""confidence"":0.5,""sampleCount"":9,""evidenceQuality"":""strong"",""sourceTrajectoryAction"":""HOLD"",""reasons"":[""signals do not form a reliable forward setup""],""predictedAt"":""2026-09-29T22:46:25.530Z""}",897fcdb73a8d6af9,[object Object],,000000000000000005ba9afd7c8321eb255dcfe10833145b,info
2026-09-29 19:46:25,"[jevsentinel] decision input {""mint"":""2RFUG2WSvR3v4pGSGj5yNKiFrNM1EhyQWr4XvvHBpump"",""sourceCard"":""CW"",""evidenceGroups"":{""tokenIntegrity"":true,""holderStructure"":true,""creatorIntelligence"":true,""walletBehaviour"":true,""flowDynamics"":true,""marketDynamics"":true,""liquidityStructure"":true,""temporalIntelligence"":true,""historicalIntelligence"":true,""socialNarrative"":true,""alternativeExplanation"":true},""evidenceQuality"":""strong"",""providers"":{""token-research"":{""available"":true,""fieldCount"":30},""transfer-flow"":{""available"":true,""fieldCount"":13},""social-narrative"":{""available"":true,""fieldCount"":2}},""temporalSampleCount"":9}",a94d994540d936b0,[object Object],,000000000000000005ba9afd7c8321eb255dcfe10833145b,info
2026-09-29 19:46:25,"[jevsentinel] trajectory state {""action"":""HOLD"",""stage"":""STABLE"",""riskScore"":0,""confidence"":0.84,""reasons"":[]}",9337473f05b216ff,[object Object],,000000000000000005ba9afd7c8321eb255dcfe10833145b,info
2026-09-29 19:46:25,"[jevsentinel] temporal state {""priorSnapshotCount"":8,""currentSnapshot"":{""observedAt"":""2026-09-29T22:46:25.254Z"",""price"":0.00004496,""liquidity"":17454.47,""volume"":103372.04,""priceChange5mPct"":-6.83,""priceChange1hPct"":-6.83,""buyCount5m"":1011,""sellCount5m"":832,""buySellRatio5m"":0.5485621269669018,""uniqueSellers"":0,""uniqueBuyers"":0,""sellerAcceleration"":0,""coordinatedSellers"":0,""sellUsd"":null,""buyUsd"":null,""sellerCount"":null},""sampleCount"":9,""deltas"":{""price"":0,""liquidity"":0,""volume"":0,""priceChange5mPct"":0,""priceChange1hPct"":0,""buyCount5m"":0,""sellCount5m"":0,""buySellRatio5m"":0,""uniqueSellers"":0,""uniqueBuyers"":0,""sellerAcceleration"":0,""coordinatedSellers"":0},""acceleration"":{""selling"":""stable"",""buyPressure"":""stable"",""volume"":""stable"",""liquidity"":""stable"",""price"":""stable"",""sellers"":""stable"",""coordination"":""stable""}}",b7463460104c6b95,[object Object],,000000000000000005ba9afd7c8321eb255dcfe10833145b,info
2026-09-29 19:46:25,"[jevsentinel] live action state {""action"":""CAUTION"",""stage"":""WATCH"",""riskScore"":4,""confidence"":0.99,""reasons"":[""liquidity fell ≥20% between live snapshots"",""liquidity is deteriorating""]}",fc70c778250f8842,[object Object],,000000000000000005ba9afd7c8321eb255dcfe10833145b,info
2026-09-29 19:46:25,"[jevsentinel] shadow prediction {""version"":1,""shadow"":true,""action"":""SELL"",""confidence"":0.78,""sampleCount"":51,""evidenceQuality"":""strong"",""sourceTrajectoryAction"":""CAUTION"",""reasons"":[""forward risk structure is deteriorating""],""predictedAt"":""2026-09-29T22:46:25.123Z""}",8c4245ce23c58173,[object Object],,000000000000000005ba9afd7c8321eb255dcfe10833145b,info
2026-09-29 19:46:24,"[jevsentinel] decision input {""mint"":""DtFkKBC3Cmi9j3SxBGRUd8gvBLw7nAasrvUJFB69yubM"",""sourceCard"":""CW"",""evidenceGroups"":{""tokenIntegrity"":true,""holderStructure"":true,""creatorIntelligence"":false,""walletBehaviour"":true,""flowDynamics"":true,""marketDynamics"":true,""liquidityStructure"":true,""temporalIntelligence"":true,""historicalIntelligence"":true,""socialNarrative"":true,""alternativeExplanation"":true},""evidenceQuality"":""strong"",""providers"":{""token-research"":{""available"":true,""fieldCount"":29},""transfer-flow"":{""available"":true,""fieldCount"":13},""social-narrative"":{""available"":true,""fieldCount"":2}},""temporalSampleCount"":51}",2c270bb121b6c55b,[object Object],,000000000000000005ba9afd7c8321eb255dcfe10833145b,info
2026-09-29 19:46:24,"[jevsentinel] trajectory state {""action"":""CAUTION"",""stage"":""WATCH"",""riskScore"":4,""confidence"":0.99,""reasons"":[""liquidity fell ≥20% between live snapshots"",""liquidity is deteriorating""]}",b10950af1d06ac77,[object Object],,000000000000000005ba9afd7c8321eb255dcfe10833145b,info
2026-09-29 19:46:24,"[jevsentinel] temporal state {""priorSnapshotCount"":50,""currentSnapshot"":{""observedAt"":""2026-09-29T22:46:24.930Z"",""price"":0.0001901,""liquidity"":42762.12,""volume"":480795.23,""priceChange5mPct"":6.22,""priceChange1hPct"":220,""buyCount5m"":2676,""sellCount5m"":2331,""buySellRatio5m"":0.5344517675254643,""uniqueSellers"":0,""uniqueBuyers"":0,""sellerAcceleration"":0,""coordinatedSellers"":0,""sellUsd"":null,""buyUsd"":null,""sellerCount"":null},""sampleCount"":51,""deltas"":{""price"":-0.00012799999999999997,""liquidity"":-13119.379999999997,""volume"":-60325.369999999995,""priceChange5mPct"":-206.78,""priceChange1hPct"":-216,""buyCount5m"":-331,""sellCount5m"":-168,""buySellRatio5m"":-0.011679725391353757,""uniqueSellers"":0,""uniqueBuyers"":0,""sellerAcceleration"":0,""coordinatedSellers"":0},""acceleration"":{""selling"":""decreasing"",""buyPressure"":""decreasing"",""volume"":""decreasing"",""liquidity"":""deteriorating"",""price"":""deteriorating"",""sellers"":""stable"",""coordination"":""stable""}}",81ee5981e565be84,[object Object],,000000000000000005ba9afd7c8321eb255dcfe10833145b,info
2026-09-29 19:46:21,"[jevsentinel] live action state {""action"":""HOLD"",""stage"":""STABLE"",""riskScore"":0,""confidence"":0.84,""reasons"":[]}",ed72f788f3e5ed54,[object Object],,000000000000000005ba9afd7c8321eb255dcfe10833145b,info
2026-09-29 19:46:21,"[jevsentinel] shadow prediction {""version"":1,""shadow"":true,""action"":""CAUTION"",""confidence"":0.5,""sampleCount"":50,""evidenceQuality"":""strong"",""sourceTrajectoryAction"":""HOLD"",""reasons"":[""signals do not form a reliable forward setup""],""predictedAt"":""2026-09-29T22:46:21.523Z""}",84266666f0f176e1,[object Object],,000000000000000005ba9afd7c8321eb255dcfe10833145b,info
2026-09-29 19:46:21,"[jevsentinel] live action state {""action"":""HOLD"",""stage"":""STABLE"",""riskScore"":0,""confidence"":0.84,""reasons"":[]}",4c10b7da905d23fc,[object Object],,000000000000000005ba9afd7c8321eb255dcfe10833145b,info
2026-09-29 19:46:21,"[jevsentinel] shadow prediction {""version"":1,""shadow"":true,""action"":""CAUTION"",""confidence"":0.5,""sampleCount"":8,""evidenceQuality"":""strong"",""sourceTrajectoryAction"":""HOLD"",""reasons"":[""signals do not form a reliable forward setup""],""predictedAt"":""2026-09-29T22:46:21.402Z""}",ea823e73093286bb,[object Object],,000000000000000005ba9afd7c8321eb255dcfe10833145b,info
2026-09-29 19:46:21,"[jevsentinel] decision input {""mint"":""DtFkKBC3Cmi9j3SxBGRUd8gvBLw7nAasrvUJFB69yubM"",""sourceCard"":""CW"",""evidenceGroups"":{""tokenIntegrity"":true,""holderStructure"":true,""creatorIntelligence"":false,""walletBehaviour"":true,""flowDynamics"":true,""marketDynamics"":true,""liquidityStructure"":true,""temporalIntelligence"":true,""historicalIntelligence"":true,""socialNarrative"":true,""alternativeExplanation"":true},""evidenceQuality"":""strong"",""providers"":{""token-research"":{""available"":true,""fieldCount"":29},""transfer-flow"":{""available"":true,""fieldCount"":13},""social-narrative"":{""available"":true,""fieldCount"":2}},""temporalSampleCount"":50}",c6e44472ef0e5288,[object Object],,000000000000000005ba9afd7c8321eb255dcfe10833145b,info
2026-09-29 19:46:21,"[jevsentinel] trajectory state {""action"":""HOLD"",""stage"":""STABLE"",""riskScore"":0,""confidence"":0.84,""reasons"":[]}",b4416646ac13c3a,[object Object],,000000000000000005ba9afd7c8321eb255dcfe10833145b,info
2026-09-29 19:46:21,"[jevsentinel] temporal state {""priorSnapshotCount"":49,""currentSnapshot"":{""observedAt"":""2026-09-29T22:46:21.297Z"",""price"":0.0003181,""liquidity"":55881.5,""volume"":541120.6,""priceChange5mPct"":213,""priceChange1hPct"":436,""buyCount5m"":3007,""sellCount5m"":2499,""buySellRatio5m"":0.5461314929168181,""uniqueSellers"":0,""uniqueBuyers"":0,""sellerAcceleration"":0,""coordinatedSellers"":0,""sellUsd"":null,""buyUsd"":null,""sellerCount"":null},""sampleCount"":50,""deltas"":{""price"":0,""liquidity"":0,""volume"":0,""priceChange5mPct"":0,""priceChange1hPct"":0,""buyCount5m"":0,""sellCount5m"":0,""buySellRatio5m"":0,""uniqueSellers"":0,""uniqueBuyers"":0,""sellerAcceleration"":0,""coordinatedSellers"":0},""acceleration"":{""selling"":""stable"",""buyPressure"":""stable"",""volume"":""stable"",""liquidity"":""stable"",""price"":""stable"",""sellers"":""stable"",""coordination"":""stable""}}",8659640895063885,[object Object],,000000000000000005ba9afd7c8321eb255dcfe10833145b,info
2026-09-29 19:46:21,"[jevsentinel] decision input {""mint"":""2RFUG2WSvR3v4pGSGj5yNKiFrNM1EhyQWr4XvvHBpump"",""sourceCard"":""CW"",""evidenceGroups"":{""tokenIntegrity"":true,""holderStructure"":true,""creatorIntelligence"":true,""walletBehaviour"":true,""flowDynamics"":true,""marketDynamics"":true,""liquidityStructure"":true,""temporalIntelligence"":true,""historicalIntelligence"":true,""socialNarrative"":true,""alternativeExplanation"":true},""evidenceQuality"":""strong"",""providers"":{""token-research"":{""available"":true,""fieldCount"":30},""transfer-flow"":{""available"":true,""fieldCount"":13},""social-narrative"":{""available"":true,""fieldCount"":2}},""temporalSampleCount"":8}",d51346eb0c351337,[object Object],,000000000000000005ba9afd7c8321eb255dcfe10833145b,info
2026-09-29 19:46:21,"[jevsentinel] trajectory state {""action"":""HOLD"",""stage"":""STABLE"",""riskScore"":0,""confidence"":0.84,""reasons"":[]}",8587ad85f8ea4b84,[object Object],,000000000000000005ba9afd7c8321eb255dcfe10833145b,info
2026-09-29 19:46:21,"[jevsentinel] temporal state {""priorSnapshotCount"":7,""currentSnapshot"":{""observedAt"":""2026-09-29T22:46:21.212Z"",""price"":0.00004496,""liquidity"":17454.47,""volume"":103372.04,""priceChange5mPct"":-6.83,""priceChange1hPct"":-6.83,""buyCount5m"":1011,""sellCount5m"":832,""buySellRatio5m"":0.5485621269669018,""uniqueSellers"":0,""uniqueBuyers"":0,""sellerAcceleration"":0,""coordinatedSellers"":0,""sellUsd"":null,""buyUsd"":null,""sellerCount"":null},""sampleCount"":8,""deltas"":{""price"":0,""liquidity"":0,""volume"":0,""priceChange5mPct"":0,""priceChange1hPct"":0,""buyCount5m"":0,""sellCount5m"":0,""buySellRatio5m"":0,""uniqueSellers"":0,""uniqueBuyers"":0,""sellerAcceleration"":0,""coordinatedSellers"":0},""acceleration"":{""selling"":""stable"",""buyPressure"":""stable"",""volume"":""stable"",""liquidity"":""stable"",""price"":""stable"",""sellers"":""stable"",""coordination"":""stable""}}",45cb89a6ceb5d3a5,[object Object],,000000000000000005ba9afd7c8321eb255dcfe10833145b,info
2026-09-29 19:46:17,"[jevsentinel] live action state {""action"":""HOLD"",""stage"":""STABLE"",""riskScore"":0,""confidence"":0.84,""reasons"":[]}",96b1ece33f7ab7ff,[object Object],,000000000000000005ba9afd7c8321eb255dcfe10833145b,info
2026-09-29 19:46:17,"[jevsentinel] shadow prediction {""version"":1,""shadow"":true,""action"":""CAUTION"",""confidence"":0.5,""sampleCount"":49,""evidenceQuality"":""strong"",""sourceTrajectoryAction"":""HOLD"",""reasons"":[""signals do not form a reliable forward setup""],""predictedAt"":""2026-09-29T22:46:17.874Z""}",34ee4724697c7f35,[object Object],,000000000000000005ba9afd7c8321eb255dcfe10833145b,info
2026-09-29 19:46:17,"[jevsentinel] decision input {""mint"":""DtFkKBC3Cmi9j3SxBGRUd8gvBLw7nAasrvUJFB69yubM"",""sourceCard"":""CW"",""evidenceGroups"":{""tokenIntegrity"":true,""holderStructure"":true,""creatorIntelligence"":false,""walletBehaviour"":true,""flowDynamics"":true,""marketDynamics"":true,""liquidityStructure"":true,""temporalIntelligence"":true,""historicalIntelligence"":true,""socialNarrative"":true,""alternativeExplanation"":true},""evidenceQuality"":""strong"",""providers"":{""token-research"":{""available"":true,""fieldCount"":29},""transfer-flow"":{""available"":true,""fieldCount"":13},""social-narrative"":{""available"":true,""fieldCount"":2}},""temporalSampleCount"":49}",dcc2683fb55397aa,[object Object],,000000000000000005ba9afd7c8321eb255dcfe10833145b,info
2026-09-29 19:46:17,"[jevsentinel] trajectory state {""action"":""HOLD"",""stage"":""STABLE"",""riskScore"":0,""confidence"":0.84,""reasons"":[]}",775890c4acad9d84,[object Object],,000000000000000005ba9afd7c8321eb255dcfe10833145b,info
2026-09-29 19:46:17,"[jevsentinel] temporal state {""priorSnapshotCount"":48,""currentSnapshot"":{""observedAt"":""2026-09-29T22:46:17.685Z"",""price"":0.0003181,""liquidity"":55881.5,""volume"":541120.6,""priceChange5mPct"":213,""priceChange1hPct"":436,""buyCount5m"":3007,""sellCount5m"":2499,""buySellRatio5m"":0.5461314929168181,""uniqueSellers"":0,""uniqueBuyers"":0,""sellerAcceleration"":0,""coordinatedSellers"":0,""sellUsd"":null,""buyUsd"":null,""sellerCount"":null},""sampleCount"":49,""deltas"":{""price"":0,""liquidity"":0,""volume"":0,""priceChange5mPct"":0,""priceChange1hPct"":0,""buyCount5m"":0,""sellCount5m"":0,""buySellRatio5m"":0,""uniqueSellers"":0,""uniqueBuyers"":0,""sellerAcceleration"":0,""coordinatedSellers"":0},""acceleration"":{""selling"":""stable"",""buyPressure"":""stable"",""volume"":""stable"",""liquidity"":""stable"",""price"":""stable"",""sellers"":""stable"",""coordination"":""stable""}}",3556b3570bfc0ce8,[object Object],,000000000000000005ba9afd7c8321eb255dcfe10833145b,info
2026-09-29 19:46:17,"[jevsentinel] live action state {""action"":""HOLD"",""stage"":""STABLE"",""riskScore"":0,""confidence"":0.8200000000000001,""reasons"":[]}",ad8d343cb17b558d,[object Object],,000000000000000005ba9afd7c8321eb255dcfe10833145b,info
2026-09-29 19:46:17,"[jevsentinel] shadow prediction {""version"":1,""shadow"":true,""action"":""CAUTION"",""confidence"":0.5,""sampleCount"":7,""evidenceQuality"":""strong"",""sourceTrajectoryAction"":""HOLD"",""reasons"":[""signals do not form a reliable forward setup""],""predictedAt"":""2026-09-29T22:46:17.448Z""}",749ddf4d945660a6,[object Object],,000000000000000005ba9afd7c8321eb255dcfe10833145b,info
2026-09-29 19:46:17,"[jevsentinel] decision input {""mint"":""2RFUG2WSvR3v4pGSGj5yNKiFrNM1EhyQWr4XvvHBpump"",""sourceCard"":""CW"",""evidenceGroups"":{""tokenIntegrity"":true,""holderStructure"":true,""creatorIntelligence"":false,""walletBehaviour"":true,""flowDynamics"":true,""marketDynamics"":true,""liquidityStructure"":true,""temporalIntelligence"":true,""historicalIntelligence"":true,""socialNarrative"":true,""alternativeExplanation"":true},""evidenceQuality"":""strong"",""providers"":{""token-research"":{""available"":true,""fieldCount"":29},""transfer-flow"":{""available"":true,""fieldCount"":13},""social-narrative"":{""available"":true,""fieldCount"":2}},""temporalSampleCount"":7}",45b034f57f1449e0,[object Object],,000000000000000005ba9afd7c8321eb255dcfe10833145b,info
2026-09-29 19:46:17,"[jevsentinel] trajectory state {""action"":""HOLD"",""stage"":""STABLE"",""riskScore"":0,""confidence"":0.8200000000000001,""reasons"":[]}",28674e0a53896278,[object Object],,000000000000000005ba9afd7c8321eb255dcfe10833145b,info
2026-09-29 19:46:17,"[jevsentinel] temporal state {""priorSnapshotCount"":6,""currentSnapshot"":{""observedAt"":""2026-09-29T22:46:17.253Z"",""price"":0.00004496,""liquidity"":17454.47,""volume"":103372.04,""priceChange5mPct"":-6.83,""priceChange1hPct"":-6.83,""buyCount5m"":1011,""sellCount5m"":832,""buySellRatio5m"":0.5485621269669018,""uniqueSellers"":0,""uniqueBuyers"":0,""sellerAcceleration"":0,""coordinatedSellers"":0,""sellUsd"":null,""buyUsd"":null,""sellerCount"":null},""sampleCount"":7,""deltas"":{""price"":0,""liquidity"":0,""volume"":0,""priceChange5mPct"":0,""priceChange1hPct"":0,""buyCount5m"":0,""sellCount5m"":0,""buySellRatio5m"":0,""uniqueSellers"":0,""uniqueBuyers"":0,""sellerAcceleration"":0,""coordinatedSellers"":0},""acceleration"":{""selling"":""stable"",""buyPressure"":""stable"",""volume"":""stable"",""liquidity"":""stable"",""price"":""stable"",""sellers"":""stable"",""coordination"":""stable""}}",3c6e8f746c66ace6,[object Object],,000000000000000005ba9afd7c8321eb255dcfe10833145b,info
2026-09-29 19:46:14,"[jevsentinel] live action state {""action"":""HOLD"",""stage"":""STABLE"",""riskScore"":0,""confidence"":0.84,""reasons"":[]}",479a9765acb98bf3,[object Object],,000000000000000005ba9afd7c8321eb255dcfe10833145b,info
2026-09-29 19:46:14,"[jevsentinel] shadow prediction {""version"":1,""shadow"":true,""action"":""CAUTION"",""confidence"":0.5,""sampleCount"":48,""evidenceQuality"":""strong"",""sourceTrajectoryAction"":""HOLD"",""reasons"":[""signals do not form a reliable forward setup""],""predictedAt"":""2026-09-29T22:46:14.011Z""}",76bb1b2fb87929cf,[object Object],,000000000000000005ba9afd7c8321eb255dcfe10833145b,info
2026-09-29 19:46:13,"[jevsentinel] decision input {""mint"":""DtFkKBC3Cmi9j3SxBGRUd8gvBLw7nAasrvUJFB69yubM"",""sourceCard"":""CW"",""evidenceGroups"":{""tokenIntegrity"":true,""holderStructure"":true,""creatorIntelligence"":true,""walletBehaviour"":true,""flowDynamics"":true,""marketDynamics"":true,""liquidityStructure"":true,""temporalIntelligence"":true,""historicalIntelligence"":true,""socialNarrative"":true,""alternativeExplanation"":true},""evidenceQuality"":""strong"",""providers"":{""token-research"":{""available"":true,""fieldCount"":30},""transfer-flow"":{""available"":true,""fieldCount"":13},""social-narrative"":{""available"":true,""fieldCount"":2}},""temporalSampleCount"":48}",352fc9fb51733196,[object Object],,000000000000000005ba9afd7c8321eb255dcfe10833145b,info
2026-09-29 19:46:13,"[jevsentinel] trajectory state {""action"":""HOLD"",""stage"":""STABLE"",""riskScore"":0,""confidence"":0.84,""reasons"":[]}",596d41332fb34351,[object Object],,000000000000000005ba9afd7c8321eb255dcfe10833145b,info
2026-09-29 19:46:13,"[jevsentinel] temporal state {""priorSnapshotCount"":47,""currentSnapshot"":{""observedAt"":""2026-09-29T22:46:13.778Z"",""price"":0.0003181,""liquidity"":55881.5,""volume"":541120.6,""priceChange5mPct"":213,""priceChange1hPct"":436,""buyCount5m"":3007,""sellCount5m"":2499,""buySellRatio5m"":0.5461314929168181,""uniqueSellers"":0,""uniqueBuyers"":0,""sellerAcceleration"":0,""coordinatedSellers"":0,""sellUsd"":null,""buyUsd"":null,""sellerCount"":null},""sampleCount"":48,""deltas"":{""price"":0,""liquidity"":0,""volume"":0,""priceChange5mPct"":0,""priceChange1hPct"":0,""buyCount5m"":0,""sellCount5m"":0,""buySellRatio5m"":0,""uniqueSellers"":0,""uniqueBuyers"":0,""sellerAcceleration"":0,""coordinatedSellers"":0},""acceleration"":{""selling"":""stable"",""buyPressure"":""stable"",""volume"":""stable"",""liquidity"":""stable"",""price"":""stable"",""sellers"":""stable"",""coordination"":""stable""}}",68cdfe11723fe577,[object Object],,000000000000000005ba9afd7c8321eb255dcfe10833145b,info
2026-09-29 19:46:13,"[jevsentinel] live action state {""action"":""HOLD"",""stage"":""STABLE"",""riskScore"":1,""confidence"":0.88,""reasons"":[""selling is accelerating""]}",254d307bf3ea5f2b,[object Object],,000000000000000005ba9afd7c8321eb255dcfe10833145b,info
2026-09-29 19:46:13,"[jevsentinel] shadow prediction {""version"":1,""shadow"":true,""action"":""CAUTION"",""confidence"":0.58,""sampleCount"":6,""evidenceQuality"":""strong"",""sourceTrajectoryAction"":""HOLD"",""reasons"":[""evidence is conflicting or unreliable""],""predictedAt"":""2026-09-29T22:46:13.774Z""}",cc40a4a146092803,[object Object],,000000000000000005ba9afd7c8321eb255dcfe10833145b,info
2026-09-29 19:46:13,"[jevsentinel] decision input {""mint"":""2RFUG2WSvR3v4pGSGj5yNKiFrNM1EhyQWr4XvvHBpump"",""sourceCard"":""CW"",""evidenceGroups"":{""tokenIntegrity"":true,""holderStructure"":true,""creatorIntelligence"":true,""walletBehaviour"":true,""flowDynamics"":true,""marketDynamics"":true,""liquidityStructure"":true,""temporalIntelligence"":true,""historicalIntelligence"":true,""socialNarrative"":true,""alternativeExplanation"":true},""evidenceQuality"":""strong"",""providers"":{""token-research"":{""available"":true,""fieldCount"":30},""transfer-flow"":{""available"":true,""fieldCount"":13},""social-narrative"":{""available"":true,""fieldCount"":2}},""temporalSampleCount"":6}",fcb37c9717db9165,[object Object],,000000000000000005ba9afd7c8321eb255dcfe10833145b,info
2026-09-29 19:46:13,"[jevsentinel] trajectory state {""action"":""HOLD"",""stage"":""STABLE"",""riskScore"":1,""confidence"":0.88,""reasons"":[""selling is accelerating""]}",82901cd782ccd640,[object Object],,000000000000000005ba9afd7c8321eb255dcfe10833145b,info
2026-09-29 19:46:13,"[jevsentinel] temporal state {""priorSnapshotCount"":5,""currentSnapshot"":{""observedAt"":""2026-09-29T22:46:13.625Z"",""price"":0.00004496,""liquidity"":17454.47,""volume"":103372.04,""priceChange5mPct"":-6.83,""priceChange1hPct"":-6.83,""buyCount5m"":1011,""sellCount5m"":832,""buySellRatio5m"":0.5485621269669018,""uniqueSellers"":0,""uniqueBuyers"":0,""sellerAcceleration"":0,""coordinatedSellers"":0,""sellUsd"":null,""buyUsd"":null,""sellerCount"":null},""sampleCount"":6,""deltas"":{""price"":0.000011910000000000006,""liquidity"":2795.7700000000004,""volume"":9262.079999999987,""priceChange5mPct"":24.68,""priceChange1hPct"":24.68,""buyCount5m"":92,""sellCount5m"":71,""buySellRatio5m"":0.0015383174430921853,""uniqueSellers"":0,""uniqueBuyers"":0,""sellerAcceleration"":0,""coordinatedSellers"":0},""acceleration"":{""selling"":""increasing"",""buyPressure"":""increasing"",""volume"":""increasing"",""liquidity"":""improving"",""price"":""improving"",""sellers"":""stable"",""coordination"":""stable""}}",51e8dad6c1029876,[object Object],,000000000000000005ba9afd7c8321eb255dcfe10833145b,info
2026-09-29 19:46:10,"[jevsentinel] live action state {""action"":""CAUTION"",""stage"":""STABLE"",""riskScore"":2,""confidence"":0.86,""reasons"":[""5m price deterioration ≤−20%""]}",ecb3fb405f5f3f0a,[object Object],,000000000000000005ba9afd7c8321eb255dcfe10833145b,info
2026-09-29 19:46:10,"[jevsentinel] shadow prediction {""version"":1,""shadow"":true,""action"":""CAUTION"",""confidence"":0.5,""sampleCount"":5,""evidenceQuality"":""strong"",""sourceTrajectoryAction"":""CAUTION"",""reasons"":[""signals do not form a reliable forward setup""],""predictedAt"":""2026-09-29T22:46:10.095Z""}",613ae4cc73e32b69,[object Object],,000000000000000005ba9afd7c8321eb255dcfe10833145b,info
2026-09-29 19:46:09,"[jevsentinel] decision input {""mint"":""2RFUG2WSvR3v4pGSGj5yNKiFrNM1EhyQWr4XvvHBpump"",""sourceCard"":""CW"",""evidenceGroups"":{""tokenIntegrity"":true,""holderStructure"":true,""creatorIntelligence"":true,""walletBehaviour"":true,""flowDynamics"":true,""marketDynamics"":true,""liquidityStructure"":true,""temporalIntelligence"":true,""historicalIntelligence"":true,""socialNarrative"":true,""alternativeExplanation"":true},""evidenceQuality"":""strong"",""providers"":{""token-research"":{""available"":true,""fieldCount"":30},""transfer-flow"":{""available"":true,""fieldCount"":13},""social-narrative"":{""available"":true,""fieldCount"":2}},""temporalSampleCount"":5}",c82da0bcc51abba5,[object Object],,000000000000000005ba9afd7c8321eb255dcfe10833145b,info
2026-09-29 19:46:09,"[jevsentinel] trajectory state {""action"":""CAUTION"",""stage"":""STABLE"",""riskScore"":2,""confidence"":0.86,""reasons"":[""5m price deterioration ≤−20%""]}",9791d8720e43d2d7,[object Object],,000000000000000005ba9afd7c8321eb255dcfe10833145b,info
2026-09-29 19:46:09,"[jevsentinel] temporal state {""priorSnapshotCount"":4,""currentSnapshot"":{""observedAt"":""2026-09-29T22:46:09.948Z"",""price"":0.00003305,""liquidity"":14658.7,""volume"":94109.96,""priceChange5mPct"":-31.51,""priceChange1hPct"":-31.51,""buyCount5m"":919,""sellCount5m"":761,""buySellRatio5m"":0.5470238095238096,""uniqueSellers"":0,""uniqueBuyers"":0,""sellerAcceleration"":0,""coordinatedSellers"":0,""sellUsd"":null,""buyUsd"":null,""sellerCount"":null},""sampleCount"":5,""deltas"":{""price"":0,""liquidity"":0,""volume"":0,""priceChange5mPct"":0,""priceChange1hPct"":0,""buyCount5m"":0,""sellCount5m"":0,""buySellRatio5m"":0,""uniqueSellers"":0,""uniqueBuyers"":0,""sellerAcceleration"":0,""coordinatedSellers"":0},""acceleration"":{""selling"":""stable"",""buyPressure"":""stable"",""volume"":""stable"",""liquidity"":""stable"",""price"":""stable"",""sellers"":""stable"",""coordination"":""stable""}}",3cf8e77bf071ae7e,[object Object],,000000000000000005ba9afd7c8321eb255dcfe10833145b,info
2026-09-29 19:46:09,"[jevsentinel] live action state {""action"":""HOLD"",""stage"":""STABLE"",""riskScore"":0,""confidence"":0.84,""reasons"":[]}",d4a56405b4688edb,[object Object],,000000000000000005ba9afd7c8321eb255dcfe10833145b,info
2026-09-29 19:46:09,"[jevsentinel] shadow prediction {""version"":1,""shadow"":true,""action"":""CAUTION"",""confidence"":0.5,""sampleCount"":47,""evidenceQuality"":""strong"",""sourceTrajectoryAction"":""HOLD"",""reasons"":[""signals do not form a reliable forward setup""],""predictedAt"":""2026-09-29T22:46:09.920Z""}",7b43fbfe6886ca85,[object Object],,000000000000000005ba9afd7c8321eb255dcfe10833145b,info
2026-09-29 19:46:09,"[jevsentinel] decision input {""mint"":""DtFkKBC3Cmi9j3SxBGRUd8gvBLw7nAasrvUJFB69yubM"",""sourceCard"":""CW"",""evidenceGroups"":{""tokenIntegrity"":true,""holderStructure"":true,""creatorIntelligence"":false,""walletBehaviour"":true,""flowDynamics"":true,""marketDynamics"":true,""liquidityStructure"":true,""temporalIntelligence"":true,""historicalIntelligence"":true,""socialNarrative"":true,""alternativeExplanation"":true},""evidenceQuality"":""strong"",""providers"":{""token-research"":{""available"":true,""fieldCount"":29},""transfer-flow"":{""available"":true,""fieldCount"":13},""social-narrative"":{""available"":true,""fieldCount"":2}},""temporalSampleCount"":47}",b8e226e6302ba25e,[object Object],,000000000000000005ba9afd7c8321eb255dcfe10833145b,info
2026-09-29 19:46:09,"[jevsentinel] trajectory state {""action"":""HOLD"",""stage"":""STABLE"",""riskScore"":0,""confidence"":0.84,""reasons"":[]}",aeaf7d7898d7a26a,[object Object],,000000000000000005ba9afd7c8321eb255dcfe10833145b,info
2026-09-29 19:46:09,"[jevsentinel] temporal state {""priorSnapshotCount"":46,""currentSnapshot"":{""observedAt"":""2026-09-29T22:46:09.723Z"",""price"":0.0003181,""liquidity"":55881.5,""volume"":541120.6,""priceChange5mPct"":213,""priceChange1hPct"":436,""buyCount5m"":3007,""sellCount5m"":2499,""buySellRatio5m"":0.5461314929168181,""uniqueSellers"":0,""uniqueBuyers"":0,""sellerAcceleration"":0,""coordinatedSellers"":0,""sellUsd"":null,""buyUsd"":null,""sellerCount"":null},""sampleCount"":47,""deltas"":{""price"":0,""liquidity"":0,""volume"":0,""priceChange5mPct"":0,""priceChange1hPct"":0,""buyCount5m"":0,""sellCount5m"":0,""buySellRatio5m"":0,""uniqueSellers"":0,""uniqueBuyers"":0,""sellerAcceleration"":0,""coordinatedSellers"":0},""acceleration"":{""selling"":""stable"",""buyPressure"":""stable"",""volume"":""stable"",""liquidity"":""stable"",""price"":""stable"",""sellers"":""stable"",""coordination"":""stable""}}",5b1a07353295e82c,[object Object],,000000000000000005ba9afd7c8321eb255dcfe10833145b,info
2026-09-29 19:46:06,"[jevsentinel] live action state {""action"":""HOLD"",""stage"":""STABLE"",""riskScore"":0,""confidence"":0.84,""reasons"":[]}",3e523896c855369d,[object Object],,000000000000000005ba9afd7c8321eb255dcfe10833145b,info
2026-09-29 19:46:06,"[jevsentinel] shadow prediction {""version"":1,""shadow"":true,""action"":""CAUTION"",""confidence"":0.5,""sampleCount"":46,""evidenceQuality"":""strong"",""sourceTrajectoryAction"":""HOLD"",""reasons"":[""signals do not form a reliable forward setup""],""predictedAt"":""2026-09-29T22:46:06.296Z""}",6d781d23b006636b,[object Object],,000000000000000005ba9afd7c8321eb255dcfe10833145b,info
2026-09-29 19:46:06,"[jevsentinel] decision input {""mint"":""DtFkKBC3Cmi9j3SxBGRUd8gvBLw7nAasrvUJFB69yubM"",""sourceCard"":""CW"",""evidenceGroups"":{""tokenIntegrity"":true,""holderStructure"":true,""creatorIntelligence"":false,""walletBehaviour"":true,""flowDynamics"":true,""marketDynamics"":true,""liquidityStructure"":true,""temporalIntelligence"":true,""historicalIntelligence"":true,""socialNarrative"":true,""alternativeExplanation"":true},""evidenceQuality"":""strong"",""providers"":{""token-research"":{""available"":true,""fieldCount"":29},""transfer-flow"":{""available"":true,""fieldCount"":13},""social-narrative"":{""available"":true,""fieldCount"":2}},""temporalSampleCount"":46}",bf5fa3155f0a0420,[object Object],,000000000000000005ba9afd7c8321eb255dcfe10833145b,info
2026-09-29 19:46:06,"[jevsentinel] trajectory state {""action"":""HOLD"",""stage"":""STABLE"",""riskScore"":0,""confidence"":0.84,""reasons"":[]}",345705cd1d6094f9,[object Object],,000000000000000005ba9afd7c8321eb255dcfe10833145b,info
2026-09-29 19:46:06,"[jevsentinel] temporal state {""priorSnapshotCount"":45,""currentSnapshot"":{""observedAt"":""2026-09-29T22:46:06.121Z"",""price"":0.0003181,""liquidity"":55881.5,""volume"":541120.6,""priceChange5mPct"":213,""priceChange1hPct"":436,""buyCount5m"":3007,""sellCount5m"":2499,""buySellRatio5m"":0.5461314929168181,""uniqueSellers"":0,""uniqueBuyers"":0,""sellerAcceleration"":0,""coordinatedSellers"":0,""sellUsd"":null,""buyUsd"":null,""sellerCount"":null},""sampleCount"":46,""deltas"":{""price"":0,""liquidity"":0,""volume"":0,""priceChange5mPct"":0,""priceChange1hPct"":0,""buyCount5m"":0,""sellCount5m"":0,""buySellRatio5m"":0,""uniqueSellers"":0,""uniqueBuyers"":0,""sellerAcceleration"":0,""coordinatedSellers"":0},""acceleration"":{""selling"":""stable"",""buyPressure"":""stable"",""volume"":""stable"",""liquidity"":""stable"",""price"":""stable"",""sellers"":""stable"",""coordination"":""stable""}}",e28727512e5581d,[object Object],,000000000000000005ba9afd7c8321eb255dcfe10833145b,info
2026-09-29 19:46:05,"[jevsentinel] live action state {""action"":""CAUTION"",""stage"":""STABLE"",""riskScore"":2,""confidence"":0.84,""reasons"":[""5m price deterioration ≤−20%""]}",41e27da3f5568509,[object Object],,000000000000000005ba9afd7c8321eb255dcfe10833145b,info
2026-09-29 19:46:05,"[jevsentinel] shadow prediction {""version"":1,""shadow"":true,""action"":""CAUTION"",""confidence"":0.5,""sampleCount"":4,""evidenceQuality"":""strong"",""sourceTrajectoryAction"":""CAUTION"",""reasons"":[""signals do not form a reliable forward setup""],""predictedAt"":""2026-09-29T22:46:05.852Z""}",b5910940357689b2,[object Object],,000000000000000005ba9afd7c8321eb255dcfe10833145b,info
2026-09-29 19:46:05,"[jevsentinel] decision input {""mint"":""2RFUG2WSvR3v4pGSGj5yNKiFrNM1EhyQWr4XvvHBpump"",""sourceCard"":""CW"",""evidenceGroups"":{""tokenIntegrity"":true,""holderStructure"":true,""creatorIntelligence"":false,""walletBehaviour"":true,""flowDynamics"":true,""marketDynamics"":true,""liquidityStructure"":true,""temporalIntelligence"":true,""historicalIntelligence"":true,""socialNarrative"":true,""alternativeExplanation"":true},""evidenceQuality"":""strong"",""providers"":{""token-research"":{""available"":true,""fieldCount"":29},""transfer-flow"":{""available"":true,""fieldCount"":13},""social-narrative"":{""available"":true,""fieldCount"":2}},""temporalSampleCount"":4}",5ebc0650c4297031,[object Object],,000000000000000005ba9afd7c8321eb255dcfe10833145b,info
2026-09-29 19:46:05,"[jevsentinel] trajectory state {""action"":""CAUTION"",""stage"":""STABLE"",""riskScore"":2,""confidence"":0.84,""reasons"":[""5m price deterioration ≤−20%""]}",b9c4de60c775d3d4,[object Object],,000000000000000005ba9afd7c8321eb255dcfe10833145b,info
2026-09-29 19:46:05,"[jevsentinel] temporal state {""priorSnapshotCount"":3,""currentSnapshot"":{""observedAt"":""2026-09-29T22:46:05.700Z"",""price"":0.00003305,""liquidity"":14658.7,""volume"":94109.96,""priceChange5mPct"":-31.51,""priceChange1hPct"":-31.51,""buyCount5m"":919,""sellCount5m"":761,""buySellRatio5m"":0.5470238095238096,""uniqueSellers"":0,""uniqueBuyers"":0,""sellerAcceleration"":0,""coordinatedSellers"":0,""sellUsd"":null,""buyUsd"":null,""sellerCount"":null},""sampleCount"":4,""deltas"":{""price"":0,""liquidity"":0,""volume"":0,""priceChange5mPct"":0,""priceChange1hPct"":0,""buyCount5m"":0,""sellCount5m"":0,""buySellRatio5m"":0,""uniqueSellers"":0,""uniqueBuyers"":0,""sellerAcceleration"":0,""coordinatedSellers"":0},""acceleration"":{""selling"":""stable"",""buyPressure"":""stable"",""volume"":""stable"",""liquidity"":""stable"",""price"":""stable"",""sellers"":""stable"",""coordination"":""stable""}}",f68c3c0ed89d0a26,[object Object],,000000000000000005ba9afd7c8321eb255dcfe10833145b,info
2026-09-29 19:46:02,"[jevsentinel] live action state {""action"":""HOLD"",""stage"":""STABLE"",""riskScore"":0,""confidence"":0.84,""reasons"":[]}",8bf767760af9d28d,[object Object],,000000000000000005ba9afd7c8321eb255dcfe10833145b,info
2026-09-29 19:46:02,"[jevsentinel] shadow prediction {""version"":1,""shadow"":true,""action"":""CAUTION"",""confidence"":0.5,""sampleCount"":45,""evidenceQuality"":""strong"",""sourceTrajectoryAction"":""HOLD"",""reasons"":[""signals do not form a reliable forward setup""],""predictedAt"":""2026-09-29T22:46:02.656Z""}",93d259834163de7,[object Object],,000000000000000005ba9afd7c8321eb255dcfe10833145b,info
2026-09-29 19:46:02,"[jevsentinel] decision input {""mint"":""DtFkKBC3Cmi9j3SxBGRUd8gvBLw7nAasrvUJFB69yubM"",""sourceCard"":""CW"",""evidenceGroups"":{""tokenIntegrity"":true,""holderStructure"":true,""creatorIntelligence"":true,""walletBehaviour"":true,""flowDynamics"":true,""marketDynamics"":true,""liquidityStructure"":true,""temporalIntelligence"":true,""historicalIntelligence"":true,""socialNarrative"":true,""alternativeExplanation"":true},""evidenceQuality"":""strong"",""providers"":{""token-research"":{""available"":true,""fieldCount"":30},""transfer-flow"":{""available"":true,""fieldCount"":13},""social-narrative"":{""available"":true,""fieldCount"":2}},""temporalSampleCount"":45}",f677da2d721ac337,[object Object],,000000000000000005ba9afd7c8321eb255dcfe10833145b,info
2026-09-29 19:46:02,"[jevsentinel] trajectory state {""action"":""HOLD"",""stage"":""STABLE"",""riskScore"":0,""confidence"":0.84,""reasons"":[]}",f358cd5f989375e4,[object Object],,000000000000000005ba9afd7c8321eb255dcfe10833145b,info
2026-09-29 19:46:02,"[jevsentinel] temporal state {""priorSnapshotCount"":44,""currentSnapshot"":{""observedAt"":""2026-09-29T22:46:02.453Z"",""price"":0.0003181,""liquidity"":55881.5,""volume"":541120.6,""priceChange5mPct"":213,""priceChange1hPct"":436,""buyCount5m"":3007,""sellCount5m"":2499,""buySellRatio5m"":0.5461314929168181,""uniqueSellers"":0,""uniqueBuyers"":0,""sellerAcceleration"":0,""coordinatedSellers"":0,""sellUsd"":null,""buyUsd"":null,""sellerCount"":null},""sampleCount"":45,""deltas"":{""price"":0,""liquidity"":0,""volume"":0,""priceChange5mPct"":0,""priceChange1hPct"":0,""buyCount5m"":0,""sellCount5m"":0,""buySellRatio5m"":0,""uniqueSellers"":0,""uniqueBuyers"":0,""sellerAcceleration"":0,""coordinatedSellers"":0},""acceleration"":{""selling"":""stable"",""buyPressure"":""stable"",""volume"":""stable"",""liquidity"":""stable"",""price"":""stable"",""sellers"":""stable"",""coordination"":""stable""}}",ac640291921d9a94,[object Object],,000000000000000005ba9afd7c8321eb255dcfe10833145b,info
2026-09-29 19:46:02,"[jevsentinel] live action state {""action"":""CAUTION"",""stage"":""STABLE"",""riskScore"":2,""confidence"":0.8200000000000001,""reasons"":[""5m price deterioration ≤−20%""]}",73ed06b786c83771,[object Object],,000000000000000005ba9afd7c8321eb255dcfe10833145b,info
2026-09-29 19:46:02,"[jevsentinel] shadow prediction {""version"":1,""shadow"":true,""action"":""CAUTION"",""confidence"":0.5,""sampleCount"":3,""evidenceQuality"":""strong"",""sourceTrajectoryAction"":""CAUTION"",""reasons"":[""signals do not form a reliable forward setup""],""predictedAt"":""2026-09-29T22:46:02.252Z""}",b381efce8a8dd4ca,[object Object],,000000000000000005ba9afd7c8321eb255dcfe10833145b,info
2026-09-29 19:46:02,"[jevsentinel] decision input {""mint"":""2RFUG2WSvR3v4pGSGj5yNKiFrNM1EhyQWr4XvvHBpump"",""sourceCard"":""CW"",""evidenceGroups"":{""tokenIntegrity"":true,""holderStructure"":true,""creatorIntelligence"":false,""walletBehaviour"":true,""flowDynamics"":true,""marketDynamics"":true,""liquidityStructure"":true,""temporalIntelligence"":true,""historicalIntelligence"":true,""socialNarrative"":true,""alternativeExplanation"":true},""evidenceQuality"":""strong"",""providers"":{""token-research"":{""available"":true,""fieldCount"":29},""transfer-flow"":{""available"":true,""fieldCount"":13},""social-narrative"":{""available"":true,""fieldCount"":2}},""temporalSampleCount"":3}",dd8db0d0d33bf776,[object Object],,000000000000000005ba9afd7c8321eb255dcfe10833145b,info
2026-09-29 19:46:02,"[jevsentinel] trajectory state {""action"":""CAUTION"",""stage"":""STABLE"",""riskScore"":2,""confidence"":0.8200000000000001,""reasons"":[""5m price deterioration ≤−20%""]}",fb36842c206cfa9a,[object Object],,000000000000000005ba9afd7c8321eb255dcfe10833145b,info
2026-09-29 19:46:02,"[jevsentinel] temporal state {""priorSnapshotCount"":2,""currentSnapshot"":{""observedAt"":""2026-09-29T22:46:02.076Z"",""price"":0.00003305,""liquidity"":14658.7,""volume"":94109.96,""priceChange5mPct"":-31.51,""priceChange1hPct"":-31.51,""buyCount5m"":919,""sellCount5m"":761,""buySellRatio5m"":0.5470238095238096,""uniqueSellers"":0,""uniqueBuyers"":0,""sellerAcceleration"":0,""coordinatedSellers"":0,""sellUsd"":null,""buyUsd"":null,""sellerCount"":null},""sampleCount"":3,""deltas"":{""price"":0,""liquidity"":0,""volume"":0,""priceChange5mPct"":0,""priceChange1hPct"":0,""buyCount5m"":0,""sellCount5m"":0,""buySellRatio5m"":0,""uniqueSellers"":0,""uniqueBuyers"":0,""sellerAcceleration"":0,""coordinatedSellers"":0},""acceleration"":{""selling"":""stable"",""buyPressure"":""stable"",""volume"":""stable"",""liquidity"":""stable"",""price"":""stable"",""sellers"":""stable"",""coordination"":""stable""}}",a2e4ffc10b0160db,[object Object],,000000000000000005ba9afd7c8321eb255dcfe10833145b,info