"Time","Line","id","labels","streams","streamId","detected_level"
2026-09-27 04:00:25,"[jevsentinel-telegram] group message ignored {""chatId"":""-1004483915430"",""messageId"":9558,""reason"":""monitoring_off""}",cc3f48c70f32125e,[object Object],,000000000000000005ba9afd7c8321eb255dcfe10833145b,info
2026-09-27 04:00:25,"[jevsentinel-telegram] group message received {""chatId"":""-1004483915430"",""messageId"":9558,""configured"":true,""enabled"":false,""hasText"":true,""isEarlyEntry"":false,""textLength"":541}",3507c5d3e831a227,[object Object],,000000000000000005ba9afd7c8321eb255dcfe10833145b,info
2026-09-27 04:00:25,"[jevsentinel-telegram] updates received {""count"":1,""firstUpdateId"":562699595,""lastUpdateId"":562699595}",d1b1ffc1aed92ff5,[object Object],,000000000000000005ba9afd7c8321eb255dcfe10833145b,info
2026-09-27 03:55:29,"[jevsentinel-telegram] updates received {""count"":1,""firstUpdateId"":562699594,""lastUpdateId"":562699594}",6e1accc044e86163,[object Object],,000000000000000005ba9afd7c8321eb255dcfe10833145b,info
2026-09-27 03:44:16,"[jevsentinel-telegram] non-EARLY ENTRY group message ignored {""chatId"":""-1004483915430"",""messageId"":9555,""isEarlyEntry"":false}",4650677153c8726c,[object Object],,000000000000000005ba9afd7c8321eb255dcfe10833145b,info
2026-09-27 03:44:16,"[jevsentinel-telegram] group message received {""chatId"":""-1004483915430"",""messageId"":9555,""configured"":true,""enabled"":true,""hasText"":true,""isEarlyEntry"":false,""textLength"":543}",24a11d23f34e81c3,[object Object],,000000000000000005ba9afd7c8321eb255dcfe10833145b,info
2026-09-27 03:44:16,"[jevsentinel-telegram] updates received {""count"":1,""firstUpdateId"":562699593,""lastUpdateId"":562699593}",93bfbb78ae78384d,[object Object],,000000000000000005ba9afd7c8321eb255dcfe10833145b,info
2026-09-27 03:38:20,"[jevsentinel] live action state {""action"":""CAUTION"",""stage"":""STABLE"",""riskScore"":2,""confidence"":0.92,""reasons"":[""5m price deterioration ≤−20%""]}",2e94840857b365f5,[object Object],,000000000000000005ba9afd7c8321eb255dcfe10833145b,info
2026-09-27 03:38:20,"[jevsentinel] decision input {""mint"":""6p92UuCmdyd6MXRpsVVbSdrJoLkMYRPFGc7uREpGw47e"",""sourceCard"":""EARLY ENTRY EXPERIMENT"",""evidenceGroups"":{""tokenIntegrity"":true,""holderStructure"":true,""creatorIntelligence"":true,""walletBehaviour"":true,""flowDynamics"":true,""marketDynamics"":true,""liquidityStructure"":true,""temporalIntelligence"":true,""historicalIntelligence"":true,""alternativeExplanation"":true},""evidenceQuality"":""strong"",""providers"":{""token-research"":{""available"":true,""fieldCount"":30},""transfer-flow"":{""available"":true,""fieldCount"":13}},""temporalSampleCount"":31}",e5a33efb8a2036e6,[object Object],,000000000000000005ba9afd7c8321eb255dcfe10833145b,info
2026-09-27 03:38:20,"[jevsentinel] trajectory state {""action"":""CAUTION"",""stage"":""STABLE"",""riskScore"":2,""confidence"":0.92,""reasons"":[""5m price deterioration ≤−20%""]}",ed5b3d0e3ff378fa,[object Object],,000000000000000005ba9afd7c8321eb255dcfe10833145b,info
2026-09-27 03:38:20,"[jevsentinel] temporal state {""priorSnapshotCount"":30,""currentSnapshot"":{""observedAt"":""2026-09-27T06:38:20.676Z"",""price"":null,""liquidity"":null,""volume"":null,""priceChange5mPct"":null,""priceChange1hPct"":null,""buyCount5m"":null,""sellCount5m"":null,""buySellRatio5m"":null,""uniqueSellers"":0,""uniqueBuyers"":0,""sellerAcceleration"":0,""coordinatedSellers"":0,""sellUsd"":null,""buyUsd"":null,""sellerCount"":null},""sampleCount"":31,""deltas"":{""uniqueSellers"":0,""uniqueBuyers"":0,""sellerAcceleration"":0,""coordinatedSellers"":0},""acceleration"":{""selling"":""stable"",""buyPressure"":""stable"",""volume"":""stable"",""liquidity"":""stable"",""price"":""stable"",""sellers"":""stable"",""coordination"":""stable""}}",db5a010bd2f9eb03,[object Object],,000000000000000005ba9afd7c8321eb255dcfe10833145b,info
2026-09-27 03:38:14,"[jevsentinel-telegram] non-EARLY ENTRY group message ignored {""chatId"":""-1004483915430"",""messageId"":9553,""isEarlyEntry"":false}",927b1d14f183b222,[object Object],,000000000000000005ba9afd7c8321eb255dcfe10833145b,info
2026-09-27 03:38:14,"[jevsentinel-telegram] group message received {""chatId"":""-1004483915430"",""messageId"":9553,""configured"":true,""enabled"":true,""hasText"":true,""isEarlyEntry"":false,""textLength"":521}",d0c24fa5686ae222,[object Object],,000000000000000005ba9afd7c8321eb255dcfe10833145b,info
2026-09-27 03:38:14,"[jevsentinel-telegram] updates received {""count"":1,""firstUpdateId"":562699592,""lastUpdateId"":562699592}",bca54188d2f37461,[object Object],,000000000000000005ba9afd7c8321eb255dcfe10833145b,info
2026-09-27 03:38:09,"[jevsentinel] live action state {""action"":""CAUTION"",""stage"":""STABLE"",""riskScore"":2,""confidence"":0.92,""reasons"":[""5m price deterioration ≤−20%""]}",1757ba3bc6ab547c,[object Object],,000000000000000005ba9afd7c8321eb255dcfe10833145b,info
2026-09-27 03:38:09,"[jevsentinel] decision input {""mint"":""6p92UuCmdyd6MXRpsVVbSdrJoLkMYRPFGc7uREpGw47e"",""sourceCard"":""EARLY ENTRY EXPERIMENT"",""evidenceGroups"":{""tokenIntegrity"":true,""holderStructure"":true,""creatorIntelligence"":true,""walletBehaviour"":true,""flowDynamics"":true,""marketDynamics"":true,""liquidityStructure"":true,""temporalIntelligence"":true,""historicalIntelligence"":true,""alternativeExplanation"":true},""evidenceQuality"":""strong"",""providers"":{""token-research"":{""available"":true,""fieldCount"":30},""transfer-flow"":{""available"":true,""fieldCount"":13}},""temporalSampleCount"":30}",954b765086c9a2eb,[object Object],,000000000000000005ba9afd7c8321eb255dcfe10833145b,info
2026-09-27 03:38:09,"[jevsentinel] trajectory state {""action"":""CAUTION"",""stage"":""STABLE"",""riskScore"":2,""confidence"":0.92,""reasons"":[""5m price deterioration ≤−20%""]}",97d98845f051332c,[object Object],,000000000000000005ba9afd7c8321eb255dcfe10833145b,info
2026-09-27 03:38:09,"[jevsentinel] temporal state {""priorSnapshotCount"":29,""currentSnapshot"":{""observedAt"":""2026-09-27T06:38:09.674Z"",""price"":null,""liquidity"":null,""volume"":null,""priceChange5mPct"":null,""priceChange1hPct"":null,""buyCount5m"":null,""sellCount5m"":null,""buySellRatio5m"":null,""uniqueSellers"":0,""uniqueBuyers"":0,""sellerAcceleration"":0,""coordinatedSellers"":0,""sellUsd"":null,""buyUsd"":null,""sellerCount"":null},""sampleCount"":30,""deltas"":{""uniqueSellers"":0,""uniqueBuyers"":0,""sellerAcceleration"":0,""coordinatedSellers"":0},""acceleration"":{""selling"":""stable"",""buyPressure"":""stable"",""volume"":""stable"",""liquidity"":""stable"",""price"":""stable"",""sellers"":""stable"",""coordination"":""stable""}}",4feaa6bc7de38e25,[object Object],,000000000000000005ba9afd7c8321eb255dcfe10833145b,info
2026-09-27 03:37:58,"[jevsentinel] live action state {""action"":""CAUTION"",""stage"":""STABLE"",""riskScore"":2,""confidence"":0.92,""reasons"":[""5m price deterioration ≤−20%""]}",e8c186ee8d4f876f,[object Object],,000000000000000005ba9afd7c8321eb255dcfe10833145b,info
2026-09-27 03:37:58,"[jevsentinel] decision input {""mint"":""6p92UuCmdyd6MXRpsVVbSdrJoLkMYRPFGc7uREpGw47e"",""sourceCard"":""EARLY ENTRY EXPERIMENT"",""evidenceGroups"":{""tokenIntegrity"":true,""holderStructure"":true,""creatorIntelligence"":true,""walletBehaviour"":true,""flowDynamics"":true,""marketDynamics"":true,""liquidityStructure"":true,""temporalIntelligence"":true,""historicalIntelligence"":true,""alternativeExplanation"":true},""evidenceQuality"":""strong"",""providers"":{""token-research"":{""available"":true,""fieldCount"":30},""transfer-flow"":{""available"":true,""fieldCount"":13}},""temporalSampleCount"":29}",54d883b777910cbb,[object Object],,000000000000000005ba9afd7c8321eb255dcfe10833145b,info
2026-09-27 03:37:58,"[jevsentinel] trajectory state {""action"":""CAUTION"",""stage"":""STABLE"",""riskScore"":2,""confidence"":0.92,""reasons"":[""5m price deterioration ≤−20%""]}",5732d4886d1fcdb0,[object Object],,000000000000000005ba9afd7c8321eb255dcfe10833145b,info
2026-09-27 03:37:58,"[jevsentinel] temporal state {""priorSnapshotCount"":28,""currentSnapshot"":{""observedAt"":""2026-09-27T06:37:58.367Z"",""price"":null,""liquidity"":null,""volume"":null,""priceChange5mPct"":null,""priceChange1hPct"":null,""buyCount5m"":null,""sellCount5m"":null,""buySellRatio5m"":null,""uniqueSellers"":0,""uniqueBuyers"":0,""sellerAcceleration"":0,""coordinatedSellers"":0,""sellUsd"":null,""buyUsd"":null,""sellerCount"":null},""sampleCount"":29,""deltas"":{""uniqueSellers"":0,""uniqueBuyers"":0,""sellerAcceleration"":0,""coordinatedSellers"":0},""acceleration"":{""selling"":""stable"",""buyPressure"":""stable"",""volume"":""stable"",""liquidity"":""stable"",""price"":""stable"",""sellers"":""stable"",""coordination"":""stable""}}",90390be01392d21d,[object Object],,000000000000000005ba9afd7c8321eb255dcfe10833145b,info
2026-09-27 03:37:47,"[jevsentinel] live action state {""action"":""CAUTION"",""stage"":""STABLE"",""riskScore"":2,""confidence"":0.92,""reasons"":[""5m price deterioration ≤−20%""]}",d39d04bdae8e32c7,[object Object],,000000000000000005ba9afd7c8321eb255dcfe10833145b,info
2026-09-27 03:37:47,"[jevsentinel] decision input {""mint"":""6p92UuCmdyd6MXRpsVVbSdrJoLkMYRPFGc7uREpGw47e"",""sourceCard"":""EARLY ENTRY EXPERIMENT"",""evidenceGroups"":{""tokenIntegrity"":true,""holderStructure"":true,""creatorIntelligence"":true,""walletBehaviour"":true,""flowDynamics"":true,""marketDynamics"":true,""liquidityStructure"":true,""temporalIntelligence"":true,""historicalIntelligence"":true,""alternativeExplanation"":true},""evidenceQuality"":""strong"",""providers"":{""token-research"":{""available"":true,""fieldCount"":30},""transfer-flow"":{""available"":true,""fieldCount"":13}},""temporalSampleCount"":28}",86d03a70131fdddc,[object Object],,000000000000000005ba9afd7c8321eb255dcfe10833145b,info
2026-09-27 03:37:47,"[jevsentinel] trajectory state {""action"":""CAUTION"",""stage"":""STABLE"",""riskScore"":2,""confidence"":0.92,""reasons"":[""5m price deterioration ≤−20%""]}",1c2587da44232f9d,[object Object],,000000000000000005ba9afd7c8321eb255dcfe10833145b,info
2026-09-27 03:37:47,"[jevsentinel] temporal state {""priorSnapshotCount"":27,""currentSnapshot"":{""observedAt"":""2026-09-27T06:37:47.432Z"",""price"":null,""liquidity"":null,""volume"":null,""priceChange5mPct"":null,""priceChange1hPct"":null,""buyCount5m"":null,""sellCount5m"":null,""buySellRatio5m"":null,""uniqueSellers"":0,""uniqueBuyers"":0,""sellerAcceleration"":0,""coordinatedSellers"":0,""sellUsd"":null,""buyUsd"":null,""sellerCount"":null},""sampleCount"":28,""deltas"":{""uniqueSellers"":0,""uniqueBuyers"":0,""sellerAcceleration"":0,""coordinatedSellers"":0},""acceleration"":{""selling"":""stable"",""buyPressure"":""stable"",""volume"":""stable"",""liquidity"":""stable"",""price"":""stable"",""sellers"":""stable"",""coordination"":""stable""}}",a8cd30ed1104e5c0,[object Object],,000000000000000005ba9afd7c8321eb255dcfe10833145b,info
2026-09-27 03:37:47,"[jevsentinel] live action state {""action"":""HOLD"",""stage"":""STABLE"",""riskScore"":0,""confidence"":0.84,""reasons"":[]}",a998fd911de9ed4e,[object Object],,000000000000000005ba9afd7c8321eb255dcfe10833145b,info
2026-09-27 03:37:47,"[jevsentinel] decision input {""mint"":""hxy2Ls6SV2gMVHjWGSHgHAhyZZ2fGUTiZVgYcGXStox"",""sourceCard"":""EARLY ENTRY EXPERIMENT"",""evidenceGroups"":{""tokenIntegrity"":true,""holderStructure"":true,""creatorIntelligence"":true,""walletBehaviour"":true,""flowDynamics"":true,""marketDynamics"":true,""liquidityStructure"":true,""temporalIntelligence"":true,""historicalIntelligence"":true,""alternativeExplanation"":true},""evidenceQuality"":""strong"",""providers"":{""token-research"":{""available"":true,""fieldCount"":30},""transfer-flow"":{""available"":true,""fieldCount"":13}},""temporalSampleCount"":31}",cd90678cc6d42c03,[object Object],,000000000000000005ba9afd7c8321eb255dcfe10833145b,info
2026-09-27 03:37:47,"[jevsentinel] trajectory state {""action"":""HOLD"",""stage"":""STABLE"",""riskScore"":0,""confidence"":0.84,""reasons"":[]}",3c218a21c86eb735,[object Object],,000000000000000005ba9afd7c8321eb255dcfe10833145b,info
2026-09-27 03:37:47,"[jevsentinel] temporal state {""priorSnapshotCount"":30,""currentSnapshot"":{""observedAt"":""2026-09-27T06:37:47.145Z"",""price"":null,""liquidity"":null,""volume"":null,""priceChange5mPct"":null,""priceChange1hPct"":null,""buyCount5m"":null,""sellCount5m"":null,""buySellRatio5m"":null,""uniqueSellers"":0,""uniqueBuyers"":0,""sellerAcceleration"":0,""coordinatedSellers"":0,""sellUsd"":null,""buyUsd"":null,""sellerCount"":null},""sampleCount"":31,""deltas"":{""uniqueSellers"":0,""uniqueBuyers"":0,""sellerAcceleration"":0,""coordinatedSellers"":0},""acceleration"":{""selling"":""stable"",""buyPressure"":""stable"",""volume"":""stable"",""liquidity"":""stable"",""price"":""stable"",""sellers"":""stable"",""coordination"":""stable""}}",af9709e0a50555fc,[object Object],,000000000000000005ba9afd7c8321eb255dcfe10833145b,info
2026-09-27 03:37:36,"[jevsentinel] live action state {""action"":""SELL"",""stage"":""DISTRIBUTION"",""riskScore"":4,""confidence"":0.92,""reasons"":[""5m price deterioration ≤−40%""]}",b81af1714dd45a4e,[object Object],,000000000000000005ba9afd7c8321eb255dcfe10833145b,info
2026-09-27 03:37:36,"[jevsentinel] decision input {""mint"":""6p92UuCmdyd6MXRpsVVbSdrJoLkMYRPFGc7uREpGw47e"",""sourceCard"":""EARLY ENTRY EXPERIMENT"",""evidenceGroups"":{""tokenIntegrity"":true,""holderStructure"":true,""creatorIntelligence"":true,""walletBehaviour"":true,""flowDynamics"":true,""marketDynamics"":true,""liquidityStructure"":true,""temporalIntelligence"":true,""historicalIntelligence"":true,""alternativeExplanation"":true},""evidenceQuality"":""strong"",""providers"":{""token-research"":{""available"":true,""fieldCount"":30},""transfer-flow"":{""available"":true,""fieldCount"":13}},""temporalSampleCount"":27}",2dfb292a1b54afa,[object Object],,000000000000000005ba9afd7c8321eb255dcfe10833145b,info
2026-09-27 03:37:36,"[jevsentinel] trajectory state {""action"":""SELL"",""stage"":""DISTRIBUTION"",""riskScore"":4,""confidence"":0.92,""reasons"":[""5m price deterioration ≤−40%""]}",a7f5aa4e6483475,[object Object],,000000000000000005ba9afd7c8321eb255dcfe10833145b,info
2026-09-27 03:37:36,"[jevsentinel] temporal state {""priorSnapshotCount"":26,""currentSnapshot"":{""observedAt"":""2026-09-27T06:37:36.039Z"",""price"":null,""liquidity"":null,""volume"":null,""priceChange5mPct"":null,""priceChange1hPct"":null,""buyCount5m"":null,""sellCount5m"":null,""buySellRatio5m"":null,""uniqueSellers"":0,""uniqueBuyers"":0,""sellerAcceleration"":0,""coordinatedSellers"":0,""sellUsd"":null,""buyUsd"":null,""sellerCount"":null},""sampleCount"":27,""deltas"":{""uniqueSellers"":0,""uniqueBuyers"":0,""sellerAcceleration"":0,""coordinatedSellers"":0},""acceleration"":{""selling"":""stable"",""buyPressure"":""stable"",""volume"":""stable"",""liquidity"":""stable"",""price"":""stable"",""sellers"":""stable"",""coordination"":""stable""}}",ed25b779fe03c6e2,[object Object],,000000000000000005ba9afd7c8321eb255dcfe10833145b,info
2026-09-27 03:37:36,"[jevsentinel] live action state {""action"":""HOLD"",""stage"":""STABLE"",""riskScore"":0,""confidence"":0.84,""reasons"":[]}",d264d9b7ef555fb4,[object Object],,000000000000000005ba9afd7c8321eb255dcfe10833145b,info
2026-09-27 03:37:35,"[jevsentinel] decision input {""mint"":""hxy2Ls6SV2gMVHjWGSHgHAhyZZ2fGUTiZVgYcGXStox"",""sourceCard"":""EARLY ENTRY EXPERIMENT"",""evidenceGroups"":{""tokenIntegrity"":true,""holderStructure"":true,""creatorIntelligence"":true,""walletBehaviour"":true,""flowDynamics"":true,""marketDynamics"":true,""liquidityStructure"":true,""temporalIntelligence"":true,""historicalIntelligence"":true,""alternativeExplanation"":true},""evidenceQuality"":""strong"",""providers"":{""token-research"":{""available"":true,""fieldCount"":30},""transfer-flow"":{""available"":true,""fieldCount"":13}},""temporalSampleCount"":30}",68677e1f803e5606,[object Object],,000000000000000005ba9afd7c8321eb255dcfe10833145b,info
2026-09-27 03:37:35,"[jevsentinel] trajectory state {""action"":""HOLD"",""stage"":""STABLE"",""riskScore"":0,""confidence"":0.84,""reasons"":[]}",4c569a226c230830,[object Object],,000000000000000005ba9afd7c8321eb255dcfe10833145b,info
2026-09-27 03:37:35,"[jevsentinel] temporal state {""priorSnapshotCount"":29,""currentSnapshot"":{""observedAt"":""2026-09-27T06:37:35.815Z"",""price"":null,""liquidity"":null,""volume"":null,""priceChange5mPct"":null,""priceChange1hPct"":null,""buyCount5m"":null,""sellCount5m"":null,""buySellRatio5m"":null,""uniqueSellers"":0,""uniqueBuyers"":0,""sellerAcceleration"":0,""coordinatedSellers"":0,""sellUsd"":null,""buyUsd"":null,""sellerCount"":null},""sampleCount"":30,""deltas"":{""uniqueSellers"":0,""uniqueBuyers"":0,""sellerAcceleration"":0,""coordinatedSellers"":0},""acceleration"":{""selling"":""stable"",""buyPressure"":""stable"",""volume"":""stable"",""liquidity"":""stable"",""price"":""stable"",""sellers"":""stable"",""coordination"":""stable""}}",461f17e561f6099d,[object Object],,000000000000000005ba9afd7c8321eb255dcfe10833145b,info
2026-09-27 03:37:25,"[jevsentinel] live action state {""action"":""SELL"",""stage"":""DISTRIBUTION"",""riskScore"":4,""confidence"":0.92,""reasons"":[""5m price deterioration ≤−40%""]}",90275400f696b3f2,[object Object],,000000000000000005ba9afd7c8321eb255dcfe10833145b,info
2026-09-27 03:37:25,"[jevsentinel] decision input {""mint"":""6p92UuCmdyd6MXRpsVVbSdrJoLkMYRPFGc7uREpGw47e"",""sourceCard"":""EARLY ENTRY EXPERIMENT"",""evidenceGroups"":{""tokenIntegrity"":true,""holderStructure"":true,""creatorIntelligence"":true,""walletBehaviour"":true,""flowDynamics"":true,""marketDynamics"":true,""liquidityStructure"":true,""temporalIntelligence"":true,""historicalIntelligence"":true,""alternativeExplanation"":true},""evidenceQuality"":""strong"",""providers"":{""token-research"":{""available"":true,""fieldCount"":30},""transfer-flow"":{""available"":true,""fieldCount"":13}},""temporalSampleCount"":26}",5522006cc5ab054e,[object Object],,000000000000000005ba9afd7c8321eb255dcfe10833145b,info
2026-09-27 03:37:25,"[jevsentinel] trajectory state {""action"":""SELL"",""stage"":""DISTRIBUTION"",""riskScore"":4,""confidence"":0.92,""reasons"":[""5m price deterioration ≤−40%""]}",9ee7d553eb4ec77f,[object Object],,000000000000000005ba9afd7c8321eb255dcfe10833145b,info
2026-09-27 03:37:25,"[jevsentinel] temporal state {""priorSnapshotCount"":25,""currentSnapshot"":{""observedAt"":""2026-09-27T06:37:25.524Z"",""price"":null,""liquidity"":null,""volume"":null,""priceChange5mPct"":null,""priceChange1hPct"":null,""buyCount5m"":null,""sellCount5m"":null,""buySellRatio5m"":null,""uniqueSellers"":0,""uniqueBuyers"":0,""sellerAcceleration"":0,""coordinatedSellers"":0,""sellUsd"":null,""buyUsd"":null,""sellerCount"":null},""sampleCount"":26,""deltas"":{""uniqueSellers"":0,""uniqueBuyers"":0,""sellerAcceleration"":0,""coordinatedSellers"":0},""acceleration"":{""selling"":""stable"",""buyPressure"":""stable"",""volume"":""stable"",""liquidity"":""stable"",""price"":""stable"",""sellers"":""stable"",""coordination"":""stable""}}",64b88ec9afa4d3d2,[object Object],,000000000000000005ba9afd7c8321eb255dcfe10833145b,info
2026-09-27 03:37:25,"[jevsentinel] live action state {""action"":""HOLD"",""stage"":""STABLE"",""riskScore"":0,""confidence"":0.84,""reasons"":[]}",d7196cce146ed9cf,[object Object],,000000000000000005ba9afd7c8321eb255dcfe10833145b,info
2026-09-27 03:37:25,"[jevsentinel] decision input {""mint"":""hxy2Ls6SV2gMVHjWGSHgHAhyZZ2fGUTiZVgYcGXStox"",""sourceCard"":""EARLY ENTRY EXPERIMENT"",""evidenceGroups"":{""tokenIntegrity"":true,""holderStructure"":true,""creatorIntelligence"":true,""walletBehaviour"":true,""flowDynamics"":true,""marketDynamics"":true,""liquidityStructure"":true,""temporalIntelligence"":true,""historicalIntelligence"":true,""alternativeExplanation"":true},""evidenceQuality"":""strong"",""providers"":{""token-research"":{""available"":true,""fieldCount"":30},""transfer-flow"":{""available"":true,""fieldCount"":13}},""temporalSampleCount"":29}",147ae5eaafd0b01b,[object Object],,000000000000000005ba9afd7c8321eb255dcfe10833145b,info
2026-09-27 03:37:25,"[jevsentinel] trajectory state {""action"":""HOLD"",""stage"":""STABLE"",""riskScore"":0,""confidence"":0.84,""reasons"":[]}",2350a55502e96742,[object Object],,000000000000000005ba9afd7c8321eb255dcfe10833145b,info
2026-09-27 03:37:25,"[jevsentinel] temporal state {""priorSnapshotCount"":28,""currentSnapshot"":{""observedAt"":""2026-09-27T06:37:25.007Z"",""price"":null,""liquidity"":null,""volume"":null,""priceChange5mPct"":null,""priceChange1hPct"":null,""buyCount5m"":null,""sellCount5m"":null,""buySellRatio5m"":null,""uniqueSellers"":0,""uniqueBuyers"":0,""sellerAcceleration"":0,""coordinatedSellers"":0,""sellUsd"":null,""buyUsd"":null,""sellerCount"":null},""sampleCount"":29,""deltas"":{""uniqueSellers"":0,""uniqueBuyers"":0,""sellerAcceleration"":0,""coordinatedSellers"":0},""acceleration"":{""selling"":""stable"",""buyPressure"":""stable"",""volume"":""stable"",""liquidity"":""stable"",""price"":""stable"",""sellers"":""stable"",""coordination"":""stable""}}",ee5d7d6d88f376de,[object Object],,000000000000000005ba9afd7c8321eb255dcfe10833145b,info
2026-09-27 03:37:14,"[jevsentinel] live action state {""action"":""SELL"",""stage"":""DISTRIBUTION"",""riskScore"":4,""confidence"":0.92,""reasons"":[""5m price deterioration ≤−40%""]}",d6863d0d0bce77be,[object Object],,000000000000000005ba9afd7c8321eb255dcfe10833145b,info
2026-09-27 03:37:13,"[jevsentinel] decision input {""mint"":""6p92UuCmdyd6MXRpsVVbSdrJoLkMYRPFGc7uREpGw47e"",""sourceCard"":""EARLY ENTRY EXPERIMENT"",""evidenceGroups"":{""tokenIntegrity"":true,""holderStructure"":true,""creatorIntelligence"":true,""walletBehaviour"":true,""flowDynamics"":true,""marketDynamics"":true,""liquidityStructure"":true,""temporalIntelligence"":true,""historicalIntelligence"":true,""alternativeExplanation"":true},""evidenceQuality"":""strong"",""providers"":{""token-research"":{""available"":true,""fieldCount"":30},""transfer-flow"":{""available"":true,""fieldCount"":13}},""temporalSampleCount"":25}",a74150cfd8eb5838,[object Object],,000000000000000005ba9afd7c8321eb255dcfe10833145b,info
2026-09-27 03:37:13,"[jevsentinel] trajectory state {""action"":""SELL"",""stage"":""DISTRIBUTION"",""riskScore"":4,""confidence"":0.92,""reasons"":[""5m price deterioration ≤−40%""]}",77560eef75d071de,[object Object],,000000000000000005ba9afd7c8321eb255dcfe10833145b,info
2026-09-27 03:37:13,"[jevsentinel] temporal state {""priorSnapshotCount"":24,""currentSnapshot"":{""observedAt"":""2026-09-27T06:37:13.884Z"",""price"":null,""liquidity"":null,""volume"":null,""priceChange5mPct"":null,""priceChange1hPct"":null,""buyCount5m"":null,""sellCount5m"":null,""buySellRatio5m"":null,""uniqueSellers"":0,""uniqueBuyers"":0,""sellerAcceleration"":0,""coordinatedSellers"":0,""sellUsd"":null,""buyUsd"":null,""sellerCount"":null},""sampleCount"":25,""deltas"":{""uniqueSellers"":0,""uniqueBuyers"":0,""sellerAcceleration"":0,""coordinatedSellers"":0},""acceleration"":{""selling"":""stable"",""buyPressure"":""stable"",""volume"":""stable"",""liquidity"":""stable"",""price"":""stable"",""sellers"":""stable"",""coordination"":""stable""}}",d8ee08e1902d7a59,[object Object],,000000000000000005ba9afd7c8321eb255dcfe10833145b,info
2026-09-27 03:37:13,"[jevsentinel] live action state {""action"":""HOLD"",""stage"":""STABLE"",""riskScore"":0,""confidence"":0.84,""reasons"":[]}",4b2cf530f0a4e9f8,[object Object],,000000000000000005ba9afd7c8321eb255dcfe10833145b,info
2026-09-27 03:37:13,"[jevsentinel] decision input {""mint"":""hxy2Ls6SV2gMVHjWGSHgHAhyZZ2fGUTiZVgYcGXStox"",""sourceCard"":""EARLY ENTRY EXPERIMENT"",""evidenceGroups"":{""tokenIntegrity"":true,""holderStructure"":true,""creatorIntelligence"":true,""walletBehaviour"":true,""flowDynamics"":true,""marketDynamics"":true,""liquidityStructure"":true,""temporalIntelligence"":true,""historicalIntelligence"":true,""alternativeExplanation"":true},""evidenceQuality"":""strong"",""providers"":{""token-research"":{""available"":true,""fieldCount"":30},""transfer-flow"":{""available"":true,""fieldCount"":13}},""temporalSampleCount"":28}",bc0570999815f35f,[object Object],,000000000000000005ba9afd7c8321eb255dcfe10833145b,info
2026-09-27 03:37:13,"[jevsentinel] trajectory state {""action"":""HOLD"",""stage"":""STABLE"",""riskScore"":0,""confidence"":0.84,""reasons"":[]}",a05ac646f5dd4734,[object Object],,000000000000000005ba9afd7c8321eb255dcfe10833145b,info
2026-09-27 03:37:13,"[jevsentinel] temporal state {""priorSnapshotCount"":27,""currentSnapshot"":{""observedAt"":""2026-09-27T06:37:13.420Z"",""price"":null,""liquidity"":null,""volume"":null,""priceChange5mPct"":null,""priceChange1hPct"":null,""buyCount5m"":null,""sellCount5m"":null,""buySellRatio5m"":null,""uniqueSellers"":0,""uniqueBuyers"":0,""sellerAcceleration"":0,""coordinatedSellers"":0,""sellUsd"":null,""buyUsd"":null,""sellerCount"":null},""sampleCount"":28,""deltas"":{""uniqueSellers"":0,""uniqueBuyers"":0,""sellerAcceleration"":0,""coordinatedSellers"":0},""acceleration"":{""selling"":""stable"",""buyPressure"":""stable"",""volume"":""stable"",""liquidity"":""stable"",""price"":""stable"",""sellers"":""stable"",""coordination"":""stable""}}",cfc34f247cee1cae,[object Object],,000000000000000005ba9afd7c8321eb255dcfe10833145b,info
2026-09-27 03:37:03,"[jevsentinel] live action state {""action"":""SELL"",""stage"":""DISTRIBUTION"",""riskScore"":4,""confidence"":0.92,""reasons"":[""5m price deterioration ≤−40%""]}",ecc9e7e235e45037,[object Object],,000000000000000005ba9afd7c8321eb255dcfe10833145b,info
2026-09-27 03:37:03,"[jevsentinel] decision input {""mint"":""6p92UuCmdyd6MXRpsVVbSdrJoLkMYRPFGc7uREpGw47e"",""sourceCard"":""EARLY ENTRY EXPERIMENT"",""evidenceGroups"":{""tokenIntegrity"":true,""holderStructure"":true,""creatorIntelligence"":true,""walletBehaviour"":true,""flowDynamics"":true,""marketDynamics"":true,""liquidityStructure"":true,""temporalIntelligence"":true,""historicalIntelligence"":true,""alternativeExplanation"":true},""evidenceQuality"":""strong"",""providers"":{""token-research"":{""available"":true,""fieldCount"":30},""transfer-flow"":{""available"":true,""fieldCount"":13}},""temporalSampleCount"":24}",1f14a8f5eddff6f1,[object Object],,000000000000000005ba9afd7c8321eb255dcfe10833145b,info
2026-09-27 03:37:03,"[jevsentinel] trajectory state {""action"":""SELL"",""stage"":""DISTRIBUTION"",""riskScore"":4,""confidence"":0.92,""reasons"":[""5m price deterioration ≤−40%""]}",160265f30fd72a7a,[object Object],,000000000000000005ba9afd7c8321eb255dcfe10833145b,info
2026-09-27 03:37:03,"[jevsentinel] temporal state {""priorSnapshotCount"":23,""currentSnapshot"":{""observedAt"":""2026-09-27T06:37:03.193Z"",""price"":null,""liquidity"":null,""volume"":null,""priceChange5mPct"":null,""priceChange1hPct"":null,""buyCount5m"":null,""sellCount5m"":null,""buySellRatio5m"":null,""uniqueSellers"":0,""uniqueBuyers"":0,""sellerAcceleration"":0,""coordinatedSellers"":0,""sellUsd"":null,""buyUsd"":null,""sellerCount"":null},""sampleCount"":24,""deltas"":{""uniqueSellers"":0,""uniqueBuyers"":0,""sellerAcceleration"":0,""coordinatedSellers"":0},""acceleration"":{""selling"":""stable"",""buyPressure"":""stable"",""volume"":""stable"",""liquidity"":""stable"",""price"":""stable"",""sellers"":""stable"",""coordination"":""stable""}}",86e7dff6b6602dd9,[object Object],,000000000000000005ba9afd7c8321eb255dcfe10833145b,info
2026-09-27 03:37:03,"[jevsentinel] live action state {""action"":""HOLD"",""stage"":""STABLE"",""riskScore"":0,""confidence"":0.84,""reasons"":[]}",80adebb4df454d1e,[object Object],,000000000000000005ba9afd7c8321eb255dcfe10833145b,info
2026-09-27 03:37:02,"[jevsentinel] decision input {""mint"":""hxy2Ls6SV2gMVHjWGSHgHAhyZZ2fGUTiZVgYcGXStox"",""sourceCard"":""EARLY ENTRY EXPERIMENT"",""evidenceGroups"":{""tokenIntegrity"":true,""holderStructure"":true,""creatorIntelligence"":true,""walletBehaviour"":true,""flowDynamics"":true,""marketDynamics"":true,""liquidityStructure"":true,""temporalIntelligence"":true,""historicalIntelligence"":true,""alternativeExplanation"":true},""evidenceQuality"":""strong"",""providers"":{""token-research"":{""available"":true,""fieldCount"":30},""transfer-flow"":{""available"":true,""fieldCount"":13}},""temporalSampleCount"":27}",d9dfe53e004e0be3,[object Object],,000000000000000005ba9afd7c8321eb255dcfe10833145b,info
2026-09-27 03:37:02,"[jevsentinel] trajectory state {""action"":""HOLD"",""stage"":""STABLE"",""riskScore"":0,""confidence"":0.84,""reasons"":[]}",dbcc6fa9266216cc,[object Object],,000000000000000005ba9afd7c8321eb255dcfe10833145b,info
2026-09-27 03:37:02,"[jevsentinel] temporal state {""priorSnapshotCount"":26,""currentSnapshot"":{""observedAt"":""2026-09-27T06:37:02.899Z"",""price"":null,""liquidity"":null,""volume"":null,""priceChange5mPct"":null,""priceChange1hPct"":null,""buyCount5m"":null,""sellCount5m"":null,""buySellRatio5m"":null,""uniqueSellers"":0,""uniqueBuyers"":0,""sellerAcceleration"":0,""coordinatedSellers"":0,""sellUsd"":null,""buyUsd"":null,""sellerCount"":null},""sampleCount"":27,""deltas"":{""uniqueSellers"":0,""uniqueBuyers"":0,""sellerAcceleration"":0,""coordinatedSellers"":0},""acceleration"":{""selling"":""stable"",""buyPressure"":""stable"",""volume"":""stable"",""liquidity"":""stable"",""price"":""stable"",""sellers"":""stable"",""coordination"":""stable""}}",1ee98ba6a83cf421,[object Object],,000000000000000005ba9afd7c8321eb255dcfe10833145b,info
2026-09-27 03:36:51,"[jevsentinel] live action state {""action"":""SELL"",""stage"":""DISTRIBUTION"",""riskScore"":4,""confidence"":0.92,""reasons"":[""5m price deterioration ≤−40%""]}",8093315e857c7ba0,[object Object],,000000000000000005ba9afd7c8321eb255dcfe10833145b,info
2026-09-27 03:36:51,"[jevsentinel] live action state {""action"":""HOLD"",""stage"":""STABLE"",""riskScore"":0,""confidence"":0.84,""reasons"":[]}",6c3f5fd2cb5429b,[object Object],,000000000000000005ba9afd7c8321eb255dcfe10833145b,info
2026-09-27 03:36:51,"[jevsentinel] decision input {""mint"":""hxy2Ls6SV2gMVHjWGSHgHAhyZZ2fGUTiZVgYcGXStox"",""sourceCard"":""EARLY ENTRY EXPERIMENT"",""evidenceGroups"":{""tokenIntegrity"":true,""holderStructure"":true,""creatorIntelligence"":true,""walletBehaviour"":true,""flowDynamics"":true,""marketDynamics"":true,""liquidityStructure"":true,""temporalIntelligence"":true,""historicalIntelligence"":true,""alternativeExplanation"":true},""evidenceQuality"":""strong"",""providers"":{""token-research"":{""available"":true,""fieldCount"":30},""transfer-flow"":{""available"":true,""fieldCount"":13}},""temporalSampleCount"":26}",10e6ca5955e76968,[object Object],,000000000000000005ba9afd7c8321eb255dcfe10833145b,info
2026-09-27 03:36:51,"[jevsentinel] trajectory state {""action"":""HOLD"",""stage"":""STABLE"",""riskScore"":0,""confidence"":0.84,""reasons"":[]}",73e7bb6e4da1b0a0,[object Object],,000000000000000005ba9afd7c8321eb255dcfe10833145b,info
2026-09-27 03:36:51,"[jevsentinel] temporal state {""priorSnapshotCount"":25,""currentSnapshot"":{""observedAt"":""2026-09-27T06:36:51.749Z"",""price"":null,""liquidity"":null,""volume"":null,""priceChange5mPct"":null,""priceChange1hPct"":null,""buyCount5m"":null,""sellCount5m"":null,""buySellRatio5m"":null,""uniqueSellers"":0,""uniqueBuyers"":0,""sellerAcceleration"":0,""coordinatedSellers"":0,""sellUsd"":null,""buyUsd"":null,""sellerCount"":null},""sampleCount"":26,""deltas"":{""uniqueSellers"":0,""uniqueBuyers"":0,""sellerAcceleration"":0,""coordinatedSellers"":0},""acceleration"":{""selling"":""stable"",""buyPressure"":""stable"",""volume"":""stable"",""liquidity"":""stable"",""price"":""stable"",""sellers"":""stable"",""coordination"":""stable""}}",f69535e6c1def0c0,[object Object],,000000000000000005ba9afd7c8321eb255dcfe10833145b,info
2026-09-27 03:36:51,"[jevsentinel] decision input {""mint"":""6p92UuCmdyd6MXRpsVVbSdrJoLkMYRPFGc7uREpGw47e"",""sourceCard"":""EARLY ENTRY EXPERIMENT"",""evidenceGroups"":{""tokenIntegrity"":true,""holderStructure"":true,""creatorIntelligence"":true,""walletBehaviour"":true,""flowDynamics"":true,""marketDynamics"":true,""liquidityStructure"":true,""temporalIntelligence"":true,""historicalIntelligence"":true,""alternativeExplanation"":true},""evidenceQuality"":""strong"",""providers"":{""token-research"":{""available"":true,""fieldCount"":30},""transfer-flow"":{""available"":true,""fieldCount"":13}},""temporalSampleCount"":23}",a62709381c9fc04d,[object Object],,000000000000000005ba9afd7c8321eb255dcfe10833145b,info
2026-09-27 03:36:51,"[jevsentinel] trajectory state {""action"":""SELL"",""stage"":""DISTRIBUTION"",""riskScore"":4,""confidence"":0.92,""reasons"":[""5m price deterioration ≤−40%""]}",2510fa23d257173c,[object Object],,000000000000000005ba9afd7c8321eb255dcfe10833145b,info
2026-09-27 03:36:51,"[jevsentinel] temporal state {""priorSnapshotCount"":22,""currentSnapshot"":{""observedAt"":""2026-09-27T06:36:51.723Z"",""price"":null,""liquidity"":null,""volume"":null,""priceChange5mPct"":null,""priceChange1hPct"":null,""buyCount5m"":null,""sellCount5m"":null,""buySellRatio5m"":null,""uniqueSellers"":0,""uniqueBuyers"":0,""sellerAcceleration"":0,""coordinatedSellers"":0,""sellUsd"":null,""buyUsd"":null,""sellerCount"":null},""sampleCount"":23,""deltas"":{""uniqueSellers"":0,""uniqueBuyers"":0,""sellerAcceleration"":0,""coordinatedSellers"":0},""acceleration"":{""selling"":""stable"",""buyPressure"":""stable"",""volume"":""stable"",""liquidity"":""stable"",""price"":""stable"",""sellers"":""stable"",""coordination"":""stable""}}",415a4159f46d6e96,[object Object],,000000000000000005ba9afd7c8321eb255dcfe10833145b,info
2026-09-27 03:36:41,"[jevsentinel] live action state {""action"":""SELL"",""stage"":""DISTRIBUTION"",""riskScore"":4,""confidence"":0.92,""reasons"":[""5m price deterioration ≤−40%""]}",ff700566cfb593eb,[object Object],,000000000000000005ba9afd7c8321eb255dcfe10833145b,info
2026-09-27 03:36:41,"[jevsentinel] decision input {""mint"":""6p92UuCmdyd6MXRpsVVbSdrJoLkMYRPFGc7uREpGw47e"",""sourceCard"":""EARLY ENTRY EXPERIMENT"",""evidenceGroups"":{""tokenIntegrity"":true,""holderStructure"":true,""creatorIntelligence"":true,""walletBehaviour"":true,""flowDynamics"":true,""marketDynamics"":true,""liquidityStructure"":true,""temporalIntelligence"":true,""historicalIntelligence"":true,""alternativeExplanation"":true},""evidenceQuality"":""strong"",""providers"":{""token-research"":{""available"":true,""fieldCount"":30},""transfer-flow"":{""available"":true,""fieldCount"":13}},""temporalSampleCount"":22}",eac3e2eae426557b,[object Object],,000000000000000005ba9afd7c8321eb255dcfe10833145b,info
2026-09-27 03:36:41,"[jevsentinel] trajectory state {""action"":""SELL"",""stage"":""DISTRIBUTION"",""riskScore"":4,""confidence"":0.92,""reasons"":[""5m price deterioration ≤−40%""]}",b016839d9c2509bb,[object Object],,000000000000000005ba9afd7c8321eb255dcfe10833145b,info
2026-09-27 03:36:41,"[jevsentinel] temporal state {""priorSnapshotCount"":21,""currentSnapshot"":{""observedAt"":""2026-09-27T06:36:41.051Z"",""price"":null,""liquidity"":null,""volume"":null,""priceChange5mPct"":null,""priceChange1hPct"":null,""buyCount5m"":null,""sellCount5m"":null,""buySellRatio5m"":null,""uniqueSellers"":0,""uniqueBuyers"":0,""sellerAcceleration"":0,""coordinatedSellers"":0,""sellUsd"":null,""buyUsd"":null,""sellerCount"":null},""sampleCount"":22,""deltas"":{""uniqueSellers"":0,""uniqueBuyers"":0,""sellerAcceleration"":0,""coordinatedSellers"":0},""acceleration"":{""selling"":""stable"",""buyPressure"":""stable"",""volume"":""stable"",""liquidity"":""stable"",""price"":""stable"",""sellers"":""stable"",""coordination"":""stable""}}",4183e769aaf37d14,[object Object],,000000000000000005ba9afd7c8321eb255dcfe10833145b,info
2026-09-27 03:36:40,"[jevsentinel] live action state {""action"":""HOLD"",""stage"":""STABLE"",""riskScore"":0,""confidence"":0.84,""reasons"":[]}",df75d3f8c741b691,[object Object],,000000000000000005ba9afd7c8321eb255dcfe10833145b,info
2026-09-27 03:36:40,"[jevsentinel] decision input {""mint"":""hxy2Ls6SV2gMVHjWGSHgHAhyZZ2fGUTiZVgYcGXStox"",""sourceCard"":""EARLY ENTRY EXPERIMENT"",""evidenceGroups"":{""tokenIntegrity"":true,""holderStructure"":true,""creatorIntelligence"":true,""walletBehaviour"":true,""flowDynamics"":true,""marketDynamics"":true,""liquidityStructure"":true,""temporalIntelligence"":true,""historicalIntelligence"":true,""alternativeExplanation"":true},""evidenceQuality"":""strong"",""providers"":{""token-research"":{""available"":true,""fieldCount"":30},""transfer-flow"":{""available"":true,""fieldCount"":13}},""temporalSampleCount"":25}",193f7c3901d4bdf8,[object Object],,000000000000000005ba9afd7c8321eb255dcfe10833145b,info
2026-09-27 03:36:40,"[jevsentinel] trajectory state {""action"":""HOLD"",""stage"":""STABLE"",""riskScore"":0,""confidence"":0.84,""reasons"":[]}",1b326befed352470,[object Object],,000000000000000005ba9afd7c8321eb255dcfe10833145b,info
2026-09-27 03:36:40,"[jevsentinel] temporal state {""priorSnapshotCount"":24,""currentSnapshot"":{""observedAt"":""2026-09-27T06:36:40.719Z"",""price"":null,""liquidity"":null,""volume"":null,""priceChange5mPct"":null,""priceChange1hPct"":null,""buyCount5m"":null,""sellCount5m"":null,""buySellRatio5m"":null,""uniqueSellers"":0,""uniqueBuyers"":0,""sellerAcceleration"":0,""coordinatedSellers"":0,""sellUsd"":null,""buyUsd"":null,""sellerCount"":null},""sampleCount"":25,""deltas"":{""uniqueSellers"":0,""uniqueBuyers"":0,""sellerAcceleration"":0,""coordinatedSellers"":0},""acceleration"":{""selling"":""stable"",""buyPressure"":""stable"",""volume"":""stable"",""liquidity"":""stable"",""price"":""stable"",""sellers"":""stable"",""coordination"":""stable""}}",b3616e3392e235a5,[object Object],,000000000000000005ba9afd7c8321eb255dcfe10833145b,info
2026-09-27 03:36:30,"[jevsentinel] live action state {""action"":""HOLD"",""stage"":""STABLE"",""riskScore"":0,""confidence"":0.84,""reasons"":[]}",714ae884ef43e0ea,[object Object],,000000000000000005ba9afd7c8321eb255dcfe10833145b,info
2026-09-27 03:36:29,"[jevsentinel] live action state {""action"":""CAUTION"",""stage"":""STABLE"",""riskScore"":2,""confidence"":0.92,""reasons"":[""5m price deterioration ≤−20%""]}",39d082f427f75d5,[object Object],,000000000000000005ba9afd7c8321eb255dcfe10833145b,info
2026-09-27 03:36:29,"[jevsentinel] decision input {""mint"":""hxy2Ls6SV2gMVHjWGSHgHAhyZZ2fGUTiZVgYcGXStox"",""sourceCard"":""EARLY ENTRY EXPERIMENT"",""evidenceGroups"":{""tokenIntegrity"":true,""holderStructure"":true,""creatorIntelligence"":true,""walletBehaviour"":true,""flowDynamics"":true,""marketDynamics"":true,""liquidityStructure"":true,""temporalIntelligence"":true,""historicalIntelligence"":true,""alternativeExplanation"":true},""evidenceQuality"":""strong"",""providers"":{""token-research"":{""available"":true,""fieldCount"":30},""transfer-flow"":{""available"":true,""fieldCount"":13}},""temporalSampleCount"":24}",bc8db457e4aa024d,[object Object],,000000000000000005ba9afd7c8321eb255dcfe10833145b,info
2026-09-27 03:36:29,"[jevsentinel] trajectory state {""action"":""HOLD"",""stage"":""STABLE"",""riskScore"":0,""confidence"":0.84,""reasons"":[]}",16c837f1c995d399,[object Object],,000000000000000005ba9afd7c8321eb255dcfe10833145b,info
2026-09-27 03:36:29,"[jevsentinel] temporal state {""priorSnapshotCount"":23,""currentSnapshot"":{""observedAt"":""2026-09-27T06:36:29.814Z"",""price"":null,""liquidity"":null,""volume"":null,""priceChange5mPct"":null,""priceChange1hPct"":null,""buyCount5m"":null,""sellCount5m"":null,""buySellRatio5m"":null,""uniqueSellers"":0,""uniqueBuyers"":0,""sellerAcceleration"":0,""coordinatedSellers"":0,""sellUsd"":null,""buyUsd"":null,""sellerCount"":null},""sampleCount"":24,""deltas"":{""uniqueSellers"":0,""uniqueBuyers"":0,""sellerAcceleration"":0,""coordinatedSellers"":0},""acceleration"":{""selling"":""stable"",""buyPressure"":""stable"",""volume"":""stable"",""liquidity"":""stable"",""price"":""stable"",""sellers"":""stable"",""coordination"":""stable""}}",5b5f671826fc697d,[object Object],,000000000000000005ba9afd7c8321eb255dcfe10833145b,info
2026-09-27 03:36:29,"[jevsentinel] decision input {""mint"":""6p92UuCmdyd6MXRpsVVbSdrJoLkMYRPFGc7uREpGw47e"",""sourceCard"":""EARLY ENTRY EXPERIMENT"",""evidenceGroups"":{""tokenIntegrity"":true,""holderStructure"":true,""creatorIntelligence"":true,""walletBehaviour"":true,""flowDynamics"":true,""marketDynamics"":true,""liquidityStructure"":true,""temporalIntelligence"":true,""historicalIntelligence"":true,""alternativeExplanation"":true},""evidenceQuality"":""strong"",""providers"":{""token-research"":{""available"":true,""fieldCount"":30},""transfer-flow"":{""available"":true,""fieldCount"":13}},""temporalSampleCount"":21}",9baae4d0b0dcd933,[object Object],,000000000000000005ba9afd7c8321eb255dcfe10833145b,info
2026-09-27 03:36:29,"[jevsentinel] trajectory state {""action"":""CAUTION"",""stage"":""STABLE"",""riskScore"":2,""confidence"":0.92,""reasons"":[""5m price deterioration ≤−20%""]}",15b7048103f1f2e2,[object Object],,000000000000000005ba9afd7c8321eb255dcfe10833145b,info
2026-09-27 03:36:29,"[jevsentinel] temporal state {""priorSnapshotCount"":20,""currentSnapshot"":{""observedAt"":""2026-09-27T06:36:29.749Z"",""price"":null,""liquidity"":null,""volume"":null,""priceChange5mPct"":null,""priceChange1hPct"":null,""buyCount5m"":null,""sellCount5m"":null,""buySellRatio5m"":null,""uniqueSellers"":0,""uniqueBuyers"":0,""sellerAcceleration"":0,""coordinatedSellers"":0,""sellUsd"":null,""buyUsd"":null,""sellerCount"":null},""sampleCount"":21,""deltas"":{""uniqueSellers"":0,""uniqueBuyers"":0,""sellerAcceleration"":0,""coordinatedSellers"":0},""acceleration"":{""selling"":""stable"",""buyPressure"":""stable"",""volume"":""stable"",""liquidity"":""stable"",""price"":""stable"",""sellers"":""stable"",""coordination"":""stable""}}",4409cfbaa9cea220,[object Object],,000000000000000005ba9afd7c8321eb255dcfe10833145b,info
2026-09-27 03:36:19,"[jevsentinel] live action state {""action"":""CAUTION"",""stage"":""STABLE"",""riskScore"":2,""confidence"":0.92,""reasons"":[""5m price deterioration ≤−20%""]}",81b74e67deb1e351,[object Object],,000000000000000005ba9afd7c8321eb255dcfe10833145b,info
2026-09-27 03:36:19,"[jevsentinel] live action state {""action"":""HOLD"",""stage"":""STABLE"",""riskScore"":0,""confidence"":0.84,""reasons"":[]}",6099f48e6f81bba6,[object Object],,000000000000000005ba9afd7c8321eb255dcfe10833145b,info
2026-09-27 03:36:19,"[jevsentinel] decision input {""mint"":""6p92UuCmdyd6MXRpsVVbSdrJoLkMYRPFGc7uREpGw47e"",""sourceCard"":""EARLY ENTRY EXPERIMENT"",""evidenceGroups"":{""tokenIntegrity"":true,""holderStructure"":true,""creatorIntelligence"":true,""walletBehaviour"":true,""flowDynamics"":true,""marketDynamics"":true,""liquidityStructure"":true,""temporalIntelligence"":true,""historicalIntelligence"":true,""alternativeExplanation"":true},""evidenceQuality"":""strong"",""providers"":{""token-research"":{""available"":true,""fieldCount"":30},""transfer-flow"":{""available"":true,""fieldCount"":13}},""temporalSampleCount"":20}",d8938cf91f7af68,[object Object],,000000000000000005ba9afd7c8321eb255dcfe10833145b,info
2026-09-27 03:36:19,"[jevsentinel] trajectory state {""action"":""CAUTION"",""stage"":""STABLE"",""riskScore"":2,""confidence"":0.92,""reasons"":[""5m price deterioration ≤−20%""]}",6879acf3fad9688e,[object Object],,000000000000000005ba9afd7c8321eb255dcfe10833145b,info
2026-09-27 03:36:19,"[jevsentinel] temporal state {""priorSnapshotCount"":19,""currentSnapshot"":{""observedAt"":""2026-09-27T06:36:19.003Z"",""price"":null,""liquidity"":null,""volume"":null,""priceChange5mPct"":null,""priceChange1hPct"":null,""buyCount5m"":null,""sellCount5m"":null,""buySellRatio5m"":null,""uniqueSellers"":0,""uniqueBuyers"":0,""sellerAcceleration"":0,""coordinatedSellers"":0,""sellUsd"":null,""buyUsd"":null,""sellerCount"":null},""sampleCount"":20,""deltas"":{""uniqueSellers"":0,""uniqueBuyers"":0,""sellerAcceleration"":0,""coordinatedSellers"":0},""acceleration"":{""selling"":""stable"",""buyPressure"":""stable"",""volume"":""stable"",""liquidity"":""stable"",""price"":""stable"",""sellers"":""stable"",""coordination"":""stable""}}",82e03c62e8cb4797,[object Object],,000000000000000005ba9afd7c8321eb255dcfe10833145b,info
2026-09-27 03:36:18,"[jevsentinel] decision input {""mint"":""hxy2Ls6SV2gMVHjWGSHgHAhyZZ2fGUTiZVgYcGXStox"",""sourceCard"":""EARLY ENTRY EXPERIMENT"",""evidenceGroups"":{""tokenIntegrity"":true,""holderStructure"":true,""creatorIntelligence"":true,""walletBehaviour"":true,""flowDynamics"":true,""marketDynamics"":true,""liquidityStructure"":true,""temporalIntelligence"":true,""historicalIntelligence"":true,""alternativeExplanation"":true},""evidenceQuality"":""strong"",""providers"":{""token-research"":{""available"":true,""fieldCount"":30},""transfer-flow"":{""available"":true,""fieldCount"":13}},""temporalSampleCount"":23}",7201656c664ce4c5,[object Object],,000000000000000005ba9afd7c8321eb255dcfe10833145b,info
2026-09-27 03:36:18,"[jevsentinel] trajectory state {""action"":""HOLD"",""stage"":""STABLE"",""riskScore"":0,""confidence"":0.84,""reasons"":[]}",b3d198744dad0dd8,[object Object],,000000000000000005ba9afd7c8321eb255dcfe10833145b,info
2026-09-27 03:36:18,"[jevsentinel] temporal state {""priorSnapshotCount"":22,""currentSnapshot"":{""observedAt"":""2026-09-27T06:36:18.891Z"",""price"":null,""liquidity"":null,""volume"":null,""priceChange5mPct"":null,""priceChange1hPct"":null,""buyCount5m"":null,""sellCount5m"":null,""buySellRatio5m"":null,""uniqueSellers"":0,""uniqueBuyers"":0,""sellerAcceleration"":0,""coordinatedSellers"":0,""sellUsd"":null,""buyUsd"":null,""sellerCount"":null},""sampleCount"":23,""deltas"":{""uniqueSellers"":0,""uniqueBuyers"":0,""sellerAcceleration"":0,""coordinatedSellers"":0},""acceleration"":{""selling"":""stable"",""buyPressure"":""stable"",""volume"":""stable"",""liquidity"":""stable"",""price"":""stable"",""sellers"":""stable"",""coordination"":""stable""}}",204921923a578ecc,[object Object],,000000000000000005ba9afd7c8321eb255dcfe10833145b,info
2026-09-27 03:36:07,"[jevsentinel] live action state {""action"":""HOLD"",""stage"":""STABLE"",""riskScore"":0,""confidence"":0.84,""reasons"":[]}",5d8d0b6b1efcc56f,[object Object],,000000000000000005ba9afd7c8321eb255dcfe10833145b,info
2026-09-27 03:36:07,"[jevsentinel] live action state {""action"":""CAUTION"",""stage"":""STABLE"",""riskScore"":2,""confidence"":0.92,""reasons"":[""5m price deterioration ≤−20%""]}",56f5e782c77fff90,[object Object],,000000000000000005ba9afd7c8321eb255dcfe10833145b,info
2026-09-27 03:36:07,"[jevsentinel] decision input {""mint"":""hxy2Ls6SV2gMVHjWGSHgHAhyZZ2fGUTiZVgYcGXStox"",""sourceCard"":""EARLY ENTRY EXPERIMENT"",""evidenceGroups"":{""tokenIntegrity"":true,""holderStructure"":true,""creatorIntelligence"":true,""walletBehaviour"":true,""flowDynamics"":true,""marketDynamics"":true,""liquidityStructure"":true,""temporalIntelligence"":true,""historicalIntelligence"":true,""alternativeExplanation"":true},""evidenceQuality"":""strong"",""providers"":{""token-research"":{""available"":true,""fieldCount"":30},""transfer-flow"":{""available"":true,""fieldCount"":13}},""temporalSampleCount"":22}",ed2dc6b4aa5106ac,[object Object],,000000000000000005ba9afd7c8321eb255dcfe10833145b,info
2026-09-27 03:36:07,"[jevsentinel] trajectory state {""action"":""HOLD"",""stage"":""STABLE"",""riskScore"":0,""confidence"":0.84,""reasons"":[]}",469d53c5254f56fd,[object Object],,000000000000000005ba9afd7c8321eb255dcfe10833145b,info
2026-09-27 03:36:07,"[jevsentinel] temporal state {""priorSnapshotCount"":21,""currentSnapshot"":{""observedAt"":""2026-09-27T06:36:07.714Z"",""price"":null,""liquidity"":null,""volume"":null,""priceChange5mPct"":null,""priceChange1hPct"":null,""buyCount5m"":null,""sellCount5m"":null,""buySellRatio5m"":null,""uniqueSellers"":0,""uniqueBuyers"":0,""sellerAcceleration"":0,""coordinatedSellers"":0,""sellUsd"":null,""buyUsd"":null,""sellerCount"":null},""sampleCount"":22,""deltas"":{""uniqueSellers"":0,""uniqueBuyers"":0,""sellerAcceleration"":0,""coordinatedSellers"":0},""acceleration"":{""selling"":""stable"",""buyPressure"":""stable"",""volume"":""stable"",""liquidity"":""stable"",""price"":""stable"",""sellers"":""stable"",""coordination"":""stable""}}",771f24a85575516f,[object Object],,000000000000000005ba9afd7c8321eb255dcfe10833145b,info
2026-09-27 03:36:07,"[jevsentinel] decision input {""mint"":""6p92UuCmdyd6MXRpsVVbSdrJoLkMYRPFGc7uREpGw47e"",""sourceCard"":""EARLY ENTRY EXPERIMENT"",""evidenceGroups"":{""tokenIntegrity"":true,""holderStructure"":true,""creatorIntelligence"":true,""walletBehaviour"":true,""flowDynamics"":true,""marketDynamics"":true,""liquidityStructure"":true,""temporalIntelligence"":true,""historicalIntelligence"":true,""alternativeExplanation"":true},""evidenceQuality"":""strong"",""providers"":{""token-research"":{""available"":true,""fieldCount"":30},""transfer-flow"":{""available"":true,""fieldCount"":13}},""temporalSampleCount"":19}",65011e85250286b3,[object Object],,000000000000000005ba9afd7c8321eb255dcfe10833145b,info
2026-09-27 03:36:07,"[jevsentinel] trajectory state {""action"":""CAUTION"",""stage"":""STABLE"",""riskScore"":2,""confidence"":0.92,""reasons"":[""5m price deterioration ≤−20%""]}",e12541aa560fbad1,[object Object],,000000000000000005ba9afd7c8321eb255dcfe10833145b,info
2026-09-27 03:36:07,"[jevsentinel] temporal state {""priorSnapshotCount"":18,""currentSnapshot"":{""observedAt"":""2026-09-27T06:36:07.494Z"",""price"":null,""liquidity"":null,""volume"":null,""priceChange5mPct"":null,""priceChange1hPct"":null,""buyCount5m"":null,""sellCount5m"":null,""buySellRatio5m"":null,""uniqueSellers"":0,""uniqueBuyers"":0,""sellerAcceleration"":0,""coordinatedSellers"":0,""sellUsd"":null,""buyUsd"":null,""sellerCount"":null},""sampleCount"":19,""deltas"":{""uniqueSellers"":0,""uniqueBuyers"":0,""sellerAcceleration"":0,""coordinatedSellers"":0},""acceleration"":{""selling"":""stable"",""buyPressure"":""stable"",""volume"":""stable"",""liquidity"":""stable"",""price"":""stable"",""sellers"":""stable"",""coordination"":""stable""}}",3dd400055c5d6f33,[object Object],,000000000000000005ba9afd7c8321eb255dcfe10833145b,info
2026-09-27 03:35:57,"[jevsentinel] live action state {""action"":""HOLD"",""stage"":""STABLE"",""riskScore"":0,""confidence"":0.84,""reasons"":[]}",c36b5bf70d02d24d,[object Object],,000000000000000005ba9afd7c8321eb255dcfe10833145b,info
2026-09-27 03:35:56,"[jevsentinel] decision input {""mint"":""hxy2Ls6SV2gMVHjWGSHgHAhyZZ2fGUTiZVgYcGXStox"",""sourceCard"":""EARLY ENTRY EXPERIMENT"",""evidenceGroups"":{""tokenIntegrity"":true,""holderStructure"":true,""creatorIntelligence"":true,""walletBehaviour"":true,""flowDynamics"":true,""marketDynamics"":true,""liquidityStructure"":true,""temporalIntelligence"":true,""historicalIntelligence"":true,""alternativeExplanation"":true},""evidenceQuality"":""strong"",""providers"":{""token-research"":{""available"":true,""fieldCount"":30},""transfer-flow"":{""available"":true,""fieldCount"":13}},""temporalSampleCount"":21}",188457a6cf5729bb,[object Object],,000000000000000005ba9afd7c8321eb255dcfe10833145b,info
2026-09-27 03:35:56,"[jevsentinel] trajectory state {""action"":""HOLD"",""stage"":""STABLE"",""riskScore"":0,""confidence"":0.84,""reasons"":[]}",bc1dbd65a5ee15e0,[object Object],,000000000000000005ba9afd7c8321eb255dcfe10833145b,info
2026-09-27 03:35:56,"[jevsentinel] temporal state {""priorSnapshotCount"":20,""currentSnapshot"":{""observedAt"":""2026-09-27T06:35:56.955Z"",""price"":null,""liquidity"":null,""volume"":null,""priceChange5mPct"":null,""priceChange1hPct"":null,""buyCount5m"":null,""sellCount5m"":null,""buySellRatio5m"":null,""uniqueSellers"":0,""uniqueBuyers"":0,""sellerAcceleration"":0,""coordinatedSellers"":0,""sellUsd"":null,""buyUsd"":null,""sellerCount"":null},""sampleCount"":21,""deltas"":{""uniqueSellers"":0,""uniqueBuyers"":0,""sellerAcceleration"":0,""coordinatedSellers"":0},""acceleration"":{""selling"":""stable"",""buyPressure"":""stable"",""volume"":""stable"",""liquidity"":""stable"",""price"":""stable"",""sellers"":""stable"",""coordination"":""stable""}}",a16b34d3d4f723b8,[object Object],,000000000000000005ba9afd7c8321eb255dcfe10833145b,info
2026-09-27 03:35:56,"[jevsentinel] live action state {""action"":""CAUTION"",""stage"":""STABLE"",""riskScore"":2,""confidence"":0.92,""reasons"":[""5m price deterioration ≤−20%""]}",33107dba3b1a3fee,[object Object],,000000000000000005ba9afd7c8321eb255dcfe10833145b,info
2026-09-27 03:35:56,"[jevsentinel] decision input {""mint"":""6p92UuCmdyd6MXRpsVVbSdrJoLkMYRPFGc7uREpGw47e"",""sourceCard"":""EARLY ENTRY EXPERIMENT"",""evidenceGroups"":{""tokenIntegrity"":true,""holderStructure"":true,""creatorIntelligence"":true,""walletBehaviour"":true,""flowDynamics"":true,""marketDynamics"":true,""liquidityStructure"":true,""temporalIntelligence"":true,""historicalIntelligence"":true,""alternativeExplanation"":true},""evidenceQuality"":""strong"",""providers"":{""token-research"":{""available"":true,""fieldCount"":30},""transfer-flow"":{""available"":true,""fieldCount"":13}},""temporalSampleCount"":18}",b93b493a14e29e97,[object Object],,000000000000000005ba9afd7c8321eb255dcfe10833145b,info
2026-09-27 03:35:56,"[jevsentinel] trajectory state {""action"":""CAUTION"",""stage"":""STABLE"",""riskScore"":2,""confidence"":0.92,""reasons"":[""5m price deterioration ≤−20%""]}",6c72f9a6d9194676,[object Object],,000000000000000005ba9afd7c8321eb255dcfe10833145b,info
2026-09-27 03:35:56,"[jevsentinel] temporal state {""priorSnapshotCount"":17,""currentSnapshot"":{""observedAt"":""2026-09-27T06:35:56.616Z"",""price"":null,""liquidity"":null,""volume"":null,""priceChange5mPct"":null,""priceChange1hPct"":null,""buyCount5m"":null,""sellCount5m"":null,""buySellRatio5m"":null,""uniqueSellers"":0,""uniqueBuyers"":0,""sellerAcceleration"":0,""coordinatedSellers"":0,""sellUsd"":null,""buyUsd"":null,""sellerCount"":null},""sampleCount"":18,""deltas"":{""uniqueSellers"":0,""uniqueBuyers"":0,""sellerAcceleration"":0,""coordinatedSellers"":0},""acceleration"":{""selling"":""stable"",""buyPressure"":""stable"",""volume"":""stable"",""liquidity"":""stable"",""price"":""stable"",""sellers"":""stable"",""coordination"":""stable""}}",cc23195151d23b9d,[object Object],,000000000000000005ba9afd7c8321eb255dcfe10833145b,info
2026-09-27 03:35:45,"[jevsentinel] live action state {""action"":""HOLD"",""stage"":""STABLE"",""riskScore"":0,""confidence"":0.84,""reasons"":[]}",f7ce4fa1b1923ce9,[object Object],,000000000000000005ba9afd7c8321eb255dcfe10833145b,info
2026-09-27 03:35:45,"[jevsentinel] decision input {""mint"":""hxy2Ls6SV2gMVHjWGSHgHAhyZZ2fGUTiZVgYcGXStox"",""sourceCard"":""EARLY ENTRY EXPERIMENT"",""evidenceGroups"":{""tokenIntegrity"":true,""holderStructure"":true,""creatorIntelligence"":true,""walletBehaviour"":true,""flowDynamics"":true,""marketDynamics"":true,""liquidityStructure"":true,""temporalIntelligence"":true,""historicalIntelligence"":true,""alternativeExplanation"":true},""evidenceQuality"":""strong"",""providers"":{""token-research"":{""available"":true,""fieldCount"":30},""transfer-flow"":{""available"":true,""fieldCount"":13}},""temporalSampleCount"":20}",22971b65f2316f0a,[object Object],,000000000000000005ba9afd7c8321eb255dcfe10833145b,info
2026-09-27 03:35:45,"[jevsentinel] trajectory state {""action"":""HOLD"",""stage"":""STABLE"",""riskScore"":0,""confidence"":0.84,""reasons"":[]}",133f4b837a4539f4,[object Object],,000000000000000005ba9afd7c8321eb255dcfe10833145b,info
2026-09-27 03:35:45,"[jevsentinel] temporal state {""priorSnapshotCount"":19,""currentSnapshot"":{""observedAt"":""2026-09-27T06:35:45.587Z"",""price"":null,""liquidity"":null,""volume"":null,""priceChange5mPct"":null,""priceChange1hPct"":null,""buyCount5m"":null,""sellCount5m"":null,""buySellRatio5m"":null,""uniqueSellers"":0,""uniqueBuyers"":0,""sellerAcceleration"":0,""coordinatedSellers"":0,""sellUsd"":null,""buyUsd"":null,""sellerCount"":null},""sampleCount"":20,""deltas"":{""uniqueSellers"":0,""uniqueBuyers"":0,""sellerAcceleration"":0,""coordinatedSellers"":0},""acceleration"":{""selling"":""stable"",""buyPressure"":""stable"",""volume"":""stable"",""liquidity"":""stable"",""price"":""stable"",""sellers"":""stable"",""coordination"":""stable""}}",aa10ce7ada91dd95,[object Object],,000000000000000005ba9afd7c8321eb255dcfe10833145b,info
2026-09-27 03:35:45,"[jevsentinel] live action state {""action"":""CAUTION"",""stage"":""STABLE"",""riskScore"":2,""confidence"":0.92,""reasons"":[""5m price deterioration ≤−20%""]}",cc5c817ed2b51945,[object Object],,000000000000000005ba9afd7c8321eb255dcfe10833145b,info
2026-09-27 03:35:45,"[jevsentinel] decision input {""mint"":""6p92UuCmdyd6MXRpsVVbSdrJoLkMYRPFGc7uREpGw47e"",""sourceCard"":""EARLY ENTRY EXPERIMENT"",""evidenceGroups"":{""tokenIntegrity"":true,""holderStructure"":true,""creatorIntelligence"":true,""walletBehaviour"":true,""flowDynamics"":true,""marketDynamics"":true,""liquidityStructure"":true,""temporalIntelligence"":true,""historicalIntelligence"":true,""alternativeExplanation"":true},""evidenceQuality"":""strong"",""providers"":{""token-research"":{""available"":true,""fieldCount"":30},""transfer-flow"":{""available"":true,""fieldCount"":13}},""temporalSampleCount"":17}",4ffd16352aea571,[object Object],,000000000000000005ba9afd7c8321eb255dcfe10833145b,info
2026-09-27 03:35:45,"[jevsentinel] trajectory state {""action"":""CAUTION"",""stage"":""STABLE"",""riskScore"":2,""confidence"":0.92,""reasons"":[""5m price deterioration ≤−20%""]}",bad3accf03729029,[object Object],,000000000000000005ba9afd7c8321eb255dcfe10833145b,info
2026-09-27 03:35:45,"[jevsentinel] temporal state {""priorSnapshotCount"":16,""currentSnapshot"":{""observedAt"":""2026-09-27T06:35:45.268Z"",""price"":null,""liquidity"":null,""volume"":null,""priceChange5mPct"":null,""priceChange1hPct"":null,""buyCount5m"":null,""sellCount5m"":null,""buySellRatio5m"":null,""uniqueSellers"":0,""uniqueBuyers"":0,""sellerAcceleration"":0,""coordinatedSellers"":0,""sellUsd"":null,""buyUsd"":null,""sellerCount"":null},""sampleCount"":17,""deltas"":{""uniqueSellers"":0,""uniqueBuyers"":0,""sellerAcceleration"":0,""coordinatedSellers"":0},""acceleration"":{""selling"":""stable"",""buyPressure"":""stable"",""volume"":""stable"",""liquidity"":""stable"",""price"":""stable"",""sellers"":""stable"",""coordination"":""stable""}}",b6290a9cfdf4c131,[object Object],,000000000000000005ba9afd7c8321eb255dcfe10833145b,info
2026-09-27 03:35:35,"[jevsentinel] live action state {""action"":""HOLD"",""stage"":""STABLE"",""riskScore"":0,""confidence"":0.84,""reasons"":[]}",272cca89e20e2199,[object Object],,000000000000000005ba9afd7c8321eb255dcfe10833145b,info
2026-09-27 03:35:35,"[jevsentinel] decision input {""mint"":""hxy2Ls6SV2gMVHjWGSHgHAhyZZ2fGUTiZVgYcGXStox"",""sourceCard"":""EARLY ENTRY EXPERIMENT"",""evidenceGroups"":{""tokenIntegrity"":true,""holderStructure"":true,""creatorIntelligence"":true,""walletBehaviour"":true,""flowDynamics"":true,""marketDynamics"":true,""liquidityStructure"":true,""temporalIntelligence"":true,""historicalIntelligence"":true,""alternativeExplanation"":true},""evidenceQuality"":""strong"",""providers"":{""token-research"":{""available"":true,""fieldCount"":30},""transfer-flow"":{""available"":true,""fieldCount"":13}},""temporalSampleCount"":19}",8123dfcb2216765d,[object Object],,000000000000000005ba9afd7c8321eb255dcfe10833145b,info
2026-09-27 03:35:35,"[jevsentinel] trajectory state {""action"":""HOLD"",""stage"":""STABLE"",""riskScore"":0,""confidence"":0.84,""reasons"":[]}",5d8643c26e73d985,[object Object],,000000000000000005ba9afd7c8321eb255dcfe10833145b,info
2026-09-27 03:35:35,"[jevsentinel] temporal state {""priorSnapshotCount"":18,""currentSnapshot"":{""observedAt"":""2026-09-27T06:35:35.074Z"",""price"":null,""liquidity"":null,""volume"":null,""priceChange5mPct"":null,""priceChange1hPct"":null,""buyCount5m"":null,""sellCount5m"":null,""buySellRatio5m"":null,""uniqueSellers"":0,""uniqueBuyers"":0,""sellerAcceleration"":0,""coordinatedSellers"":0,""sellUsd"":null,""buyUsd"":null,""sellerCount"":null},""sampleCount"":19,""deltas"":{""uniqueSellers"":0,""uniqueBuyers"":0,""sellerAcceleration"":0,""coordinatedSellers"":0},""acceleration"":{""selling"":""stable"",""buyPressure"":""stable"",""volume"":""stable"",""liquidity"":""stable"",""price"":""stable"",""sellers"":""stable"",""coordination"":""stable""}}",f8b147db69ccae04,[object Object],,000000000000000005ba9afd7c8321eb255dcfe10833145b,info
2026-09-27 03:35:34,"[jevsentinel] live action state {""action"":""CAUTION"",""stage"":""STABLE"",""riskScore"":2,""confidence"":0.92,""reasons"":[""5m price deterioration ≤−20%""]}",63fba1364901392f,[object Object],,000000000000000005ba9afd7c8321eb255dcfe10833145b,info
2026-09-27 03:35:34,"[jevsentinel] decision input {""mint"":""6p92UuCmdyd6MXRpsVVbSdrJoLkMYRPFGc7uREpGw47e"",""sourceCard"":""EARLY ENTRY EXPERIMENT"",""evidenceGroups"":{""tokenIntegrity"":true,""holderStructure"":true,""creatorIntelligence"":true,""walletBehaviour"":true,""flowDynamics"":true,""marketDynamics"":true,""liquidityStructure"":true,""temporalIntelligence"":true,""historicalIntelligence"":true,""alternativeExplanation"":true},""evidenceQuality"":""strong"",""providers"":{""token-research"":{""available"":true,""fieldCount"":30},""transfer-flow"":{""available"":true,""fieldCount"":13}},""temporalSampleCount"":16}",12ad7f0568c57571,[object Object],,000000000000000005ba9afd7c8321eb255dcfe10833145b,info
2026-09-27 03:35:34,"[jevsentinel] trajectory state {""action"":""CAUTION"",""stage"":""STABLE"",""riskScore"":2,""confidence"":0.92,""reasons"":[""5m price deterioration ≤−20%""]}",1a5a591888613f91,[object Object],,000000000000000005ba9afd7c8321eb255dcfe10833145b,info
2026-09-27 03:35:34,"[jevsentinel] temporal state {""priorSnapshotCount"":15,""currentSnapshot"":{""observedAt"":""2026-09-27T06:35:34.297Z"",""price"":null,""liquidity"":null,""volume"":null,""priceChange5mPct"":null,""priceChange1hPct"":null,""buyCount5m"":null,""sellCount5m"":null,""buySellRatio5m"":null,""uniqueSellers"":0,""uniqueBuyers"":0,""sellerAcceleration"":0,""coordinatedSellers"":0,""sellUsd"":null,""buyUsd"":null,""sellerCount"":null},""sampleCount"":16,""deltas"":{""uniqueSellers"":0,""uniqueBuyers"":0,""sellerAcceleration"":0,""coordinatedSellers"":0},""acceleration"":{""selling"":""stable"",""buyPressure"":""stable"",""volume"":""stable"",""liquidity"":""stable"",""price"":""stable"",""sellers"":""stable"",""coordination"":""stable""}}",ce10e4485d3f9467,[object Object],,000000000000000005ba9afd7c8321eb255dcfe10833145b,info
2026-09-27 03:35:24,"[jevsentinel] live action state {""action"":""HOLD"",""stage"":""STABLE"",""riskScore"":0,""confidence"":0.84,""reasons"":[]}",3be3d5a31f5ee496,[object Object],,000000000000000005ba9afd7c8321eb255dcfe10833145b,info
2026-09-27 03:35:24,"[jevsentinel] decision input {""mint"":""hxy2Ls6SV2gMVHjWGSHgHAhyZZ2fGUTiZVgYcGXStox"",""sourceCard"":""EARLY ENTRY EXPERIMENT"",""evidenceGroups"":{""tokenIntegrity"":true,""holderStructure"":true,""creatorIntelligence"":true,""walletBehaviour"":true,""flowDynamics"":true,""marketDynamics"":true,""liquidityStructure"":true,""temporalIntelligence"":true,""historicalIntelligence"":true,""alternativeExplanation"":true},""evidenceQuality"":""strong"",""providers"":{""token-research"":{""available"":true,""fieldCount"":30},""transfer-flow"":{""available"":true,""fieldCount"":13}},""temporalSampleCount"":18}",cd631da4b6236aed,[object Object],,000000000000000005ba9afd7c8321eb255dcfe10833145b,info
2026-09-27 03:35:24,"[jevsentinel] trajectory state {""action"":""HOLD"",""stage"":""STABLE"",""riskScore"":0,""confidence"":0.84,""reasons"":[]}",7dde11ec1ab842bf,[object Object],,000000000000000005ba9afd7c8321eb255dcfe10833145b,info
2026-09-27 03:35:24,"[jevsentinel] temporal state {""priorSnapshotCount"":17,""currentSnapshot"":{""observedAt"":""2026-09-27T06:35:24.291Z"",""price"":null,""liquidity"":null,""volume"":null,""priceChange5mPct"":null,""priceChange1hPct"":null,""buyCount5m"":null,""sellCount5m"":null,""buySellRatio5m"":null,""uniqueSellers"":0,""uniqueBuyers"":0,""sellerAcceleration"":0,""coordinatedSellers"":0,""sellUsd"":null,""buyUsd"":null,""sellerCount"":null},""sampleCount"":18,""deltas"":{""uniqueSellers"":0,""uniqueBuyers"":0,""sellerAcceleration"":0,""coordinatedSellers"":0},""acceleration"":{""selling"":""stable"",""buyPressure"":""stable"",""volume"":""stable"",""liquidity"":""stable"",""price"":""stable"",""sellers"":""stable"",""coordination"":""stable""}}",f66ab993c144b2ff,[object Object],,000000000000000005ba9afd7c8321eb255dcfe10833145b,info
2026-09-27 03:35:23,"[jevsentinel] live action state {""action"":""CAUTION"",""stage"":""STABLE"",""riskScore"":2,""confidence"":0.92,""reasons"":[""5m price deterioration ≤−20%""]}",a34144ad3dbe21f9,[object Object],,000000000000000005ba9afd7c8321eb255dcfe10833145b,info
2026-09-27 03:35:22,"[jevsentinel] decision input {""mint"":""6p92UuCmdyd6MXRpsVVbSdrJoLkMYRPFGc7uREpGw47e"",""sourceCard"":""EARLY ENTRY EXPERIMENT"",""evidenceGroups"":{""tokenIntegrity"":true,""holderStructure"":true,""creatorIntelligence"":true,""walletBehaviour"":true,""flowDynamics"":true,""marketDynamics"":true,""liquidityStructure"":true,""temporalIntelligence"":true,""historicalIntelligence"":true,""alternativeExplanation"":true},""evidenceQuality"":""strong"",""providers"":{""token-research"":{""available"":true,""fieldCount"":30},""transfer-flow"":{""available"":true,""fieldCount"":13}},""temporalSampleCount"":15}",c751df86d146cfed,[object Object],,000000000000000005ba9afd7c8321eb255dcfe10833145b,info
2026-09-27 03:35:22,"[jevsentinel] trajectory state {""action"":""CAUTION"",""stage"":""STABLE"",""riskScore"":2,""confidence"":0.92,""reasons"":[""5m price deterioration ≤−20%""]}",51dd70f5b45878d4,[object Object],,000000000000000005ba9afd7c8321eb255dcfe10833145b,info
2026-09-27 03:35:22,"[jevsentinel] temporal state {""priorSnapshotCount"":14,""currentSnapshot"":{""observedAt"":""2026-09-27T06:35:22.963Z"",""price"":null,""liquidity"":null,""volume"":null,""priceChange5mPct"":null,""priceChange1hPct"":null,""buyCount5m"":null,""sellCount5m"":null,""buySellRatio5m"":null,""uniqueSellers"":0,""uniqueBuyers"":0,""sellerAcceleration"":0,""coordinatedSellers"":0,""sellUsd"":null,""buyUsd"":null,""sellerCount"":null},""sampleCount"":15,""deltas"":{""uniqueSellers"":0,""uniqueBuyers"":0,""sellerAcceleration"":0,""coordinatedSellers"":0},""acceleration"":{""selling"":""stable"",""buyPressure"":""stable"",""volume"":""stable"",""liquidity"":""stable"",""price"":""stable"",""sellers"":""stable"",""coordination"":""stable""}}",9ad6e670efe4ee9,[object Object],,000000000000000005ba9afd7c8321eb255dcfe10833145b,info
2026-09-27 03:35:13,"[jevsentinel] live action state {""action"":""HOLD"",""stage"":""STABLE"",""riskScore"":0,""confidence"":0.84,""reasons"":[]}",569e69b480cf0ea6,[object Object],,000000000000000005ba9afd7c8321eb255dcfe10833145b,info
2026-09-27 03:35:13,"[jevsentinel] decision input {""mint"":""hxy2Ls6SV2gMVHjWGSHgHAhyZZ2fGUTiZVgYcGXStox"",""sourceCard"":""EARLY ENTRY EXPERIMENT"",""evidenceGroups"":{""tokenIntegrity"":true,""holderStructure"":true,""creatorIntelligence"":true,""walletBehaviour"":true,""flowDynamics"":true,""marketDynamics"":true,""liquidityStructure"":true,""temporalIntelligence"":true,""historicalIntelligence"":true,""alternativeExplanation"":true},""evidenceQuality"":""strong"",""providers"":{""token-research"":{""available"":true,""fieldCount"":30},""transfer-flow"":{""available"":true,""fieldCount"":13}},""temporalSampleCount"":17}",7b5b96ba2d9d9d65,[object Object],,000000000000000005ba9afd7c8321eb255dcfe10833145b,info
2026-09-27 03:35:13,"[jevsentinel] trajectory state {""action"":""HOLD"",""stage"":""STABLE"",""riskScore"":0,""confidence"":0.84,""reasons"":[]}",bd8d1f9837299ff4,[object Object],,000000000000000005ba9afd7c8321eb255dcfe10833145b,info
2026-09-27 03:35:13,"[jevsentinel] temporal state {""priorSnapshotCount"":16,""currentSnapshot"":{""observedAt"":""2026-09-27T06:35:13.622Z"",""price"":null,""liquidity"":null,""volume"":null,""priceChange5mPct"":null,""priceChange1hPct"":null,""buyCount5m"":null,""sellCount5m"":null,""buySellRatio5m"":null,""uniqueSellers"":0,""uniqueBuyers"":0,""sellerAcceleration"":0,""coordinatedSellers"":0,""sellUsd"":null,""buyUsd"":null,""sellerCount"":null},""sampleCount"":17,""deltas"":{""uniqueSellers"":0,""uniqueBuyers"":0,""sellerAcceleration"":0,""coordinatedSellers"":0},""acceleration"":{""selling"":""stable"",""buyPressure"":""stable"",""volume"":""stable"",""liquidity"":""stable"",""price"":""stable"",""sellers"":""stable"",""coordination"":""stable""}}",f12f4beb6d6dd017,[object Object],,000000000000000005ba9afd7c8321eb255dcfe10833145b,info
2026-09-27 03:35:12,"[jevsentinel] live action state {""action"":""CAUTION"",""stage"":""STABLE"",""riskScore"":2,""confidence"":0.92,""reasons"":[""5m price deterioration ≤−20%""]}",660e09393ec6465a,[object Object],,000000000000000005ba9afd7c8321eb255dcfe10833145b,info
2026-09-27 03:35:12,"[jevsentinel] decision input {""mint"":""6p92UuCmdyd6MXRpsVVbSdrJoLkMYRPFGc7uREpGw47e"",""sourceCard"":""EARLY ENTRY EXPERIMENT"",""evidenceGroups"":{""tokenIntegrity"":true,""holderStructure"":true,""creatorIntelligence"":true,""walletBehaviour"":true,""flowDynamics"":true,""marketDynamics"":true,""liquidityStructure"":true,""temporalIntelligence"":true,""historicalIntelligence"":true,""alternativeExplanation"":true},""evidenceQuality"":""strong"",""providers"":{""token-research"":{""available"":true,""fieldCount"":30},""transfer-flow"":{""available"":true,""fieldCount"":13}},""temporalSampleCount"":14}",604ecc24d945705,[object Object],,000000000000000005ba9afd7c8321eb255dcfe10833145b,info
2026-09-27 03:35:12,"[jevsentinel] trajectory state {""action"":""CAUTION"",""stage"":""STABLE"",""riskScore"":2,""confidence"":0.92,""reasons"":[""5m price deterioration ≤−20%""]}",423b7c65b03f5834,[object Object],,000000000000000005ba9afd7c8321eb255dcfe10833145b,info
2026-09-27 03:35:12,"[jevsentinel] temporal state {""priorSnapshotCount"":13,""currentSnapshot"":{""observedAt"":""2026-09-27T06:35:12.013Z"",""price"":null,""liquidity"":null,""volume"":null,""priceChange5mPct"":null,""priceChange1hPct"":null,""buyCount5m"":null,""sellCount5m"":null,""buySellRatio5m"":null,""uniqueSellers"":0,""uniqueBuyers"":0,""sellerAcceleration"":0,""coordinatedSellers"":0,""sellUsd"":null,""buyUsd"":null,""sellerCount"":null},""sampleCount"":14,""deltas"":{""uniqueSellers"":0,""uniqueBuyers"":0,""sellerAcceleration"":0,""coordinatedSellers"":0},""acceleration"":{""selling"":""stable"",""buyPressure"":""stable"",""volume"":""stable"",""liquidity"":""stable"",""price"":""stable"",""sellers"":""stable"",""coordination"":""stable""}}",e8d1e0658bfe3bae,[object Object],,000000000000000005ba9afd7c8321eb255dcfe10833145b,info
2026-09-27 03:35:02,"[jevsentinel] live action state {""action"":""HOLD"",""stage"":""STABLE"",""riskScore"":0,""confidence"":0.84,""reasons"":[]}",9dcade9cdc17c70a,[object Object],,000000000000000005ba9afd7c8321eb255dcfe10833145b,info
2026-09-27 03:35:02,"[jevsentinel] decision input {""mint"":""hxy2Ls6SV2gMVHjWGSHgHAhyZZ2fGUTiZVgYcGXStox"",""sourceCard"":""EARLY ENTRY EXPERIMENT"",""evidenceGroups"":{""tokenIntegrity"":true,""holderStructure"":true,""creatorIntelligence"":true,""walletBehaviour"":true,""flowDynamics"":true,""marketDynamics"":true,""liquidityStructure"":true,""temporalIntelligence"":true,""historicalIntelligence"":true,""alternativeExplanation"":true},""evidenceQuality"":""strong"",""providers"":{""token-research"":{""available"":true,""fieldCount"":30},""transfer-flow"":{""available"":true,""fieldCount"":13}},""temporalSampleCount"":16}",2a9958b0f94e35af,[object Object],,000000000000000005ba9afd7c8321eb255dcfe10833145b,info
2026-09-27 03:35:02,"[jevsentinel] trajectory state {""action"":""HOLD"",""stage"":""STABLE"",""riskScore"":0,""confidence"":0.84,""reasons"":[]}",4e3770a7ee834a8d,[object Object],,000000000000000005ba9afd7c8321eb255dcfe10833145b,info
2026-09-27 03:35:02,"[jevsentinel] temporal state {""priorSnapshotCount"":15,""currentSnapshot"":{""observedAt"":""2026-09-27T06:35:02.570Z"",""price"":null,""liquidity"":null,""volume"":null,""priceChange5mPct"":null,""priceChange1hPct"":null,""buyCount5m"":null,""sellCount5m"":null,""buySellRatio5m"":null,""uniqueSellers"":0,""uniqueBuyers"":0,""sellerAcceleration"":0,""coordinatedSellers"":0,""sellUsd"":null,""buyUsd"":null,""sellerCount"":null},""sampleCount"":16,""deltas"":{""uniqueSellers"":0,""uniqueBuyers"":0,""sellerAcceleration"":0,""coordinatedSellers"":0},""acceleration"":{""selling"":""stable"",""buyPressure"":""stable"",""volume"":""stable"",""liquidity"":""stable"",""price"":""stable"",""sellers"":""stable"",""coordination"":""stable""}}",32efdc2adace627f,[object Object],,000000000000000005ba9afd7c8321eb255dcfe10833145b,info
2026-09-27 03:35:00,"[jevsentinel] live action state {""action"":""SELL"",""stage"":""DISTRIBUTION"",""riskScore"":4,""confidence"":0.92,""reasons"":[""5m price deterioration ≤−40%""]}",35375f00c28465ba,[object Object],,000000000000000005ba9afd7c8321eb255dcfe10833145b,info
2026-09-27 03:35:00,"[jevsentinel] decision input {""mint"":""6p92UuCmdyd6MXRpsVVbSdrJoLkMYRPFGc7uREpGw47e"",""sourceCard"":""EARLY ENTRY EXPERIMENT"",""evidenceGroups"":{""tokenIntegrity"":true,""holderStructure"":true,""creatorIntelligence"":true,""walletBehaviour"":true,""flowDynamics"":true,""marketDynamics"":true,""liquidityStructure"":true,""temporalIntelligence"":true,""historicalIntelligence"":true,""alternativeExplanation"":true},""evidenceQuality"":""strong"",""providers"":{""token-research"":{""available"":true,""fieldCount"":30},""transfer-flow"":{""available"":true,""fieldCount"":13}},""temporalSampleCount"":13}",ad3cb7afc81d90cb,[object Object],,000000000000000005ba9afd7c8321eb255dcfe10833145b,info
2026-09-27 03:35:00,"[jevsentinel] trajectory state {""action"":""SELL"",""stage"":""DISTRIBUTION"",""riskScore"":4,""confidence"":0.92,""reasons"":[""5m price deterioration ≤−40%""]}",47de5812e68462f,[object Object],,000000000000000005ba9afd7c8321eb255dcfe10833145b,info
2026-09-27 03:35:00,"[jevsentinel] temporal state {""priorSnapshotCount"":12,""currentSnapshot"":{""observedAt"":""2026-09-27T06:35:00.596Z"",""price"":null,""liquidity"":null,""volume"":null,""priceChange5mPct"":null,""priceChange1hPct"":null,""buyCount5m"":null,""sellCount5m"":null,""buySellRatio5m"":null,""uniqueSellers"":0,""uniqueBuyers"":0,""sellerAcceleration"":0,""coordinatedSellers"":0,""sellUsd"":null,""buyUsd"":null,""sellerCount"":null},""sampleCount"":13,""deltas"":{""uniqueSellers"":0,""uniqueBuyers"":0,""sellerAcceleration"":0,""coordinatedSellers"":0},""acceleration"":{""selling"":""stable"",""buyPressure"":""stable"",""volume"":""stable"",""liquidity"":""stable"",""price"":""stable"",""sellers"":""stable"",""coordination"":""stable""}}",87e6c7835eaf7436,[object Object],,000000000000000005ba9afd7c8321eb255dcfe10833145b,info
2026-09-27 03:34:52,"[jevsentinel] live action state {""action"":""HOLD"",""stage"":""STABLE"",""riskScore"":0,""confidence"":0.84,""reasons"":[]}",c07764be8d337293,[object Object],,000000000000000005ba9afd7c8321eb255dcfe10833145b,info
2026-09-27 03:34:52,"[jevsentinel] decision input {""mint"":""hxy2Ls6SV2gMVHjWGSHgHAhyZZ2fGUTiZVgYcGXStox"",""sourceCard"":""EARLY ENTRY EXPERIMENT"",""evidenceGroups"":{""tokenIntegrity"":true,""holderStructure"":true,""creatorIntelligence"":true,""walletBehaviour"":true,""flowDynamics"":true,""marketDynamics"":true,""liquidityStructure"":true,""temporalIntelligence"":true,""historicalIntelligence"":true,""alternativeExplanation"":true},""evidenceQuality"":""strong"",""providers"":{""token-research"":{""available"":true,""fieldCount"":30},""transfer-flow"":{""available"":true,""fieldCount"":13}},""temporalSampleCount"":15}",500c86669624943f,[object Object],,000000000000000005ba9afd7c8321eb255dcfe10833145b,info
2026-09-27 03:34:52,"[jevsentinel] trajectory state {""action"":""HOLD"",""stage"":""STABLE"",""riskScore"":0,""confidence"":0.84,""reasons"":[]}",7bada45a40fa68a4,[object Object],,000000000000000005ba9afd7c8321eb255dcfe10833145b,info
2026-09-27 03:34:52,"[jevsentinel] temporal state {""priorSnapshotCount"":14,""currentSnapshot"":{""observedAt"":""2026-09-27T06:34:52.065Z"",""price"":null,""liquidity"":null,""volume"":null,""priceChange5mPct"":null,""priceChange1hPct"":null,""buyCount5m"":null,""sellCount5m"":null,""buySellRatio5m"":null,""uniqueSellers"":0,""uniqueBuyers"":0,""sellerAcceleration"":0,""coordinatedSellers"":0,""sellUsd"":null,""buyUsd"":null,""sellerCount"":null},""sampleCount"":15,""deltas"":{""uniqueSellers"":0,""uniqueBuyers"":0,""sellerAcceleration"":0,""coordinatedSellers"":0},""acceleration"":{""selling"":""stable"",""buyPressure"":""stable"",""volume"":""stable"",""liquidity"":""stable"",""price"":""stable"",""sellers"":""stable"",""coordination"":""stable""}}",2a996a84a9a610e0,[object Object],,000000000000000005ba9afd7c8321eb255dcfe10833145b,info
2026-09-27 03:34:49,"[jevsentinel] live action state {""action"":""SELL"",""stage"":""DISTRIBUTION"",""riskScore"":4,""confidence"":0.92,""reasons"":[""5m price deterioration ≤−40%""]}",3ae8768d6f93d837,[object Object],,000000000000000005ba9afd7c8321eb255dcfe10833145b,info
2026-09-27 03:34:49,"[jevsentinel] decision input {""mint"":""6p92UuCmdyd6MXRpsVVbSdrJoLkMYRPFGc7uREpGw47e"",""sourceCard"":""EARLY ENTRY EXPERIMENT"",""evidenceGroups"":{""tokenIntegrity"":true,""holderStructure"":true,""creatorIntelligence"":true,""walletBehaviour"":true,""flowDynamics"":true,""marketDynamics"":true,""liquidityStructure"":true,""temporalIntelligence"":true,""historicalIntelligence"":true,""alternativeExplanation"":true},""evidenceQuality"":""strong"",""providers"":{""token-research"":{""available"":true,""fieldCount"":30},""transfer-flow"":{""available"":true,""fieldCount"":13}},""temporalSampleCount"":12}",e2d03d0404cc4f03,[object Object],,000000000000000005ba9afd7c8321eb255dcfe10833145b,info
2026-09-27 03:34:49,"[jevsentinel] trajectory state {""action"":""SELL"",""stage"":""DISTRIBUTION"",""riskScore"":4,""confidence"":0.92,""reasons"":[""5m price deterioration ≤−40%""]}",cfd8b4a7596d2d44,[object Object],,000000000000000005ba9afd7c8321eb255dcfe10833145b,info
2026-09-27 03:34:49,"[jevsentinel] temporal state {""priorSnapshotCount"":11,""currentSnapshot"":{""observedAt"":""2026-09-27T06:34:49.558Z"",""price"":null,""liquidity"":null,""volume"":null,""priceChange5mPct"":null,""priceChange1hPct"":null,""buyCount5m"":null,""sellCount5m"":null,""buySellRatio5m"":null,""uniqueSellers"":0,""uniqueBuyers"":0,""sellerAcceleration"":0,""coordinatedSellers"":0,""sellUsd"":null,""buyUsd"":null,""sellerCount"":null},""sampleCount"":12,""deltas"":{""uniqueSellers"":0,""uniqueBuyers"":0,""sellerAcceleration"":0,""coordinatedSellers"":0},""acceleration"":{""selling"":""stable"",""buyPressure"":""stable"",""volume"":""stable"",""liquidity"":""stable"",""price"":""stable"",""sellers"":""stable"",""coordination"":""stable""}}",aa134ea6454d2adb,[object Object],,000000000000000005ba9afd7c8321eb255dcfe10833145b,info
2026-09-27 03:34:41,"[jevsentinel] live action state {""action"":""HOLD"",""stage"":""STABLE"",""riskScore"":0,""confidence"":0.84,""reasons"":[]}",d11c82424ff8fc61,[object Object],,000000000000000005ba9afd7c8321eb255dcfe10833145b,info
2026-09-27 03:34:41,"[jevsentinel] decision input {""mint"":""hxy2Ls6SV2gMVHjWGSHgHAhyZZ2fGUTiZVgYcGXStox"",""sourceCard"":""EARLY ENTRY EXPERIMENT"",""evidenceGroups"":{""tokenIntegrity"":true,""holderStructure"":true,""creatorIntelligence"":true,""walletBehaviour"":true,""flowDynamics"":true,""marketDynamics"":true,""liquidityStructure"":true,""temporalIntelligence"":true,""historicalIntelligence"":true,""alternativeExplanation"":true},""evidenceQuality"":""strong"",""providers"":{""token-research"":{""available"":true,""fieldCount"":30},""transfer-flow"":{""available"":true,""fieldCount"":13}},""temporalSampleCount"":14}",be6b898d709e011c,[object Object],,000000000000000005ba9afd7c8321eb255dcfe10833145b,info
2026-09-27 03:34:41,"[jevsentinel] trajectory state {""action"":""HOLD"",""stage"":""STABLE"",""riskScore"":0,""confidence"":0.84,""reasons"":[]}",77606139b9661130,[object Object],,000000000000000005ba9afd7c8321eb255dcfe10833145b,info
2026-09-27 03:34:41,"[jevsentinel] temporal state {""priorSnapshotCount"":13,""currentSnapshot"":{""observedAt"":""2026-09-27T06:34:41.071Z"",""price"":null,""liquidity"":null,""volume"":null,""priceChange5mPct"":null,""priceChange1hPct"":null,""buyCount5m"":null,""sellCount5m"":null,""buySellRatio5m"":null,""uniqueSellers"":0,""uniqueBuyers"":0,""sellerAcceleration"":0,""coordinatedSellers"":0,""sellUsd"":null,""buyUsd"":null,""sellerCount"":null},""sampleCount"":14,""deltas"":{""uniqueSellers"":0,""uniqueBuyers"":0,""sellerAcceleration"":0,""coordinatedSellers"":0},""acceleration"":{""selling"":""stable"",""buyPressure"":""stable"",""volume"":""stable"",""liquidity"":""stable"",""price"":""stable"",""sellers"":""stable"",""coordination"":""stable""}}",d0f99f61383c9188,[object Object],,000000000000000005ba9afd7c8321eb255dcfe10833145b,info
2026-09-27 03:34:38,"[jevsentinel] live action state {""action"":""CAUTION"",""stage"":""STABLE"",""riskScore"":2,""confidence"":0.92,""reasons"":[""creator identity resolved"",""5m price deterioration ≤−20%""]}",f04ceff53a490476,[object Object],,000000000000000005ba9afd7c8321eb255dcfe10833145b,info
2026-09-27 03:34:38,"[jevsentinel] decision input {""mint"":""6p92UuCmdyd6MXRpsVVbSdrJoLkMYRPFGc7uREpGw47e"",""sourceCard"":""EARLY ENTRY EXPERIMENT"",""evidenceGroups"":{""tokenIntegrity"":true,""holderStructure"":true,""creatorIntelligence"":true,""walletBehaviour"":true,""flowDynamics"":true,""marketDynamics"":true,""liquidityStructure"":true,""temporalIntelligence"":true,""historicalIntelligence"":true,""alternativeExplanation"":true},""evidenceQuality"":""strong"",""providers"":{""token-research"":{""available"":true,""fieldCount"":30},""transfer-flow"":{""available"":true,""fieldCount"":13}},""temporalSampleCount"":11}",dfe7279823e47bdc,[object Object],,000000000000000005ba9afd7c8321eb255dcfe10833145b,info
2026-09-27 03:34:38,"[jevsentinel] trajectory state {""action"":""CAUTION"",""stage"":""STABLE"",""riskScore"":2,""confidence"":0.92,""reasons"":[""creator identity resolved"",""5m price deterioration ≤−20%""]}",fe5856ccc38d55fb,[object Object],,000000000000000005ba9afd7c8321eb255dcfe10833145b,info
2026-09-27 03:34:38,"[jevsentinel] temporal state {""priorSnapshotCount"":10,""currentSnapshot"":{""observedAt"":""2026-09-27T06:34:38.277Z"",""price"":null,""liquidity"":null,""volume"":null,""priceChange5mPct"":null,""priceChange1hPct"":null,""buyCount5m"":null,""sellCount5m"":null,""buySellRatio5m"":null,""uniqueSellers"":0,""uniqueBuyers"":0,""sellerAcceleration"":0,""coordinatedSellers"":0,""sellUsd"":null,""buyUsd"":null,""sellerCount"":null},""sampleCount"":11,""deltas"":{""uniqueSellers"":0,""uniqueBuyers"":0,""sellerAcceleration"":0,""coordinatedSellers"":0},""acceleration"":{""selling"":""stable"",""buyPressure"":""stable"",""volume"":""stable"",""liquidity"":""stable"",""price"":""stable"",""sellers"":""stable"",""coordination"":""stable""}}",fa84ddb9c0ded90b,[object Object],,000000000000000005ba9afd7c8321eb255dcfe10833145b,info
2026-09-27 03:34:30,"[jevsentinel] live action state {""action"":""HOLD"",""stage"":""STABLE"",""riskScore"":0,""confidence"":0.84,""reasons"":[]}",1fc04b288b7960d1,[object Object],,000000000000000005ba9afd7c8321eb255dcfe10833145b,info
2026-09-27 03:34:30,"[jevsentinel] decision input {""mint"":""hxy2Ls6SV2gMVHjWGSHgHAhyZZ2fGUTiZVgYcGXStox"",""sourceCard"":""EARLY ENTRY EXPERIMENT"",""evidenceGroups"":{""tokenIntegrity"":true,""holderStructure"":true,""creatorIntelligence"":true,""walletBehaviour"":true,""flowDynamics"":true,""marketDynamics"":true,""liquidityStructure"":true,""temporalIntelligence"":true,""historicalIntelligence"":true,""alternativeExplanation"":true},""evidenceQuality"":""strong"",""providers"":{""token-research"":{""available"":true,""fieldCount"":30},""transfer-flow"":{""available"":true,""fieldCount"":13}},""temporalSampleCount"":13}",82a486a6261b11a5,[object Object],,000000000000000005ba9afd7c8321eb255dcfe10833145b,info
2026-09-27 03:34:30,"[jevsentinel] trajectory state {""action"":""HOLD"",""stage"":""STABLE"",""riskScore"":0,""confidence"":0.84,""reasons"":[]}",380da6a3d494bfaf,[object Object],,000000000000000005ba9afd7c8321eb255dcfe10833145b,info
2026-09-27 03:34:30,"[jevsentinel] temporal state {""priorSnapshotCount"":12,""currentSnapshot"":{""observedAt"":""2026-09-27T06:34:30.542Z"",""price"":null,""liquidity"":null,""volume"":null,""priceChange5mPct"":null,""priceChange1hPct"":null,""buyCount5m"":null,""sellCount5m"":null,""buySellRatio5m"":null,""uniqueSellers"":0,""uniqueBuyers"":0,""sellerAcceleration"":0,""coordinatedSellers"":0,""sellUsd"":null,""buyUsd"":null,""sellerCount"":null},""sampleCount"":13,""deltas"":{""uniqueSellers"":0,""uniqueBuyers"":0,""sellerAcceleration"":0,""coordinatedSellers"":0},""acceleration"":{""selling"":""stable"",""buyPressure"":""stable"",""volume"":""stable"",""liquidity"":""stable"",""price"":""stable"",""sellers"":""stable"",""coordination"":""stable""}}",ae834b89e263d7f4,[object Object],,000000000000000005ba9afd7c8321eb255dcfe10833145b,info
2026-09-27 03:34:27,"[jevsentinel] live action state {""action"":""CAUTION"",""stage"":""STABLE"",""riskScore"":2,""confidence"":0.92,""reasons"":[""creator identity resolved"",""5m price deterioration ≤−20%""]}",fd5f4a4d8a5627b8,[object Object],,000000000000000005ba9afd7c8321eb255dcfe10833145b,info
2026-09-27 03:34:27,"[jevsentinel] decision input {""mint"":""6p92UuCmdyd6MXRpsVVbSdrJoLkMYRPFGc7uREpGw47e"",""sourceCard"":""EARLY ENTRY EXPERIMENT"",""evidenceGroups"":{""tokenIntegrity"":true,""holderStructure"":true,""creatorIntelligence"":true,""walletBehaviour"":true,""flowDynamics"":true,""marketDynamics"":true,""liquidityStructure"":true,""temporalIntelligence"":true,""historicalIntelligence"":true,""alternativeExplanation"":true},""evidenceQuality"":""strong"",""providers"":{""token-research"":{""available"":true,""fieldCount"":30},""transfer-flow"":{""available"":true,""fieldCount"":13}},""temporalSampleCount"":10}",cf53522005509314,[object Object],,000000000000000005ba9afd7c8321eb255dcfe10833145b,info
2026-09-27 03:34:27,"[jevsentinel] trajectory state {""action"":""CAUTION"",""stage"":""STABLE"",""riskScore"":2,""confidence"":0.92,""reasons"":[""creator identity resolved"",""5m price deterioration ≤−20%""]}",ac27371eebbafcb9,[object Object],,000000000000000005ba9afd7c8321eb255dcfe10833145b,info
2026-09-27 03:34:27,"[jevsentinel] temporal state {""priorSnapshotCount"":9,""currentSnapshot"":{""observedAt"":""2026-09-27T06:34:27.450Z"",""price"":null,""liquidity"":null,""volume"":null,""priceChange5mPct"":null,""priceChange1hPct"":null,""buyCount5m"":null,""sellCount5m"":null,""buySellRatio5m"":null,""uniqueSellers"":0,""uniqueBuyers"":0,""sellerAcceleration"":0,""coordinatedSellers"":0,""sellUsd"":null,""buyUsd"":null,""sellerCount"":null},""sampleCount"":10,""deltas"":{""uniqueSellers"":0,""uniqueBuyers"":0,""sellerAcceleration"":0,""coordinatedSellers"":0},""acceleration"":{""selling"":""stable"",""buyPressure"":""stable"",""volume"":""stable"",""liquidity"":""stable"",""price"":""stable"",""sellers"":""stable"",""coordination"":""stable""}}",94b352e23b0a6c6,[object Object],,000000000000000005ba9afd7c8321eb255dcfe10833145b,info
2026-09-27 03:34:19,"[jevsentinel] live action state {""action"":""HOLD"",""stage"":""STABLE"",""riskScore"":0,""confidence"":0.84,""reasons"":[]}",82a8754910d6f98a,[object Object],,000000000000000005ba9afd7c8321eb255dcfe10833145b,info
2026-09-27 03:34:19,"[jevsentinel] decision input {""mint"":""hxy2Ls6SV2gMVHjWGSHgHAhyZZ2fGUTiZVgYcGXStox"",""sourceCard"":""EARLY ENTRY EXPERIMENT"",""evidenceGroups"":{""tokenIntegrity"":true,""holderStructure"":true,""creatorIntelligence"":true,""walletBehaviour"":true,""flowDynamics"":true,""marketDynamics"":true,""liquidityStructure"":true,""temporalIntelligence"":true,""historicalIntelligence"":true,""alternativeExplanation"":true},""evidenceQuality"":""strong"",""providers"":{""token-research"":{""available"":true,""fieldCount"":30},""transfer-flow"":{""available"":true,""fieldCount"":13}},""temporalSampleCount"":12}",302f14cf5d8989eb,[object Object],,000000000000000005ba9afd7c8321eb255dcfe10833145b,info
2026-09-27 03:34:19,"[jevsentinel] trajectory state {""action"":""HOLD"",""stage"":""STABLE"",""riskScore"":0,""confidence"":0.84,""reasons"":[]}",8865adc56ac7266f,[object Object],,000000000000000005ba9afd7c8321eb255dcfe10833145b,info
2026-09-27 03:34:19,"[jevsentinel] temporal state {""priorSnapshotCount"":11,""currentSnapshot"":{""observedAt"":""2026-09-27T06:34:19.670Z"",""price"":null,""liquidity"":null,""volume"":null,""priceChange5mPct"":null,""priceChange1hPct"":null,""buyCount5m"":null,""sellCount5m"":null,""buySellRatio5m"":null,""uniqueSellers"":0,""uniqueBuyers"":0,""sellerAcceleration"":0,""coordinatedSellers"":0,""sellUsd"":null,""buyUsd"":null,""sellerCount"":null},""sampleCount"":12,""deltas"":{""uniqueSellers"":0,""uniqueBuyers"":0,""sellerAcceleration"":0,""coordinatedSellers"":0},""acceleration"":{""selling"":""stable"",""buyPressure"":""stable"",""volume"":""stable"",""liquidity"":""stable"",""price"":""stable"",""sellers"":""stable"",""coordination"":""stable""}}",192e4e851f118730,[object Object],,000000000000000005ba9afd7c8321eb255dcfe10833145b,info
2026-09-27 03:34:16,"[jevsentinel] live action state {""action"":""HOLD"",""stage"":""STABLE"",""riskScore"":0,""confidence"":0.84,""reasons"":[""creator identity resolved""]}",3371544589ab05aa,[object Object],,000000000000000005ba9afd7c8321eb255dcfe10833145b,info
2026-09-27 03:34:16,"[jevsentinel] decision input {""mint"":""6p92UuCmdyd6MXRpsVVbSdrJoLkMYRPFGc7uREpGw47e"",""sourceCard"":""EARLY ENTRY EXPERIMENT"",""evidenceGroups"":{""tokenIntegrity"":true,""holderStructure"":true,""creatorIntelligence"":true,""walletBehaviour"":true,""flowDynamics"":true,""marketDynamics"":true,""liquidityStructure"":true,""temporalIntelligence"":true,""historicalIntelligence"":true,""alternativeExplanation"":true},""evidenceQuality"":""strong"",""providers"":{""token-research"":{""available"":true,""fieldCount"":30},""transfer-flow"":{""available"":true,""fieldCount"":13}},""temporalSampleCount"":9}",8077c1da244c41be,[object Object],,000000000000000005ba9afd7c8321eb255dcfe10833145b,info
2026-09-27 03:34:16,"[jevsentinel] trajectory state {""action"":""HOLD"",""stage"":""STABLE"",""riskScore"":0,""confidence"":0.84,""reasons"":[""creator identity resolved""]}",6b696ad36a59962,[object Object],,000000000000000005ba9afd7c8321eb255dcfe10833145b,info
2026-09-27 03:34:16,"[jevsentinel] temporal state {""priorSnapshotCount"":8,""currentSnapshot"":{""observedAt"":""2026-09-27T06:34:16.106Z"",""price"":null,""liquidity"":null,""volume"":null,""priceChange5mPct"":null,""priceChange1hPct"":null,""buyCount5m"":null,""sellCount5m"":null,""buySellRatio5m"":null,""uniqueSellers"":0,""uniqueBuyers"":0,""sellerAcceleration"":0,""coordinatedSellers"":0,""sellUsd"":null,""buyUsd"":null,""sellerCount"":null},""sampleCount"":9,""deltas"":{""uniqueSellers"":0,""uniqueBuyers"":0,""sellerAcceleration"":0,""coordinatedSellers"":0},""acceleration"":{""selling"":""stable"",""buyPressure"":""stable"",""volume"":""stable"",""liquidity"":""stable"",""price"":""stable"",""sellers"":""stable"",""coordination"":""stable""}}",4e0431385e691812,[object Object],,000000000000000005ba9afd7c8321eb255dcfe10833145b,info
2026-09-27 03:34:09,"[jevsentinel] live action state {""action"":""HOLD"",""stage"":""STABLE"",""riskScore"":0,""confidence"":0.84,""reasons"":[]}",17693c15af356a52,[object Object],,000000000000000005ba9afd7c8321eb255dcfe10833145b,info
2026-09-27 03:34:09,"[jevsentinel] decision input {""mint"":""hxy2Ls6SV2gMVHjWGSHgHAhyZZ2fGUTiZVgYcGXStox"",""sourceCard"":""EARLY ENTRY EXPERIMENT"",""evidenceGroups"":{""tokenIntegrity"":true,""holderStructure"":true,""creatorIntelligence"":true,""walletBehaviour"":true,""flowDynamics"":true,""marketDynamics"":true,""liquidityStructure"":true,""temporalIntelligence"":true,""historicalIntelligence"":true,""alternativeExplanation"":true},""evidenceQuality"":""strong"",""providers"":{""token-research"":{""available"":true,""fieldCount"":30},""transfer-flow"":{""available"":true,""fieldCount"":13}},""temporalSampleCount"":11}",2e254284861ec9a2,[object Object],,000000000000000005ba9afd7c8321eb255dcfe10833145b,info
2026-09-27 03:34:09,"[jevsentinel] trajectory state {""action"":""HOLD"",""stage"":""STABLE"",""riskScore"":0,""confidence"":0.84,""reasons"":[]}",1f2787081ab6e6f,[object Object],,000000000000000005ba9afd7c8321eb255dcfe10833145b,info
2026-09-27 03:34:09,"[jevsentinel] temporal state {""priorSnapshotCount"":10,""currentSnapshot"":{""observedAt"":""2026-09-27T06:34:09.169Z"",""price"":null,""liquidity"":null,""volume"":null,""priceChange5mPct"":null,""priceChange1hPct"":null,""buyCount5m"":null,""sellCount5m"":null,""buySellRatio5m"":null,""uniqueSellers"":0,""uniqueBuyers"":0,""sellerAcceleration"":0,""coordinatedSellers"":0,""sellUsd"":null,""buyUsd"":null,""sellerCount"":null},""sampleCount"":11,""deltas"":{""uniqueSellers"":0,""uniqueBuyers"":0,""sellerAcceleration"":0,""coordinatedSellers"":0},""acceleration"":{""selling"":""stable"",""buyPressure"":""stable"",""volume"":""stable"",""liquidity"":""stable"",""price"":""stable"",""sellers"":""stable"",""coordination"":""stable""}}",e92ae4427dea6a11,[object Object],,000000000000000005ba9afd7c8321eb255dcfe10833145b,info
2026-09-27 03:34:05,"[jevsentinel] live action state {""action"":""HOLD"",""stage"":""STABLE"",""riskScore"":0,""confidence"":0.84,""reasons"":[""creator identity resolved""]}",4589648885eb9c0,[object Object],,000000000000000005ba9afd7c8321eb255dcfe10833145b,info
2026-09-27 03:34:05,"[jevsentinel] decision input {""mint"":""6p92UuCmdyd6MXRpsVVbSdrJoLkMYRPFGc7uREpGw47e"",""sourceCard"":""EARLY ENTRY EXPERIMENT"",""evidenceGroups"":{""tokenIntegrity"":true,""holderStructure"":true,""creatorIntelligence"":true,""walletBehaviour"":true,""flowDynamics"":true,""marketDynamics"":true,""liquidityStructure"":true,""temporalIntelligence"":true,""historicalIntelligence"":true,""alternativeExplanation"":true},""evidenceQuality"":""strong"",""providers"":{""token-research"":{""available"":true,""fieldCount"":30},""transfer-flow"":{""available"":true,""fieldCount"":13}},""temporalSampleCount"":8}",f78a005cfd7860ee,[object Object],,000000000000000005ba9afd7c8321eb255dcfe10833145b,info
2026-09-27 03:34:05,"[jevsentinel] trajectory state {""action"":""HOLD"",""stage"":""STABLE"",""riskScore"":0,""confidence"":0.84,""reasons"":[""creator identity resolved""]}",b1ad1f3c9cdc3b6f,[object Object],,000000000000000005ba9afd7c8321eb255dcfe10833145b,info
2026-09-27 03:34:05,"[jevsentinel] temporal state {""priorSnapshotCount"":7,""currentSnapshot"":{""observedAt"":""2026-09-27T06:34:05.218Z"",""price"":null,""liquidity"":null,""volume"":null,""priceChange5mPct"":null,""priceChange1hPct"":null,""buyCount5m"":null,""sellCount5m"":null,""buySellRatio5m"":null,""uniqueSellers"":0,""uniqueBuyers"":0,""sellerAcceleration"":0,""coordinatedSellers"":0,""sellUsd"":null,""buyUsd"":null,""sellerCount"":null},""sampleCount"":8,""deltas"":{""uniqueSellers"":0,""uniqueBuyers"":0,""sellerAcceleration"":0,""coordinatedSellers"":0},""acceleration"":{""selling"":""stable"",""buyPressure"":""stable"",""volume"":""stable"",""liquidity"":""stable"",""price"":""stable"",""sellers"":""stable"",""coordination"":""stable""}}",462fb3734c334981,[object Object],,000000000000000005ba9afd7c8321eb255dcfe10833145b,info
2026-09-27 03:33:58,"[jevsentinel] live action state {""action"":""HOLD"",""stage"":""STABLE"",""riskScore"":0,""confidence"":0.84,""reasons"":[]}",4726559d956a8e31,[object Object],,000000000000000005ba9afd7c8321eb255dcfe10833145b,info
2026-09-27 03:33:54,"[jevsentinel] live action state {""action"":""HOLD"",""stage"":""STABLE"",""riskScore"":0,""confidence"":0.8200000000000001,""reasons"":[]}",e259abfc22d38650,[object Object],,000000000000000005ba9afd7c8321eb255dcfe10833145b,info
2026-09-27 03:32:50,"[jevsentinel] decision input {""mint"":""6p92UuCmdyd6MXRpsVVbSdrJoLkMYRPFGc7uREpGw47e"",""sourceCard"":""EARLY ENTRY EXPERIMENT"",""evidenceGroups"":{""tokenIntegrity"":true,""holderStructure"":true,""creatorIntelligence"":true,""walletBehaviour"":true,""flowDynamics"":true,""marketDynamics"":true,""liquidityStructure"":true,""temporalIntelligence"":true,""historicalIntelligence"":true,""alternativeExplanation"":true},""evidenceQuality"":""strong"",""providers"":{""token-research"":{""available"":true,""fieldCount"":30},""transfer-flow"":{""available"":true,""fieldCount"":13}},""temporalSampleCount"":7}",4e4d87a2f13aa82,[object Object],,000000000000000005ba9afd7c8321eb255dcfe10833145b,info
2026-09-27 03:32:50,"[jevsentinel] trajectory state {""action"":""HOLD"",""stage"":""STABLE"",""riskScore"":0,""confidence"":0.8200000000000001,""reasons"":[]}",2208b809b1267058,[object Object],,000000000000000005ba9afd7c8321eb255dcfe10833145b,info
2026-09-27 03:32:50,"[jevsentinel] temporal state {""priorSnapshotCount"":6,""currentSnapshot"":{""observedAt"":""2026-09-27T06:32:50.038Z"",""price"":null,""liquidity"":null,""volume"":null,""priceChange5mPct"":null,""priceChange1hPct"":null,""buyCount5m"":null,""sellCount5m"":null,""buySellRatio5m"":null,""uniqueSellers"":0,""uniqueBuyers"":0,""sellerAcceleration"":0,""coordinatedSellers"":0,""sellUsd"":null,""buyUsd"":null,""sellerCount"":null},""sampleCount"":7,""deltas"":{""uniqueSellers"":0,""uniqueBuyers"":0,""sellerAcceleration"":0,""coordinatedSellers"":0},""acceleration"":{""selling"":""stable"",""buyPressure"":""stable"",""volume"":""stable"",""liquidity"":""stable"",""price"":""stable"",""sellers"":""stable"",""coordination"":""stable""}}",ea620189a36007ca,[object Object],,000000000000000005ba9afd7c8321eb255dcfe10833145b,info
2026-09-27 03:32:38,"[jevsentinel] live action state {""action"":""HOLD"",""stage"":""STABLE"",""riskScore"":0,""confidence"":0.8,""reasons"":[]}",69bc191b387ceb31,[object Object],,000000000000000005ba9afd7c8321eb255dcfe10833145b,info
2026-09-27 03:32:38,"[jevsentinel] decision input {""mint"":""6p92UuCmdyd6MXRpsVVbSdrJoLkMYRPFGc7uREpGw47e"",""sourceCard"":""EARLY ENTRY EXPERIMENT"",""evidenceGroups"":{""tokenIntegrity"":true,""holderStructure"":true,""creatorIntelligence"":true,""walletBehaviour"":true,""flowDynamics"":true,""marketDynamics"":true,""liquidityStructure"":true,""temporalIntelligence"":true,""historicalIntelligence"":true,""alternativeExplanation"":true},""evidenceQuality"":""strong"",""providers"":{""token-research"":{""available"":true,""fieldCount"":30},""transfer-flow"":{""available"":true,""fieldCount"":13}},""temporalSampleCount"":6}",c46272db7de34a78,[object Object],,000000000000000005ba9afd7c8321eb255dcfe10833145b,info
2026-09-27 03:32:38,"[jevsentinel] trajectory state {""action"":""HOLD"",""stage"":""STABLE"",""riskScore"":0,""confidence"":0.8,""reasons"":[]}",fb876656b0ce198b,[object Object],,000000000000000005ba9afd7c8321eb255dcfe10833145b,info
2026-09-27 03:32:38,"[jevsentinel] temporal state {""priorSnapshotCount"":5,""currentSnapshot"":{""observedAt"":""2026-09-27T06:32:38.802Z"",""price"":null,""liquidity"":null,""volume"":null,""priceChange5mPct"":null,""priceChange1hPct"":null,""buyCount5m"":null,""sellCount5m"":null,""buySellRatio5m"":null,""uniqueSellers"":0,""uniqueBuyers"":0,""sellerAcceleration"":0,""coordinatedSellers"":0,""sellUsd"":null,""buyUsd"":null,""sellerCount"":null},""sampleCount"":6,""deltas"":{""uniqueSellers"":0,""uniqueBuyers"":0,""sellerAcceleration"":0,""coordinatedSellers"":0},""acceleration"":{""selling"":""stable"",""buyPressure"":""stable"",""volume"":""stable"",""liquidity"":""stable"",""price"":""stable"",""sellers"":""stable"",""coordination"":""stable""}}",baaba101346ff1f2,[object Object],,000000000000000005ba9afd7c8321eb255dcfe10833145b,info
2026-09-27 03:32:38,"[jevsentinel] decision input {""mint"":""hxy2Ls6SV2gMVHjWGSHgHAhyZZ2fGUTiZVgYcGXStox"",""sourceCard"":""EARLY ENTRY EXPERIMENT"",""evidenceGroups"":{""tokenIntegrity"":true,""holderStructure"":true,""creatorIntelligence"":true,""walletBehaviour"":true,""flowDynamics"":true,""marketDynamics"":true,""liquidityStructure"":true,""temporalIntelligence"":true,""historicalIntelligence"":true,""alternativeExplanation"":true},""evidenceQuality"":""strong"",""providers"":{""token-research"":{""available"":true,""fieldCount"":30},""transfer-flow"":{""available"":true,""fieldCount"":13}},""temporalSampleCount"":10}",7eced8531a4b396e,[object Object],,000000000000000005ba9afd7c8321eb255dcfe10833145b,info
2026-09-27 03:32:38,"[jevsentinel] trajectory state {""action"":""HOLD"",""stage"":""STABLE"",""riskScore"":0,""confidence"":0.84,""reasons"":[]}",15624b8c11211d13,[object Object],,000000000000000005ba9afd7c8321eb255dcfe10833145b,info
2026-09-27 03:32:38,"[jevsentinel] temporal state {""priorSnapshotCount"":9,""currentSnapshot"":{""observedAt"":""2026-09-27T06:32:38.769Z"",""price"":null,""liquidity"":null,""volume"":null,""priceChange5mPct"":null,""priceChange1hPct"":null,""buyCount5m"":null,""sellCount5m"":null,""buySellRatio5m"":null,""uniqueSellers"":0,""uniqueBuyers"":0,""sellerAcceleration"":0,""coordinatedSellers"":0,""sellUsd"":null,""buyUsd"":null,""sellerCount"":null},""sampleCount"":10,""deltas"":{""uniqueSellers"":0,""uniqueBuyers"":0,""sellerAcceleration"":0,""coordinatedSellers"":0},""acceleration"":{""selling"":""stable"",""buyPressure"":""stable"",""volume"":""stable"",""liquidity"":""stable"",""price"":""stable"",""sellers"":""stable"",""coordination"":""stable""}}",d21ce4bb0846d60,[object Object],,000000000000000005ba9afd7c8321eb255dcfe10833145b,info
2026-09-27 03:32:28,"[jevsentinel] live action state {""action"":""HOLD"",""stage"":""STABLE"",""riskScore"":0,""confidence"":0.78,""reasons"":[]}",2049a2dcf36e6bea,[object Object],,000000000000000005ba9afd7c8321eb255dcfe10833145b,info
2026-09-27 03:32:28,"[jevsentinel] decision input {""mint"":""6p92UuCmdyd6MXRpsVVbSdrJoLkMYRPFGc7uREpGw47e"",""sourceCard"":""EARLY ENTRY EXPERIMENT"",""evidenceGroups"":{""tokenIntegrity"":true,""holderStructure"":true,""creatorIntelligence"":true,""walletBehaviour"":true,""flowDynamics"":true,""marketDynamics"":true,""liquidityStructure"":true,""temporalIntelligence"":true,""historicalIntelligence"":true,""alternativeExplanation"":true},""evidenceQuality"":""strong"",""providers"":{""token-research"":{""available"":true,""fieldCount"":30},""transfer-flow"":{""available"":true,""fieldCount"":13}},""temporalSampleCount"":5}",eb05f211612869e3,[object Object],,000000000000000005ba9afd7c8321eb255dcfe10833145b,info
2026-09-27 03:32:28,"[jevsentinel] trajectory state {""action"":""HOLD"",""stage"":""STABLE"",""riskScore"":0,""confidence"":0.78,""reasons"":[]}",61883a38333d0929,[object Object],,000000000000000005ba9afd7c8321eb255dcfe10833145b,info
2026-09-27 03:32:28,"[jevsentinel] temporal state {""priorSnapshotCount"":4,""currentSnapshot"":{""observedAt"":""2026-09-27T06:32:28.110Z"",""price"":null,""liquidity"":null,""volume"":null,""priceChange5mPct"":null,""priceChange1hPct"":null,""buyCount5m"":null,""sellCount5m"":null,""buySellRatio5m"":null,""uniqueSellers"":0,""uniqueBuyers"":0,""sellerAcceleration"":0,""coordinatedSellers"":0,""sellUsd"":null,""buyUsd"":null,""sellerCount"":null},""sampleCount"":5,""deltas"":{""uniqueSellers"":0,""uniqueBuyers"":0,""sellerAcceleration"":0,""coordinatedSellers"":0},""acceleration"":{""selling"":""stable"",""buyPressure"":""stable"",""volume"":""stable"",""liquidity"":""stable"",""price"":""stable"",""sellers"":""stable"",""coordination"":""stable""}}",96ee9aea5914fa00,[object Object],,000000000000000005ba9afd7c8321eb255dcfe10833145b,info
2026-09-27 03:32:27,"[jevsentinel] live action state {""action"":""HOLD"",""stage"":""STABLE"",""riskScore"":0,""confidence"":0.84,""reasons"":[]}",d3523a8cc3362435,[object Object],,000000000000000005ba9afd7c8321eb255dcfe10833145b,info
2026-09-27 03:32:27,"[jevsentinel] decision input {""mint"":""hxy2Ls6SV2gMVHjWGSHgHAhyZZ2fGUTiZVgYcGXStox"",""sourceCard"":""EARLY ENTRY EXPERIMENT"",""evidenceGroups"":{""tokenIntegrity"":true,""holderStructure"":true,""creatorIntelligence"":true,""walletBehaviour"":true,""flowDynamics"":true,""marketDynamics"":true,""liquidityStructure"":true,""temporalIntelligence"":true,""historicalIntelligence"":true,""alternativeExplanation"":true},""evidenceQuality"":""strong"",""providers"":{""token-research"":{""available"":true,""fieldCount"":30},""transfer-flow"":{""available"":true,""fieldCount"":13}},""temporalSampleCount"":9}",a16ed9025cfa8d64,[object Object],,000000000000000005ba9afd7c8321eb255dcfe10833145b,info
2026-09-27 03:32:27,"[jevsentinel] trajectory state {""action"":""HOLD"",""stage"":""STABLE"",""riskScore"":0,""confidence"":0.84,""reasons"":[]}",143b692b4d4a0a68,[object Object],,000000000000000005ba9afd7c8321eb255dcfe10833145b,info
2026-09-27 03:32:27,"[jevsentinel] temporal state {""priorSnapshotCount"":8,""currentSnapshot"":{""observedAt"":""2026-09-27T06:32:27.808Z"",""price"":null,""liquidity"":null,""volume"":null,""priceChange5mPct"":null,""priceChange1hPct"":null,""buyCount5m"":null,""sellCount5m"":null,""buySellRatio5m"":null,""uniqueSellers"":0,""uniqueBuyers"":0,""sellerAcceleration"":0,""coordinatedSellers"":0,""sellUsd"":null,""buyUsd"":null,""sellerCount"":null},""sampleCount"":9,""deltas"":{""uniqueSellers"":0,""uniqueBuyers"":0,""sellerAcceleration"":0,""coordinatedSellers"":0},""acceleration"":{""selling"":""stable"",""buyPressure"":""stable"",""volume"":""stable"",""liquidity"":""stable"",""price"":""stable"",""sellers"":""stable"",""coordination"":""stable""}}",2dd8252b87322ff7,[object Object],,000000000000000005ba9afd7c8321eb255dcfe10833145b,info
2026-09-27 03:32:17,"[jevsentinel] live action state {""action"":""HOLD"",""stage"":""STABLE"",""riskScore"":0,""confidence"":0.76,""reasons"":[]}",964876318f69d3b,[object Object],,000000000000000005ba9afd7c8321eb255dcfe10833145b,info
2026-09-27 03:32:16,"[jevsentinel] decision input {""mint"":""6p92UuCmdyd6MXRpsVVbSdrJoLkMYRPFGc7uREpGw47e"",""sourceCard"":""EARLY ENTRY EXPERIMENT"",""evidenceGroups"":{""tokenIntegrity"":true,""holderStructure"":true,""creatorIntelligence"":true,""walletBehaviour"":true,""flowDynamics"":true,""marketDynamics"":true,""liquidityStructure"":true,""temporalIntelligence"":true,""historicalIntelligence"":true,""alternativeExplanation"":true},""evidenceQuality"":""strong"",""providers"":{""token-research"":{""available"":true,""fieldCount"":30},""transfer-flow"":{""available"":true,""fieldCount"":13}},""temporalSampleCount"":4}",9f25c144246a4f6,[object Object],,000000000000000005ba9afd7c8321eb255dcfe10833145b,info
2026-09-27 03:32:16,"[jevsentinel] trajectory state {""action"":""HOLD"",""stage"":""STABLE"",""riskScore"":0,""confidence"":0.76,""reasons"":[]}",cb00f2c1a68e64d,[object Object],,000000000000000005ba9afd7c8321eb255dcfe10833145b,info
2026-09-27 03:32:16,"[jevsentinel] temporal state {""priorSnapshotCount"":3,""currentSnapshot"":{""observedAt"":""2026-09-27T06:32:16.840Z"",""price"":null,""liquidity"":null,""volume"":null,""priceChange5mPct"":null,""priceChange1hPct"":null,""buyCount5m"":null,""sellCount5m"":null,""buySellRatio5m"":null,""uniqueSellers"":0,""uniqueBuyers"":0,""sellerAcceleration"":0,""coordinatedSellers"":0,""sellUsd"":null,""buyUsd"":null,""sellerCount"":null},""sampleCount"":4,""deltas"":{""uniqueSellers"":0,""uniqueBuyers"":0,""sellerAcceleration"":0,""coordinatedSellers"":0},""acceleration"":{""selling"":""stable"",""buyPressure"":""stable"",""volume"":""stable"",""liquidity"":""stable"",""price"":""stable"",""sellers"":""stable"",""coordination"":""stable""}}",5e64d1ab32d3794f,[object Object],,000000000000000005ba9afd7c8321eb255dcfe10833145b,info
2026-09-27 03:32:16,"[jevsentinel] live action state {""action"":""HOLD"",""stage"":""STABLE"",""riskScore"":0,""confidence"":0.84,""reasons"":[]}",856b0602b49f1293,[object Object],,000000000000000005ba9afd7c8321eb255dcfe10833145b,info
2026-09-27 03:32:16,"[jevsentinel] decision input {""mint"":""hxy2Ls6SV2gMVHjWGSHgHAhyZZ2fGUTiZVgYcGXStox"",""sourceCard"":""EARLY ENTRY EXPERIMENT"",""evidenceGroups"":{""tokenIntegrity"":true,""holderStructure"":true,""creatorIntelligence"":true,""walletBehaviour"":true,""flowDynamics"":true,""marketDynamics"":true,""liquidityStructure"":true,""temporalIntelligence"":true,""historicalIntelligence"":true,""alternativeExplanation"":true},""evidenceQuality"":""strong"",""providers"":{""token-research"":{""available"":true,""fieldCount"":30},""transfer-flow"":{""available"":true,""fieldCount"":13}},""temporalSampleCount"":8}",fe1bc61400e1e941,[object Object],,000000000000000005ba9afd7c8321eb255dcfe10833145b,info
2026-09-27 03:32:16,"[jevsentinel] trajectory state {""action"":""HOLD"",""stage"":""STABLE"",""riskScore"":0,""confidence"":0.84,""reasons"":[]}",5c343103febdd8dd,[object Object],,000000000000000005ba9afd7c8321eb255dcfe10833145b,info
2026-09-27 03:32:16,"[jevsentinel] temporal state {""priorSnapshotCount"":7,""currentSnapshot"":{""observedAt"":""2026-09-27T06:32:16.665Z"",""price"":null,""liquidity"":null,""volume"":null,""priceChange5mPct"":null,""priceChange1hPct"":null,""buyCount5m"":null,""sellCount5m"":null,""buySellRatio5m"":null,""uniqueSellers"":0,""uniqueBuyers"":0,""sellerAcceleration"":0,""coordinatedSellers"":0,""sellUsd"":null,""buyUsd"":null,""sellerCount"":null},""sampleCount"":8,""deltas"":{""uniqueSellers"":0,""uniqueBuyers"":0,""sellerAcceleration"":0,""coordinatedSellers"":0},""acceleration"":{""selling"":""stable"",""buyPressure"":""stable"",""volume"":""stable"",""liquidity"":""stable"",""price"":""stable"",""sellers"":""stable"",""coordination"":""stable""}}",562dde8fa67e1ae0,[object Object],,000000000000000005ba9afd7c8321eb255dcfe10833145b,info
2026-09-27 03:32:06,"[jevsentinel] live action state {""action"":""HOLD"",""stage"":""STABLE"",""riskScore"":0,""confidence"":0.74,""reasons"":[]}",4d64ee35c38d0af5,[object Object],,000000000000000005ba9afd7c8321eb255dcfe10833145b,info
2026-09-27 03:32:06,"[jevsentinel] decision input {""mint"":""6p92UuCmdyd6MXRpsVVbSdrJoLkMYRPFGc7uREpGw47e"",""sourceCard"":""EARLY ENTRY EXPERIMENT"",""evidenceGroups"":{""tokenIntegrity"":true,""holderStructure"":true,""creatorIntelligence"":true,""walletBehaviour"":true,""flowDynamics"":true,""marketDynamics"":true,""liquidityStructure"":true,""temporalIntelligence"":true,""historicalIntelligence"":true,""alternativeExplanation"":true},""evidenceQuality"":""strong"",""providers"":{""token-research"":{""available"":true,""fieldCount"":30},""transfer-flow"":{""available"":true,""fieldCount"":13}},""temporalSampleCount"":3}",aaba1ef6feccbdc6,[object Object],,000000000000000005ba9afd7c8321eb255dcfe10833145b,info
2026-09-27 03:32:06,"[jevsentinel] trajectory state {""action"":""HOLD"",""stage"":""STABLE"",""riskScore"":0,""confidence"":0.74,""reasons"":[]}",ec25a7309bc7efb,[object Object],,000000000000000005ba9afd7c8321eb255dcfe10833145b,info
2026-09-27 03:32:06,"[jevsentinel] temporal state {""priorSnapshotCount"":2,""currentSnapshot"":{""observedAt"":""2026-09-27T06:32:06.596Z"",""price"":null,""liquidity"":null,""volume"":null,""priceChange5mPct"":null,""priceChange1hPct"":null,""buyCount5m"":null,""sellCount5m"":null,""buySellRatio5m"":null,""uniqueSellers"":0,""uniqueBuyers"":0,""sellerAcceleration"":0,""coordinatedSellers"":0,""sellUsd"":null,""buyUsd"":null,""sellerCount"":null},""sampleCount"":3,""deltas"":{""uniqueSellers"":0,""uniqueBuyers"":0,""sellerAcceleration"":0,""coordinatedSellers"":0},""acceleration"":{""selling"":""stable"",""buyPressure"":""stable"",""volume"":""stable"",""liquidity"":""stable"",""price"":""stable"",""sellers"":""stable"",""coordination"":""stable""}}",22f646c72f225afc,[object Object],,000000000000000005ba9afd7c8321eb255dcfe10833145b,info
2026-09-27 03:32:05,"[jevsentinel] live action state {""action"":""HOLD"",""stage"":""STABLE"",""riskScore"":0,""confidence"":0.8200000000000001,""reasons"":[]}",1d9ac665639cf118,[object Object],,000000000000000005ba9afd7c8321eb255dcfe10833145b,info
2026-09-27 03:32:05,"[jevsentinel] decision input {""mint"":""hxy2Ls6SV2gMVHjWGSHgHAhyZZ2fGUTiZVgYcGXStox"",""sourceCard"":""EARLY ENTRY EXPERIMENT"",""evidenceGroups"":{""tokenIntegrity"":true,""holderStructure"":true,""creatorIntelligence"":true,""walletBehaviour"":true,""flowDynamics"":true,""marketDynamics"":true,""liquidityStructure"":true,""temporalIntelligence"":true,""historicalIntelligence"":true,""alternativeExplanation"":true},""evidenceQuality"":""strong"",""providers"":{""token-research"":{""available"":true,""fieldCount"":30},""transfer-flow"":{""available"":true,""fieldCount"":13}},""temporalSampleCount"":7}",1137e763299e84b3,[object Object],,000000000000000005ba9afd7c8321eb255dcfe10833145b,info
2026-09-27 03:32:05,"[jevsentinel] trajectory state {""action"":""HOLD"",""stage"":""STABLE"",""riskScore"":0,""confidence"":0.8200000000000001,""reasons"":[]}",4c1d1592fdcc5adc,[object Object],,000000000000000005ba9afd7c8321eb255dcfe10833145b,info
2026-09-27 03:32:05,"[jevsentinel] temporal state {""priorSnapshotCount"":6,""currentSnapshot"":{""observedAt"":""2026-09-27T06:32:05.624Z"",""price"":null,""liquidity"":null,""volume"":null,""priceChange5mPct"":null,""priceChange1hPct"":null,""buyCount5m"":null,""sellCount5m"":null,""buySellRatio5m"":null,""uniqueSellers"":0,""uniqueBuyers"":0,""sellerAcceleration"":0,""coordinatedSellers"":0,""sellUsd"":null,""buyUsd"":null,""sellerCount"":null},""sampleCount"":7,""deltas"":{""uniqueSellers"":0,""uniqueBuyers"":0,""sellerAcceleration"":0,""coordinatedSellers"":0},""acceleration"":{""selling"":""stable"",""buyPressure"":""stable"",""volume"":""stable"",""liquidity"":""stable"",""price"":""stable"",""sellers"":""stable"",""coordination"":""stable""}}",487f7db2d9eb69a,[object Object],,000000000000000005ba9afd7c8321eb255dcfe10833145b,info
2026-09-27 03:31:55,"[jevsentinel] live action state {""action"":""HOLD"",""stage"":""STABLE"",""riskScore"":0,""confidence"":0.64,""reasons"":[]}",76b053575b2dcfdc,[object Object],,000000000000000005ba9afd7c8321eb255dcfe10833145b,info
2026-09-27 03:31:55,"[jevsentinel] decision input {""mint"":""6p92UuCmdyd6MXRpsVVbSdrJoLkMYRPFGc7uREpGw47e"",""sourceCard"":""EARLY ENTRY EXPERIMENT"",""evidenceGroups"":{""tokenIntegrity"":true,""holderStructure"":true,""creatorIntelligence"":true,""walletBehaviour"":true,""flowDynamics"":true,""marketDynamics"":true,""liquidityStructure"":true,""temporalIntelligence"":true,""historicalIntelligence"":true,""alternativeExplanation"":true},""evidenceQuality"":""strong"",""providers"":{""token-research"":{""available"":true,""fieldCount"":30},""transfer-flow"":{""available"":true,""fieldCount"":13}},""temporalSampleCount"":2}",7b365fcfd0f19fb5,[object Object],,000000000000000005ba9afd7c8321eb255dcfe10833145b,info
2026-09-27 03:31:55,"[jevsentinel] trajectory state {""action"":""HOLD"",""stage"":""STABLE"",""riskScore"":0,""confidence"":0.64,""reasons"":[]}",2ea5b06736f0df09,[object Object],,000000000000000005ba9afd7c8321eb255dcfe10833145b,info
2026-09-27 03:31:55,"[jevsentinel] temporal state {""priorSnapshotCount"":1,""currentSnapshot"":{""observedAt"":""2026-09-27T06:31:55.277Z"",""price"":null,""liquidity"":null,""volume"":null,""priceChange5mPct"":null,""priceChange1hPct"":null,""buyCount5m"":null,""sellCount5m"":null,""buySellRatio5m"":null,""uniqueSellers"":0,""uniqueBuyers"":0,""sellerAcceleration"":0,""coordinatedSellers"":0,""sellUsd"":null,""buyUsd"":null,""sellerCount"":null},""sampleCount"":2,""deltas"":{""uniqueSellers"":0,""uniqueBuyers"":0,""sellerAcceleration"":0,""coordinatedSellers"":0},""acceleration"":{""selling"":""stable"",""buyPressure"":""stable"",""volume"":""stable"",""liquidity"":""stable"",""price"":""stable"",""sellers"":""stable"",""coordination"":""stable""}}",d54052534ac58ecd,[object Object],,000000000000000005ba9afd7c8321eb255dcfe10833145b,info
2026-09-27 03:31:54,"[jevsentinel] live action state {""action"":""CAUTION"",""stage"":""STABLE"",""riskScore"":2,""confidence"":0.88,""reasons"":[""creator identity resolved"",""5m price deterioration ≤−20%""]}",76bf87fbf5ad4069,[object Object],,000000000000000005ba9afd7c8321eb255dcfe10833145b,info
2026-09-27 03:31:54,"[jevsentinel] decision input {""mint"":""hxy2Ls6SV2gMVHjWGSHgHAhyZZ2fGUTiZVgYcGXStox"",""sourceCard"":""EARLY ENTRY EXPERIMENT"",""evidenceGroups"":{""tokenIntegrity"":true,""holderStructure"":true,""creatorIntelligence"":true,""walletBehaviour"":true,""flowDynamics"":true,""marketDynamics"":true,""liquidityStructure"":true,""temporalIntelligence"":true,""historicalIntelligence"":true,""alternativeExplanation"":true},""evidenceQuality"":""strong"",""providers"":{""token-research"":{""available"":true,""fieldCount"":30},""transfer-flow"":{""available"":true,""fieldCount"":13}},""temporalSampleCount"":6}",427d616b92cfd805,[object Object],,000000000000000005ba9afd7c8321eb255dcfe10833145b,info
2026-09-27 03:31:54,"[jevsentinel] trajectory state {""action"":""CAUTION"",""stage"":""STABLE"",""riskScore"":2,""confidence"":0.88,""reasons"":[""creator identity resolved"",""5m price deterioration ≤−20%""]}",a92544aa1d4c329,[object Object],,000000000000000005ba9afd7c8321eb255dcfe10833145b,info
2026-09-27 03:31:54,"[jevsentinel] temporal state {""priorSnapshotCount"":5,""currentSnapshot"":{""observedAt"":""2026-09-27T06:31:54.817Z"",""price"":null,""liquidity"":null,""volume"":null,""priceChange5mPct"":null,""priceChange1hPct"":null,""buyCount5m"":null,""sellCount5m"":null,""buySellRatio5m"":null,""uniqueSellers"":0,""uniqueBuyers"":0,""sellerAcceleration"":0,""coordinatedSellers"":0,""sellUsd"":null,""buyUsd"":null,""sellerCount"":null},""sampleCount"":6,""deltas"":{""uniqueSellers"":0,""uniqueBuyers"":0,""sellerAcceleration"":0,""coordinatedSellers"":0},""acceleration"":{""selling"":""stable"",""buyPressure"":""stable"",""volume"":""stable"",""liquidity"":""stable"",""price"":""stable"",""sellers"":""stable"",""coordination"":""stable""}}",56f3683124c61b2,[object Object],,000000000000000005ba9afd7c8321eb255dcfe10833145b,info
2026-09-27 03:31:45,[jevsentinel-telegram] EARLY ENTRY assessment completed; live monitoring started,2e2ba2ec5dc53e4d,[object Object],,000000000000000005ba9afd7c8321eb255dcfe10833145b,info
2026-09-27 03:31:44,"[jevsentinel-telegram] EARLY ENTRY JEV assessment finished {""chatId"":""-1004483915430"",""messageId"":9500,""escalation"":false}",96cf549fe6df5afc,[object Object],,000000000000000005ba9afd7c8321eb255dcfe10833145b,info
2026-09-27 03:31:44,"[jevsentinel] live action state {""action"":""HOLD"",""stage"":""INITIAL"",""riskScore"":0,""confidence"":0.52,""reasons"":[]}",46f5d0b6ca31bb5d,[object Object],,000000000000000005ba9afd7c8321eb255dcfe10833145b,info
2026-09-27 03:31:44,"[jevsentinel] decision input {""mint"":""6p92UuCmdyd6MXRpsVVbSdrJoLkMYRPFGc7uREpGw47e"",""sourceCard"":""EARLY ENTRY EXPERIMENT"",""evidenceGroups"":{""tokenIntegrity"":true,""holderStructure"":true,""creatorIntelligence"":true,""walletBehaviour"":true,""flowDynamics"":true,""marketDynamics"":true,""liquidityStructure"":true,""temporalIntelligence"":true,""historicalIntelligence"":true,""alternativeExplanation"":true},""evidenceQuality"":""strong"",""providers"":{""token-research"":{""available"":true,""fieldCount"":30},""transfer-flow"":{""available"":true,""fieldCount"":13}},""temporalSampleCount"":1}",903bdaacab7d26ae,[object Object],,000000000000000005ba9afd7c8321eb255dcfe10833145b,info
2026-09-27 03:31:44,"[jevsentinel] trajectory state {""action"":""HOLD"",""stage"":""INITIAL"",""riskScore"":0,""confidence"":0.52,""reasons"":[]}",e3a99a61a20cdcee,[object Object],,000000000000000005ba9afd7c8321eb255dcfe10833145b,info
2026-09-27 03:31:44,"[jevsentinel] temporal state {""priorSnapshotCount"":0,""currentSnapshot"":{""observedAt"":""2026-09-27T06:31:44.810Z"",""price"":null,""liquidity"":null,""volume"":null,""priceChange5mPct"":null,""priceChange1hPct"":null,""buyCount5m"":null,""sellCount5m"":null,""buySellRatio5m"":null,""uniqueSellers"":0,""uniqueBuyers"":0,""sellerAcceleration"":0,""coordinatedSellers"":0,""sellUsd"":null,""buyUsd"":null,""sellerCount"":null},""sampleCount"":1,""deltas"":{},""acceleration"":{""selling"":""stable"",""buyPressure"":""stable"",""volume"":""stable"",""liquidity"":""stable"",""price"":""stable"",""sellers"":""stable"",""coordination"":""stable""}}",255a91d6b7c72221,[object Object],,000000000000000005ba9afd7c8321eb255dcfe10833145b,info
2026-09-27 03:31:44,"[jevsentinel] live action state {""action"":""CAUTION"",""stage"":""STABLE"",""riskScore"":2,""confidence"":0.86,""reasons"":[""creator identity resolved"",""5m price deterioration ≤−20%""]}",8399100bda556f53,[object Object],,000000000000000005ba9afd7c8321eb255dcfe10833145b,info
2026-09-27 03:31:44,"[jevsentinel-telegram] EARLY ENTRY JEV assessment starting {""chatId"":""-1004483915430"",""messageId"":9500}",4341ece6b4a54cab,[object Object],,000000000000000005ba9afd7c8321eb255dcfe10833145b,info
2026-09-27 03:31:44,"[jevsentinel-telegram] EARLY ENTRY EXPERIMENT detected {""chatId"":""-1004483915430"",""messageId"":9500,""mintExtracted"":true,""symbol"":""UNKNOWN""}",684cb4781661d521,[object Object],,000000000000000005ba9afd7c8321eb255dcfe10833145b,info
2026-09-27 03:31:44,"[jevsentinel-telegram] group message received {""chatId"":""-1004483915430"",""messageId"":9500,""configured"":true,""enabled"":true,""hasText"":true,""isEarlyEntry"":true,""textLength"":648}",3f1ada58322b847f,[object Object],,000000000000000005ba9afd7c8321eb255dcfe10833145b,info
2026-09-27 03:31:44,"[jevsentinel-telegram] updates received {""count"":1,""firstUpdateId"":562699591,""lastUpdateId"":562699591}",8d6c3966f3f33e57,[object Object],,000000000000000005ba9afd7c8321eb255dcfe10833145b,info
2026-09-27 03:31:44,"[jevsentinel] decision input {""mint"":""hxy2Ls6SV2gMVHjWGSHgHAhyZZ2fGUTiZVgYcGXStox"",""sourceCard"":""EARLY ENTRY EXPERIMENT"",""evidenceGroups"":{""tokenIntegrity"":true,""holderStructure"":true,""creatorIntelligence"":true,""walletBehaviour"":true,""flowDynamics"":true,""marketDynamics"":true,""liquidityStructure"":true,""temporalIntelligence"":true,""historicalIntelligence"":true,""alternativeExplanation"":true},""evidenceQuality"":""strong"",""providers"":{""token-research"":{""available"":true,""fieldCount"":30},""transfer-flow"":{""available"":true,""fieldCount"":13}},""temporalSampleCount"":5}",a496bce19b56d8da,[object Object],,000000000000000005ba9afd7c8321eb255dcfe10833145b,info
2026-09-27 03:31:44,"[jevsentinel] trajectory state {""action"":""CAUTION"",""stage"":""STABLE"",""riskScore"":2,""confidence"":0.86,""reasons"":[""creator identity resolved"",""5m price deterioration ≤−20%""]}",72ab671a6bc608ee,[object Object],,000000000000000005ba9afd7c8321eb255dcfe10833145b,info
2026-09-27 03:31:44,"[jevsentinel] temporal state {""priorSnapshotCount"":4,""currentSnapshot"":{""observedAt"":""2026-09-27T06:31:44.118Z"",""price"":null,""liquidity"":null,""volume"":null,""priceChange5mPct"":null,""priceChange1hPct"":null,""buyCount5m"":null,""sellCount5m"":null,""buySellRatio5m"":null,""uniqueSellers"":0,""uniqueBuyers"":0,""sellerAcceleration"":0,""coordinatedSellers"":0,""sellUsd"":null,""buyUsd"":null,""sellerCount"":null},""sampleCount"":5,""deltas"":{""uniqueSellers"":0,""uniqueBuyers"":0,""sellerAcceleration"":0,""coordinatedSellers"":0},""acceleration"":{""selling"":""stable"",""buyPressure"":""stable"",""volume"":""stable"",""liquidity"":""stable"",""price"":""stable"",""sellers"":""stable"",""coordination"":""stable""}}",2d7aa0e22ad50ffa,[object Object],,000000000000000005ba9afd7c8321eb255dcfe10833145b,info
2026-09-27 03:31:33,"[jevsentinel] live action state {""action"":""CAUTION"",""stage"":""STABLE"",""riskScore"":2,""confidence"":0.84,""reasons"":[""5m price deterioration ≤−20%""]}",887d456d2b0d27f7,[object Object],,000000000000000005ba9afd7c8321eb255dcfe10833145b,info
2026-09-27 03:31:32,"[jevsentinel] decision input {""mint"":""hxy2Ls6SV2gMVHjWGSHgHAhyZZ2fGUTiZVgYcGXStox"",""sourceCard"":""EARLY ENTRY EXPERIMENT"",""evidenceGroups"":{""tokenIntegrity"":true,""holderStructure"":true,""creatorIntelligence"":true,""walletBehaviour"":true,""flowDynamics"":true,""marketDynamics"":true,""liquidityStructure"":true,""temporalIntelligence"":true,""historicalIntelligence"":true,""alternativeExplanation"":true},""evidenceQuality"":""strong"",""providers"":{""token-research"":{""available"":true,""fieldCount"":30},""transfer-flow"":{""available"":true,""fieldCount"":13}},""temporalSampleCount"":4}",4b4b6fc830d12ad2,[object Object],,000000000000000005ba9afd7c8321eb255dcfe10833145b,info
2026-09-27 03:31:32,"[jevsentinel] trajectory state {""action"":""CAUTION"",""stage"":""STABLE"",""riskScore"":2,""confidence"":0.84,""reasons"":[""5m price deterioration ≤−20%""]}",e460e634c65e61a5,[object Object],,000000000000000005ba9afd7c8321eb255dcfe10833145b,info
2026-09-27 03:31:32,"[jevsentinel] temporal state {""priorSnapshotCount"":3,""currentSnapshot"":{""observedAt"":""2026-09-27T06:31:32.838Z"",""price"":null,""liquidity"":null,""volume"":null,""priceChange5mPct"":null,""priceChange1hPct"":null,""buyCount5m"":null,""sellCount5m"":null,""buySellRatio5m"":null,""uniqueSellers"":0,""uniqueBuyers"":0,""sellerAcceleration"":0,""coordinatedSellers"":0,""sellUsd"":null,""buyUsd"":null,""sellerCount"":null},""sampleCount"":4,""deltas"":{""uniqueSellers"":0,""uniqueBuyers"":0,""sellerAcceleration"":0,""coordinatedSellers"":0},""acceleration"":{""selling"":""stable"",""buyPressure"":""stable"",""volume"":""stable"",""liquidity"":""stable"",""price"":""stable"",""sellers"":""stable"",""coordination"":""stable""}}",9b1dbebebec870a1,[object Object],,000000000000000005ba9afd7c8321eb255dcfe10833145b,info
2026-09-27 03:31:22,"[jevsentinel] live action state {""action"":""CAUTION"",""stage"":""STABLE"",""riskScore"":2,""confidence"":0.8200000000000001,""reasons"":[""5m price deterioration ≤−20%""]}",afde70923bab3aca,[object Object],,000000000000000005ba9afd7c8321eb255dcfe10833145b,info
2026-09-27 03:31:21,"[jevsentinel] decision input {""mint"":""hxy2Ls6SV2gMVHjWGSHgHAhyZZ2fGUTiZVgYcGXStox"",""sourceCard"":""EARLY ENTRY EXPERIMENT"",""evidenceGroups"":{""tokenIntegrity"":true,""holderStructure"":true,""creatorIntelligence"":true,""walletBehaviour"":true,""flowDynamics"":true,""marketDynamics"":true,""liquidityStructure"":true,""temporalIntelligence"":true,""historicalIntelligence"":true,""alternativeExplanation"":true},""evidenceQuality"":""strong"",""providers"":{""token-research"":{""available"":true,""fieldCount"":30},""transfer-flow"":{""available"":true,""fieldCount"":13}},""temporalSampleCount"":3}",8531bbb894626ca8,[object Object],,000000000000000005ba9afd7c8321eb255dcfe10833145b,info
2026-09-27 03:31:21,"[jevsentinel] trajectory state {""action"":""CAUTION"",""stage"":""STABLE"",""riskScore"":2,""confidence"":0.8200000000000001,""reasons"":[""5m price deterioration ≤−20%""]}",1377bee8d20d2224,[object Object],,000000000000000005ba9afd7c8321eb255dcfe10833145b,info
2026-09-27 03:31:21,"[jevsentinel] temporal state {""priorSnapshotCount"":2,""currentSnapshot"":{""observedAt"":""2026-09-27T06:31:21.971Z"",""price"":null,""liquidity"":null,""volume"":null,""priceChange5mPct"":null,""priceChange1hPct"":null,""buyCount5m"":null,""sellCount5m"":null,""buySellRatio5m"":null,""uniqueSellers"":0,""uniqueBuyers"":0,""sellerAcceleration"":0,""coordinatedSellers"":0,""sellUsd"":null,""buyUsd"":null,""sellerCount"":null},""sampleCount"":3,""deltas"":{""uniqueSellers"":0,""uniqueBuyers"":0,""sellerAcceleration"":0,""coordinatedSellers"":0},""acceleration"":{""selling"":""stable"",""buyPressure"":""stable"",""volume"":""stable"",""liquidity"":""stable"",""price"":""stable"",""sellers"":""stable"",""coordination"":""stable""}}",84de648b5eef509,[object Object],,000000000000000005ba9afd7c8321eb255dcfe10833145b,info
2026-09-27 03:31:10,"[jevsentinel] live action state {""action"":""HOLD"",""stage"":""STABLE"",""riskScore"":0,""confidence"":0.64,""reasons"":[""creator identity resolved""]}",e2667cf7e5066764,[object Object],,000000000000000005ba9afd7c8321eb255dcfe10833145b,info
2026-09-27 03:31:10,"[jevsentinel] decision input {""mint"":""hxy2Ls6SV2gMVHjWGSHgHAhyZZ2fGUTiZVgYcGXStox"",""sourceCard"":""EARLY ENTRY EXPERIMENT"",""evidenceGroups"":{""tokenIntegrity"":true,""holderStructure"":true,""creatorIntelligence"":true,""walletBehaviour"":true,""flowDynamics"":true,""marketDynamics"":true,""liquidityStructure"":true,""temporalIntelligence"":true,""historicalIntelligence"":true,""alternativeExplanation"":true},""evidenceQuality"":""strong"",""providers"":{""token-research"":{""available"":true,""fieldCount"":30},""transfer-flow"":{""available"":true,""fieldCount"":13}},""temporalSampleCount"":2}",90f7a5b9aafa1cbe,[object Object],,000000000000000005ba9afd7c8321eb255dcfe10833145b,info
2026-09-27 03:31:10,"[jevsentinel] trajectory state {""action"":""HOLD"",""stage"":""STABLE"",""riskScore"":0,""confidence"":0.64,""reasons"":[""creator identity resolved""]}",92b36799f6abd96,[object Object],,000000000000000005ba9afd7c8321eb255dcfe10833145b,info
2026-09-27 03:31:10,"[jevsentinel] temporal state {""priorSnapshotCount"":1,""currentSnapshot"":{""observedAt"":""2026-09-27T06:31:10.729Z"",""price"":null,""liquidity"":null,""volume"":null,""priceChange5mPct"":null,""priceChange1hPct"":null,""buyCount5m"":null,""sellCount5m"":null,""buySellRatio5m"":null,""uniqueSellers"":0,""uniqueBuyers"":0,""sellerAcceleration"":0,""coordinatedSellers"":0,""sellUsd"":null,""buyUsd"":null,""sellerCount"":null},""sampleCount"":2,""deltas"":{""uniqueSellers"":0,""uniqueBuyers"":0,""sellerAcceleration"":0,""coordinatedSellers"":0},""acceleration"":{""selling"":""stable"",""buyPressure"":""stable"",""volume"":""stable"",""liquidity"":""stable"",""price"":""stable"",""sellers"":""stable"",""coordination"":""stable""}}",710d8fa5fb1da339,[object Object],,000000000000000005ba9afd7c8321eb255dcfe10833145b,info
2026-09-27 03:31:00,[jevsentinel-telegram] EARLY ENTRY assessment completed; live monitoring started,53bd3ce8f2647fd9,[object Object],,000000000000000005ba9afd7c8321eb255dcfe10833145b,info
2026-09-27 03:31:00,"[jevsentinel-telegram] EARLY ENTRY JEV assessment finished {""chatId"":""-1004483915430"",""messageId"":9495,""escalation"":false}",dbe457494dfdf4bf,[object Object],,000000000000000005ba9afd7c8321eb255dcfe10833145b,info
2026-09-27 03:31:00,"[jevsentinel] live action state {""action"":""HOLD"",""stage"":""INITIAL"",""riskScore"":0,""confidence"":0.52,""reasons"":[""creator identity resolved""]}",3cce32b7b7b2b8b,[object Object],,000000000000000005ba9afd7c8321eb255dcfe10833145b,info
2026-09-27 03:30:59,"[jevsentinel] decision input {""mint"":""hxy2Ls6SV2gMVHjWGSHgHAhyZZ2fGUTiZVgYcGXStox"",""sourceCard"":""EARLY ENTRY EXPERIMENT"",""evidenceGroups"":{""tokenIntegrity"":true,""holderStructure"":true,""creatorIntelligence"":true,""walletBehaviour"":true,""flowDynamics"":true,""marketDynamics"":true,""liquidityStructure"":true,""temporalIntelligence"":true,""historicalIntelligence"":true,""alternativeExplanation"":true},""evidenceQuality"":""strong"",""providers"":{""token-research"":{""available"":true,""fieldCount"":30},""transfer-flow"":{""available"":true,""fieldCount"":13}},""temporalSampleCount"":1}",888756a411d8e0b5,[object Object],,000000000000000005ba9afd7c8321eb255dcfe10833145b,info
2026-09-27 03:30:59,"[jevsentinel] trajectory state {""action"":""HOLD"",""stage"":""INITIAL"",""riskScore"":0,""confidence"":0.52,""reasons"":[""creator identity resolved""]}",94e346bd4251d677,[object Object],,000000000000000005ba9afd7c8321eb255dcfe10833145b,info
2026-09-27 03:30:59,"[jevsentinel] temporal state {""priorSnapshotCount"":0,""currentSnapshot"":{""observedAt"":""2026-09-27T06:30:59.935Z"",""price"":null,""liquidity"":null,""volume"":null,""priceChange5mPct"":null,""priceChange1hPct"":null,""buyCount5m"":null,""sellCount5m"":null,""buySellRatio5m"":null,""uniqueSellers"":0,""uniqueBuyers"":0,""sellerAcceleration"":0,""coordinatedSellers"":0,""sellUsd"":null,""buyUsd"":null,""sellerCount"":null},""sampleCount"":1,""deltas"":{},""acceleration"":{""selling"":""stable"",""buyPressure"":""stable"",""volume"":""stable"",""liquidity"":""stable"",""price"":""stable"",""sellers"":""stable"",""coordination"":""stable""}}",6e951af4177707c5,[object Object],,000000000000000005ba9afd7c8321eb255dcfe10833145b,info
2026-09-27 03:30:59,"[jevsentinel-telegram] EARLY ENTRY JEV assessment starting {""chatId"":""-1004483915430"",""messageId"":9495}",73bbdbe54b7e3a76,[object Object],,000000000000000005ba9afd7c8321eb255dcfe10833145b,info
2026-09-27 03:30:59,"[jevsentinel-telegram] EARLY ENTRY EXPERIMENT detected {""chatId"":""-1004483915430"",""messageId"":9495,""mintExtracted"":true,""symbol"":""STOX""}",e2f8b64d710bb251,[object Object],,000000000000000005ba9afd7c8321eb255dcfe10833145b,info
2026-09-27 03:30:59,"[jevsentinel-telegram] group message received {""chatId"":""-1004483915430"",""messageId"":9495,""configured"":true,""enabled"":true,""hasText"":true,""isEarlyEntry"":true,""textLength"":671}",908f47a8565a7d8c,[object Object],,000000000000000005ba9afd7c8321eb255dcfe10833145b,info
2026-09-27 03:30:59,"[jevsentinel-telegram] updates received {""count"":1,""firstUpdateId"":562699590,""lastUpdateId"":562699590}",d7b50cc5443c5ac,[object Object],,000000000000000005ba9afd7c8321eb255dcfe10833145b,info
2026-09-27 03:30:16,"[jevsentinel-telegram] non-EARLY ENTRY group message ignored {""chatId"":""-1004483915430"",""messageId"":9494,""isEarlyEntry"":false}",47d0afe0351e1ed,[object Object],,000000000000000005ba9afd7c8321eb255dcfe10833145b,info
2026-09-27 03:30:16,"[jevsentinel-telegram] group message received {""chatId"":""-1004483915430"",""messageId"":9494,""configured"":true,""enabled"":true,""hasText"":true,""isEarlyEntry"":false,""textLength"":417}",4fa782ca70f3b9eb,[object Object],,000000000000000005ba9afd7c8321eb255dcfe10833145b,info
2026-09-27 03:30:16,"[jevsentinel-telegram] updates received {""count"":1,""firstUpdateId"":562699589,""lastUpdateId"":562699589}",37015066211b0c10,[object Object],,000000000000000005ba9afd7c8321eb255dcfe10833145b,info
2026-09-27 03:16:14,"[jevsentinel-telegram] non-EARLY ENTRY group message ignored {""chatId"":""-1004483915430"",""messageId"":9493,""isEarlyEntry"":false}",7f9e4f9f4eee20e,[object Object],,000000000000000005ba9afd7c8321eb255dcfe10833145b,info
2026-09-27 03:16:14,"[jevsentinel-telegram] group message received {""chatId"":""-1004483915430"",""messageId"":9493,""configured"":true,""enabled"":true,""hasText"":true,""isEarlyEntry"":false,""textLength"":525}",2e72aa77074ba38a,[object Object],,000000000000000005ba9afd7c8321eb255dcfe10833145b,info
2026-09-27 03:16:14,"[jevsentinel-telegram] updates received {""count"":1,""firstUpdateId"":562699588,""lastUpdateId"":562699588}",c58c5ea7cd1c225,[object Object],,000000000000000005ba9afd7c8321eb255dcfe10833145b,info
2026-09-27 03:12:52,"[jevsentinel-telegram] non-EARLY ENTRY group message ignored {""chatId"":""-1004483915430"",""messageId"":9492,""isEarlyEntry"":false}",7bfecde5d95f4c4b,[object Object],,000000000000000005ba9afd7c8321eb255dcfe10833145b,info
2026-09-27 03:12:52,"[jevsentinel-telegram] group message received {""chatId"":""-1004483915430"",""messageId"":9492,""configured"":true,""enabled"":true,""hasText"":true,""isEarlyEntry"":false,""textLength"":412}",512d5b48105c8dbf,[object Object],,000000000000000005ba9afd7c8321eb255dcfe10833145b,info
2026-09-27 03:12:52,"[jevsentinel-telegram] updates received {""count"":1,""firstUpdateId"":562699587,""lastUpdateId"":562699587}",9fd4e52ab53730e7,[object Object],,000000000000000005ba9afd7c8321eb255dcfe10833145b,info