"Time","Line","id","labels","streams","streamId","detected_level"
2026-09-27 21:51:14,"[jevsentinel] live action state {""action"":""SELL"",""stage"":""DISTRIBUTION"",""riskScore"":8,""confidence"":0.99,""reasons"":[""JEV progression: distribution"",""liquidity below $10K"",""5m price deterioration ≤−40%""]}",cc42a299689a3c24,[object Object],,000000000000000005ba9afd7c8321eb255dcfe10833145b,info
2026-09-27 21:51:14,"[jevsentinel] shadow prediction {""version"":1,""shadow"":true,""action"":""SELL"",""confidence"":0.78,""sampleCount"":33,""evidenceQuality"":""strong"",""sourceTrajectoryAction"":""SELL"",""reasons"":[""forward risk structure is deteriorating""],""predictedAt"":""2026-09-28T00:51:14.207Z""}",55915105e0490b6,[object Object],,000000000000000005ba9afd7c8321eb255dcfe10833145b,info
2026-09-27 21:51:13,"[jevsentinel] decision input {""mint"":""FfK6zp9vtVdD4p5Vkp5WzwLCy7KHNs8eaoNpMcwjpump"",""sourceCard"":""CW"",""evidenceGroups"":{""tokenIntegrity"":true,""holderStructure"":true,""creatorIntelligence"":true,""walletBehaviour"":true,""flowDynamics"":true,""marketDynamics"":true,""liquidityStructure"":true,""temporalIntelligence"":true,""historicalIntelligence"":true,""alternativeExplanation"":true},""evidenceQuality"":""strong"",""providers"":{""token-research"":{""available"":true,""fieldCount"":30},""transfer-flow"":{""available"":true,""fieldCount"":13}},""temporalSampleCount"":33}",5b2743b7354c888a,[object Object],,000000000000000005ba9afd7c8321eb255dcfe10833145b,info
2026-09-27 21:51:13,"[jevsentinel] trajectory state {""action"":""SELL"",""stage"":""DISTRIBUTION"",""riskScore"":6,""confidence"":0.99,""reasons"":[""liquidity below $10K"",""5m price deterioration ≤−40%""]}",b4c5c9e86239eda9,[object Object],,000000000000000005ba9afd7c8321eb255dcfe10833145b,info
2026-09-27 21:51:13,"[jevsentinel] temporal state {""priorSnapshotCount"":32,""currentSnapshot"":{""observedAt"":""2026-09-28T00:51:13.867Z"",""price"":null,""liquidity"":null,""volume"":null,""priceChange5mPct"":null,""priceChange1hPct"":null,""buyCount5m"":null,""sellCount5m"":null,""buySellRatio5m"":null,""uniqueSellers"":0,""uniqueBuyers"":0,""sellerAcceleration"":0,""coordinatedSellers"":0,""sellUsd"":null,""buyUsd"":null,""sellerCount"":null},""sampleCount"":33,""deltas"":{""uniqueSellers"":0,""uniqueBuyers"":0,""sellerAcceleration"":0,""coordinatedSellers"":0},""acceleration"":{""selling"":""stable"",""buyPressure"":""stable"",""volume"":""stable"",""liquidity"":""stable"",""price"":""stable"",""sellers"":""stable"",""coordination"":""stable""}}",cef6687394f4750c,[object Object],,000000000000000005ba9afd7c8321eb255dcfe10833145b,info
2026-09-27 21:51:13,"[jevsentinel-telegram] updates received {""count"":1,""firstUpdateId"":562699742,""lastUpdateId"":562699742}",25c9712011e81e6,[object Object],,000000000000000005ba9afd7c8321eb255dcfe10833145b,info
2026-09-27 21:51:09,"[jevsentinel] live action state {""action"":""HOLD"",""stage"":""STABLE"",""riskScore"":0,""confidence"":0.84,""reasons"":[]}",210468bd2dbc61c0,[object Object],,000000000000000005ba9afd7c8321eb255dcfe10833145b,info
2026-09-27 21:51:09,"[jevsentinel] shadow prediction {""version"":1,""shadow"":true,""action"":""CAUTION"",""confidence"":0.5,""sampleCount"":32,""evidenceQuality"":""strong"",""sourceTrajectoryAction"":""HOLD"",""reasons"":[""signals do not form a reliable forward setup""],""predictedAt"":""2026-09-28T00:51:09.455Z""}",db4be5ab40ce8a74,[object Object],,000000000000000005ba9afd7c8321eb255dcfe10833145b,info
2026-09-27 21:51:09,"[jevsentinel] decision input {""mint"":""FfK6zp9vtVdD4p5Vkp5WzwLCy7KHNs8eaoNpMcwjpump"",""sourceCard"":""CW"",""evidenceGroups"":{""tokenIntegrity"":true,""holderStructure"":true,""creatorIntelligence"":true,""walletBehaviour"":true,""flowDynamics"":true,""marketDynamics"":true,""liquidityStructure"":true,""temporalIntelligence"":true,""historicalIntelligence"":true,""alternativeExplanation"":true},""evidenceQuality"":""strong"",""providers"":{""token-research"":{""available"":true,""fieldCount"":30},""transfer-flow"":{""available"":true,""fieldCount"":13}},""temporalSampleCount"":32}",57891ee71c969685,[object Object],,000000000000000005ba9afd7c8321eb255dcfe10833145b,info
2026-09-27 21:51:09,"[jevsentinel] trajectory state {""action"":""HOLD"",""stage"":""STABLE"",""riskScore"":0,""confidence"":0.84,""reasons"":[]}",ffaf6375d1f379f1,[object Object],,000000000000000005ba9afd7c8321eb255dcfe10833145b,info
2026-09-27 21:51:09,"[jevsentinel] temporal state {""priorSnapshotCount"":31,""currentSnapshot"":{""observedAt"":""2026-09-28T00:51:09.258Z"",""price"":null,""liquidity"":null,""volume"":null,""priceChange5mPct"":null,""priceChange1hPct"":null,""buyCount5m"":null,""sellCount5m"":null,""buySellRatio5m"":null,""uniqueSellers"":0,""uniqueBuyers"":0,""sellerAcceleration"":0,""coordinatedSellers"":0,""sellUsd"":null,""buyUsd"":null,""sellerCount"":null},""sampleCount"":32,""deltas"":{""uniqueSellers"":0,""uniqueBuyers"":0,""sellerAcceleration"":0,""coordinatedSellers"":0},""acceleration"":{""selling"":""stable"",""buyPressure"":""stable"",""volume"":""stable"",""liquidity"":""stable"",""price"":""stable"",""sellers"":""stable"",""coordination"":""stable""}}",278124c8a30db6f2,[object Object],,000000000000000005ba9afd7c8321eb255dcfe10833145b,info
2026-09-27 21:51:05,"[jevsentinel] live action state {""action"":""HOLD"",""stage"":""STABLE"",""riskScore"":0,""confidence"":0.84,""reasons"":[]}",580a9e1cbea43228,[object Object],,000000000000000005ba9afd7c8321eb255dcfe10833145b,info
2026-09-27 21:51:05,"[jevsentinel] shadow prediction {""version"":1,""shadow"":true,""action"":""CAUTION"",""confidence"":0.5,""sampleCount"":31,""evidenceQuality"":""strong"",""sourceTrajectoryAction"":""HOLD"",""reasons"":[""signals do not form a reliable forward setup""],""predictedAt"":""2026-09-28T00:51:05.532Z""}",5048550c24ce559d,[object Object],,000000000000000005ba9afd7c8321eb255dcfe10833145b,info
2026-09-27 21:51:05,"[jevsentinel] decision input {""mint"":""FfK6zp9vtVdD4p5Vkp5WzwLCy7KHNs8eaoNpMcwjpump"",""sourceCard"":""CW"",""evidenceGroups"":{""tokenIntegrity"":true,""holderStructure"":true,""creatorIntelligence"":true,""walletBehaviour"":true,""flowDynamics"":true,""marketDynamics"":true,""liquidityStructure"":true,""temporalIntelligence"":true,""historicalIntelligence"":true,""alternativeExplanation"":true},""evidenceQuality"":""strong"",""providers"":{""token-research"":{""available"":true,""fieldCount"":30},""transfer-flow"":{""available"":true,""fieldCount"":13}},""temporalSampleCount"":31}",a376315d7a28eb9c,[object Object],,000000000000000005ba9afd7c8321eb255dcfe10833145b,info
2026-09-27 21:51:05,"[jevsentinel] trajectory state {""action"":""HOLD"",""stage"":""STABLE"",""riskScore"":0,""confidence"":0.84,""reasons"":[]}",62adde5146a63c42,[object Object],,000000000000000005ba9afd7c8321eb255dcfe10833145b,info
2026-09-27 21:51:05,"[jevsentinel] temporal state {""priorSnapshotCount"":30,""currentSnapshot"":{""observedAt"":""2026-09-28T00:51:05.320Z"",""price"":null,""liquidity"":null,""volume"":null,""priceChange5mPct"":null,""priceChange1hPct"":null,""buyCount5m"":null,""sellCount5m"":null,""buySellRatio5m"":null,""uniqueSellers"":0,""uniqueBuyers"":0,""sellerAcceleration"":0,""coordinatedSellers"":0,""sellUsd"":null,""buyUsd"":null,""sellerCount"":null},""sampleCount"":31,""deltas"":{""uniqueSellers"":0,""uniqueBuyers"":0,""sellerAcceleration"":0,""coordinatedSellers"":0},""acceleration"":{""selling"":""stable"",""buyPressure"":""stable"",""volume"":""stable"",""liquidity"":""stable"",""price"":""stable"",""sellers"":""stable"",""coordination"":""stable""}}",4b90fdc4679a116e,[object Object],,000000000000000005ba9afd7c8321eb255dcfe10833145b,info
2026-09-27 21:51:01,"[jevsentinel] live action state {""action"":""HOLD"",""stage"":""STABLE"",""riskScore"":0,""confidence"":0.84,""reasons"":[]}",e0bb57458610a5ab,[object Object],,000000000000000005ba9afd7c8321eb255dcfe10833145b,info
2026-09-27 21:51:01,"[jevsentinel] shadow prediction {""version"":1,""shadow"":true,""action"":""CAUTION"",""confidence"":0.5,""sampleCount"":30,""evidenceQuality"":""strong"",""sourceTrajectoryAction"":""HOLD"",""reasons"":[""signals do not form a reliable forward setup""],""predictedAt"":""2026-09-28T00:51:01.081Z""}",9e763225d6168b2c,[object Object],,000000000000000005ba9afd7c8321eb255dcfe10833145b,info
2026-09-27 21:51:00,"[jevsentinel] decision input {""mint"":""FfK6zp9vtVdD4p5Vkp5WzwLCy7KHNs8eaoNpMcwjpump"",""sourceCard"":""CW"",""evidenceGroups"":{""tokenIntegrity"":true,""holderStructure"":true,""creatorIntelligence"":true,""walletBehaviour"":true,""flowDynamics"":true,""marketDynamics"":true,""liquidityStructure"":true,""temporalIntelligence"":true,""historicalIntelligence"":true,""alternativeExplanation"":true},""evidenceQuality"":""strong"",""providers"":{""token-research"":{""available"":true,""fieldCount"":30},""transfer-flow"":{""available"":true,""fieldCount"":13}},""temporalSampleCount"":30}",efc7189cbaff709,[object Object],,000000000000000005ba9afd7c8321eb255dcfe10833145b,info
2026-09-27 21:51:00,"[jevsentinel] trajectory state {""action"":""HOLD"",""stage"":""STABLE"",""riskScore"":0,""confidence"":0.84,""reasons"":[]}",2ebb9ed3630eedf6,[object Object],,000000000000000005ba9afd7c8321eb255dcfe10833145b,info
2026-09-27 21:51:00,"[jevsentinel] temporal state {""priorSnapshotCount"":29,""currentSnapshot"":{""observedAt"":""2026-09-28T00:51:00.793Z"",""price"":null,""liquidity"":null,""volume"":null,""priceChange5mPct"":null,""priceChange1hPct"":null,""buyCount5m"":null,""sellCount5m"":null,""buySellRatio5m"":null,""uniqueSellers"":0,""uniqueBuyers"":0,""sellerAcceleration"":0,""coordinatedSellers"":0,""sellUsd"":null,""buyUsd"":null,""sellerCount"":null},""sampleCount"":30,""deltas"":{""uniqueSellers"":0,""uniqueBuyers"":0,""sellerAcceleration"":0,""coordinatedSellers"":0},""acceleration"":{""selling"":""stable"",""buyPressure"":""stable"",""volume"":""stable"",""liquidity"":""stable"",""price"":""stable"",""sellers"":""stable"",""coordination"":""stable""}}",69b88167b2d10f8b,[object Object],,000000000000000005ba9afd7c8321eb255dcfe10833145b,info
2026-09-27 21:50:57,"[jevsentinel] live action state {""action"":""HOLD"",""stage"":""STABLE"",""riskScore"":0,""confidence"":0.84,""reasons"":[]}",e1a97620ed4e1352,[object Object],,000000000000000005ba9afd7c8321eb255dcfe10833145b,info
2026-09-27 21:50:57,"[jevsentinel] shadow prediction {""version"":1,""shadow"":true,""action"":""CAUTION"",""confidence"":0.5,""sampleCount"":29,""evidenceQuality"":""strong"",""sourceTrajectoryAction"":""HOLD"",""reasons"":[""signals do not form a reliable forward setup""],""predictedAt"":""2026-09-28T00:50:57.078Z""}",27a8e2a6f02c8e3c,[object Object],,000000000000000005ba9afd7c8321eb255dcfe10833145b,info
2026-09-27 21:50:56,"[jevsentinel] decision input {""mint"":""FfK6zp9vtVdD4p5Vkp5WzwLCy7KHNs8eaoNpMcwjpump"",""sourceCard"":""CW"",""evidenceGroups"":{""tokenIntegrity"":true,""holderStructure"":true,""creatorIntelligence"":true,""walletBehaviour"":true,""flowDynamics"":true,""marketDynamics"":true,""liquidityStructure"":true,""temporalIntelligence"":true,""historicalIntelligence"":true,""alternativeExplanation"":true},""evidenceQuality"":""strong"",""providers"":{""token-research"":{""available"":true,""fieldCount"":30},""transfer-flow"":{""available"":true,""fieldCount"":13}},""temporalSampleCount"":29}",832565ad2d0aa8c6,[object Object],,000000000000000005ba9afd7c8321eb255dcfe10833145b,info
2026-09-27 21:50:56,"[jevsentinel] trajectory state {""action"":""HOLD"",""stage"":""STABLE"",""riskScore"":0,""confidence"":0.84,""reasons"":[]}",4586401b880d5c3d,[object Object],,000000000000000005ba9afd7c8321eb255dcfe10833145b,info
2026-09-27 21:50:56,"[jevsentinel] temporal state {""priorSnapshotCount"":28,""currentSnapshot"":{""observedAt"":""2026-09-28T00:50:56.883Z"",""price"":null,""liquidity"":null,""volume"":null,""priceChange5mPct"":null,""priceChange1hPct"":null,""buyCount5m"":null,""sellCount5m"":null,""buySellRatio5m"":null,""uniqueSellers"":0,""uniqueBuyers"":0,""sellerAcceleration"":0,""coordinatedSellers"":0,""sellUsd"":null,""buyUsd"":null,""sellerCount"":null},""sampleCount"":29,""deltas"":{""uniqueSellers"":0,""uniqueBuyers"":0,""sellerAcceleration"":0,""coordinatedSellers"":0},""acceleration"":{""selling"":""stable"",""buyPressure"":""stable"",""volume"":""stable"",""liquidity"":""stable"",""price"":""stable"",""sellers"":""stable"",""coordination"":""stable""}}",bb41075472e4d3cd,[object Object],,000000000000000005ba9afd7c8321eb255dcfe10833145b,info
2026-09-27 21:50:52,"[jevsentinel] live action state {""action"":""HOLD"",""stage"":""STABLE"",""riskScore"":0,""confidence"":0.84,""reasons"":[]}",e491601c92345645,[object Object],,000000000000000005ba9afd7c8321eb255dcfe10833145b,info
2026-09-27 21:50:52,"[jevsentinel] shadow prediction {""version"":1,""shadow"":true,""action"":""CAUTION"",""confidence"":0.5,""sampleCount"":28,""evidenceQuality"":""strong"",""sourceTrajectoryAction"":""HOLD"",""reasons"":[""signals do not form a reliable forward setup""],""predictedAt"":""2026-09-28T00:50:52.810Z""}",e65b345dcd606c3e,[object Object],,000000000000000005ba9afd7c8321eb255dcfe10833145b,info
2026-09-27 21:50:52,"[jevsentinel] decision input {""mint"":""FfK6zp9vtVdD4p5Vkp5WzwLCy7KHNs8eaoNpMcwjpump"",""sourceCard"":""CW"",""evidenceGroups"":{""tokenIntegrity"":true,""holderStructure"":true,""creatorIntelligence"":true,""walletBehaviour"":true,""flowDynamics"":true,""marketDynamics"":true,""liquidityStructure"":true,""temporalIntelligence"":true,""historicalIntelligence"":true,""alternativeExplanation"":true},""evidenceQuality"":""strong"",""providers"":{""token-research"":{""available"":true,""fieldCount"":30},""transfer-flow"":{""available"":true,""fieldCount"":13}},""temporalSampleCount"":28}",6c44cf36fd386af4,[object Object],,000000000000000005ba9afd7c8321eb255dcfe10833145b,info
2026-09-27 21:50:52,"[jevsentinel] trajectory state {""action"":""HOLD"",""stage"":""STABLE"",""riskScore"":0,""confidence"":0.84,""reasons"":[]}",1daecf8e2aac27e,[object Object],,000000000000000005ba9afd7c8321eb255dcfe10833145b,info
2026-09-27 21:50:52,"[jevsentinel] temporal state {""priorSnapshotCount"":27,""currentSnapshot"":{""observedAt"":""2026-09-28T00:50:52.643Z"",""price"":null,""liquidity"":null,""volume"":null,""priceChange5mPct"":null,""priceChange1hPct"":null,""buyCount5m"":null,""sellCount5m"":null,""buySellRatio5m"":null,""uniqueSellers"":0,""uniqueBuyers"":0,""sellerAcceleration"":0,""coordinatedSellers"":0,""sellUsd"":null,""buyUsd"":null,""sellerCount"":null},""sampleCount"":28,""deltas"":{""uniqueSellers"":0,""uniqueBuyers"":0,""sellerAcceleration"":0,""coordinatedSellers"":0},""acceleration"":{""selling"":""stable"",""buyPressure"":""stable"",""volume"":""stable"",""liquidity"":""stable"",""price"":""stable"",""sellers"":""stable"",""coordination"":""stable""}}",5acf34f60a6695b0,[object Object],,000000000000000005ba9afd7c8321eb255dcfe10833145b,info
2026-09-27 21:50:48,"[jevsentinel] live action state {""action"":""HOLD"",""stage"":""STABLE"",""riskScore"":0,""confidence"":0.84,""reasons"":[]}",6b4e020603b759da,[object Object],,000000000000000005ba9afd7c8321eb255dcfe10833145b,info
2026-09-27 21:50:48,"[jevsentinel] shadow prediction {""version"":1,""shadow"":true,""action"":""CAUTION"",""confidence"":0.5,""sampleCount"":27,""evidenceQuality"":""strong"",""sourceTrajectoryAction"":""HOLD"",""reasons"":[""signals do not form a reliable forward setup""],""predictedAt"":""2026-09-28T00:50:48.639Z""}",7b1d7330ef49f844,[object Object],,000000000000000005ba9afd7c8321eb255dcfe10833145b,info
2026-09-27 21:50:48,"[jevsentinel] decision input {""mint"":""FfK6zp9vtVdD4p5Vkp5WzwLCy7KHNs8eaoNpMcwjpump"",""sourceCard"":""CW"",""evidenceGroups"":{""tokenIntegrity"":true,""holderStructure"":true,""creatorIntelligence"":true,""walletBehaviour"":true,""flowDynamics"":true,""marketDynamics"":true,""liquidityStructure"":true,""temporalIntelligence"":true,""historicalIntelligence"":true,""alternativeExplanation"":true},""evidenceQuality"":""strong"",""providers"":{""token-research"":{""available"":true,""fieldCount"":30},""transfer-flow"":{""available"":true,""fieldCount"":13}},""temporalSampleCount"":27}",5c2c03297fe7fd49,[object Object],,000000000000000005ba9afd7c8321eb255dcfe10833145b,info
2026-09-27 21:50:48,"[jevsentinel] trajectory state {""action"":""HOLD"",""stage"":""STABLE"",""riskScore"":0,""confidence"":0.84,""reasons"":[]}",2ee81bb6f3e27c37,[object Object],,000000000000000005ba9afd7c8321eb255dcfe10833145b,info
2026-09-27 21:50:48,"[jevsentinel] temporal state {""priorSnapshotCount"":26,""currentSnapshot"":{""observedAt"":""2026-09-28T00:50:48.475Z"",""price"":null,""liquidity"":null,""volume"":null,""priceChange5mPct"":null,""priceChange1hPct"":null,""buyCount5m"":null,""sellCount5m"":null,""buySellRatio5m"":null,""uniqueSellers"":0,""uniqueBuyers"":0,""sellerAcceleration"":0,""coordinatedSellers"":0,""sellUsd"":null,""buyUsd"":null,""sellerCount"":null},""sampleCount"":27,""deltas"":{""uniqueSellers"":0,""uniqueBuyers"":0,""sellerAcceleration"":0,""coordinatedSellers"":0},""acceleration"":{""selling"":""stable"",""buyPressure"":""stable"",""volume"":""stable"",""liquidity"":""stable"",""price"":""stable"",""sellers"":""stable"",""coordination"":""stable""}}",bcc90d39e8c39925,[object Object],,000000000000000005ba9afd7c8321eb255dcfe10833145b,info
2026-09-27 21:50:44,"[jevsentinel] live action state {""action"":""HOLD"",""stage"":""STABLE"",""riskScore"":0,""confidence"":0.84,""reasons"":[]}",32a357a648c3d1bd,[object Object],,000000000000000005ba9afd7c8321eb255dcfe10833145b,info
2026-09-27 21:50:44,"[jevsentinel] shadow prediction {""version"":1,""shadow"":true,""action"":""CAUTION"",""confidence"":0.5,""sampleCount"":26,""evidenceQuality"":""strong"",""sourceTrajectoryAction"":""HOLD"",""reasons"":[""signals do not form a reliable forward setup""],""predictedAt"":""2026-09-28T00:50:44.488Z""}",206400bf92da3cb5,[object Object],,000000000000000005ba9afd7c8321eb255dcfe10833145b,info
2026-09-27 21:50:44,"[jevsentinel] decision input {""mint"":""FfK6zp9vtVdD4p5Vkp5WzwLCy7KHNs8eaoNpMcwjpump"",""sourceCard"":""CW"",""evidenceGroups"":{""tokenIntegrity"":true,""holderStructure"":true,""creatorIntelligence"":true,""walletBehaviour"":true,""flowDynamics"":true,""marketDynamics"":true,""liquidityStructure"":true,""temporalIntelligence"":true,""historicalIntelligence"":true,""alternativeExplanation"":true},""evidenceQuality"":""strong"",""providers"":{""token-research"":{""available"":true,""fieldCount"":30},""transfer-flow"":{""available"":true,""fieldCount"":13}},""temporalSampleCount"":26}",d0fa11025b7353ec,[object Object],,000000000000000005ba9afd7c8321eb255dcfe10833145b,info
2026-09-27 21:50:44,"[jevsentinel] trajectory state {""action"":""HOLD"",""stage"":""STABLE"",""riskScore"":0,""confidence"":0.84,""reasons"":[]}",a288dd2da66341bd,[object Object],,000000000000000005ba9afd7c8321eb255dcfe10833145b,info
2026-09-27 21:50:44,"[jevsentinel] temporal state {""priorSnapshotCount"":25,""currentSnapshot"":{""observedAt"":""2026-09-28T00:50:44.308Z"",""price"":null,""liquidity"":null,""volume"":null,""priceChange5mPct"":null,""priceChange1hPct"":null,""buyCount5m"":null,""sellCount5m"":null,""buySellRatio5m"":null,""uniqueSellers"":0,""uniqueBuyers"":0,""sellerAcceleration"":0,""coordinatedSellers"":0,""sellUsd"":null,""buyUsd"":null,""sellerCount"":null},""sampleCount"":26,""deltas"":{""uniqueSellers"":0,""uniqueBuyers"":0,""sellerAcceleration"":0,""coordinatedSellers"":0},""acceleration"":{""selling"":""stable"",""buyPressure"":""stable"",""volume"":""stable"",""liquidity"":""stable"",""price"":""stable"",""sellers"":""stable"",""coordination"":""stable""}}",d96e55c5a6b6e2b8,[object Object],,000000000000000005ba9afd7c8321eb255dcfe10833145b,info
2026-09-27 21:50:40,"[jevsentinel] live action state {""action"":""HOLD"",""stage"":""STABLE"",""riskScore"":0,""confidence"":0.84,""reasons"":[]}",eb36aa481a8246d7,[object Object],,000000000000000005ba9afd7c8321eb255dcfe10833145b,info
2026-09-27 21:50:40,"[jevsentinel] shadow prediction {""version"":1,""shadow"":true,""action"":""CAUTION"",""confidence"":0.5,""sampleCount"":25,""evidenceQuality"":""strong"",""sourceTrajectoryAction"":""HOLD"",""reasons"":[""signals do not form a reliable forward setup""],""predictedAt"":""2026-09-28T00:50:40.297Z""}",b85248b3f42c3298,[object Object],,000000000000000005ba9afd7c8321eb255dcfe10833145b,info
2026-09-27 21:50:40,"[jevsentinel] decision input {""mint"":""FfK6zp9vtVdD4p5Vkp5WzwLCy7KHNs8eaoNpMcwjpump"",""sourceCard"":""CW"",""evidenceGroups"":{""tokenIntegrity"":true,""holderStructure"":true,""creatorIntelligence"":true,""walletBehaviour"":true,""flowDynamics"":true,""marketDynamics"":true,""liquidityStructure"":true,""temporalIntelligence"":true,""historicalIntelligence"":true,""alternativeExplanation"":true},""evidenceQuality"":""strong"",""providers"":{""token-research"":{""available"":true,""fieldCount"":30},""transfer-flow"":{""available"":true,""fieldCount"":13}},""temporalSampleCount"":25}",4435690008e75d61,[object Object],,000000000000000005ba9afd7c8321eb255dcfe10833145b,info
2026-09-27 21:50:40,"[jevsentinel] trajectory state {""action"":""HOLD"",""stage"":""STABLE"",""riskScore"":0,""confidence"":0.84,""reasons"":[]}",16e323a15ef82278,[object Object],,000000000000000005ba9afd7c8321eb255dcfe10833145b,info
2026-09-27 21:50:40,"[jevsentinel] temporal state {""priorSnapshotCount"":24,""currentSnapshot"":{""observedAt"":""2026-09-28T00:50:40.118Z"",""price"":null,""liquidity"":null,""volume"":null,""priceChange5mPct"":null,""priceChange1hPct"":null,""buyCount5m"":null,""sellCount5m"":null,""buySellRatio5m"":null,""uniqueSellers"":0,""uniqueBuyers"":0,""sellerAcceleration"":0,""coordinatedSellers"":0,""sellUsd"":null,""buyUsd"":null,""sellerCount"":null},""sampleCount"":25,""deltas"":{""uniqueSellers"":0,""uniqueBuyers"":0,""sellerAcceleration"":0,""coordinatedSellers"":0},""acceleration"":{""selling"":""stable"",""buyPressure"":""stable"",""volume"":""stable"",""liquidity"":""stable"",""price"":""stable"",""sellers"":""stable"",""coordination"":""stable""}}",42eacad7556ed9e1,[object Object],,000000000000000005ba9afd7c8321eb255dcfe10833145b,info
2026-09-27 21:50:36,"[jevsentinel] live action state {""action"":""HOLD"",""stage"":""STABLE"",""riskScore"":0,""confidence"":0.84,""reasons"":[""creator identity resolved""]}",6602acc550b52ec2,[object Object],,000000000000000005ba9afd7c8321eb255dcfe10833145b,info
2026-09-27 21:50:36,"[jevsentinel] shadow prediction {""version"":1,""shadow"":true,""action"":""CAUTION"",""confidence"":0.5,""sampleCount"":24,""evidenceQuality"":""strong"",""sourceTrajectoryAction"":""HOLD"",""reasons"":[""signals do not form a reliable forward setup""],""predictedAt"":""2026-09-28T00:50:36.243Z""}",1ab4fe8f87fa80c9,[object Object],,000000000000000005ba9afd7c8321eb255dcfe10833145b,info
2026-09-27 21:50:36,"[jevsentinel] decision input {""mint"":""FfK6zp9vtVdD4p5Vkp5WzwLCy7KHNs8eaoNpMcwjpump"",""sourceCard"":""CW"",""evidenceGroups"":{""tokenIntegrity"":true,""holderStructure"":true,""creatorIntelligence"":true,""walletBehaviour"":true,""flowDynamics"":true,""marketDynamics"":true,""liquidityStructure"":true,""temporalIntelligence"":true,""historicalIntelligence"":true,""alternativeExplanation"":true},""evidenceQuality"":""strong"",""providers"":{""token-research"":{""available"":true,""fieldCount"":30},""transfer-flow"":{""available"":true,""fieldCount"":13}},""temporalSampleCount"":24}",9a848586e5779b59,[object Object],,000000000000000005ba9afd7c8321eb255dcfe10833145b,info
2026-09-27 21:50:36,"[jevsentinel] trajectory state {""action"":""HOLD"",""stage"":""STABLE"",""riskScore"":0,""confidence"":0.84,""reasons"":[""creator identity resolved""]}",5bbf689554df97aa,[object Object],,000000000000000005ba9afd7c8321eb255dcfe10833145b,info
2026-09-27 21:50:36,"[jevsentinel] temporal state {""priorSnapshotCount"":23,""currentSnapshot"":{""observedAt"":""2026-09-28T00:50:36.037Z"",""price"":null,""liquidity"":null,""volume"":null,""priceChange5mPct"":null,""priceChange1hPct"":null,""buyCount5m"":null,""sellCount5m"":null,""buySellRatio5m"":null,""uniqueSellers"":0,""uniqueBuyers"":0,""sellerAcceleration"":0,""coordinatedSellers"":0,""sellUsd"":null,""buyUsd"":null,""sellerCount"":null},""sampleCount"":24,""deltas"":{""uniqueSellers"":0,""uniqueBuyers"":0,""sellerAcceleration"":0,""coordinatedSellers"":0},""acceleration"":{""selling"":""stable"",""buyPressure"":""stable"",""volume"":""stable"",""liquidity"":""stable"",""price"":""stable"",""sellers"":""stable"",""coordination"":""stable""}}",528f939af0cdb599,[object Object],,000000000000000005ba9afd7c8321eb255dcfe10833145b,info
2026-09-27 21:50:32,"[jevsentinel] live action state {""action"":""HOLD"",""stage"":""STABLE"",""riskScore"":0,""confidence"":0.84,""reasons"":[""creator identity resolved""]}",111cba30eee98142,[object Object],,000000000000000005ba9afd7c8321eb255dcfe10833145b,info
2026-09-27 21:50:32,"[jevsentinel] shadow prediction {""version"":1,""shadow"":true,""action"":""CAUTION"",""confidence"":0.5,""sampleCount"":23,""evidenceQuality"":""strong"",""sourceTrajectoryAction"":""HOLD"",""reasons"":[""signals do not form a reliable forward setup""],""predictedAt"":""2026-09-28T00:50:32.161Z""}",923ce6a0cdf9da52,[object Object],,000000000000000005ba9afd7c8321eb255dcfe10833145b,info
2026-09-27 21:50:31,"[jevsentinel] decision input {""mint"":""FfK6zp9vtVdD4p5Vkp5WzwLCy7KHNs8eaoNpMcwjpump"",""sourceCard"":""CW"",""evidenceGroups"":{""tokenIntegrity"":true,""holderStructure"":true,""creatorIntelligence"":true,""walletBehaviour"":true,""flowDynamics"":true,""marketDynamics"":true,""liquidityStructure"":true,""temporalIntelligence"":true,""historicalIntelligence"":true,""alternativeExplanation"":true},""evidenceQuality"":""strong"",""providers"":{""token-research"":{""available"":true,""fieldCount"":30},""transfer-flow"":{""available"":true,""fieldCount"":13}},""temporalSampleCount"":23}",adbdab8fe3878255,[object Object],,000000000000000005ba9afd7c8321eb255dcfe10833145b,info
2026-09-27 21:50:31,"[jevsentinel] trajectory state {""action"":""HOLD"",""stage"":""STABLE"",""riskScore"":0,""confidence"":0.84,""reasons"":[""creator identity resolved""]}",6f566aafd15ee28b,[object Object],,000000000000000005ba9afd7c8321eb255dcfe10833145b,info
2026-09-27 21:50:31,"[jevsentinel] temporal state {""priorSnapshotCount"":22,""currentSnapshot"":{""observedAt"":""2026-09-28T00:50:31.954Z"",""price"":null,""liquidity"":null,""volume"":null,""priceChange5mPct"":null,""priceChange1hPct"":null,""buyCount5m"":null,""sellCount5m"":null,""buySellRatio5m"":null,""uniqueSellers"":0,""uniqueBuyers"":0,""sellerAcceleration"":0,""coordinatedSellers"":0,""sellUsd"":null,""buyUsd"":null,""sellerCount"":null},""sampleCount"":23,""deltas"":{""uniqueSellers"":0,""uniqueBuyers"":0,""sellerAcceleration"":0,""coordinatedSellers"":0},""acceleration"":{""selling"":""stable"",""buyPressure"":""stable"",""volume"":""stable"",""liquidity"":""stable"",""price"":""stable"",""sellers"":""stable"",""coordination"":""stable""}}",c473d9e5529fe4b4,[object Object],,000000000000000005ba9afd7c8321eb255dcfe10833145b,info
2026-09-27 21:50:27,"[jevsentinel] live action state {""action"":""HOLD"",""stage"":""STABLE"",""riskScore"":0,""confidence"":0.84,""reasons"":[]}",1639e3126c4b9d5c,[object Object],,000000000000000005ba9afd7c8321eb255dcfe10833145b,info
2026-09-27 21:50:27,"[jevsentinel] shadow prediction {""version"":1,""shadow"":true,""action"":""CAUTION"",""confidence"":0.5,""sampleCount"":22,""evidenceQuality"":""strong"",""sourceTrajectoryAction"":""HOLD"",""reasons"":[""signals do not form a reliable forward setup""],""predictedAt"":""2026-09-28T00:50:27.705Z""}",ac07b0aedd265fff,[object Object],,000000000000000005ba9afd7c8321eb255dcfe10833145b,info
2026-09-27 21:50:27,"[jevsentinel] decision input {""mint"":""FfK6zp9vtVdD4p5Vkp5WzwLCy7KHNs8eaoNpMcwjpump"",""sourceCard"":""CW"",""evidenceGroups"":{""tokenIntegrity"":true,""holderStructure"":true,""creatorIntelligence"":true,""walletBehaviour"":true,""flowDynamics"":true,""marketDynamics"":true,""liquidityStructure"":true,""temporalIntelligence"":true,""historicalIntelligence"":true,""alternativeExplanation"":true},""evidenceQuality"":""strong"",""providers"":{""token-research"":{""available"":true,""fieldCount"":30},""transfer-flow"":{""available"":true,""fieldCount"":13}},""temporalSampleCount"":22}",f62c8d54b594a641,[object Object],,000000000000000005ba9afd7c8321eb255dcfe10833145b,info
2026-09-27 21:50:27,"[jevsentinel] trajectory state {""action"":""HOLD"",""stage"":""STABLE"",""riskScore"":0,""confidence"":0.84,""reasons"":[]}",574460a7be3f1d26,[object Object],,000000000000000005ba9afd7c8321eb255dcfe10833145b,info
2026-09-27 21:50:27,"[jevsentinel] temporal state {""priorSnapshotCount"":21,""currentSnapshot"":{""observedAt"":""2026-09-28T00:50:27.504Z"",""price"":null,""liquidity"":null,""volume"":null,""priceChange5mPct"":null,""priceChange1hPct"":null,""buyCount5m"":null,""sellCount5m"":null,""buySellRatio5m"":null,""uniqueSellers"":0,""uniqueBuyers"":0,""sellerAcceleration"":0,""coordinatedSellers"":0,""sellUsd"":null,""buyUsd"":null,""sellerCount"":null},""sampleCount"":22,""deltas"":{""uniqueSellers"":0,""uniqueBuyers"":0,""sellerAcceleration"":0,""coordinatedSellers"":0},""acceleration"":{""selling"":""stable"",""buyPressure"":""stable"",""volume"":""stable"",""liquidity"":""stable"",""price"":""stable"",""sellers"":""stable"",""coordination"":""stable""}}",1368402088bcbf7c,[object Object],,000000000000000005ba9afd7c8321eb255dcfe10833145b,info
2026-09-27 21:50:23,"[jevsentinel] live action state {""action"":""HOLD"",""stage"":""STABLE"",""riskScore"":0,""confidence"":0.84,""reasons"":[]}",2764d4f0c23c0c95,[object Object],,000000000000000005ba9afd7c8321eb255dcfe10833145b,info
2026-09-27 21:50:23,"[jevsentinel] shadow prediction {""version"":1,""shadow"":true,""action"":""CAUTION"",""confidence"":0.5,""sampleCount"":21,""evidenceQuality"":""strong"",""sourceTrajectoryAction"":""HOLD"",""reasons"":[""signals do not form a reliable forward setup""],""predictedAt"":""2026-09-28T00:50:23.237Z""}",320edbe75ae8b1ea,[object Object],,000000000000000005ba9afd7c8321eb255dcfe10833145b,info
2026-09-27 21:50:23,"[jevsentinel] decision input {""mint"":""FfK6zp9vtVdD4p5Vkp5WzwLCy7KHNs8eaoNpMcwjpump"",""sourceCard"":""CW"",""evidenceGroups"":{""tokenIntegrity"":true,""holderStructure"":true,""creatorIntelligence"":true,""walletBehaviour"":true,""flowDynamics"":true,""marketDynamics"":true,""liquidityStructure"":true,""temporalIntelligence"":true,""historicalIntelligence"":true,""alternativeExplanation"":true},""evidenceQuality"":""strong"",""providers"":{""token-research"":{""available"":true,""fieldCount"":30},""transfer-flow"":{""available"":true,""fieldCount"":13}},""temporalSampleCount"":21}",fdd0d5ae68328ca5,[object Object],,000000000000000005ba9afd7c8321eb255dcfe10833145b,info
2026-09-27 21:50:23,"[jevsentinel] trajectory state {""action"":""HOLD"",""stage"":""STABLE"",""riskScore"":0,""confidence"":0.84,""reasons"":[]}",2459a76d23ed5bf3,[object Object],,000000000000000005ba9afd7c8321eb255dcfe10833145b,info
2026-09-27 21:50:23,"[jevsentinel] temporal state {""priorSnapshotCount"":20,""currentSnapshot"":{""observedAt"":""2026-09-28T00:50:23.016Z"",""price"":null,""liquidity"":null,""volume"":null,""priceChange5mPct"":null,""priceChange1hPct"":null,""buyCount5m"":null,""sellCount5m"":null,""buySellRatio5m"":null,""uniqueSellers"":0,""uniqueBuyers"":0,""sellerAcceleration"":0,""coordinatedSellers"":0,""sellUsd"":null,""buyUsd"":null,""sellerCount"":null},""sampleCount"":21,""deltas"":{""uniqueSellers"":0,""uniqueBuyers"":0,""sellerAcceleration"":0,""coordinatedSellers"":0},""acceleration"":{""selling"":""stable"",""buyPressure"":""stable"",""volume"":""stable"",""liquidity"":""stable"",""price"":""stable"",""sellers"":""stable"",""coordination"":""stable""}}",513d65c8d9c6bad2,[object Object],,000000000000000005ba9afd7c8321eb255dcfe10833145b,info
2026-09-27 21:50:19,"[jevsentinel] live action state {""action"":""HOLD"",""stage"":""STABLE"",""riskScore"":0,""confidence"":0.84,""reasons"":[]}",8e95f3b3a12f245c,[object Object],,000000000000000005ba9afd7c8321eb255dcfe10833145b,info
2026-09-27 21:50:19,"[jevsentinel] shadow prediction {""version"":1,""shadow"":true,""action"":""CAUTION"",""confidence"":0.5,""sampleCount"":20,""evidenceQuality"":""strong"",""sourceTrajectoryAction"":""HOLD"",""reasons"":[""signals do not form a reliable forward setup""],""predictedAt"":""2026-09-28T00:50:19.068Z""}",cc4e7684377fac47,[object Object],,000000000000000005ba9afd7c8321eb255dcfe10833145b,info
2026-09-27 21:50:18,"[jevsentinel] decision input {""mint"":""FfK6zp9vtVdD4p5Vkp5WzwLCy7KHNs8eaoNpMcwjpump"",""sourceCard"":""CW"",""evidenceGroups"":{""tokenIntegrity"":true,""holderStructure"":true,""creatorIntelligence"":true,""walletBehaviour"":true,""flowDynamics"":true,""marketDynamics"":true,""liquidityStructure"":true,""temporalIntelligence"":true,""historicalIntelligence"":true,""alternativeExplanation"":true},""evidenceQuality"":""strong"",""providers"":{""token-research"":{""available"":true,""fieldCount"":30},""transfer-flow"":{""available"":true,""fieldCount"":13}},""temporalSampleCount"":20}",1360f4179472c130,[object Object],,000000000000000005ba9afd7c8321eb255dcfe10833145b,info
2026-09-27 21:50:18,"[jevsentinel] trajectory state {""action"":""HOLD"",""stage"":""STABLE"",""riskScore"":0,""confidence"":0.84,""reasons"":[]}",a69b9a3dc8a402c2,[object Object],,000000000000000005ba9afd7c8321eb255dcfe10833145b,info
2026-09-27 21:50:18,"[jevsentinel] temporal state {""priorSnapshotCount"":19,""currentSnapshot"":{""observedAt"":""2026-09-28T00:50:18.876Z"",""price"":null,""liquidity"":null,""volume"":null,""priceChange5mPct"":null,""priceChange1hPct"":null,""buyCount5m"":null,""sellCount5m"":null,""buySellRatio5m"":null,""uniqueSellers"":0,""uniqueBuyers"":0,""sellerAcceleration"":0,""coordinatedSellers"":0,""sellUsd"":null,""buyUsd"":null,""sellerCount"":null},""sampleCount"":20,""deltas"":{""uniqueSellers"":0,""uniqueBuyers"":0,""sellerAcceleration"":0,""coordinatedSellers"":0},""acceleration"":{""selling"":""stable"",""buyPressure"":""stable"",""volume"":""stable"",""liquidity"":""stable"",""price"":""stable"",""sellers"":""stable"",""coordination"":""stable""}}",dbbda330017e5cc1,[object Object],,000000000000000005ba9afd7c8321eb255dcfe10833145b,info
2026-09-27 21:50:14,"[jevsentinel] live action state {""action"":""HOLD"",""stage"":""STABLE"",""riskScore"":0,""confidence"":0.84,""reasons"":[]}",6b6b3800679b5bcb,[object Object],,000000000000000005ba9afd7c8321eb255dcfe10833145b,info
2026-09-27 21:50:14,"[jevsentinel] shadow prediction {""version"":1,""shadow"":true,""action"":""CAUTION"",""confidence"":0.5,""sampleCount"":19,""evidenceQuality"":""strong"",""sourceTrajectoryAction"":""HOLD"",""reasons"":[""signals do not form a reliable forward setup""],""predictedAt"":""2026-09-28T00:50:14.934Z""}",bbbb725d49d13ded,[object Object],,000000000000000005ba9afd7c8321eb255dcfe10833145b,info
2026-09-27 21:50:14,"[jevsentinel] decision input {""mint"":""FfK6zp9vtVdD4p5Vkp5WzwLCy7KHNs8eaoNpMcwjpump"",""sourceCard"":""CW"",""evidenceGroups"":{""tokenIntegrity"":true,""holderStructure"":true,""creatorIntelligence"":true,""walletBehaviour"":true,""flowDynamics"":true,""marketDynamics"":true,""liquidityStructure"":true,""temporalIntelligence"":true,""historicalIntelligence"":true,""alternativeExplanation"":true},""evidenceQuality"":""strong"",""providers"":{""token-research"":{""available"":true,""fieldCount"":30},""transfer-flow"":{""available"":true,""fieldCount"":13}},""temporalSampleCount"":19}",f8e1eedf5193c750,[object Object],,000000000000000005ba9afd7c8321eb255dcfe10833145b,info
2026-09-27 21:50:14,"[jevsentinel] trajectory state {""action"":""HOLD"",""stage"":""STABLE"",""riskScore"":0,""confidence"":0.84,""reasons"":[]}",63a8e8187550e23,[object Object],,000000000000000005ba9afd7c8321eb255dcfe10833145b,info
2026-09-27 21:50:14,"[jevsentinel] temporal state {""priorSnapshotCount"":18,""currentSnapshot"":{""observedAt"":""2026-09-28T00:50:14.745Z"",""price"":null,""liquidity"":null,""volume"":null,""priceChange5mPct"":null,""priceChange1hPct"":null,""buyCount5m"":null,""sellCount5m"":null,""buySellRatio5m"":null,""uniqueSellers"":0,""uniqueBuyers"":0,""sellerAcceleration"":0,""coordinatedSellers"":0,""sellUsd"":null,""buyUsd"":null,""sellerCount"":null},""sampleCount"":19,""deltas"":{""uniqueSellers"":0,""uniqueBuyers"":0,""sellerAcceleration"":0,""coordinatedSellers"":0},""acceleration"":{""selling"":""stable"",""buyPressure"":""stable"",""volume"":""stable"",""liquidity"":""stable"",""price"":""stable"",""sellers"":""stable"",""coordination"":""stable""}}",78de1a5a8dd16f6f,[object Object],,000000000000000005ba9afd7c8321eb255dcfe10833145b,info
2026-09-27 21:50:10,"[jevsentinel] live action state {""action"":""HOLD"",""stage"":""STABLE"",""riskScore"":0,""confidence"":0.84,""reasons"":[""creator identity resolved""]}",83d8bcee5e15b544,[object Object],,000000000000000005ba9afd7c8321eb255dcfe10833145b,info
2026-09-27 21:50:10,"[jevsentinel] shadow prediction {""version"":1,""shadow"":true,""action"":""CAUTION"",""confidence"":0.5,""sampleCount"":18,""evidenceQuality"":""strong"",""sourceTrajectoryAction"":""HOLD"",""reasons"":[""signals do not form a reliable forward setup""],""predictedAt"":""2026-09-28T00:50:10.730Z""}",67ab19e258e3ba02,[object Object],,000000000000000005ba9afd7c8321eb255dcfe10833145b,info
2026-09-27 21:50:10,"[jevsentinel] decision input {""mint"":""FfK6zp9vtVdD4p5Vkp5WzwLCy7KHNs8eaoNpMcwjpump"",""sourceCard"":""CW"",""evidenceGroups"":{""tokenIntegrity"":true,""holderStructure"":true,""creatorIntelligence"":true,""walletBehaviour"":true,""flowDynamics"":true,""marketDynamics"":true,""liquidityStructure"":true,""temporalIntelligence"":true,""historicalIntelligence"":true,""alternativeExplanation"":true},""evidenceQuality"":""strong"",""providers"":{""token-research"":{""available"":true,""fieldCount"":30},""transfer-flow"":{""available"":true,""fieldCount"":13}},""temporalSampleCount"":18}",4eccb91695e56f1a,[object Object],,000000000000000005ba9afd7c8321eb255dcfe10833145b,info
2026-09-27 21:50:10,"[jevsentinel] trajectory state {""action"":""HOLD"",""stage"":""STABLE"",""riskScore"":0,""confidence"":0.84,""reasons"":[""creator identity resolved""]}",850b669a439cc32d,[object Object],,000000000000000005ba9afd7c8321eb255dcfe10833145b,info
2026-09-27 21:50:10,"[jevsentinel] temporal state {""priorSnapshotCount"":17,""currentSnapshot"":{""observedAt"":""2026-09-28T00:50:10.555Z"",""price"":null,""liquidity"":null,""volume"":null,""priceChange5mPct"":null,""priceChange1hPct"":null,""buyCount5m"":null,""sellCount5m"":null,""buySellRatio5m"":null,""uniqueSellers"":0,""uniqueBuyers"":0,""sellerAcceleration"":0,""coordinatedSellers"":0,""sellUsd"":null,""buyUsd"":null,""sellerCount"":null},""sampleCount"":18,""deltas"":{""uniqueSellers"":0,""uniqueBuyers"":0,""sellerAcceleration"":0,""coordinatedSellers"":0},""acceleration"":{""selling"":""stable"",""buyPressure"":""stable"",""volume"":""stable"",""liquidity"":""stable"",""price"":""stable"",""sellers"":""stable"",""coordination"":""stable""}}",fe2749fc4e77008b,[object Object],,000000000000000005ba9afd7c8321eb255dcfe10833145b,info
2026-09-27 21:50:06,"[jevsentinel] live action state {""action"":""HOLD"",""stage"":""STABLE"",""riskScore"":0,""confidence"":0.84,""reasons"":[""creator identity resolved""]}",dba09a4cf387c04d,[object Object],,000000000000000005ba9afd7c8321eb255dcfe10833145b,info
2026-09-27 21:50:06,"[jevsentinel] shadow prediction {""version"":1,""shadow"":true,""action"":""CAUTION"",""confidence"":0.5,""sampleCount"":17,""evidenceQuality"":""strong"",""sourceTrajectoryAction"":""HOLD"",""reasons"":[""signals do not form a reliable forward setup""],""predictedAt"":""2026-09-28T00:50:06.499Z""}",a815926d137326f9,[object Object],,000000000000000005ba9afd7c8321eb255dcfe10833145b,info
2026-09-27 21:50:06,"[jevsentinel] decision input {""mint"":""FfK6zp9vtVdD4p5Vkp5WzwLCy7KHNs8eaoNpMcwjpump"",""sourceCard"":""CW"",""evidenceGroups"":{""tokenIntegrity"":true,""holderStructure"":true,""creatorIntelligence"":true,""walletBehaviour"":true,""flowDynamics"":true,""marketDynamics"":true,""liquidityStructure"":true,""temporalIntelligence"":true,""historicalIntelligence"":true,""alternativeExplanation"":true},""evidenceQuality"":""strong"",""providers"":{""token-research"":{""available"":true,""fieldCount"":30},""transfer-flow"":{""available"":true,""fieldCount"":13}},""temporalSampleCount"":17}",13380288ad8121b5,[object Object],,000000000000000005ba9afd7c8321eb255dcfe10833145b,info
2026-09-27 21:50:06,"[jevsentinel] trajectory state {""action"":""HOLD"",""stage"":""STABLE"",""riskScore"":0,""confidence"":0.84,""reasons"":[""creator identity resolved""]}",4c72126302c6b29a,[object Object],,000000000000000005ba9afd7c8321eb255dcfe10833145b,info
2026-09-27 21:50:06,"[jevsentinel] temporal state {""priorSnapshotCount"":16,""currentSnapshot"":{""observedAt"":""2026-09-28T00:50:06.270Z"",""price"":null,""liquidity"":null,""volume"":null,""priceChange5mPct"":null,""priceChange1hPct"":null,""buyCount5m"":null,""sellCount5m"":null,""buySellRatio5m"":null,""uniqueSellers"":0,""uniqueBuyers"":0,""sellerAcceleration"":0,""coordinatedSellers"":0,""sellUsd"":null,""buyUsd"":null,""sellerCount"":null},""sampleCount"":17,""deltas"":{""uniqueSellers"":0,""uniqueBuyers"":0,""sellerAcceleration"":0,""coordinatedSellers"":0},""acceleration"":{""selling"":""stable"",""buyPressure"":""stable"",""volume"":""stable"",""liquidity"":""stable"",""price"":""stable"",""sellers"":""stable"",""coordination"":""stable""}}",9ea6baddd55256f8,[object Object],,000000000000000005ba9afd7c8321eb255dcfe10833145b,info
2026-09-27 21:50:02,"[jevsentinel] live action state {""action"":""HOLD"",""stage"":""STABLE"",""riskScore"":0,""confidence"":0.84,""reasons"":[]}",61b20ff3b1d7edaa,[object Object],,000000000000000005ba9afd7c8321eb255dcfe10833145b,info
2026-09-27 21:50:02,"[jevsentinel] shadow prediction {""version"":1,""shadow"":true,""action"":""CAUTION"",""confidence"":0.5,""sampleCount"":16,""evidenceQuality"":""strong"",""sourceTrajectoryAction"":""HOLD"",""reasons"":[""signals do not form a reliable forward setup""],""predictedAt"":""2026-09-28T00:50:02.592Z""}",f40e90154022923,[object Object],,000000000000000005ba9afd7c8321eb255dcfe10833145b,info
2026-09-27 21:50:02,"[jevsentinel] decision input {""mint"":""FfK6zp9vtVdD4p5Vkp5WzwLCy7KHNs8eaoNpMcwjpump"",""sourceCard"":""CW"",""evidenceGroups"":{""tokenIntegrity"":true,""holderStructure"":true,""creatorIntelligence"":true,""walletBehaviour"":true,""flowDynamics"":true,""marketDynamics"":true,""liquidityStructure"":true,""temporalIntelligence"":true,""historicalIntelligence"":true,""alternativeExplanation"":true},""evidenceQuality"":""strong"",""providers"":{""token-research"":{""available"":true,""fieldCount"":30},""transfer-flow"":{""available"":true,""fieldCount"":13}},""temporalSampleCount"":16}",a5298eb8ba5eac85,[object Object],,000000000000000005ba9afd7c8321eb255dcfe10833145b,info
2026-09-27 21:50:02,"[jevsentinel] trajectory state {""action"":""HOLD"",""stage"":""STABLE"",""riskScore"":0,""confidence"":0.84,""reasons"":[]}",53eaf93b3a06d266,[object Object],,000000000000000005ba9afd7c8321eb255dcfe10833145b,info
2026-09-27 21:50:02,"[jevsentinel] temporal state {""priorSnapshotCount"":15,""currentSnapshot"":{""observedAt"":""2026-09-28T00:50:02.366Z"",""price"":null,""liquidity"":null,""volume"":null,""priceChange5mPct"":null,""priceChange1hPct"":null,""buyCount5m"":null,""sellCount5m"":null,""buySellRatio5m"":null,""uniqueSellers"":0,""uniqueBuyers"":0,""sellerAcceleration"":0,""coordinatedSellers"":0,""sellUsd"":null,""buyUsd"":null,""sellerCount"":null},""sampleCount"":16,""deltas"":{""uniqueSellers"":0,""uniqueBuyers"":0,""sellerAcceleration"":0,""coordinatedSellers"":0},""acceleration"":{""selling"":""stable"",""buyPressure"":""stable"",""volume"":""stable"",""liquidity"":""stable"",""price"":""stable"",""sellers"":""stable"",""coordination"":""stable""}}",eca85e70dc2afd39,[object Object],,000000000000000005ba9afd7c8321eb255dcfe10833145b,info
2026-09-27 21:49:58,"[jevsentinel] live action state {""action"":""HOLD"",""stage"":""STABLE"",""riskScore"":0,""confidence"":0.84,""reasons"":[]}",a5168160985d8325,[object Object],,000000000000000005ba9afd7c8321eb255dcfe10833145b,info
2026-09-27 21:49:58,"[jevsentinel] shadow prediction {""version"":1,""shadow"":true,""action"":""CAUTION"",""confidence"":0.5,""sampleCount"":15,""evidenceQuality"":""strong"",""sourceTrajectoryAction"":""HOLD"",""reasons"":[""signals do not form a reliable forward setup""],""predictedAt"":""2026-09-28T00:49:58.580Z""}",48f3ce05ce657247,[object Object],,000000000000000005ba9afd7c8321eb255dcfe10833145b,info
2026-09-27 21:49:58,"[jevsentinel] decision input {""mint"":""FfK6zp9vtVdD4p5Vkp5WzwLCy7KHNs8eaoNpMcwjpump"",""sourceCard"":""CW"",""evidenceGroups"":{""tokenIntegrity"":true,""holderStructure"":true,""creatorIntelligence"":true,""walletBehaviour"":true,""flowDynamics"":true,""marketDynamics"":true,""liquidityStructure"":true,""temporalIntelligence"":true,""historicalIntelligence"":true,""alternativeExplanation"":true},""evidenceQuality"":""strong"",""providers"":{""token-research"":{""available"":true,""fieldCount"":30},""transfer-flow"":{""available"":true,""fieldCount"":13}},""temporalSampleCount"":15}",795f77d80fa630fa,[object Object],,000000000000000005ba9afd7c8321eb255dcfe10833145b,info
2026-09-27 21:49:58,"[jevsentinel] trajectory state {""action"":""HOLD"",""stage"":""STABLE"",""riskScore"":0,""confidence"":0.84,""reasons"":[]}",db18deded4804479,[object Object],,000000000000000005ba9afd7c8321eb255dcfe10833145b,info
2026-09-27 21:49:58,"[jevsentinel] temporal state {""priorSnapshotCount"":14,""currentSnapshot"":{""observedAt"":""2026-09-28T00:49:58.408Z"",""price"":null,""liquidity"":null,""volume"":null,""priceChange5mPct"":null,""priceChange1hPct"":null,""buyCount5m"":null,""sellCount5m"":null,""buySellRatio5m"":null,""uniqueSellers"":0,""uniqueBuyers"":0,""sellerAcceleration"":0,""coordinatedSellers"":0,""sellUsd"":null,""buyUsd"":null,""sellerCount"":null},""sampleCount"":15,""deltas"":{""uniqueSellers"":0,""uniqueBuyers"":0,""sellerAcceleration"":0,""coordinatedSellers"":0},""acceleration"":{""selling"":""stable"",""buyPressure"":""stable"",""volume"":""stable"",""liquidity"":""stable"",""price"":""stable"",""sellers"":""stable"",""coordination"":""stable""}}",7732c4c4bf80149f,[object Object],,000000000000000005ba9afd7c8321eb255dcfe10833145b,info
2026-09-27 21:49:54,"[jevsentinel] live action state {""action"":""HOLD"",""stage"":""STABLE"",""riskScore"":0,""confidence"":0.84,""reasons"":[]}",6e2958f7029d1593,[object Object],,000000000000000005ba9afd7c8321eb255dcfe10833145b,info
2026-09-27 21:49:54,"[jevsentinel] shadow prediction {""version"":1,""shadow"":true,""action"":""CAUTION"",""confidence"":0.5,""sampleCount"":14,""evidenceQuality"":""strong"",""sourceTrajectoryAction"":""HOLD"",""reasons"":[""signals do not form a reliable forward setup""],""predictedAt"":""2026-09-28T00:49:54.750Z""}",9dc05f88700b55c7,[object Object],,000000000000000005ba9afd7c8321eb255dcfe10833145b,info
2026-09-27 21:49:54,"[jevsentinel] decision input {""mint"":""FfK6zp9vtVdD4p5Vkp5WzwLCy7KHNs8eaoNpMcwjpump"",""sourceCard"":""CW"",""evidenceGroups"":{""tokenIntegrity"":true,""holderStructure"":true,""creatorIntelligence"":true,""walletBehaviour"":true,""flowDynamics"":true,""marketDynamics"":true,""liquidityStructure"":true,""temporalIntelligence"":true,""historicalIntelligence"":true,""alternativeExplanation"":true},""evidenceQuality"":""strong"",""providers"":{""token-research"":{""available"":true,""fieldCount"":30},""transfer-flow"":{""available"":true,""fieldCount"":13}},""temporalSampleCount"":14}",d9c1e1c902dafde9,[object Object],,000000000000000005ba9afd7c8321eb255dcfe10833145b,info
2026-09-27 21:49:54,"[jevsentinel] trajectory state {""action"":""HOLD"",""stage"":""STABLE"",""riskScore"":0,""confidence"":0.84,""reasons"":[]}",50b08512847f8d87,[object Object],,000000000000000005ba9afd7c8321eb255dcfe10833145b,info
2026-09-27 21:49:54,"[jevsentinel] temporal state {""priorSnapshotCount"":13,""currentSnapshot"":{""observedAt"":""2026-09-28T00:49:54.566Z"",""price"":null,""liquidity"":null,""volume"":null,""priceChange5mPct"":null,""priceChange1hPct"":null,""buyCount5m"":null,""sellCount5m"":null,""buySellRatio5m"":null,""uniqueSellers"":0,""uniqueBuyers"":0,""sellerAcceleration"":0,""coordinatedSellers"":0,""sellUsd"":null,""buyUsd"":null,""sellerCount"":null},""sampleCount"":14,""deltas"":{""uniqueSellers"":0,""uniqueBuyers"":0,""sellerAcceleration"":0,""coordinatedSellers"":0},""acceleration"":{""selling"":""stable"",""buyPressure"":""stable"",""volume"":""stable"",""liquidity"":""stable"",""price"":""stable"",""sellers"":""stable"",""coordination"":""stable""}}",6be71e54519c8377,[object Object],,000000000000000005ba9afd7c8321eb255dcfe10833145b,info
2026-09-27 21:49:50,"[jevsentinel] live action state {""action"":""HOLD"",""stage"":""STABLE"",""riskScore"":0,""confidence"":0.84,""reasons"":[]}",4c61a15042cb2940,[object Object],,000000000000000005ba9afd7c8321eb255dcfe10833145b,info
2026-09-27 21:49:50,"[jevsentinel] shadow prediction {""version"":1,""shadow"":true,""action"":""CAUTION"",""confidence"":0.5,""sampleCount"":13,""evidenceQuality"":""strong"",""sourceTrajectoryAction"":""HOLD"",""reasons"":[""signals do not form a reliable forward setup""],""predictedAt"":""2026-09-28T00:49:50.645Z""}",25467d13de1b307a,[object Object],,000000000000000005ba9afd7c8321eb255dcfe10833145b,info
2026-09-27 21:49:50,"[jevsentinel] decision input {""mint"":""FfK6zp9vtVdD4p5Vkp5WzwLCy7KHNs8eaoNpMcwjpump"",""sourceCard"":""CW"",""evidenceGroups"":{""tokenIntegrity"":true,""holderStructure"":true,""creatorIntelligence"":true,""walletBehaviour"":true,""flowDynamics"":true,""marketDynamics"":true,""liquidityStructure"":true,""temporalIntelligence"":true,""historicalIntelligence"":true,""alternativeExplanation"":true},""evidenceQuality"":""strong"",""providers"":{""token-research"":{""available"":true,""fieldCount"":30},""transfer-flow"":{""available"":true,""fieldCount"":13}},""temporalSampleCount"":13}",ec9ad75e158f6c3e,[object Object],,000000000000000005ba9afd7c8321eb255dcfe10833145b,info
2026-09-27 21:49:50,"[jevsentinel] trajectory state {""action"":""HOLD"",""stage"":""STABLE"",""riskScore"":0,""confidence"":0.84,""reasons"":[]}",257466f4afe913f,[object Object],,000000000000000005ba9afd7c8321eb255dcfe10833145b,info
2026-09-27 21:49:50,"[jevsentinel] temporal state {""priorSnapshotCount"":12,""currentSnapshot"":{""observedAt"":""2026-09-28T00:49:50.478Z"",""price"":null,""liquidity"":null,""volume"":null,""priceChange5mPct"":null,""priceChange1hPct"":null,""buyCount5m"":null,""sellCount5m"":null,""buySellRatio5m"":null,""uniqueSellers"":0,""uniqueBuyers"":0,""sellerAcceleration"":0,""coordinatedSellers"":0,""sellUsd"":null,""buyUsd"":null,""sellerCount"":null},""sampleCount"":13,""deltas"":{""uniqueSellers"":0,""uniqueBuyers"":0,""sellerAcceleration"":0,""coordinatedSellers"":0},""acceleration"":{""selling"":""stable"",""buyPressure"":""stable"",""volume"":""stable"",""liquidity"":""stable"",""price"":""stable"",""sellers"":""stable"",""coordination"":""stable""}}",22abddf175316439,[object Object],,000000000000000005ba9afd7c8321eb255dcfe10833145b,info
2026-09-27 21:49:46,"[jevsentinel] live action state {""action"":""HOLD"",""stage"":""STABLE"",""riskScore"":0,""confidence"":0.84,""reasons"":[""creator identity resolved""]}",276ee027a4d8fa6,[object Object],,000000000000000005ba9afd7c8321eb255dcfe10833145b,info
2026-09-27 21:49:46,"[jevsentinel] shadow prediction {""version"":1,""shadow"":true,""action"":""CAUTION"",""confidence"":0.5,""sampleCount"":12,""evidenceQuality"":""strong"",""sourceTrajectoryAction"":""HOLD"",""reasons"":[""signals do not form a reliable forward setup""],""predictedAt"":""2026-09-28T00:49:46.622Z""}",9c7526c23bccded0,[object Object],,000000000000000005ba9afd7c8321eb255dcfe10833145b,info
2026-09-27 21:49:46,"[jevsentinel] decision input {""mint"":""FfK6zp9vtVdD4p5Vkp5WzwLCy7KHNs8eaoNpMcwjpump"",""sourceCard"":""CW"",""evidenceGroups"":{""tokenIntegrity"":true,""holderStructure"":true,""creatorIntelligence"":true,""walletBehaviour"":true,""flowDynamics"":true,""marketDynamics"":true,""liquidityStructure"":true,""temporalIntelligence"":true,""historicalIntelligence"":true,""alternativeExplanation"":true},""evidenceQuality"":""strong"",""providers"":{""token-research"":{""available"":true,""fieldCount"":30},""transfer-flow"":{""available"":true,""fieldCount"":13}},""temporalSampleCount"":12}",c3127eb26b0daa34,[object Object],,000000000000000005ba9afd7c8321eb255dcfe10833145b,info
2026-09-27 21:49:46,"[jevsentinel] trajectory state {""action"":""HOLD"",""stage"":""STABLE"",""riskScore"":0,""confidence"":0.84,""reasons"":[""creator identity resolved""]}",fdff311b6d4dd7e8,[object Object],,000000000000000005ba9afd7c8321eb255dcfe10833145b,info
2026-09-27 21:49:46,"[jevsentinel] temporal state {""priorSnapshotCount"":11,""currentSnapshot"":{""observedAt"":""2026-09-28T00:49:46.481Z"",""price"":null,""liquidity"":null,""volume"":null,""priceChange5mPct"":null,""priceChange1hPct"":null,""buyCount5m"":null,""sellCount5m"":null,""buySellRatio5m"":null,""uniqueSellers"":0,""uniqueBuyers"":0,""sellerAcceleration"":0,""coordinatedSellers"":0,""sellUsd"":null,""buyUsd"":null,""sellerCount"":null},""sampleCount"":12,""deltas"":{""uniqueSellers"":0,""uniqueBuyers"":0,""sellerAcceleration"":0,""coordinatedSellers"":0},""acceleration"":{""selling"":""stable"",""buyPressure"":""stable"",""volume"":""stable"",""liquidity"":""stable"",""price"":""stable"",""sellers"":""stable"",""coordination"":""stable""}}",616371b937be3454,[object Object],,000000000000000005ba9afd7c8321eb255dcfe10833145b,info
2026-09-27 21:49:42,"[jevsentinel] live action state {""action"":""HOLD"",""stage"":""STABLE"",""riskScore"":0,""confidence"":0.84,""reasons"":[""creator identity resolved""]}",2555c4f8e5812d54,[object Object],,000000000000000005ba9afd7c8321eb255dcfe10833145b,info
2026-09-27 21:49:42,"[jevsentinel] shadow prediction {""version"":1,""shadow"":true,""action"":""CAUTION"",""confidence"":0.5,""sampleCount"":11,""evidenceQuality"":""strong"",""sourceTrajectoryAction"":""HOLD"",""reasons"":[""signals do not form a reliable forward setup""],""predictedAt"":""2026-09-28T00:49:42.567Z""}",42a5b9a490208283,[object Object],,000000000000000005ba9afd7c8321eb255dcfe10833145b,info
2026-09-27 21:49:42,"[jevsentinel] decision input {""mint"":""FfK6zp9vtVdD4p5Vkp5WzwLCy7KHNs8eaoNpMcwjpump"",""sourceCard"":""CW"",""evidenceGroups"":{""tokenIntegrity"":true,""holderStructure"":true,""creatorIntelligence"":true,""walletBehaviour"":true,""flowDynamics"":true,""marketDynamics"":true,""liquidityStructure"":true,""temporalIntelligence"":true,""historicalIntelligence"":true,""alternativeExplanation"":true},""evidenceQuality"":""strong"",""providers"":{""token-research"":{""available"":true,""fieldCount"":30},""transfer-flow"":{""available"":true,""fieldCount"":13}},""temporalSampleCount"":11}",dd4ae31c127e8f0a,[object Object],,000000000000000005ba9afd7c8321eb255dcfe10833145b,info
2026-09-27 21:49:42,"[jevsentinel] trajectory state {""action"":""HOLD"",""stage"":""STABLE"",""riskScore"":0,""confidence"":0.84,""reasons"":[""creator identity resolved""]}",62645131351f732d,[object Object],,000000000000000005ba9afd7c8321eb255dcfe10833145b,info
2026-09-27 21:49:42,"[jevsentinel] temporal state {""priorSnapshotCount"":10,""currentSnapshot"":{""observedAt"":""2026-09-28T00:49:42.355Z"",""price"":null,""liquidity"":null,""volume"":null,""priceChange5mPct"":null,""priceChange1hPct"":null,""buyCount5m"":null,""sellCount5m"":null,""buySellRatio5m"":null,""uniqueSellers"":0,""uniqueBuyers"":0,""sellerAcceleration"":0,""coordinatedSellers"":0,""sellUsd"":null,""buyUsd"":null,""sellerCount"":null},""sampleCount"":11,""deltas"":{""uniqueSellers"":0,""uniqueBuyers"":0,""sellerAcceleration"":0,""coordinatedSellers"":0},""acceleration"":{""selling"":""stable"",""buyPressure"":""stable"",""volume"":""stable"",""liquidity"":""stable"",""price"":""stable"",""sellers"":""stable"",""coordination"":""stable""}}",77607f1658e33169,[object Object],,000000000000000005ba9afd7c8321eb255dcfe10833145b,info
2026-09-27 21:49:38,"[jevsentinel] live action state {""action"":""HOLD"",""stage"":""STABLE"",""riskScore"":0,""confidence"":0.84,""reasons"":[]}",2b1fb2dc10bd3d69,[object Object],,000000000000000005ba9afd7c8321eb255dcfe10833145b,info
2026-09-27 21:49:38,"[jevsentinel] shadow prediction {""version"":1,""shadow"":true,""action"":""CAUTION"",""confidence"":0.5,""sampleCount"":10,""evidenceQuality"":""strong"",""sourceTrajectoryAction"":""HOLD"",""reasons"":[""signals do not form a reliable forward setup""],""predictedAt"":""2026-09-28T00:49:38.342Z""}",45b91d4a62356276,[object Object],,000000000000000005ba9afd7c8321eb255dcfe10833145b,info
2026-09-27 21:49:38,"[jevsentinel] decision input {""mint"":""FfK6zp9vtVdD4p5Vkp5WzwLCy7KHNs8eaoNpMcwjpump"",""sourceCard"":""CW"",""evidenceGroups"":{""tokenIntegrity"":true,""holderStructure"":true,""creatorIntelligence"":false,""walletBehaviour"":true,""flowDynamics"":true,""marketDynamics"":true,""liquidityStructure"":true,""temporalIntelligence"":true,""historicalIntelligence"":true,""alternativeExplanation"":true},""evidenceQuality"":""strong"",""providers"":{""token-research"":{""available"":true,""fieldCount"":29},""transfer-flow"":{""available"":true,""fieldCount"":13}},""temporalSampleCount"":10}",46e8fc4a2dca9e39,[object Object],,000000000000000005ba9afd7c8321eb255dcfe10833145b,info
2026-09-27 21:49:38,"[jevsentinel] trajectory state {""action"":""HOLD"",""stage"":""STABLE"",""riskScore"":0,""confidence"":0.84,""reasons"":[]}",e547c226120e1465,[object Object],,000000000000000005ba9afd7c8321eb255dcfe10833145b,info
2026-09-27 21:49:38,"[jevsentinel] temporal state {""priorSnapshotCount"":9,""currentSnapshot"":{""observedAt"":""2026-09-28T00:49:38.169Z"",""price"":null,""liquidity"":null,""volume"":null,""priceChange5mPct"":null,""priceChange1hPct"":null,""buyCount5m"":null,""sellCount5m"":null,""buySellRatio5m"":null,""uniqueSellers"":0,""uniqueBuyers"":0,""sellerAcceleration"":0,""coordinatedSellers"":0,""sellUsd"":null,""buyUsd"":null,""sellerCount"":null},""sampleCount"":10,""deltas"":{""uniqueSellers"":0,""uniqueBuyers"":0,""sellerAcceleration"":0,""coordinatedSellers"":0},""acceleration"":{""selling"":""stable"",""buyPressure"":""stable"",""volume"":""stable"",""liquidity"":""stable"",""price"":""stable"",""sellers"":""stable"",""coordination"":""stable""}}",e76d40cda8109505,[object Object],,000000000000000005ba9afd7c8321eb255dcfe10833145b,info
2026-09-27 21:49:34,"[jevsentinel] live action state {""action"":""HOLD"",""stage"":""STABLE"",""riskScore"":0,""confidence"":0.84,""reasons"":[]}",d0240ed01083c5e2,[object Object],,000000000000000005ba9afd7c8321eb255dcfe10833145b,info
2026-09-27 21:49:34,"[jevsentinel] shadow prediction {""version"":1,""shadow"":true,""action"":""CAUTION"",""confidence"":0.5,""sampleCount"":9,""evidenceQuality"":""strong"",""sourceTrajectoryAction"":""HOLD"",""reasons"":[""signals do not form a reliable forward setup""],""predictedAt"":""2026-09-28T00:49:34.243Z""}",9453cfd7b599ec81,[object Object],,000000000000000005ba9afd7c8321eb255dcfe10833145b,info
2026-09-27 21:49:34,"[jevsentinel] decision input {""mint"":""FfK6zp9vtVdD4p5Vkp5WzwLCy7KHNs8eaoNpMcwjpump"",""sourceCard"":""CW"",""evidenceGroups"":{""tokenIntegrity"":true,""holderStructure"":true,""creatorIntelligence"":true,""walletBehaviour"":true,""flowDynamics"":true,""marketDynamics"":true,""liquidityStructure"":true,""temporalIntelligence"":true,""historicalIntelligence"":true,""alternativeExplanation"":true},""evidenceQuality"":""strong"",""providers"":{""token-research"":{""available"":true,""fieldCount"":30},""transfer-flow"":{""available"":true,""fieldCount"":13}},""temporalSampleCount"":9}",40947ed176c4f855,[object Object],,000000000000000005ba9afd7c8321eb255dcfe10833145b,info
2026-09-27 21:49:34,"[jevsentinel] trajectory state {""action"":""HOLD"",""stage"":""STABLE"",""riskScore"":0,""confidence"":0.84,""reasons"":[]}",790a35bc87817666,[object Object],,000000000000000005ba9afd7c8321eb255dcfe10833145b,info
2026-09-27 21:49:34,"[jevsentinel] temporal state {""priorSnapshotCount"":8,""currentSnapshot"":{""observedAt"":""2026-09-28T00:49:34.058Z"",""price"":null,""liquidity"":null,""volume"":null,""priceChange5mPct"":null,""priceChange1hPct"":null,""buyCount5m"":null,""sellCount5m"":null,""buySellRatio5m"":null,""uniqueSellers"":0,""uniqueBuyers"":0,""sellerAcceleration"":0,""coordinatedSellers"":0,""sellUsd"":null,""buyUsd"":null,""sellerCount"":null},""sampleCount"":9,""deltas"":{""uniqueSellers"":0,""uniqueBuyers"":0,""sellerAcceleration"":0,""coordinatedSellers"":0},""acceleration"":{""selling"":""stable"",""buyPressure"":""stable"",""volume"":""stable"",""liquidity"":""stable"",""price"":""stable"",""sellers"":""stable"",""coordination"":""stable""}}",e733f85bab677c39,[object Object],,000000000000000005ba9afd7c8321eb255dcfe10833145b,info
2026-09-27 21:49:29,"[jevsentinel] live action state {""action"":""HOLD"",""stage"":""STABLE"",""riskScore"":0,""confidence"":0.84,""reasons"":[]}",2fcee0c08d1d2563,[object Object],,000000000000000005ba9afd7c8321eb255dcfe10833145b,info
2026-09-27 21:49:29,"[jevsentinel] shadow prediction {""version"":1,""shadow"":true,""action"":""CAUTION"",""confidence"":0.5,""sampleCount"":8,""evidenceQuality"":""strong"",""sourceTrajectoryAction"":""HOLD"",""reasons"":[""signals do not form a reliable forward setup""],""predictedAt"":""2026-09-28T00:49:29.988Z""}",533df33f0489961e,[object Object],,000000000000000005ba9afd7c8321eb255dcfe10833145b,info
2026-09-27 21:49:29,"[jevsentinel] decision input {""mint"":""FfK6zp9vtVdD4p5Vkp5WzwLCy7KHNs8eaoNpMcwjpump"",""sourceCard"":""CW"",""evidenceGroups"":{""tokenIntegrity"":true,""holderStructure"":true,""creatorIntelligence"":true,""walletBehaviour"":true,""flowDynamics"":true,""marketDynamics"":true,""liquidityStructure"":true,""temporalIntelligence"":true,""historicalIntelligence"":true,""alternativeExplanation"":true},""evidenceQuality"":""strong"",""providers"":{""token-research"":{""available"":true,""fieldCount"":30},""transfer-flow"":{""available"":true,""fieldCount"":13}},""temporalSampleCount"":8}",1ebe17d02d38a2d6,[object Object],,000000000000000005ba9afd7c8321eb255dcfe10833145b,info
2026-09-27 21:49:29,"[jevsentinel] trajectory state {""action"":""HOLD"",""stage"":""STABLE"",""riskScore"":0,""confidence"":0.84,""reasons"":[]}",99c422b4a9c426d0,[object Object],,000000000000000005ba9afd7c8321eb255dcfe10833145b,info
2026-09-27 21:49:29,"[jevsentinel] temporal state {""priorSnapshotCount"":7,""currentSnapshot"":{""observedAt"":""2026-09-28T00:49:29.779Z"",""price"":null,""liquidity"":null,""volume"":null,""priceChange5mPct"":null,""priceChange1hPct"":null,""buyCount5m"":null,""sellCount5m"":null,""buySellRatio5m"":null,""uniqueSellers"":0,""uniqueBuyers"":0,""sellerAcceleration"":0,""coordinatedSellers"":0,""sellUsd"":null,""buyUsd"":null,""sellerCount"":null},""sampleCount"":8,""deltas"":{""uniqueSellers"":0,""uniqueBuyers"":0,""sellerAcceleration"":0,""coordinatedSellers"":0},""acceleration"":{""selling"":""stable"",""buyPressure"":""stable"",""volume"":""stable"",""liquidity"":""stable"",""price"":""stable"",""sellers"":""stable"",""coordination"":""stable""}}",587ad412fe98ca48,[object Object],,000000000000000005ba9afd7c8321eb255dcfe10833145b,info
2026-09-27 21:49:25,"[jevsentinel] live action state {""action"":""HOLD"",""stage"":""STABLE"",""riskScore"":0,""confidence"":0.8200000000000001,""reasons"":[]}",2e8fc6ee0510667,[object Object],,000000000000000005ba9afd7c8321eb255dcfe10833145b,info
2026-09-27 21:49:25,"[jevsentinel] shadow prediction {""version"":1,""shadow"":true,""action"":""CAUTION"",""confidence"":0.5,""sampleCount"":7,""evidenceQuality"":""strong"",""sourceTrajectoryAction"":""HOLD"",""reasons"":[""signals do not form a reliable forward setup""],""predictedAt"":""2026-09-28T00:49:25.533Z""}",74e47ab9ecfd9635,[object Object],,000000000000000005ba9afd7c8321eb255dcfe10833145b,info
2026-09-27 21:49:25,"[jevsentinel] decision input {""mint"":""FfK6zp9vtVdD4p5Vkp5WzwLCy7KHNs8eaoNpMcwjpump"",""sourceCard"":""CW"",""evidenceGroups"":{""tokenIntegrity"":true,""holderStructure"":true,""creatorIntelligence"":true,""walletBehaviour"":true,""flowDynamics"":true,""marketDynamics"":true,""liquidityStructure"":true,""temporalIntelligence"":true,""historicalIntelligence"":true,""alternativeExplanation"":true},""evidenceQuality"":""strong"",""providers"":{""token-research"":{""available"":true,""fieldCount"":30},""transfer-flow"":{""available"":true,""fieldCount"":13}},""temporalSampleCount"":7}",4e498d034a9609d2,[object Object],,000000000000000005ba9afd7c8321eb255dcfe10833145b,info
2026-09-27 21:49:25,"[jevsentinel] trajectory state {""action"":""HOLD"",""stage"":""STABLE"",""riskScore"":0,""confidence"":0.8200000000000001,""reasons"":[]}",80b31609fbd8e1e1,[object Object],,000000000000000005ba9afd7c8321eb255dcfe10833145b,info
2026-09-27 21:49:25,"[jevsentinel] temporal state {""priorSnapshotCount"":6,""currentSnapshot"":{""observedAt"":""2026-09-28T00:49:25.371Z"",""price"":null,""liquidity"":null,""volume"":null,""priceChange5mPct"":null,""priceChange1hPct"":null,""buyCount5m"":null,""sellCount5m"":null,""buySellRatio5m"":null,""uniqueSellers"":0,""uniqueBuyers"":0,""sellerAcceleration"":0,""coordinatedSellers"":0,""sellUsd"":null,""buyUsd"":null,""sellerCount"":null},""sampleCount"":7,""deltas"":{""uniqueSellers"":0,""uniqueBuyers"":0,""sellerAcceleration"":0,""coordinatedSellers"":0},""acceleration"":{""selling"":""stable"",""buyPressure"":""stable"",""volume"":""stable"",""liquidity"":""stable"",""price"":""stable"",""sellers"":""stable"",""coordination"":""stable""}}",8fa2197844ec314e,[object Object],,000000000000000005ba9afd7c8321eb255dcfe10833145b,info
2026-09-27 21:49:21,"[jevsentinel] live action state {""action"":""HOLD"",""stage"":""STABLE"",""riskScore"":0,""confidence"":0.8,""reasons"":[""creator identity resolved""]}",3065712c20aa8426,[object Object],,000000000000000005ba9afd7c8321eb255dcfe10833145b,info
2026-09-27 21:49:21,"[jevsentinel] shadow prediction {""version"":1,""shadow"":true,""action"":""CAUTION"",""confidence"":0.5,""sampleCount"":6,""evidenceQuality"":""strong"",""sourceTrajectoryAction"":""HOLD"",""reasons"":[""signals do not form a reliable forward setup""],""predictedAt"":""2026-09-28T00:49:21.274Z""}",fbebf9bc8e0f8e56,[object Object],,000000000000000005ba9afd7c8321eb255dcfe10833145b,info
2026-09-27 21:49:21,"[jevsentinel] decision input {""mint"":""FfK6zp9vtVdD4p5Vkp5WzwLCy7KHNs8eaoNpMcwjpump"",""sourceCard"":""CW"",""evidenceGroups"":{""tokenIntegrity"":true,""holderStructure"":true,""creatorIntelligence"":true,""walletBehaviour"":true,""flowDynamics"":true,""marketDynamics"":true,""liquidityStructure"":true,""temporalIntelligence"":true,""historicalIntelligence"":true,""alternativeExplanation"":true},""evidenceQuality"":""strong"",""providers"":{""token-research"":{""available"":true,""fieldCount"":30},""transfer-flow"":{""available"":true,""fieldCount"":13}},""temporalSampleCount"":6}",34ebedbe1aaa392b,[object Object],,000000000000000005ba9afd7c8321eb255dcfe10833145b,info
2026-09-27 21:49:21,"[jevsentinel] trajectory state {""action"":""HOLD"",""stage"":""STABLE"",""riskScore"":0,""confidence"":0.8,""reasons"":[""creator identity resolved""]}",ad83308ba7b6e66d,[object Object],,000000000000000005ba9afd7c8321eb255dcfe10833145b,info
2026-09-27 21:49:21,"[jevsentinel] temporal state {""priorSnapshotCount"":5,""currentSnapshot"":{""observedAt"":""2026-09-28T00:49:21.030Z"",""price"":null,""liquidity"":null,""volume"":null,""priceChange5mPct"":null,""priceChange1hPct"":null,""buyCount5m"":null,""sellCount5m"":null,""buySellRatio5m"":null,""uniqueSellers"":0,""uniqueBuyers"":0,""sellerAcceleration"":0,""coordinatedSellers"":0,""sellUsd"":null,""buyUsd"":null,""sellerCount"":null},""sampleCount"":6,""deltas"":{""uniqueSellers"":0,""uniqueBuyers"":0,""sellerAcceleration"":0,""coordinatedSellers"":0},""acceleration"":{""selling"":""stable"",""buyPressure"":""stable"",""volume"":""stable"",""liquidity"":""stable"",""price"":""stable"",""sellers"":""stable"",""coordination"":""stable""}}",dc0ec2fec041c9d9,[object Object],,000000000000000005ba9afd7c8321eb255dcfe10833145b,info
2026-09-27 21:49:16,"[jevsentinel] live action state {""action"":""HOLD"",""stage"":""STABLE"",""riskScore"":0,""confidence"":0.78,""reasons"":[]}",832c6a704c203e97,[object Object],,000000000000000005ba9afd7c8321eb255dcfe10833145b,info
2026-09-27 21:49:16,"[jevsentinel] shadow prediction {""version"":1,""shadow"":true,""action"":""CAUTION"",""confidence"":0.5,""sampleCount"":5,""evidenceQuality"":""strong"",""sourceTrajectoryAction"":""HOLD"",""reasons"":[""signals do not form a reliable forward setup""],""predictedAt"":""2026-09-28T00:49:16.859Z""}",ffcbf2848e1aad47,[object Object],,000000000000000005ba9afd7c8321eb255dcfe10833145b,info
2026-09-27 21:49:16,"[jevsentinel] decision input {""mint"":""FfK6zp9vtVdD4p5Vkp5WzwLCy7KHNs8eaoNpMcwjpump"",""sourceCard"":""CW"",""evidenceGroups"":{""tokenIntegrity"":true,""holderStructure"":true,""creatorIntelligence"":true,""walletBehaviour"":true,""flowDynamics"":true,""marketDynamics"":true,""liquidityStructure"":true,""temporalIntelligence"":true,""historicalIntelligence"":true,""alternativeExplanation"":true},""evidenceQuality"":""strong"",""providers"":{""token-research"":{""available"":true,""fieldCount"":30},""transfer-flow"":{""available"":true,""fieldCount"":13}},""temporalSampleCount"":5}",46edc53eefbf4fbe,[object Object],,000000000000000005ba9afd7c8321eb255dcfe10833145b,info
2026-09-27 21:49:16,"[jevsentinel] trajectory state {""action"":""HOLD"",""stage"":""STABLE"",""riskScore"":0,""confidence"":0.78,""reasons"":[]}",de58cd1d87c4ba4a,[object Object],,000000000000000005ba9afd7c8321eb255dcfe10833145b,info
2026-09-27 21:49:16,"[jevsentinel] temporal state {""priorSnapshotCount"":4,""currentSnapshot"":{""observedAt"":""2026-09-28T00:49:16.668Z"",""price"":null,""liquidity"":null,""volume"":null,""priceChange5mPct"":null,""priceChange1hPct"":null,""buyCount5m"":null,""sellCount5m"":null,""buySellRatio5m"":null,""uniqueSellers"":0,""uniqueBuyers"":0,""sellerAcceleration"":0,""coordinatedSellers"":0,""sellUsd"":null,""buyUsd"":null,""sellerCount"":null},""sampleCount"":5,""deltas"":{""uniqueSellers"":0,""uniqueBuyers"":0,""sellerAcceleration"":0,""coordinatedSellers"":0},""acceleration"":{""selling"":""stable"",""buyPressure"":""stable"",""volume"":""stable"",""liquidity"":""stable"",""price"":""stable"",""sellers"":""stable"",""coordination"":""stable""}}",487651b211e5ab7c,[object Object],,000000000000000005ba9afd7c8321eb255dcfe10833145b,info
2026-09-27 21:49:12,"[jevsentinel] live action state {""action"":""HOLD"",""stage"":""STABLE"",""riskScore"":0,""confidence"":0.76,""reasons"":[]}",c77aebdaf6a4708a,[object Object],,000000000000000005ba9afd7c8321eb255dcfe10833145b,info
2026-09-27 21:49:12,"[jevsentinel] shadow prediction {""version"":1,""shadow"":true,""action"":""CAUTION"",""confidence"":0.5,""sampleCount"":4,""evidenceQuality"":""strong"",""sourceTrajectoryAction"":""HOLD"",""reasons"":[""signals do not form a reliable forward setup""],""predictedAt"":""2026-09-28T00:49:12.851Z""}",50ae012a7f5b8586,[object Object],,000000000000000005ba9afd7c8321eb255dcfe10833145b,info
2026-09-27 21:49:12,"[jevsentinel] decision input {""mint"":""FfK6zp9vtVdD4p5Vkp5WzwLCy7KHNs8eaoNpMcwjpump"",""sourceCard"":""CW"",""evidenceGroups"":{""tokenIntegrity"":true,""holderStructure"":true,""creatorIntelligence"":true,""walletBehaviour"":true,""flowDynamics"":true,""marketDynamics"":true,""liquidityStructure"":true,""temporalIntelligence"":true,""historicalIntelligence"":true,""alternativeExplanation"":true},""evidenceQuality"":""strong"",""providers"":{""token-research"":{""available"":true,""fieldCount"":30},""transfer-flow"":{""available"":true,""fieldCount"":13}},""temporalSampleCount"":4}",8b07edfc35a41305,[object Object],,000000000000000005ba9afd7c8321eb255dcfe10833145b,info
2026-09-27 21:49:12,"[jevsentinel] trajectory state {""action"":""HOLD"",""stage"":""STABLE"",""riskScore"":0,""confidence"":0.76,""reasons"":[]}",ba07dacee164e1c3,[object Object],,000000000000000005ba9afd7c8321eb255dcfe10833145b,info
2026-09-27 21:49:12,"[jevsentinel] temporal state {""priorSnapshotCount"":3,""currentSnapshot"":{""observedAt"":""2026-09-28T00:49:12.608Z"",""price"":null,""liquidity"":null,""volume"":null,""priceChange5mPct"":null,""priceChange1hPct"":null,""buyCount5m"":null,""sellCount5m"":null,""buySellRatio5m"":null,""uniqueSellers"":0,""uniqueBuyers"":0,""sellerAcceleration"":0,""coordinatedSellers"":0,""sellUsd"":null,""buyUsd"":null,""sellerCount"":null},""sampleCount"":4,""deltas"":{""uniqueSellers"":0,""uniqueBuyers"":0,""sellerAcceleration"":0,""coordinatedSellers"":0},""acceleration"":{""selling"":""stable"",""buyPressure"":""stable"",""volume"":""stable"",""liquidity"":""stable"",""price"":""stable"",""sellers"":""stable"",""coordination"":""stable""}}",c6634f10a7c227a0,[object Object],,000000000000000005ba9afd7c8321eb255dcfe10833145b,info
2026-09-27 21:49:08,"[jevsentinel] live action state {""action"":""HOLD"",""stage"":""STABLE"",""riskScore"":0,""confidence"":0.74,""reasons"":[]}",2a2e787ba3e20159,[object Object],,000000000000000005ba9afd7c8321eb255dcfe10833145b,info
2026-09-27 21:49:08,"[jevsentinel] shadow prediction {""version"":1,""shadow"":true,""action"":""CAUTION"",""confidence"":0.5,""sampleCount"":3,""evidenceQuality"":""strong"",""sourceTrajectoryAction"":""HOLD"",""reasons"":[""signals do not form a reliable forward setup""],""predictedAt"":""2026-09-28T00:49:08.441Z""}",aee21e2689c38c91,[object Object],,000000000000000005ba9afd7c8321eb255dcfe10833145b,info
2026-09-27 21:49:08,"[jevsentinel] decision input {""mint"":""FfK6zp9vtVdD4p5Vkp5WzwLCy7KHNs8eaoNpMcwjpump"",""sourceCard"":""CW"",""evidenceGroups"":{""tokenIntegrity"":true,""holderStructure"":true,""creatorIntelligence"":true,""walletBehaviour"":true,""flowDynamics"":true,""marketDynamics"":true,""liquidityStructure"":true,""temporalIntelligence"":true,""historicalIntelligence"":true,""alternativeExplanation"":true},""evidenceQuality"":""strong"",""providers"":{""token-research"":{""available"":true,""fieldCount"":30},""transfer-flow"":{""available"":true,""fieldCount"":13}},""temporalSampleCount"":3}",fd722f909a61af6b,[object Object],,000000000000000005ba9afd7c8321eb255dcfe10833145b,info
2026-09-27 21:49:08,"[jevsentinel] trajectory state {""action"":""HOLD"",""stage"":""STABLE"",""riskScore"":0,""confidence"":0.74,""reasons"":[]}",5b6d932f496793bc,[object Object],,000000000000000005ba9afd7c8321eb255dcfe10833145b,info
2026-09-27 21:49:08,"[jevsentinel] temporal state {""priorSnapshotCount"":2,""currentSnapshot"":{""observedAt"":""2026-09-28T00:49:08.257Z"",""price"":null,""liquidity"":null,""volume"":null,""priceChange5mPct"":null,""priceChange1hPct"":null,""buyCount5m"":null,""sellCount5m"":null,""buySellRatio5m"":null,""uniqueSellers"":0,""uniqueBuyers"":0,""sellerAcceleration"":0,""coordinatedSellers"":0,""sellUsd"":null,""buyUsd"":null,""sellerCount"":null},""sampleCount"":3,""deltas"":{""uniqueSellers"":0,""uniqueBuyers"":0,""sellerAcceleration"":0,""coordinatedSellers"":0},""acceleration"":{""selling"":""stable"",""buyPressure"":""stable"",""volume"":""stable"",""liquidity"":""stable"",""price"":""stable"",""sellers"":""stable"",""coordination"":""stable""}}",7bc186335a70620d,[object Object],,000000000000000005ba9afd7c8321eb255dcfe10833145b,info
2026-09-27 21:49:04,"[jevsentinel] live action state {""action"":""HOLD"",""stage"":""STABLE"",""riskScore"":0,""confidence"":0.64,""reasons"":[]}",d23b8acd0dc6473e,[object Object],,000000000000000005ba9afd7c8321eb255dcfe10833145b,info
2026-09-27 21:49:04,"[jevsentinel] shadow prediction {""version"":1,""shadow"":true,""action"":""CAUTION"",""confidence"":0.5,""sampleCount"":2,""evidenceQuality"":""strong"",""sourceTrajectoryAction"":""HOLD"",""reasons"":[""signals do not form a reliable forward setup""],""predictedAt"":""2026-09-28T00:49:04.097Z""}",f10682f2b6830bf3,[object Object],,000000000000000005ba9afd7c8321eb255dcfe10833145b,info
2026-09-27 21:49:03,"[jevsentinel] decision input {""mint"":""FfK6zp9vtVdD4p5Vkp5WzwLCy7KHNs8eaoNpMcwjpump"",""sourceCard"":""CW"",""evidenceGroups"":{""tokenIntegrity"":true,""holderStructure"":true,""creatorIntelligence"":true,""walletBehaviour"":true,""flowDynamics"":true,""marketDynamics"":true,""liquidityStructure"":true,""temporalIntelligence"":true,""historicalIntelligence"":true,""alternativeExplanation"":true},""evidenceQuality"":""strong"",""providers"":{""token-research"":{""available"":true,""fieldCount"":30},""transfer-flow"":{""available"":true,""fieldCount"":13}},""temporalSampleCount"":2}",8d7749041347d750,[object Object],,000000000000000005ba9afd7c8321eb255dcfe10833145b,info
2026-09-27 21:49:03,"[jevsentinel] trajectory state {""action"":""HOLD"",""stage"":""STABLE"",""riskScore"":0,""confidence"":0.64,""reasons"":[]}",2ea0a854ff69e5bf,[object Object],,000000000000000005ba9afd7c8321eb255dcfe10833145b,info
2026-09-27 21:49:03,"[jevsentinel] temporal state {""priorSnapshotCount"":1,""currentSnapshot"":{""observedAt"":""2026-09-28T00:49:03.921Z"",""price"":null,""liquidity"":null,""volume"":null,""priceChange5mPct"":null,""priceChange1hPct"":null,""buyCount5m"":null,""sellCount5m"":null,""buySellRatio5m"":null,""uniqueSellers"":0,""uniqueBuyers"":0,""sellerAcceleration"":0,""coordinatedSellers"":0,""sellUsd"":null,""buyUsd"":null,""sellerCount"":null},""sampleCount"":2,""deltas"":{""uniqueSellers"":0,""uniqueBuyers"":0,""sellerAcceleration"":0,""coordinatedSellers"":0},""acceleration"":{""selling"":""stable"",""buyPressure"":""stable"",""volume"":""stable"",""liquidity"":""stable"",""price"":""stable"",""sellers"":""stable"",""coordination"":""stable""}}",5a5ac37f00fa223e,[object Object],,000000000000000005ba9afd7c8321eb255dcfe10833145b,info
2026-09-27 21:49:00,"[jevsentinel-telegram] assessment completed; live monitoring started {""monitorCard"":""cw2""}",c708f46a3fa041f4,[object Object],,000000000000000005ba9afd7c8321eb255dcfe10833145b,info
2026-09-27 21:48:59,"[jevsentinel-telegram] JEV assessment finished {""chatId"":""-1004483915430"",""messageId"":10086,""escalation"":false}",93578d6fcbae5913,[object Object],,000000000000000005ba9afd7c8321eb255dcfe10833145b,info
2026-09-27 21:48:59,"[jevsentinel] live action state {""action"":""HOLD"",""stage"":""INITIAL"",""riskScore"":0,""confidence"":0.52,""reasons"":[]}",921f32a85673b677,[object Object],,000000000000000005ba9afd7c8321eb255dcfe10833145b,info
2026-09-27 21:48:59,"[jevsentinel] shadow prediction {""version"":1,""shadow"":true,""action"":""CAUTION"",""confidence"":0.58,""sampleCount"":1,""evidenceQuality"":""strong"",""sourceTrajectoryAction"":""HOLD"",""reasons"":[""evidence is conflicting or unreliable""],""predictedAt"":""2026-09-28T00:48:59.912Z""}",c8a3d0adc11e3f12,[object Object],,000000000000000005ba9afd7c8321eb255dcfe10833145b,info
2026-09-27 21:48:59,"[jevsentinel] decision input {""mint"":""FfK6zp9vtVdD4p5Vkp5WzwLCy7KHNs8eaoNpMcwjpump"",""sourceCard"":""CW"",""evidenceGroups"":{""tokenIntegrity"":true,""holderStructure"":true,""creatorIntelligence"":true,""walletBehaviour"":true,""flowDynamics"":true,""marketDynamics"":true,""liquidityStructure"":true,""temporalIntelligence"":true,""historicalIntelligence"":true,""alternativeExplanation"":true},""evidenceQuality"":""strong"",""providers"":{""token-research"":{""available"":true,""fieldCount"":30},""transfer-flow"":{""available"":true,""fieldCount"":13}},""temporalSampleCount"":1}",cb7117b5898c1d6c,[object Object],,000000000000000005ba9afd7c8321eb255dcfe10833145b,info
2026-09-27 21:48:59,"[jevsentinel] trajectory state {""action"":""HOLD"",""stage"":""INITIAL"",""riskScore"":0,""confidence"":0.52,""reasons"":[]}",1eacef869a31fd47,[object Object],,000000000000000005ba9afd7c8321eb255dcfe10833145b,info
2026-09-27 21:48:59,"[jevsentinel] temporal state {""priorSnapshotCount"":0,""currentSnapshot"":{""observedAt"":""2026-09-28T00:48:59.708Z"",""price"":null,""liquidity"":null,""volume"":null,""priceChange5mPct"":null,""priceChange1hPct"":null,""buyCount5m"":null,""sellCount5m"":null,""buySellRatio5m"":null,""uniqueSellers"":0,""uniqueBuyers"":0,""sellerAcceleration"":0,""coordinatedSellers"":0,""sellUsd"":null,""buyUsd"":null,""sellerCount"":null},""sampleCount"":1,""deltas"":{},""acceleration"":{""selling"":""stable"",""buyPressure"":""stable"",""volume"":""stable"",""liquidity"":""stable"",""price"":""stable"",""sellers"":""stable"",""coordination"":""stable""}}",b6487f9ffa9005aa,[object Object],,000000000000000005ba9afd7c8321eb255dcfe10833145b,info
2026-09-27 21:48:58,"[jevsentinel-telegram] EARLY ENTRY JEV assessment starting {""chatId"":""-1004483915430"",""messageId"":10086}",fb8be6f348c6a0e,[object Object],,000000000000000005ba9afd7c8321eb255dcfe10833145b,info
2026-09-27 21:48:58,"[jevsentinel-telegram] EARLY ENTRY EXPERIMENT detected {""chatId"":""-1004483915430"",""messageId"":10086,""mintExtracted"":true,""symbol"":""GFOM"",""monitorCard"":""cw2"",""monitorLabel"":""CONVICTION PULSE CW2""}",70bee02f3fed1c84,[object Object],,000000000000000005ba9afd7c8321eb255dcfe10833145b,info
2026-09-27 21:48:58,"[jevsentinel-telegram] group message received {""chatId"":""-1004483915430"",""messageId"":10086,""configured"":true,""enabled"":true,""hasText"":true,""isEarlyEntry"":true,""monitorCard"":""cw2"",""textLength"":537}",3b552e19678208b4,[object Object],,000000000000000005ba9afd7c8321eb255dcfe10833145b,info
2026-09-27 21:48:58,"[jevsentinel-telegram] updates received {""count"":1,""firstUpdateId"":562699741,""lastUpdateId"":562699741}",c175c36ee0d8967a,[object Object],,000000000000000005ba9afd7c8321eb255dcfe10833145b,info
2026-09-27 21:48:01,"[jevsentinel] shadow outcome observed {""mint"":""DewVDYjRN5n1mzAsnQbatvCKqQjgLFLNXnHaTYC2pump"",""predictionCount"":31,""outcome"":{""label"":""unresolved"",""source"":""live-monitor-window"",""completedAt"":""2026-09-28T00:48:01.989Z"",""sampleCount"":101,""entryPrice"":0,""terminalPrice"":0,""peakGainPct"":null,""terminalReturnPct"":null,""maxDrawdownPct"":null,""entryLiquidityUsd"":0,""terminalLiquidityUsd"":0,""liquidityChangeUsd"":0,""liquidityChangePct"":null},""validation"":""label-unresolved; objective metrics only""}",6d2525d5b6d969c4,[object Object],,000000000000000005ba9afd7c8321eb255dcfe10833145b,info
2026-09-27 21:48:01,"[jevsentinel] live action state {""action"":""SELL"",""stage"":""DISTRIBUTION"",""riskScore"":6,""confidence"":0.99,""reasons"":[""JEV progression: distribution"",""5m price deterioration ≤−40%""]}",6cdb9d60298ed798,[object Object],,000000000000000005ba9afd7c8321eb255dcfe10833145b,info
2026-09-27 21:48:01,"[jevsentinel] shadow prediction {""version"":1,""shadow"":true,""action"":""SELL"",""confidence"":0.78,""sampleCount"":101,""evidenceQuality"":""strong"",""sourceTrajectoryAction"":""SELL"",""reasons"":[""forward risk structure is deteriorating""],""predictedAt"":""2026-09-28T00:48:01.737Z""}",33bc54a057d9fcc,[object Object],,000000000000000005ba9afd7c8321eb255dcfe10833145b,info
2026-09-27 21:48:01,"[jevsentinel] decision input {""mint"":""DewVDYjRN5n1mzAsnQbatvCKqQjgLFLNXnHaTYC2pump"",""sourceCard"":""CW"",""evidenceGroups"":{""tokenIntegrity"":true,""holderStructure"":true,""creatorIntelligence"":true,""walletBehaviour"":true,""flowDynamics"":true,""marketDynamics"":true,""liquidityStructure"":true,""temporalIntelligence"":true,""historicalIntelligence"":true,""alternativeExplanation"":true},""evidenceQuality"":""strong"",""providers"":{""token-research"":{""available"":true,""fieldCount"":30},""transfer-flow"":{""available"":true,""fieldCount"":13}},""temporalSampleCount"":101}",bb3e6126a6f8176e,[object Object],,000000000000000005ba9afd7c8321eb255dcfe10833145b,info
2026-09-27 21:48:01,"[jevsentinel] trajectory state {""action"":""SELL"",""stage"":""DISTRIBUTION"",""riskScore"":4,""confidence"":0.92,""reasons"":[""5m price deterioration ≤−40%""]}",ab05032a8ed970aa,[object Object],,000000000000000005ba9afd7c8321eb255dcfe10833145b,info
2026-09-27 21:48:01,"[jevsentinel] temporal state {""priorSnapshotCount"":100,""currentSnapshot"":{""observedAt"":""2026-09-28T00:48:01.558Z"",""price"":null,""liquidity"":null,""volume"":null,""priceChange5mPct"":null,""priceChange1hPct"":null,""buyCount5m"":null,""sellCount5m"":null,""buySellRatio5m"":null,""uniqueSellers"":0,""uniqueBuyers"":0,""sellerAcceleration"":0,""coordinatedSellers"":0,""sellUsd"":null,""buyUsd"":null,""sellerCount"":null},""sampleCount"":101,""deltas"":{""uniqueSellers"":0,""uniqueBuyers"":0,""sellerAcceleration"":0,""coordinatedSellers"":0},""acceleration"":{""selling"":""stable"",""buyPressure"":""stable"",""volume"":""stable"",""liquidity"":""stable"",""price"":""stable"",""sellers"":""stable"",""coordination"":""stable""}}",b4af91317eb2029d,[object Object],,000000000000000005ba9afd7c8321eb255dcfe10833145b,info
2026-09-27 21:47:57,"[jevsentinel] live action state {""action"":""SELL"",""stage"":""DISTRIBUTION"",""riskScore"":4,""confidence"":0.92,""reasons"":[""5m price deterioration ≤−40%""]}",eb0bb4b572472bc5,[object Object],,000000000000000005ba9afd7c8321eb255dcfe10833145b,info
2026-09-27 21:47:57,"[jevsentinel] shadow prediction {""version"":1,""shadow"":true,""action"":""SELL"",""confidence"":0.78,""sampleCount"":100,""evidenceQuality"":""strong"",""sourceTrajectoryAction"":""SELL"",""reasons"":[""forward risk structure is deteriorating""],""predictedAt"":""2026-09-28T00:47:57.554Z""}",24b6a32560961d9f,[object Object],,000000000000000005ba9afd7c8321eb255dcfe10833145b,info
2026-09-27 21:47:57,"[jevsentinel] decision input {""mint"":""DewVDYjRN5n1mzAsnQbatvCKqQjgLFLNXnHaTYC2pump"",""sourceCard"":""CW"",""evidenceGroups"":{""tokenIntegrity"":true,""holderStructure"":true,""creatorIntelligence"":true,""walletBehaviour"":true,""flowDynamics"":true,""marketDynamics"":true,""liquidityStructure"":true,""temporalIntelligence"":true,""historicalIntelligence"":true,""alternativeExplanation"":true},""evidenceQuality"":""strong"",""providers"":{""token-research"":{""available"":true,""fieldCount"":30},""transfer-flow"":{""available"":true,""fieldCount"":13}},""temporalSampleCount"":100}",8a4cc63552e37586,[object Object],,000000000000000005ba9afd7c8321eb255dcfe10833145b,info
2026-09-27 21:47:57,"[jevsentinel] trajectory state {""action"":""SELL"",""stage"":""DISTRIBUTION"",""riskScore"":4,""confidence"":0.92,""reasons"":[""5m price deterioration ≤−40%""]}",515f801e000fcf73,[object Object],,000000000000000005ba9afd7c8321eb255dcfe10833145b,info
2026-09-27 21:47:57,"[jevsentinel] temporal state {""priorSnapshotCount"":99,""currentSnapshot"":{""observedAt"":""2026-09-28T00:47:57.347Z"",""price"":null,""liquidity"":null,""volume"":null,""priceChange5mPct"":null,""priceChange1hPct"":null,""buyCount5m"":null,""sellCount5m"":null,""buySellRatio5m"":null,""uniqueSellers"":0,""uniqueBuyers"":0,""sellerAcceleration"":0,""coordinatedSellers"":0,""sellUsd"":null,""buyUsd"":null,""sellerCount"":null},""sampleCount"":100,""deltas"":{""uniqueSellers"":0,""uniqueBuyers"":0,""sellerAcceleration"":0,""coordinatedSellers"":0},""acceleration"":{""selling"":""stable"",""buyPressure"":""stable"",""volume"":""stable"",""liquidity"":""stable"",""price"":""stable"",""sellers"":""stable"",""coordination"":""stable""}}",a23a9b37c298799,[object Object],,000000000000000005ba9afd7c8321eb255dcfe10833145b,info
2026-09-27 21:47:53,"[jevsentinel] live action state {""action"":""SELL"",""stage"":""DISTRIBUTION"",""riskScore"":6,""confidence"":0.99,""reasons"":[""creator identity resolved"",""JEV progression: distribution"",""5m price deterioration ≤−40%""]}",4ad477d6c30efc8,[object Object],,000000000000000005ba9afd7c8321eb255dcfe10833145b,info
2026-09-27 21:47:53,"[jevsentinel] shadow prediction {""version"":1,""shadow"":true,""action"":""SELL"",""confidence"":0.78,""sampleCount"":99,""evidenceQuality"":""strong"",""sourceTrajectoryAction"":""SELL"",""reasons"":[""forward risk structure is deteriorating""],""predictedAt"":""2026-09-28T00:47:53.459Z""}",9235d0348da8f0a,[object Object],,000000000000000005ba9afd7c8321eb255dcfe10833145b,info
2026-09-27 21:47:53,"[jevsentinel] decision input {""mint"":""DewVDYjRN5n1mzAsnQbatvCKqQjgLFLNXnHaTYC2pump"",""sourceCard"":""CW"",""evidenceGroups"":{""tokenIntegrity"":true,""holderStructure"":true,""creatorIntelligence"":true,""walletBehaviour"":true,""flowDynamics"":true,""marketDynamics"":true,""liquidityStructure"":true,""temporalIntelligence"":true,""historicalIntelligence"":true,""alternativeExplanation"":true},""evidenceQuality"":""strong"",""providers"":{""token-research"":{""available"":true,""fieldCount"":30},""transfer-flow"":{""available"":true,""fieldCount"":13}},""temporalSampleCount"":99}",49a4147d99766d45,[object Object],,000000000000000005ba9afd7c8321eb255dcfe10833145b,info
2026-09-27 21:47:53,"[jevsentinel] trajectory state {""action"":""SELL"",""stage"":""DISTRIBUTION"",""riskScore"":4,""confidence"":0.92,""reasons"":[""creator identity resolved"",""5m price deterioration ≤−40%""]}",ad661f817fe4c91d,[object Object],,000000000000000005ba9afd7c8321eb255dcfe10833145b,info
2026-09-27 21:47:53,"[jevsentinel] temporal state {""priorSnapshotCount"":98,""currentSnapshot"":{""observedAt"":""2026-09-28T00:47:53.256Z"",""price"":null,""liquidity"":null,""volume"":null,""priceChange5mPct"":null,""priceChange1hPct"":null,""buyCount5m"":null,""sellCount5m"":null,""buySellRatio5m"":null,""uniqueSellers"":0,""uniqueBuyers"":0,""sellerAcceleration"":0,""coordinatedSellers"":0,""sellUsd"":null,""buyUsd"":null,""sellerCount"":null},""sampleCount"":99,""deltas"":{""uniqueSellers"":0,""uniqueBuyers"":0,""sellerAcceleration"":0,""coordinatedSellers"":0},""acceleration"":{""selling"":""stable"",""buyPressure"":""stable"",""volume"":""stable"",""liquidity"":""stable"",""price"":""stable"",""sellers"":""stable"",""coordination"":""stable""}}",9a67a5e7260a8e92,[object Object],,000000000000000005ba9afd7c8321eb255dcfe10833145b,info
2026-09-27 21:47:49,"[jevsentinel] live action state {""action"":""SELL"",""stage"":""DISTRIBUTION"",""riskScore"":6,""confidence"":0.99,""reasons"":[""JEV progression: distribution"",""5m price deterioration ≤−40%""]}",cc3195d66438a9a1,[object Object],,000000000000000005ba9afd7c8321eb255dcfe10833145b,info
2026-09-27 21:47:49,"[jevsentinel] shadow prediction {""version"":1,""shadow"":true,""action"":""SELL"",""confidence"":0.78,""sampleCount"":98,""evidenceQuality"":""strong"",""sourceTrajectoryAction"":""SELL"",""reasons"":[""forward risk structure is deteriorating""],""predictedAt"":""2026-09-28T00:47:49.035Z""}",77f2b78fc45c96cc,[object Object],,000000000000000005ba9afd7c8321eb255dcfe10833145b,info
2026-09-27 21:47:48,"[jevsentinel] decision input {""mint"":""DewVDYjRN5n1mzAsnQbatvCKqQjgLFLNXnHaTYC2pump"",""sourceCard"":""CW"",""evidenceGroups"":{""tokenIntegrity"":true,""holderStructure"":true,""creatorIntelligence"":true,""walletBehaviour"":true,""flowDynamics"":true,""marketDynamics"":true,""liquidityStructure"":true,""temporalIntelligence"":true,""historicalIntelligence"":true,""alternativeExplanation"":true},""evidenceQuality"":""strong"",""providers"":{""token-research"":{""available"":true,""fieldCount"":30},""transfer-flow"":{""available"":true,""fieldCount"":13}},""temporalSampleCount"":98}",f0387e1ea72d0dbe,[object Object],,000000000000000005ba9afd7c8321eb255dcfe10833145b,info
2026-09-27 21:47:48,"[jevsentinel] trajectory state {""action"":""SELL"",""stage"":""DISTRIBUTION"",""riskScore"":4,""confidence"":0.92,""reasons"":[""5m price deterioration ≤−40%""]}",e3622c5ec36a17fe,[object Object],,000000000000000005ba9afd7c8321eb255dcfe10833145b,info
2026-09-27 21:47:48,"[jevsentinel] temporal state {""priorSnapshotCount"":97,""currentSnapshot"":{""observedAt"":""2026-09-28T00:47:48.856Z"",""price"":null,""liquidity"":null,""volume"":null,""priceChange5mPct"":null,""priceChange1hPct"":null,""buyCount5m"":null,""sellCount5m"":null,""buySellRatio5m"":null,""uniqueSellers"":0,""uniqueBuyers"":0,""sellerAcceleration"":0,""coordinatedSellers"":0,""sellUsd"":null,""buyUsd"":null,""sellerCount"":null},""sampleCount"":98,""deltas"":{""uniqueSellers"":0,""uniqueBuyers"":0,""sellerAcceleration"":0,""coordinatedSellers"":0},""acceleration"":{""selling"":""stable"",""buyPressure"":""stable"",""volume"":""stable"",""liquidity"":""stable"",""price"":""stable"",""sellers"":""stable"",""coordination"":""stable""}}",95aa96cda335d042,[object Object],,000000000000000005ba9afd7c8321eb255dcfe10833145b,info
2026-09-27 21:47:44,"[jevsentinel] live action state {""action"":""SELL"",""stage"":""DISTRIBUTION"",""riskScore"":6,""confidence"":0.99,""reasons"":[""JEV progression: distribution"",""5m price deterioration ≤−40%""]}",58a65546bdd396f3,[object Object],,000000000000000005ba9afd7c8321eb255dcfe10833145b,info
2026-09-27 21:47:44,"[jevsentinel] shadow prediction {""version"":1,""shadow"":true,""action"":""SELL"",""confidence"":0.78,""sampleCount"":97,""evidenceQuality"":""strong"",""sourceTrajectoryAction"":""SELL"",""reasons"":[""forward risk structure is deteriorating""],""predictedAt"":""2026-09-28T00:47:44.788Z""}",7643aaa7d1292591,[object Object],,000000000000000005ba9afd7c8321eb255dcfe10833145b,info
2026-09-27 21:47:44,"[jevsentinel] decision input {""mint"":""DewVDYjRN5n1mzAsnQbatvCKqQjgLFLNXnHaTYC2pump"",""sourceCard"":""CW"",""evidenceGroups"":{""tokenIntegrity"":true,""holderStructure"":true,""creatorIntelligence"":true,""walletBehaviour"":true,""flowDynamics"":true,""marketDynamics"":true,""liquidityStructure"":true,""temporalIntelligence"":true,""historicalIntelligence"":true,""alternativeExplanation"":true},""evidenceQuality"":""strong"",""providers"":{""token-research"":{""available"":true,""fieldCount"":30},""transfer-flow"":{""available"":true,""fieldCount"":13}},""temporalSampleCount"":97}",871704aa16f82c33,[object Object],,000000000000000005ba9afd7c8321eb255dcfe10833145b,info
2026-09-27 21:47:44,"[jevsentinel] trajectory state {""action"":""SELL"",""stage"":""DISTRIBUTION"",""riskScore"":4,""confidence"":0.92,""reasons"":[""5m price deterioration ≤−40%""]}",1e527ce0f5145d64,[object Object],,000000000000000005ba9afd7c8321eb255dcfe10833145b,info
2026-09-27 21:47:44,"[jevsentinel] temporal state {""priorSnapshotCount"":96,""currentSnapshot"":{""observedAt"":""2026-09-28T00:47:44.595Z"",""price"":null,""liquidity"":null,""volume"":null,""priceChange5mPct"":null,""priceChange1hPct"":null,""buyCount5m"":null,""sellCount5m"":null,""buySellRatio5m"":null,""uniqueSellers"":0,""uniqueBuyers"":0,""sellerAcceleration"":0,""coordinatedSellers"":0,""sellUsd"":null,""buyUsd"":null,""sellerCount"":null},""sampleCount"":97,""deltas"":{""uniqueSellers"":0,""uniqueBuyers"":0,""sellerAcceleration"":0,""coordinatedSellers"":0},""acceleration"":{""selling"":""stable"",""buyPressure"":""stable"",""volume"":""stable"",""liquidity"":""stable"",""price"":""stable"",""sellers"":""stable"",""coordination"":""stable""}}",3fdb8965160a0d85,[object Object],,000000000000000005ba9afd7c8321eb255dcfe10833145b,info
2026-09-27 21:47:40,"[jevsentinel] live action state {""action"":""SELL"",""stage"":""DISTRIBUTION"",""riskScore"":6,""confidence"":0.99,""reasons"":[""JEV progression: distribution"",""5m price deterioration ≤−40%""]}",f9008d577666d490,[object Object],,000000000000000005ba9afd7c8321eb255dcfe10833145b,info
2026-09-27 21:47:40,"[jevsentinel] shadow prediction {""version"":1,""shadow"":true,""action"":""SELL"",""confidence"":0.78,""sampleCount"":96,""evidenceQuality"":""strong"",""sourceTrajectoryAction"":""SELL"",""reasons"":[""forward risk structure is deteriorating""],""predictedAt"":""2026-09-28T00:47:40.562Z""}",9246458f0c23fd2a,[object Object],,000000000000000005ba9afd7c8321eb255dcfe10833145b,info
2026-09-27 21:47:40,"[jevsentinel] decision input {""mint"":""DewVDYjRN5n1mzAsnQbatvCKqQjgLFLNXnHaTYC2pump"",""sourceCard"":""CW"",""evidenceGroups"":{""tokenIntegrity"":true,""holderStructure"":true,""creatorIntelligence"":true,""walletBehaviour"":true,""flowDynamics"":true,""marketDynamics"":true,""liquidityStructure"":true,""temporalIntelligence"":true,""historicalIntelligence"":true,""alternativeExplanation"":true},""evidenceQuality"":""strong"",""providers"":{""token-research"":{""available"":true,""fieldCount"":30},""transfer-flow"":{""available"":true,""fieldCount"":13}},""temporalSampleCount"":96}",842f78204b072ba5,[object Object],,000000000000000005ba9afd7c8321eb255dcfe10833145b,info
2026-09-27 21:47:40,"[jevsentinel] trajectory state {""action"":""SELL"",""stage"":""DISTRIBUTION"",""riskScore"":4,""confidence"":0.92,""reasons"":[""5m price deterioration ≤−40%""]}",e7d1f9577a1ce097,[object Object],,000000000000000005ba9afd7c8321eb255dcfe10833145b,info
2026-09-27 21:47:40,"[jevsentinel] temporal state {""priorSnapshotCount"":95,""currentSnapshot"":{""observedAt"":""2026-09-28T00:47:40.327Z"",""price"":null,""liquidity"":null,""volume"":null,""priceChange5mPct"":null,""priceChange1hPct"":null,""buyCount5m"":null,""sellCount5m"":null,""buySellRatio5m"":null,""uniqueSellers"":0,""uniqueBuyers"":0,""sellerAcceleration"":0,""coordinatedSellers"":0,""sellUsd"":null,""buyUsd"":null,""sellerCount"":null},""sampleCount"":96,""deltas"":{""uniqueSellers"":0,""uniqueBuyers"":0,""sellerAcceleration"":0,""coordinatedSellers"":0},""acceleration"":{""selling"":""stable"",""buyPressure"":""stable"",""volume"":""stable"",""liquidity"":""stable"",""price"":""stable"",""sellers"":""stable"",""coordination"":""stable""}}",388cf30faa9bc9a7,[object Object],,000000000000000005ba9afd7c8321eb255dcfe10833145b,info
2026-09-27 21:47:36,"[jevsentinel] live action state {""action"":""SELL"",""stage"":""DISTRIBUTION"",""riskScore"":6,""confidence"":0.99,""reasons"":[""JEV progression: distribution"",""5m price deterioration ≤−40%""]}",8966385ea2f32a12,[object Object],,000000000000000005ba9afd7c8321eb255dcfe10833145b,info
2026-09-27 21:47:36,"[jevsentinel] shadow prediction {""version"":1,""shadow"":true,""action"":""SELL"",""confidence"":0.78,""sampleCount"":95,""evidenceQuality"":""strong"",""sourceTrajectoryAction"":""SELL"",""reasons"":[""forward risk structure is deteriorating""],""predictedAt"":""2026-09-28T00:47:36.123Z""}",23a17a0f3c9beff9,[object Object],,000000000000000005ba9afd7c8321eb255dcfe10833145b,info
2026-09-27 21:47:35,"[jevsentinel] decision input {""mint"":""DewVDYjRN5n1mzAsnQbatvCKqQjgLFLNXnHaTYC2pump"",""sourceCard"":""CW"",""evidenceGroups"":{""tokenIntegrity"":true,""holderStructure"":true,""creatorIntelligence"":true,""walletBehaviour"":true,""flowDynamics"":true,""marketDynamics"":true,""liquidityStructure"":true,""temporalIntelligence"":true,""historicalIntelligence"":true,""alternativeExplanation"":true},""evidenceQuality"":""strong"",""providers"":{""token-research"":{""available"":true,""fieldCount"":30},""transfer-flow"":{""available"":true,""fieldCount"":13}},""temporalSampleCount"":95}",79389c0e49f19ff5,[object Object],,000000000000000005ba9afd7c8321eb255dcfe10833145b,info
2026-09-27 21:47:35,"[jevsentinel] trajectory state {""action"":""SELL"",""stage"":""DISTRIBUTION"",""riskScore"":4,""confidence"":0.92,""reasons"":[""5m price deterioration ≤−40%""]}",cb1df72017b7bb9f,[object Object],,000000000000000005ba9afd7c8321eb255dcfe10833145b,info
2026-09-27 21:47:35,"[jevsentinel] temporal state {""priorSnapshotCount"":94,""currentSnapshot"":{""observedAt"":""2026-09-28T00:47:35.944Z"",""price"":null,""liquidity"":null,""volume"":null,""priceChange5mPct"":null,""priceChange1hPct"":null,""buyCount5m"":null,""sellCount5m"":null,""buySellRatio5m"":null,""uniqueSellers"":0,""uniqueBuyers"":0,""sellerAcceleration"":0,""coordinatedSellers"":0,""sellUsd"":null,""buyUsd"":null,""sellerCount"":null},""sampleCount"":95,""deltas"":{""uniqueSellers"":0,""uniqueBuyers"":0,""sellerAcceleration"":0,""coordinatedSellers"":0},""acceleration"":{""selling"":""stable"",""buyPressure"":""stable"",""volume"":""stable"",""liquidity"":""stable"",""price"":""stable"",""sellers"":""stable"",""coordination"":""stable""}}",5a432652acc44923,[object Object],,000000000000000005ba9afd7c8321eb255dcfe10833145b,info
2026-09-27 21:47:31,"[jevsentinel] live action state {""action"":""SELL"",""stage"":""DISTRIBUTION"",""riskScore"":6,""confidence"":0.99,""reasons"":[""JEV progression: distribution"",""5m price deterioration ≤−40%""]}",9037a3f5ecce97b1,[object Object],,000000000000000005ba9afd7c8321eb255dcfe10833145b,info
2026-09-27 21:47:31,"[jevsentinel] shadow prediction {""version"":1,""shadow"":true,""action"":""SELL"",""confidence"":0.78,""sampleCount"":94,""evidenceQuality"":""strong"",""sourceTrajectoryAction"":""SELL"",""reasons"":[""forward risk structure is deteriorating""],""predictedAt"":""2026-09-28T00:47:31.644Z""}",693ef05fbc48dacc,[object Object],,000000000000000005ba9afd7c8321eb255dcfe10833145b,info
2026-09-27 21:47:31,"[jevsentinel] decision input {""mint"":""DewVDYjRN5n1mzAsnQbatvCKqQjgLFLNXnHaTYC2pump"",""sourceCard"":""CW"",""evidenceGroups"":{""tokenIntegrity"":true,""holderStructure"":true,""creatorIntelligence"":true,""walletBehaviour"":true,""flowDynamics"":true,""marketDynamics"":true,""liquidityStructure"":true,""temporalIntelligence"":true,""historicalIntelligence"":true,""alternativeExplanation"":true},""evidenceQuality"":""strong"",""providers"":{""token-research"":{""available"":true,""fieldCount"":30},""transfer-flow"":{""available"":true,""fieldCount"":13}},""temporalSampleCount"":94}",5668f1a7ae2cda3d,[object Object],,000000000000000005ba9afd7c8321eb255dcfe10833145b,info
2026-09-27 21:47:31,"[jevsentinel] trajectory state {""action"":""SELL"",""stage"":""DISTRIBUTION"",""riskScore"":4,""confidence"":0.92,""reasons"":[""5m price deterioration ≤−40%""]}",efd05a70be6ba65c,[object Object],,000000000000000005ba9afd7c8321eb255dcfe10833145b,info
2026-09-27 21:47:31,"[jevsentinel] temporal state {""priorSnapshotCount"":93,""currentSnapshot"":{""observedAt"":""2026-09-28T00:47:31.489Z"",""price"":null,""liquidity"":null,""volume"":null,""priceChange5mPct"":null,""priceChange1hPct"":null,""buyCount5m"":null,""sellCount5m"":null,""buySellRatio5m"":null,""uniqueSellers"":0,""uniqueBuyers"":0,""sellerAcceleration"":0,""coordinatedSellers"":0,""sellUsd"":null,""buyUsd"":null,""sellerCount"":null},""sampleCount"":94,""deltas"":{""uniqueSellers"":0,""uniqueBuyers"":0,""sellerAcceleration"":0,""coordinatedSellers"":0},""acceleration"":{""selling"":""stable"",""buyPressure"":""stable"",""volume"":""stable"",""liquidity"":""stable"",""price"":""stable"",""sellers"":""stable"",""coordination"":""stable""}}",90a67556064de695,[object Object],,000000000000000005ba9afd7c8321eb255dcfe10833145b,info
2026-09-27 21:47:27,"[jevsentinel] live action state {""action"":""SELL"",""stage"":""DISTRIBUTION"",""riskScore"":6,""confidence"":0.99,""reasons"":[""JEV progression: distribution"",""5m price deterioration ≤−40%""]}",130c55be965cc3bc,[object Object],,000000000000000005ba9afd7c8321eb255dcfe10833145b,info
2026-09-27 21:47:27,"[jevsentinel] shadow prediction {""version"":1,""shadow"":true,""action"":""SELL"",""confidence"":0.78,""sampleCount"":93,""evidenceQuality"":""strong"",""sourceTrajectoryAction"":""SELL"",""reasons"":[""forward risk structure is deteriorating""],""predictedAt"":""2026-09-28T00:47:27.324Z""}",d9f0772159e159d3,[object Object],,000000000000000005ba9afd7c8321eb255dcfe10833145b,info
2026-09-27 21:47:27,"[jevsentinel] decision input {""mint"":""DewVDYjRN5n1mzAsnQbatvCKqQjgLFLNXnHaTYC2pump"",""sourceCard"":""CW"",""evidenceGroups"":{""tokenIntegrity"":true,""holderStructure"":true,""creatorIntelligence"":true,""walletBehaviour"":true,""flowDynamics"":true,""marketDynamics"":true,""liquidityStructure"":true,""temporalIntelligence"":true,""historicalIntelligence"":true,""alternativeExplanation"":true},""evidenceQuality"":""strong"",""providers"":{""token-research"":{""available"":true,""fieldCount"":30},""transfer-flow"":{""available"":true,""fieldCount"":13}},""temporalSampleCount"":93}",7cd2d33dd33077ac,[object Object],,000000000000000005ba9afd7c8321eb255dcfe10833145b,info
2026-09-27 21:47:27,"[jevsentinel] trajectory state {""action"":""SELL"",""stage"":""DISTRIBUTION"",""riskScore"":4,""confidence"":0.92,""reasons"":[""5m price deterioration ≤−40%""]}",fac0f8711d0dbf48,[object Object],,000000000000000005ba9afd7c8321eb255dcfe10833145b,info
2026-09-27 21:47:27,"[jevsentinel] temporal state {""priorSnapshotCount"":92,""currentSnapshot"":{""observedAt"":""2026-09-28T00:47:27.102Z"",""price"":null,""liquidity"":null,""volume"":null,""priceChange5mPct"":null,""priceChange1hPct"":null,""buyCount5m"":null,""sellCount5m"":null,""buySellRatio5m"":null,""uniqueSellers"":0,""uniqueBuyers"":0,""sellerAcceleration"":0,""coordinatedSellers"":0,""sellUsd"":null,""buyUsd"":null,""sellerCount"":null},""sampleCount"":93,""deltas"":{""uniqueSellers"":0,""uniqueBuyers"":0,""sellerAcceleration"":0,""coordinatedSellers"":0},""acceleration"":{""selling"":""stable"",""buyPressure"":""stable"",""volume"":""stable"",""liquidity"":""stable"",""price"":""stable"",""sellers"":""stable"",""coordination"":""stable""}}",355baa7f2f08485f,[object Object],,000000000000000005ba9afd7c8321eb255dcfe10833145b,info
2026-09-27 21:47:22,"[jevsentinel] live action state {""action"":""SELL"",""stage"":""DISTRIBUTION"",""riskScore"":6,""confidence"":0.99,""reasons"":[""JEV progression: distribution"",""5m price deterioration ≤−40%""]}",3444248cb56a524f,[object Object],,000000000000000005ba9afd7c8321eb255dcfe10833145b,info
2026-09-27 21:47:22,"[jevsentinel] shadow prediction {""version"":1,""shadow"":true,""action"":""SELL"",""confidence"":0.78,""sampleCount"":92,""evidenceQuality"":""strong"",""sourceTrajectoryAction"":""SELL"",""reasons"":[""forward risk structure is deteriorating""],""predictedAt"":""2026-09-28T00:47:22.897Z""}",e42da75e24914d05,[object Object],,000000000000000005ba9afd7c8321eb255dcfe10833145b,info
2026-09-27 21:47:22,"[jevsentinel] decision input {""mint"":""DewVDYjRN5n1mzAsnQbatvCKqQjgLFLNXnHaTYC2pump"",""sourceCard"":""CW"",""evidenceGroups"":{""tokenIntegrity"":true,""holderStructure"":true,""creatorIntelligence"":true,""walletBehaviour"":true,""flowDynamics"":true,""marketDynamics"":true,""liquidityStructure"":true,""temporalIntelligence"":true,""historicalIntelligence"":true,""alternativeExplanation"":true},""evidenceQuality"":""strong"",""providers"":{""token-research"":{""available"":true,""fieldCount"":30},""transfer-flow"":{""available"":true,""fieldCount"":13}},""temporalSampleCount"":92}",db6535ad1ba22a6e,[object Object],,000000000000000005ba9afd7c8321eb255dcfe10833145b,info
2026-09-27 21:47:22,"[jevsentinel] trajectory state {""action"":""SELL"",""stage"":""DISTRIBUTION"",""riskScore"":4,""confidence"":0.92,""reasons"":[""5m price deterioration ≤−40%""]}",424ad5c15a47d8a8,[object Object],,000000000000000005ba9afd7c8321eb255dcfe10833145b,info
2026-09-27 21:47:22,"[jevsentinel] temporal state {""priorSnapshotCount"":91,""currentSnapshot"":{""observedAt"":""2026-09-28T00:47:22.687Z"",""price"":null,""liquidity"":null,""volume"":null,""priceChange5mPct"":null,""priceChange1hPct"":null,""buyCount5m"":null,""sellCount5m"":null,""buySellRatio5m"":null,""uniqueSellers"":0,""uniqueBuyers"":0,""sellerAcceleration"":0,""coordinatedSellers"":0,""sellUsd"":null,""buyUsd"":null,""sellerCount"":null},""sampleCount"":92,""deltas"":{""uniqueSellers"":0,""uniqueBuyers"":0,""sellerAcceleration"":0,""coordinatedSellers"":0},""acceleration"":{""selling"":""stable"",""buyPressure"":""stable"",""volume"":""stable"",""liquidity"":""stable"",""price"":""stable"",""sellers"":""stable"",""coordination"":""stable""}}",316a27f13b4db28f,[object Object],,000000000000000005ba9afd7c8321eb255dcfe10833145b,info
2026-09-27 21:47:18,"[jevsentinel] live action state {""action"":""SELL"",""stage"":""DISTRIBUTION"",""riskScore"":4,""confidence"":0.92,""reasons"":[""5m price deterioration ≤−40%""]}",8dbad05047530dd4,[object Object],,000000000000000005ba9afd7c8321eb255dcfe10833145b,info
2026-09-27 21:47:18,"[jevsentinel] shadow prediction {""version"":1,""shadow"":true,""action"":""SELL"",""confidence"":0.78,""sampleCount"":91,""evidenceQuality"":""strong"",""sourceTrajectoryAction"":""SELL"",""reasons"":[""forward risk structure is deteriorating""],""predictedAt"":""2026-09-28T00:47:18.439Z""}",170b1972b3b79cc6,[object Object],,000000000000000005ba9afd7c8321eb255dcfe10833145b,info
2026-09-27 21:47:18,"[jevsentinel] decision input {""mint"":""DewVDYjRN5n1mzAsnQbatvCKqQjgLFLNXnHaTYC2pump"",""sourceCard"":""CW"",""evidenceGroups"":{""tokenIntegrity"":true,""holderStructure"":true,""creatorIntelligence"":true,""walletBehaviour"":true,""flowDynamics"":true,""marketDynamics"":true,""liquidityStructure"":true,""temporalIntelligence"":true,""historicalIntelligence"":true,""alternativeExplanation"":true},""evidenceQuality"":""strong"",""providers"":{""token-research"":{""available"":true,""fieldCount"":30},""transfer-flow"":{""available"":true,""fieldCount"":13}},""temporalSampleCount"":91}",d54971f46f4fad30,[object Object],,000000000000000005ba9afd7c8321eb255dcfe10833145b,info
2026-09-27 21:47:18,"[jevsentinel] trajectory state {""action"":""SELL"",""stage"":""DISTRIBUTION"",""riskScore"":4,""confidence"":0.92,""reasons"":[""5m price deterioration ≤−40%""]}",336a913396146d41,[object Object],,000000000000000005ba9afd7c8321eb255dcfe10833145b,info
2026-09-27 21:47:18,"[jevsentinel] temporal state {""priorSnapshotCount"":90,""currentSnapshot"":{""observedAt"":""2026-09-28T00:47:18.215Z"",""price"":null,""liquidity"":null,""volume"":null,""priceChange5mPct"":null,""priceChange1hPct"":null,""buyCount5m"":null,""sellCount5m"":null,""buySellRatio5m"":null,""uniqueSellers"":0,""uniqueBuyers"":0,""sellerAcceleration"":0,""coordinatedSellers"":0,""sellUsd"":null,""buyUsd"":null,""sellerCount"":null},""sampleCount"":91,""deltas"":{""uniqueSellers"":0,""uniqueBuyers"":0,""sellerAcceleration"":0,""coordinatedSellers"":0},""acceleration"":{""selling"":""stable"",""buyPressure"":""stable"",""volume"":""stable"",""liquidity"":""stable"",""price"":""stable"",""sellers"":""stable"",""coordination"":""stable""}}",fb29bd0c33cd1425,[object Object],,000000000000000005ba9afd7c8321eb255dcfe10833145b,info
2026-09-27 21:47:14,"[jevsentinel] live action state {""action"":""SELL"",""stage"":""DISTRIBUTION"",""riskScore"":4,""confidence"":0.92,""reasons"":[""creator identity resolved"",""5m price deterioration ≤−40%""]}",1533f7bb2f6ee5c9,[object Object],,000000000000000005ba9afd7c8321eb255dcfe10833145b,info
2026-09-27 21:47:14,"[jevsentinel] shadow prediction {""version"":1,""shadow"":true,""action"":""SELL"",""confidence"":0.78,""sampleCount"":90,""evidenceQuality"":""strong"",""sourceTrajectoryAction"":""SELL"",""reasons"":[""forward risk structure is deteriorating""],""predictedAt"":""2026-09-28T00:47:14.147Z""}",d409c02be62400aa,[object Object],,000000000000000005ba9afd7c8321eb255dcfe10833145b,info
2026-09-27 21:47:13,"[jevsentinel] decision input {""mint"":""DewVDYjRN5n1mzAsnQbatvCKqQjgLFLNXnHaTYC2pump"",""sourceCard"":""CW"",""evidenceGroups"":{""tokenIntegrity"":true,""holderStructure"":true,""creatorIntelligence"":true,""walletBehaviour"":true,""flowDynamics"":true,""marketDynamics"":true,""liquidityStructure"":true,""temporalIntelligence"":true,""historicalIntelligence"":true,""alternativeExplanation"":true},""evidenceQuality"":""strong"",""providers"":{""token-research"":{""available"":true,""fieldCount"":30},""transfer-flow"":{""available"":true,""fieldCount"":13}},""temporalSampleCount"":90}",f7115197fdced33,[object Object],,000000000000000005ba9afd7c8321eb255dcfe10833145b,info
2026-09-27 21:47:13,"[jevsentinel] trajectory state {""action"":""SELL"",""stage"":""DISTRIBUTION"",""riskScore"":4,""confidence"":0.92,""reasons"":[""creator identity resolved"",""5m price deterioration ≤−40%""]}",833e0b4003e8f92d,[object Object],,000000000000000005ba9afd7c8321eb255dcfe10833145b,info
2026-09-27 21:47:13,"[jevsentinel] temporal state {""priorSnapshotCount"":89,""currentSnapshot"":{""observedAt"":""2026-09-28T00:47:13.978Z"",""price"":null,""liquidity"":null,""volume"":null,""priceChange5mPct"":null,""priceChange1hPct"":null,""buyCount5m"":null,""sellCount5m"":null,""buySellRatio5m"":null,""uniqueSellers"":0,""uniqueBuyers"":0,""sellerAcceleration"":0,""coordinatedSellers"":0,""sellUsd"":null,""buyUsd"":null,""sellerCount"":null},""sampleCount"":90,""deltas"":{""uniqueSellers"":0,""uniqueBuyers"":0,""sellerAcceleration"":0,""coordinatedSellers"":0},""acceleration"":{""selling"":""stable"",""buyPressure"":""stable"",""volume"":""stable"",""liquidity"":""stable"",""price"":""stable"",""sellers"":""stable"",""coordination"":""stable""}}",5e378011fd868f25,[object Object],,000000000000000005ba9afd7c8321eb255dcfe10833145b,info
2026-09-27 21:47:09,"[jevsentinel] live action state {""action"":""SELL"",""stage"":""DISTRIBUTION"",""riskScore"":6,""confidence"":0.99,""reasons"":[""creator identity resolved"",""JEV progression: distribution"",""5m price deterioration ≤−40%""]}",3ce606bf4bf0d029,[object Object],,000000000000000005ba9afd7c8321eb255dcfe10833145b,info
2026-09-27 21:47:09,"[jevsentinel] shadow prediction {""version"":1,""shadow"":true,""action"":""SELL"",""confidence"":0.78,""sampleCount"":89,""evidenceQuality"":""strong"",""sourceTrajectoryAction"":""SELL"",""reasons"":[""forward risk structure is deteriorating""],""predictedAt"":""2026-09-28T00:47:09.982Z""}",d0496146ff34fe55,[object Object],,000000000000000005ba9afd7c8321eb255dcfe10833145b,info
2026-09-27 21:47:09,"[jevsentinel] decision input {""mint"":""DewVDYjRN5n1mzAsnQbatvCKqQjgLFLNXnHaTYC2pump"",""sourceCard"":""CW"",""evidenceGroups"":{""tokenIntegrity"":true,""holderStructure"":true,""creatorIntelligence"":true,""walletBehaviour"":true,""flowDynamics"":true,""marketDynamics"":true,""liquidityStructure"":true,""temporalIntelligence"":true,""historicalIntelligence"":true,""alternativeExplanation"":true},""evidenceQuality"":""strong"",""providers"":{""token-research"":{""available"":true,""fieldCount"":30},""transfer-flow"":{""available"":true,""fieldCount"":13}},""temporalSampleCount"":89}",dfa2047eb8392884,[object Object],,000000000000000005ba9afd7c8321eb255dcfe10833145b,info
2026-09-27 21:47:09,"[jevsentinel] trajectory state {""action"":""SELL"",""stage"":""DISTRIBUTION"",""riskScore"":4,""confidence"":0.92,""reasons"":[""creator identity resolved"",""5m price deterioration ≤−40%""]}",5412e54fa343f2ba,[object Object],,000000000000000005ba9afd7c8321eb255dcfe10833145b,info
2026-09-27 21:47:09,"[jevsentinel] temporal state {""priorSnapshotCount"":88,""currentSnapshot"":{""observedAt"":""2026-09-28T00:47:09.809Z"",""price"":null,""liquidity"":null,""volume"":null,""priceChange5mPct"":null,""priceChange1hPct"":null,""buyCount5m"":null,""sellCount5m"":null,""buySellRatio5m"":null,""uniqueSellers"":0,""uniqueBuyers"":0,""sellerAcceleration"":0,""coordinatedSellers"":0,""sellUsd"":null,""buyUsd"":null,""sellerCount"":null},""sampleCount"":89,""deltas"":{""uniqueSellers"":0,""uniqueBuyers"":0,""sellerAcceleration"":0,""coordinatedSellers"":0},""acceleration"":{""selling"":""stable"",""buyPressure"":""stable"",""volume"":""stable"",""liquidity"":""stable"",""price"":""stable"",""sellers"":""stable"",""coordination"":""stable""}}",fb188d08e093e9cb,[object Object],,000000000000000005ba9afd7c8321eb255dcfe10833145b,info
2026-09-27 21:47:05,"[jevsentinel] live action state {""action"":""SELL"",""stage"":""DISTRIBUTION"",""riskScore"":6,""confidence"":0.99,""reasons"":[""JEV progression: distribution"",""5m price deterioration ≤−40%""]}",acfdd595ba30f,[object Object],,000000000000000005ba9afd7c8321eb255dcfe10833145b,info
2026-09-27 21:47:05,"[jevsentinel] shadow prediction {""version"":1,""shadow"":true,""action"":""SELL"",""confidence"":0.78,""sampleCount"":88,""evidenceQuality"":""strong"",""sourceTrajectoryAction"":""SELL"",""reasons"":[""forward risk structure is deteriorating""],""predictedAt"":""2026-09-28T00:47:05.614Z""}",6339689a21daa8df,[object Object],,000000000000000005ba9afd7c8321eb255dcfe10833145b,info
2026-09-27 21:47:05,"[jevsentinel] decision input {""mint"":""DewVDYjRN5n1mzAsnQbatvCKqQjgLFLNXnHaTYC2pump"",""sourceCard"":""CW"",""evidenceGroups"":{""tokenIntegrity"":true,""holderStructure"":true,""creatorIntelligence"":true,""walletBehaviour"":true,""flowDynamics"":true,""marketDynamics"":true,""liquidityStructure"":true,""temporalIntelligence"":true,""historicalIntelligence"":true,""alternativeExplanation"":true},""evidenceQuality"":""strong"",""providers"":{""token-research"":{""available"":true,""fieldCount"":30},""transfer-flow"":{""available"":true,""fieldCount"":13}},""temporalSampleCount"":88}",e23d5d50f5a97f91,[object Object],,000000000000000005ba9afd7c8321eb255dcfe10833145b,info
2026-09-27 21:47:05,"[jevsentinel] trajectory state {""action"":""SELL"",""stage"":""DISTRIBUTION"",""riskScore"":4,""confidence"":0.92,""reasons"":[""5m price deterioration ≤−40%""]}",bf38498d13c40400,[object Object],,000000000000000005ba9afd7c8321eb255dcfe10833145b,info
2026-09-27 21:47:05,"[jevsentinel] temporal state {""priorSnapshotCount"":87,""currentSnapshot"":{""observedAt"":""2026-09-28T00:47:05.453Z"",""price"":null,""liquidity"":null,""volume"":null,""priceChange5mPct"":null,""priceChange1hPct"":null,""buyCount5m"":null,""sellCount5m"":null,""buySellRatio5m"":null,""uniqueSellers"":0,""uniqueBuyers"":0,""sellerAcceleration"":0,""coordinatedSellers"":0,""sellUsd"":null,""buyUsd"":null,""sellerCount"":null},""sampleCount"":88,""deltas"":{""uniqueSellers"":0,""uniqueBuyers"":0,""sellerAcceleration"":0,""coordinatedSellers"":0},""acceleration"":{""selling"":""stable"",""buyPressure"":""stable"",""volume"":""stable"",""liquidity"":""stable"",""price"":""stable"",""sellers"":""stable"",""coordination"":""stable""}}",30bb537304712640,[object Object],,000000000000000005ba9afd7c8321eb255dcfe10833145b,info
2026-09-27 21:47:01,"[jevsentinel] live action state {""action"":""SELL"",""stage"":""DISTRIBUTION"",""riskScore"":6,""confidence"":0.99,""reasons"":[""JEV progression: distribution"",""5m price deterioration ≤−40%""]}",457f0836c5d3fdd7,[object Object],,000000000000000005ba9afd7c8321eb255dcfe10833145b,info
2026-09-27 21:47:01,"[jevsentinel] shadow prediction {""version"":1,""shadow"":true,""action"":""SELL"",""confidence"":0.78,""sampleCount"":87,""evidenceQuality"":""strong"",""sourceTrajectoryAction"":""SELL"",""reasons"":[""forward risk structure is deteriorating""],""predictedAt"":""2026-09-28T00:47:01.135Z""}",e78b25984eb42585,[object Object],,000000000000000005ba9afd7c8321eb255dcfe10833145b,info
2026-09-27 21:47:00,"[jevsentinel] decision input {""mint"":""DewVDYjRN5n1mzAsnQbatvCKqQjgLFLNXnHaTYC2pump"",""sourceCard"":""CW"",""evidenceGroups"":{""tokenIntegrity"":true,""holderStructure"":true,""creatorIntelligence"":true,""walletBehaviour"":true,""flowDynamics"":true,""marketDynamics"":true,""liquidityStructure"":true,""temporalIntelligence"":true,""historicalIntelligence"":true,""alternativeExplanation"":true},""evidenceQuality"":""strong"",""providers"":{""token-research"":{""available"":true,""fieldCount"":30},""transfer-flow"":{""available"":true,""fieldCount"":13}},""temporalSampleCount"":87}",e24928358d13ee62,[object Object],,000000000000000005ba9afd7c8321eb255dcfe10833145b,info
2026-09-27 21:47:00,"[jevsentinel] trajectory state {""action"":""SELL"",""stage"":""DISTRIBUTION"",""riskScore"":4,""confidence"":0.92,""reasons"":[""5m price deterioration ≤−40%""]}",6c816d39b109f8ff,[object Object],,000000000000000005ba9afd7c8321eb255dcfe10833145b,info
2026-09-27 21:47:00,"[jevsentinel] temporal state {""priorSnapshotCount"":86,""currentSnapshot"":{""observedAt"":""2026-09-28T00:47:00.916Z"",""price"":null,""liquidity"":null,""volume"":null,""priceChange5mPct"":null,""priceChange1hPct"":null,""buyCount5m"":null,""sellCount5m"":null,""buySellRatio5m"":null,""uniqueSellers"":0,""uniqueBuyers"":0,""sellerAcceleration"":0,""coordinatedSellers"":0,""sellUsd"":null,""buyUsd"":null,""sellerCount"":null},""sampleCount"":87,""deltas"":{""uniqueSellers"":0,""uniqueBuyers"":0,""sellerAcceleration"":0,""coordinatedSellers"":0},""acceleration"":{""selling"":""stable"",""buyPressure"":""stable"",""volume"":""stable"",""liquidity"":""stable"",""price"":""stable"",""sellers"":""stable"",""coordination"":""stable""}}",f1cf299a39ba85f1,[object Object],,000000000000000005ba9afd7c8321eb255dcfe10833145b,info
2026-09-27 21:46:57,"[jevsentinel] live action state {""action"":""HOLD"",""stage"":""STABLE"",""riskScore"":0,""confidence"":0.84,""reasons"":[]}",36cf5d0f85f2043,[object Object],,000000000000000005ba9afd7c8321eb255dcfe10833145b,info
2026-09-27 21:46:57,"[jevsentinel] shadow prediction {""version"":1,""shadow"":true,""action"":""CAUTION"",""confidence"":0.5,""sampleCount"":86,""evidenceQuality"":""strong"",""sourceTrajectoryAction"":""HOLD"",""reasons"":[""signals do not form a reliable forward setup""],""predictedAt"":""2026-09-28T00:46:57.441Z""}",dfad8ec063294972,[object Object],,000000000000000005ba9afd7c8321eb255dcfe10833145b,info
2026-09-27 21:46:57,"[jevsentinel] decision input {""mint"":""DewVDYjRN5n1mzAsnQbatvCKqQjgLFLNXnHaTYC2pump"",""sourceCard"":""CW"",""evidenceGroups"":{""tokenIntegrity"":true,""holderStructure"":true,""creatorIntelligence"":true,""walletBehaviour"":true,""flowDynamics"":true,""marketDynamics"":true,""liquidityStructure"":true,""temporalIntelligence"":true,""historicalIntelligence"":true,""alternativeExplanation"":true},""evidenceQuality"":""strong"",""providers"":{""token-research"":{""available"":true,""fieldCount"":30},""transfer-flow"":{""available"":true,""fieldCount"":13}},""temporalSampleCount"":86}",69b7dcdb192eae26,[object Object],,000000000000000005ba9afd7c8321eb255dcfe10833145b,info
2026-09-27 21:46:57,"[jevsentinel] trajectory state {""action"":""HOLD"",""stage"":""STABLE"",""riskScore"":0,""confidence"":0.84,""reasons"":[]}",7cac9560c68308ca,[object Object],,000000000000000005ba9afd7c8321eb255dcfe10833145b,info
2026-09-27 21:46:57,"[jevsentinel] temporal state {""priorSnapshotCount"":85,""currentSnapshot"":{""observedAt"":""2026-09-28T00:46:57.264Z"",""price"":null,""liquidity"":null,""volume"":null,""priceChange5mPct"":null,""priceChange1hPct"":null,""buyCount5m"":null,""sellCount5m"":null,""buySellRatio5m"":null,""uniqueSellers"":0,""uniqueBuyers"":0,""sellerAcceleration"":0,""coordinatedSellers"":0,""sellUsd"":null,""buyUsd"":null,""sellerCount"":null},""sampleCount"":86,""deltas"":{""uniqueSellers"":0,""uniqueBuyers"":0,""sellerAcceleration"":0,""coordinatedSellers"":0},""acceleration"":{""selling"":""stable"",""buyPressure"":""stable"",""volume"":""stable"",""liquidity"":""stable"",""price"":""stable"",""sellers"":""stable"",""coordination"":""stable""}}",3e6ba244425133c2,[object Object],,000000000000000005ba9afd7c8321eb255dcfe10833145b,info
2026-09-27 21:46:53,"[jevsentinel] live action state {""action"":""HOLD"",""stage"":""STABLE"",""riskScore"":0,""confidence"":0.84,""reasons"":[""creator identity resolved""]}",8262f1d845f24536,[object Object],,000000000000000005ba9afd7c8321eb255dcfe10833145b,info
2026-09-27 21:46:53,"[jevsentinel] shadow prediction {""version"":1,""shadow"":true,""action"":""CAUTION"",""confidence"":0.5,""sampleCount"":85,""evidenceQuality"":""strong"",""sourceTrajectoryAction"":""HOLD"",""reasons"":[""signals do not form a reliable forward setup""],""predictedAt"":""2026-09-28T00:46:53.608Z""}",b3c68339da4e5d4c,[object Object],,000000000000000005ba9afd7c8321eb255dcfe10833145b,info
2026-09-27 21:46:53,"[jevsentinel] decision input {""mint"":""DewVDYjRN5n1mzAsnQbatvCKqQjgLFLNXnHaTYC2pump"",""sourceCard"":""CW"",""evidenceGroups"":{""tokenIntegrity"":true,""holderStructure"":true,""creatorIntelligence"":true,""walletBehaviour"":true,""flowDynamics"":true,""marketDynamics"":true,""liquidityStructure"":true,""temporalIntelligence"":true,""historicalIntelligence"":true,""alternativeExplanation"":true},""evidenceQuality"":""strong"",""providers"":{""token-research"":{""available"":true,""fieldCount"":30},""transfer-flow"":{""available"":true,""fieldCount"":13}},""temporalSampleCount"":85}",9d0d8e20d964c9ce,[object Object],,000000000000000005ba9afd7c8321eb255dcfe10833145b,info
2026-09-27 21:46:53,"[jevsentinel] trajectory state {""action"":""HOLD"",""stage"":""STABLE"",""riskScore"":0,""confidence"":0.84,""reasons"":[""creator identity resolved""]}",2b56c5cd5bdba0d8,[object Object],,000000000000000005ba9afd7c8321eb255dcfe10833145b,info
2026-09-27 21:46:53,"[jevsentinel] temporal state {""priorSnapshotCount"":84,""currentSnapshot"":{""observedAt"":""2026-09-28T00:46:53.412Z"",""price"":null,""liquidity"":null,""volume"":null,""priceChange5mPct"":null,""priceChange1hPct"":null,""buyCount5m"":null,""sellCount5m"":null,""buySellRatio5m"":null,""uniqueSellers"":0,""uniqueBuyers"":0,""sellerAcceleration"":0,""coordinatedSellers"":0,""sellUsd"":null,""buyUsd"":null,""sellerCount"":null},""sampleCount"":85,""deltas"":{""uniqueSellers"":0,""uniqueBuyers"":0,""sellerAcceleration"":0,""coordinatedSellers"":0},""acceleration"":{""selling"":""stable"",""buyPressure"":""stable"",""volume"":""stable"",""liquidity"":""stable"",""price"":""stable"",""sellers"":""stable"",""coordination"":""stable""}}",ef468eec1d2e659,[object Object],,000000000000000005ba9afd7c8321eb255dcfe10833145b,info
2026-09-27 21:46:49,"[jevsentinel] live action state {""action"":""HOLD"",""stage"":""STABLE"",""riskScore"":0,""confidence"":0.84,""reasons"":[]}",a0be2642277c1030,[object Object],,000000000000000005ba9afd7c8321eb255dcfe10833145b,info
2026-09-27 21:46:49,"[jevsentinel] shadow prediction {""version"":1,""shadow"":true,""action"":""CAUTION"",""confidence"":0.5,""sampleCount"":84,""evidenceQuality"":""strong"",""sourceTrajectoryAction"":""HOLD"",""reasons"":[""signals do not form a reliable forward setup""],""predictedAt"":""2026-09-28T00:46:49.205Z""}",6e0aebda7e6ffd43,[object Object],,000000000000000005ba9afd7c8321eb255dcfe10833145b,info
2026-09-27 21:46:49,"[jevsentinel] decision input {""mint"":""DewVDYjRN5n1mzAsnQbatvCKqQjgLFLNXnHaTYC2pump"",""sourceCard"":""CW"",""evidenceGroups"":{""tokenIntegrity"":true,""holderStructure"":true,""creatorIntelligence"":true,""walletBehaviour"":true,""flowDynamics"":true,""marketDynamics"":true,""liquidityStructure"":true,""temporalIntelligence"":true,""historicalIntelligence"":true,""alternativeExplanation"":true},""evidenceQuality"":""strong"",""providers"":{""token-research"":{""available"":true,""fieldCount"":30},""transfer-flow"":{""available"":true,""fieldCount"":13}},""temporalSampleCount"":84}",14fcca7bc63a28d7,[object Object],,000000000000000005ba9afd7c8321eb255dcfe10833145b,info
2026-09-27 21:46:49,"[jevsentinel] trajectory state {""action"":""HOLD"",""stage"":""STABLE"",""riskScore"":0,""confidence"":0.84,""reasons"":[]}",58c8172353fcd01f,[object Object],,000000000000000005ba9afd7c8321eb255dcfe10833145b,info
2026-09-27 21:46:49,"[jevsentinel] temporal state {""priorSnapshotCount"":83,""currentSnapshot"":{""observedAt"":""2026-09-28T00:46:49.032Z"",""price"":null,""liquidity"":null,""volume"":null,""priceChange5mPct"":null,""priceChange1hPct"":null,""buyCount5m"":null,""sellCount5m"":null,""buySellRatio5m"":null,""uniqueSellers"":0,""uniqueBuyers"":0,""sellerAcceleration"":0,""coordinatedSellers"":0,""sellUsd"":null,""buyUsd"":null,""sellerCount"":null},""sampleCount"":84,""deltas"":{""uniqueSellers"":0,""uniqueBuyers"":0,""sellerAcceleration"":0,""coordinatedSellers"":0},""acceleration"":{""selling"":""stable"",""buyPressure"":""stable"",""volume"":""stable"",""liquidity"":""stable"",""price"":""stable"",""sellers"":""stable"",""coordination"":""stable""}}",1c7aa86eb0a4ca1a,[object Object],,000000000000000005ba9afd7c8321eb255dcfe10833145b,info
2026-09-27 21:46:45,"[jevsentinel] live action state {""action"":""HOLD"",""stage"":""STABLE"",""riskScore"":0,""confidence"":0.84,""reasons"":[""creator identity resolved""]}",f7271e202063fb43,[object Object],,000000000000000005ba9afd7c8321eb255dcfe10833145b,info
2026-09-27 21:46:45,"[jevsentinel] shadow prediction {""version"":1,""shadow"":true,""action"":""CAUTION"",""confidence"":0.5,""sampleCount"":83,""evidenceQuality"":""strong"",""sourceTrajectoryAction"":""HOLD"",""reasons"":[""signals do not form a reliable forward setup""],""predictedAt"":""2026-09-28T00:46:45.098Z""}",5398350b5fdd2426,[object Object],,000000000000000005ba9afd7c8321eb255dcfe10833145b,info
2026-09-27 21:46:44,"[jevsentinel] decision input {""mint"":""DewVDYjRN5n1mzAsnQbatvCKqQjgLFLNXnHaTYC2pump"",""sourceCard"":""CW"",""evidenceGroups"":{""tokenIntegrity"":true,""holderStructure"":true,""creatorIntelligence"":true,""walletBehaviour"":true,""flowDynamics"":true,""marketDynamics"":true,""liquidityStructure"":true,""temporalIntelligence"":true,""historicalIntelligence"":true,""alternativeExplanation"":true},""evidenceQuality"":""strong"",""providers"":{""token-research"":{""available"":true,""fieldCount"":30},""transfer-flow"":{""available"":true,""fieldCount"":13}},""temporalSampleCount"":83}",9ad844ff45846fdd,[object Object],,000000000000000005ba9afd7c8321eb255dcfe10833145b,info
2026-09-27 21:46:44,"[jevsentinel] trajectory state {""action"":""HOLD"",""stage"":""STABLE"",""riskScore"":0,""confidence"":0.84,""reasons"":[""creator identity resolved""]}",38442d884ef0fb86,[object Object],,000000000000000005ba9afd7c8321eb255dcfe10833145b,info
2026-09-27 21:46:44,"[jevsentinel] temporal state {""priorSnapshotCount"":82,""currentSnapshot"":{""observedAt"":""2026-09-28T00:46:44.930Z"",""price"":null,""liquidity"":null,""volume"":null,""priceChange5mPct"":null,""priceChange1hPct"":null,""buyCount5m"":null,""sellCount5m"":null,""buySellRatio5m"":null,""uniqueSellers"":0,""uniqueBuyers"":0,""sellerAcceleration"":0,""coordinatedSellers"":0,""sellUsd"":null,""buyUsd"":null,""sellerCount"":null},""sampleCount"":83,""deltas"":{""uniqueSellers"":0,""uniqueBuyers"":0,""sellerAcceleration"":0,""coordinatedSellers"":0},""acceleration"":{""selling"":""stable"",""buyPressure"":""stable"",""volume"":""stable"",""liquidity"":""stable"",""price"":""stable"",""sellers"":""stable"",""coordination"":""stable""}}",5711c2622f07bab2,[object Object],,000000000000000005ba9afd7c8321eb255dcfe10833145b,info
2026-09-27 21:46:40,"[jevsentinel] live action state {""action"":""HOLD"",""stage"":""STABLE"",""riskScore"":0,""confidence"":0.84,""reasons"":[]}",6538d6946d0aee18,[object Object],,000000000000000005ba9afd7c8321eb255dcfe10833145b,info
2026-09-27 21:46:40,"[jevsentinel] shadow prediction {""version"":1,""shadow"":true,""action"":""CAUTION"",""confidence"":0.5,""sampleCount"":82,""evidenceQuality"":""strong"",""sourceTrajectoryAction"":""HOLD"",""reasons"":[""signals do not form a reliable forward setup""],""predictedAt"":""2026-09-28T00:46:40.878Z""}",f681d0262708a1e2,[object Object],,000000000000000005ba9afd7c8321eb255dcfe10833145b,info
2026-09-27 21:46:40,"[jevsentinel] decision input {""mint"":""DewVDYjRN5n1mzAsnQbatvCKqQjgLFLNXnHaTYC2pump"",""sourceCard"":""CW"",""evidenceGroups"":{""tokenIntegrity"":true,""holderStructure"":true,""creatorIntelligence"":true,""walletBehaviour"":true,""flowDynamics"":true,""marketDynamics"":true,""liquidityStructure"":true,""temporalIntelligence"":true,""historicalIntelligence"":true,""alternativeExplanation"":true},""evidenceQuality"":""strong"",""providers"":{""token-research"":{""available"":true,""fieldCount"":30},""transfer-flow"":{""available"":true,""fieldCount"":13}},""temporalSampleCount"":82}",f0ae8db20b11d0c7,[object Object],,000000000000000005ba9afd7c8321eb255dcfe10833145b,info
2026-09-27 21:46:40,"[jevsentinel] trajectory state {""action"":""HOLD"",""stage"":""STABLE"",""riskScore"":0,""confidence"":0.84,""reasons"":[]}",b1dd3134f87f6baf,[object Object],,000000000000000005ba9afd7c8321eb255dcfe10833145b,info
2026-09-27 21:46:40,"[jevsentinel] temporal state {""priorSnapshotCount"":81,""currentSnapshot"":{""observedAt"":""2026-09-28T00:46:40.694Z"",""price"":null,""liquidity"":null,""volume"":null,""priceChange5mPct"":null,""priceChange1hPct"":null,""buyCount5m"":null,""sellCount5m"":null,""buySellRatio5m"":null,""uniqueSellers"":0,""uniqueBuyers"":0,""sellerAcceleration"":0,""coordinatedSellers"":0,""sellUsd"":null,""buyUsd"":null,""sellerCount"":null},""sampleCount"":82,""deltas"":{""uniqueSellers"":0,""uniqueBuyers"":0,""sellerAcceleration"":0,""coordinatedSellers"":0},""acceleration"":{""selling"":""stable"",""buyPressure"":""stable"",""volume"":""stable"",""liquidity"":""stable"",""price"":""stable"",""sellers"":""stable"",""coordination"":""stable""}}",a85a9bc53d457508,[object Object],,000000000000000005ba9afd7c8321eb255dcfe10833145b,info
2026-09-27 21:46:36,"[jevsentinel] live action state {""action"":""HOLD"",""stage"":""STABLE"",""riskScore"":0,""confidence"":0.84,""reasons"":[""creator identity resolved""]}",8045f7f03a4c906e,[object Object],,000000000000000005ba9afd7c8321eb255dcfe10833145b,info
2026-09-27 21:46:36,"[jevsentinel] shadow prediction {""version"":1,""shadow"":true,""action"":""CAUTION"",""confidence"":0.5,""sampleCount"":81,""evidenceQuality"":""strong"",""sourceTrajectoryAction"":""HOLD"",""reasons"":[""signals do not form a reliable forward setup""],""predictedAt"":""2026-09-28T00:46:36.942Z""}",6d5380c7ea429124,[object Object],,000000000000000005ba9afd7c8321eb255dcfe10833145b,info
2026-09-27 21:46:36,"[jevsentinel] decision input {""mint"":""DewVDYjRN5n1mzAsnQbatvCKqQjgLFLNXnHaTYC2pump"",""sourceCard"":""CW"",""evidenceGroups"":{""tokenIntegrity"":true,""holderStructure"":true,""creatorIntelligence"":true,""walletBehaviour"":true,""flowDynamics"":true,""marketDynamics"":true,""liquidityStructure"":true,""temporalIntelligence"":true,""historicalIntelligence"":true,""alternativeExplanation"":true},""evidenceQuality"":""strong"",""providers"":{""token-research"":{""available"":true,""fieldCount"":30},""transfer-flow"":{""available"":true,""fieldCount"":13}},""temporalSampleCount"":81}",27daeea3bae17ff3,[object Object],,000000000000000005ba9afd7c8321eb255dcfe10833145b,info
2026-09-27 21:46:36,"[jevsentinel] trajectory state {""action"":""HOLD"",""stage"":""STABLE"",""riskScore"":0,""confidence"":0.84,""reasons"":[""creator identity resolved""]}",1cf6b0c397fb2dbe,[object Object],,000000000000000005ba9afd7c8321eb255dcfe10833145b,info
2026-09-27 21:46:36,"[jevsentinel] temporal state {""priorSnapshotCount"":80,""currentSnapshot"":{""observedAt"":""2026-09-28T00:46:36.741Z"",""price"":null,""liquidity"":null,""volume"":null,""priceChange5mPct"":null,""priceChange1hPct"":null,""buyCount5m"":null,""sellCount5m"":null,""buySellRatio5m"":null,""uniqueSellers"":0,""uniqueBuyers"":0,""sellerAcceleration"":0,""coordinatedSellers"":0,""sellUsd"":null,""buyUsd"":null,""sellerCount"":null},""sampleCount"":81,""deltas"":{""uniqueSellers"":0,""uniqueBuyers"":0,""sellerAcceleration"":0,""coordinatedSellers"":0},""acceleration"":{""selling"":""stable"",""buyPressure"":""stable"",""volume"":""stable"",""liquidity"":""stable"",""price"":""stable"",""sellers"":""stable"",""coordination"":""stable""}}",3da7dad1b8a97bdd,[object Object],,000000000000000005ba9afd7c8321eb255dcfe10833145b,info
2026-09-27 21:46:32,"[jevsentinel] live action state {""action"":""HOLD"",""stage"":""STABLE"",""riskScore"":0,""confidence"":0.84,""reasons"":[""creator identity resolved""]}",a84c9156e6a178a3,[object Object],,000000000000000005ba9afd7c8321eb255dcfe10833145b,info
2026-09-27 21:46:32,"[jevsentinel] shadow prediction {""version"":1,""shadow"":true,""action"":""CAUTION"",""confidence"":0.5,""sampleCount"":80,""evidenceQuality"":""strong"",""sourceTrajectoryAction"":""HOLD"",""reasons"":[""signals do not form a reliable forward setup""],""predictedAt"":""2026-09-28T00:46:32.598Z""}",6f22f804ac6fc7ae,[object Object],,000000000000000005ba9afd7c8321eb255dcfe10833145b,info
2026-09-27 21:46:32,"[jevsentinel] decision input {""mint"":""DewVDYjRN5n1mzAsnQbatvCKqQjgLFLNXnHaTYC2pump"",""sourceCard"":""CW"",""evidenceGroups"":{""tokenIntegrity"":true,""holderStructure"":true,""creatorIntelligence"":true,""walletBehaviour"":true,""flowDynamics"":true,""marketDynamics"":true,""liquidityStructure"":true,""temporalIntelligence"":true,""historicalIntelligence"":true,""alternativeExplanation"":true},""evidenceQuality"":""strong"",""providers"":{""token-research"":{""available"":true,""fieldCount"":30},""transfer-flow"":{""available"":true,""fieldCount"":13}},""temporalSampleCount"":80}",bfb9c4c59740c751,[object Object],,000000000000000005ba9afd7c8321eb255dcfe10833145b,info
2026-09-27 21:46:32,"[jevsentinel] trajectory state {""action"":""HOLD"",""stage"":""STABLE"",""riskScore"":0,""confidence"":0.84,""reasons"":[""creator identity resolved""]}",34e5e2ee49e30092,[object Object],,000000000000000005ba9afd7c8321eb255dcfe10833145b,info
2026-09-27 21:46:32,"[jevsentinel] temporal state {""priorSnapshotCount"":79,""currentSnapshot"":{""observedAt"":""2026-09-28T00:46:32.445Z"",""price"":null,""liquidity"":null,""volume"":null,""priceChange5mPct"":null,""priceChange1hPct"":null,""buyCount5m"":null,""sellCount5m"":null,""buySellRatio5m"":null,""uniqueSellers"":0,""uniqueBuyers"":0,""sellerAcceleration"":0,""coordinatedSellers"":0,""sellUsd"":null,""buyUsd"":null,""sellerCount"":null},""sampleCount"":80,""deltas"":{""uniqueSellers"":0,""uniqueBuyers"":0,""sellerAcceleration"":0,""coordinatedSellers"":0},""acceleration"":{""selling"":""stable"",""buyPressure"":""stable"",""volume"":""stable"",""liquidity"":""stable"",""price"":""stable"",""sellers"":""stable"",""coordination"":""stable""}}",685d8deddc4ace82,[object Object],,000000000000000005ba9afd7c8321eb255dcfe10833145b,info
2026-09-27 21:46:28,"[jevsentinel] live action state {""action"":""HOLD"",""stage"":""STABLE"",""riskScore"":0,""confidence"":0.84,""reasons"":[]}",80279bedc9ca696a,[object Object],,000000000000000005ba9afd7c8321eb255dcfe10833145b,info
2026-09-27 21:46:28,"[jevsentinel] shadow prediction {""version"":1,""shadow"":true,""action"":""CAUTION"",""confidence"":0.5,""sampleCount"":79,""evidenceQuality"":""strong"",""sourceTrajectoryAction"":""HOLD"",""reasons"":[""signals do not form a reliable forward setup""],""predictedAt"":""2026-09-28T00:46:28.674Z""}",674b585feb170ddc,[object Object],,000000000000000005ba9afd7c8321eb255dcfe10833145b,info
2026-09-27 21:46:28,"[jevsentinel] decision input {""mint"":""DewVDYjRN5n1mzAsnQbatvCKqQjgLFLNXnHaTYC2pump"",""sourceCard"":""CW"",""evidenceGroups"":{""tokenIntegrity"":true,""holderStructure"":true,""creatorIntelligence"":true,""walletBehaviour"":true,""flowDynamics"":true,""marketDynamics"":true,""liquidityStructure"":true,""temporalIntelligence"":true,""historicalIntelligence"":true,""alternativeExplanation"":true},""evidenceQuality"":""strong"",""providers"":{""token-research"":{""available"":true,""fieldCount"":30},""transfer-flow"":{""available"":true,""fieldCount"":13}},""temporalSampleCount"":79}",7dda625e2a3b9b06,[object Object],,000000000000000005ba9afd7c8321eb255dcfe10833145b,info
2026-09-27 21:46:28,"[jevsentinel] trajectory state {""action"":""HOLD"",""stage"":""STABLE"",""riskScore"":0,""confidence"":0.84,""reasons"":[]}",739e53d78ef3960e,[object Object],,000000000000000005ba9afd7c8321eb255dcfe10833145b,info
2026-09-27 21:46:28,"[jevsentinel] temporal state {""priorSnapshotCount"":78,""currentSnapshot"":{""observedAt"":""2026-09-28T00:46:28.502Z"",""price"":null,""liquidity"":null,""volume"":null,""priceChange5mPct"":null,""priceChange1hPct"":null,""buyCount5m"":null,""sellCount5m"":null,""buySellRatio5m"":null,""uniqueSellers"":0,""uniqueBuyers"":0,""sellerAcceleration"":0,""coordinatedSellers"":0,""sellUsd"":null,""buyUsd"":null,""sellerCount"":null},""sampleCount"":79,""deltas"":{""uniqueSellers"":0,""uniqueBuyers"":0,""sellerAcceleration"":0,""coordinatedSellers"":0},""acceleration"":{""selling"":""stable"",""buyPressure"":""stable"",""volume"":""stable"",""liquidity"":""stable"",""price"":""stable"",""sellers"":""stable"",""coordination"":""stable""}}",55f43790178914ca,[object Object],,000000000000000005ba9afd7c8321eb255dcfe10833145b,info
2026-09-27 21:46:24,"[jevsentinel] live action state {""action"":""HOLD"",""stage"":""STABLE"",""riskScore"":0,""confidence"":0.84,""reasons"":[]}",78f7b541089dea3b,[object Object],,000000000000000005ba9afd7c8321eb255dcfe10833145b,info
2026-09-27 21:46:24,"[jevsentinel] shadow prediction {""version"":1,""shadow"":true,""action"":""CAUTION"",""confidence"":0.5,""sampleCount"":78,""evidenceQuality"":""strong"",""sourceTrajectoryAction"":""HOLD"",""reasons"":[""signals do not form a reliable forward setup""],""predictedAt"":""2026-09-28T00:46:24.428Z""}",56e6d806e8531d13,[object Object],,000000000000000005ba9afd7c8321eb255dcfe10833145b,info
2026-09-27 21:46:24,"[jevsentinel] decision input {""mint"":""DewVDYjRN5n1mzAsnQbatvCKqQjgLFLNXnHaTYC2pump"",""sourceCard"":""CW"",""evidenceGroups"":{""tokenIntegrity"":true,""holderStructure"":true,""creatorIntelligence"":true,""walletBehaviour"":true,""flowDynamics"":true,""marketDynamics"":true,""liquidityStructure"":true,""temporalIntelligence"":true,""historicalIntelligence"":true,""alternativeExplanation"":true},""evidenceQuality"":""strong"",""providers"":{""token-research"":{""available"":true,""fieldCount"":30},""transfer-flow"":{""available"":true,""fieldCount"":13}},""temporalSampleCount"":78}",b09f2d2749085589,[object Object],,000000000000000005ba9afd7c8321eb255dcfe10833145b,info
2026-09-27 21:46:24,"[jevsentinel] trajectory state {""action"":""HOLD"",""stage"":""STABLE"",""riskScore"":0,""confidence"":0.84,""reasons"":[]}",57dd0ea0a7aa74a9,[object Object],,000000000000000005ba9afd7c8321eb255dcfe10833145b,info
2026-09-27 21:46:24,"[jevsentinel] temporal state {""priorSnapshotCount"":77,""currentSnapshot"":{""observedAt"":""2026-09-28T00:46:24.233Z"",""price"":null,""liquidity"":null,""volume"":null,""priceChange5mPct"":null,""priceChange1hPct"":null,""buyCount5m"":null,""sellCount5m"":null,""buySellRatio5m"":null,""uniqueSellers"":0,""uniqueBuyers"":0,""sellerAcceleration"":0,""coordinatedSellers"":0,""sellUsd"":null,""buyUsd"":null,""sellerCount"":null},""sampleCount"":78,""deltas"":{""uniqueSellers"":0,""uniqueBuyers"":0,""sellerAcceleration"":0,""coordinatedSellers"":0},""acceleration"":{""selling"":""stable"",""buyPressure"":""stable"",""volume"":""stable"",""liquidity"":""stable"",""price"":""stable"",""sellers"":""stable"",""coordination"":""stable""}}",3ef5afadaf33cbaa,[object Object],,000000000000000005ba9afd7c8321eb255dcfe10833145b,info
2026-09-27 21:46:20,"[jevsentinel] live action state {""action"":""HOLD"",""stage"":""STABLE"",""riskScore"":0,""confidence"":0.84,""reasons"":[""creator identity resolved""]}",220003be73cd695,[object Object],,000000000000000005ba9afd7c8321eb255dcfe10833145b,info
2026-09-27 21:46:20,"[jevsentinel] shadow prediction {""version"":1,""shadow"":true,""action"":""CAUTION"",""confidence"":0.5,""sampleCount"":77,""evidenceQuality"":""strong"",""sourceTrajectoryAction"":""HOLD"",""reasons"":[""signals do not form a reliable forward setup""],""predictedAt"":""2026-09-28T00:46:20.416Z""}",40b9f6b89ebdfd49,[object Object],,000000000000000005ba9afd7c8321eb255dcfe10833145b,info
2026-09-27 21:46:20,"[jevsentinel] decision input {""mint"":""DewVDYjRN5n1mzAsnQbatvCKqQjgLFLNXnHaTYC2pump"",""sourceCard"":""CW"",""evidenceGroups"":{""tokenIntegrity"":true,""holderStructure"":true,""creatorIntelligence"":true,""walletBehaviour"":true,""flowDynamics"":true,""marketDynamics"":true,""liquidityStructure"":true,""temporalIntelligence"":true,""historicalIntelligence"":true,""alternativeExplanation"":true},""evidenceQuality"":""strong"",""providers"":{""token-research"":{""available"":true,""fieldCount"":30},""transfer-flow"":{""available"":true,""fieldCount"":13}},""temporalSampleCount"":77}",d6b56b5c5f4bcf48,[object Object],,000000000000000005ba9afd7c8321eb255dcfe10833145b,info
2026-09-27 21:46:20,"[jevsentinel] trajectory state {""action"":""HOLD"",""stage"":""STABLE"",""riskScore"":0,""confidence"":0.84,""reasons"":[""creator identity resolved""]}",4cdf0248ddf84913,[object Object],,000000000000000005ba9afd7c8321eb255dcfe10833145b,info
2026-09-27 21:46:20,"[jevsentinel] temporal state {""priorSnapshotCount"":76,""currentSnapshot"":{""observedAt"":""2026-09-28T00:46:20.203Z"",""price"":null,""liquidity"":null,""volume"":null,""priceChange5mPct"":null,""priceChange1hPct"":null,""buyCount5m"":null,""sellCount5m"":null,""buySellRatio5m"":null,""uniqueSellers"":0,""uniqueBuyers"":0,""sellerAcceleration"":0,""coordinatedSellers"":0,""sellUsd"":null,""buyUsd"":null,""sellerCount"":null},""sampleCount"":77,""deltas"":{""uniqueSellers"":0,""uniqueBuyers"":0,""sellerAcceleration"":0,""coordinatedSellers"":0},""acceleration"":{""selling"":""stable"",""buyPressure"":""stable"",""volume"":""stable"",""liquidity"":""stable"",""price"":""stable"",""sellers"":""stable"",""coordination"":""stable""}}",6a578f138c7d9d6c,[object Object],,000000000000000005ba9afd7c8321eb255dcfe10833145b,info
2026-09-27 21:46:16,"[jevsentinel] live action state {""action"":""HOLD"",""stage"":""STABLE"",""riskScore"":0,""confidence"":0.84,""reasons"":[]}",9c01e597788aaa79,[object Object],,000000000000000005ba9afd7c8321eb255dcfe10833145b,info
2026-09-27 21:46:16,"[jevsentinel] shadow prediction {""version"":1,""shadow"":true,""action"":""CAUTION"",""confidence"":0.5,""sampleCount"":76,""evidenceQuality"":""strong"",""sourceTrajectoryAction"":""HOLD"",""reasons"":[""signals do not form a reliable forward setup""],""predictedAt"":""2026-09-28T00:46:16.001Z""}",bc4dac49166499f1,[object Object],,000000000000000005ba9afd7c8321eb255dcfe10833145b,info
2026-09-27 21:46:15,"[jevsentinel] decision input {""mint"":""DewVDYjRN5n1mzAsnQbatvCKqQjgLFLNXnHaTYC2pump"",""sourceCard"":""CW"",""evidenceGroups"":{""tokenIntegrity"":true,""holderStructure"":true,""creatorIntelligence"":true,""walletBehaviour"":true,""flowDynamics"":true,""marketDynamics"":true,""liquidityStructure"":true,""temporalIntelligence"":true,""historicalIntelligence"":true,""alternativeExplanation"":true},""evidenceQuality"":""strong"",""providers"":{""token-research"":{""available"":true,""fieldCount"":30},""transfer-flow"":{""available"":true,""fieldCount"":13}},""temporalSampleCount"":76}",ce71f39049cb4f9c,[object Object],,000000000000000005ba9afd7c8321eb255dcfe10833145b,info
2026-09-27 21:46:15,"[jevsentinel] trajectory state {""action"":""HOLD"",""stage"":""STABLE"",""riskScore"":0,""confidence"":0.84,""reasons"":[]}",d95f5055330549e2,[object Object],,000000000000000005ba9afd7c8321eb255dcfe10833145b,info
2026-09-27 21:46:15,"[jevsentinel] temporal state {""priorSnapshotCount"":75,""currentSnapshot"":{""observedAt"":""2026-09-28T00:46:15.816Z"",""price"":null,""liquidity"":null,""volume"":null,""priceChange5mPct"":null,""priceChange1hPct"":null,""buyCount5m"":null,""sellCount5m"":null,""buySellRatio5m"":null,""uniqueSellers"":0,""uniqueBuyers"":0,""sellerAcceleration"":0,""coordinatedSellers"":0,""sellUsd"":null,""buyUsd"":null,""sellerCount"":null},""sampleCount"":76,""deltas"":{""uniqueSellers"":0,""uniqueBuyers"":0,""sellerAcceleration"":0,""coordinatedSellers"":0},""acceleration"":{""selling"":""stable"",""buyPressure"":""stable"",""volume"":""stable"",""liquidity"":""stable"",""price"":""stable"",""sellers"":""stable"",""coordination"":""stable""}}",6b5484195a5b73ff,[object Object],,000000000000000005ba9afd7c8321eb255dcfe10833145b,info
2026-09-27 21:46:11,"[jevsentinel] live action state {""action"":""HOLD"",""stage"":""STABLE"",""riskScore"":0,""confidence"":0.84,""reasons"":[]}",84ad80d4a8c49089,[object Object],,000000000000000005ba9afd7c8321eb255dcfe10833145b,info
2026-09-27 21:46:11,"[jevsentinel] shadow prediction {""version"":1,""shadow"":true,""action"":""CAUTION"",""confidence"":0.5,""sampleCount"":75,""evidenceQuality"":""strong"",""sourceTrajectoryAction"":""HOLD"",""reasons"":[""signals do not form a reliable forward setup""],""predictedAt"":""2026-09-28T00:46:11.561Z""}",2ebd527cfa060e5c,[object Object],,000000000000000005ba9afd7c8321eb255dcfe10833145b,info
2026-09-27 21:46:11,"[jevsentinel] decision input {""mint"":""DewVDYjRN5n1mzAsnQbatvCKqQjgLFLNXnHaTYC2pump"",""sourceCard"":""CW"",""evidenceGroups"":{""tokenIntegrity"":true,""holderStructure"":true,""creatorIntelligence"":true,""walletBehaviour"":true,""flowDynamics"":true,""marketDynamics"":true,""liquidityStructure"":true,""temporalIntelligence"":true,""historicalIntelligence"":true,""alternativeExplanation"":true},""evidenceQuality"":""strong"",""providers"":{""token-research"":{""available"":true,""fieldCount"":30},""transfer-flow"":{""available"":true,""fieldCount"":13}},""temporalSampleCount"":75}",5410788086ac0878,[object Object],,000000000000000005ba9afd7c8321eb255dcfe10833145b,info
2026-09-27 21:46:11,"[jevsentinel] trajectory state {""action"":""HOLD"",""stage"":""STABLE"",""riskScore"":0,""confidence"":0.84,""reasons"":[]}",e1d81f7eb6526ddd,[object Object],,000000000000000005ba9afd7c8321eb255dcfe10833145b,info
2026-09-27 21:46:11,"[jevsentinel] temporal state {""priorSnapshotCount"":74,""currentSnapshot"":{""observedAt"":""2026-09-28T00:46:11.305Z"",""price"":null,""liquidity"":null,""volume"":null,""priceChange5mPct"":null,""priceChange1hPct"":null,""buyCount5m"":null,""sellCount5m"":null,""buySellRatio5m"":null,""uniqueSellers"":0,""uniqueBuyers"":0,""sellerAcceleration"":0,""coordinatedSellers"":0,""sellUsd"":null,""buyUsd"":null,""sellerCount"":null},""sampleCount"":75,""deltas"":{""uniqueSellers"":0,""uniqueBuyers"":0,""sellerAcceleration"":0,""coordinatedSellers"":0},""acceleration"":{""selling"":""stable"",""buyPressure"":""stable"",""volume"":""stable"",""liquidity"":""stable"",""price"":""stable"",""sellers"":""stable"",""coordination"":""stable""}}",cf2fca1bca5c948e,[object Object],,000000000000000005ba9afd7c8321eb255dcfe10833145b,info
2026-09-27 21:46:06,"[jevsentinel] live action state {""action"":""HOLD"",""stage"":""STABLE"",""riskScore"":0,""confidence"":0.84,""reasons"":[]}",4125554a748fe42d,[object Object],,000000000000000005ba9afd7c8321eb255dcfe10833145b,info
2026-09-27 21:46:06,"[jevsentinel] shadow prediction {""version"":1,""shadow"":true,""action"":""CAUTION"",""confidence"":0.5,""sampleCount"":74,""evidenceQuality"":""strong"",""sourceTrajectoryAction"":""HOLD"",""reasons"":[""signals do not form a reliable forward setup""],""predictedAt"":""2026-09-28T00:46:06.930Z""}",f5a85773d4c4b5a6,[object Object],,000000000000000005ba9afd7c8321eb255dcfe10833145b,info
2026-09-27 21:46:06,"[jevsentinel] decision input {""mint"":""DewVDYjRN5n1mzAsnQbatvCKqQjgLFLNXnHaTYC2pump"",""sourceCard"":""CW"",""evidenceGroups"":{""tokenIntegrity"":true,""holderStructure"":true,""creatorIntelligence"":true,""walletBehaviour"":true,""flowDynamics"":true,""marketDynamics"":true,""liquidityStructure"":true,""temporalIntelligence"":true,""historicalIntelligence"":true,""alternativeExplanation"":true},""evidenceQuality"":""strong"",""providers"":{""token-research"":{""available"":true,""fieldCount"":30},""transfer-flow"":{""available"":true,""fieldCount"":13}},""temporalSampleCount"":74}",25f0b93929c015f2,[object Object],,000000000000000005ba9afd7c8321eb255dcfe10833145b,info
2026-09-27 21:46:06,"[jevsentinel] trajectory state {""action"":""HOLD"",""stage"":""STABLE"",""riskScore"":0,""confidence"":0.84,""reasons"":[]}",36068d6d9ffd19bf,[object Object],,000000000000000005ba9afd7c8321eb255dcfe10833145b,info
2026-09-27 21:46:06,"[jevsentinel] temporal state {""priorSnapshotCount"":73,""currentSnapshot"":{""observedAt"":""2026-09-28T00:46:06.640Z"",""price"":null,""liquidity"":null,""volume"":null,""priceChange5mPct"":null,""priceChange1hPct"":null,""buyCount5m"":null,""sellCount5m"":null,""buySellRatio5m"":null,""uniqueSellers"":0,""uniqueBuyers"":0,""sellerAcceleration"":0,""coordinatedSellers"":0,""sellUsd"":null,""buyUsd"":null,""sellerCount"":null},""sampleCount"":74,""deltas"":{""uniqueSellers"":0,""uniqueBuyers"":0,""sellerAcceleration"":0,""coordinatedSellers"":0},""acceleration"":{""selling"":""stable"",""buyPressure"":""stable"",""volume"":""stable"",""liquidity"":""stable"",""price"":""stable"",""sellers"":""stable"",""coordination"":""stable""}}",d0bf1776b183e645,[object Object],,000000000000000005ba9afd7c8321eb255dcfe10833145b,info
2026-09-27 21:46:02,"[jevsentinel] live action state {""action"":""HOLD"",""stage"":""STABLE"",""riskScore"":0,""confidence"":0.84,""reasons"":[]}",275e5c698b81d948,[object Object],,000000000000000005ba9afd7c8321eb255dcfe10833145b,info
2026-09-27 21:46:02,"[jevsentinel] shadow prediction {""version"":1,""shadow"":true,""action"":""CAUTION"",""confidence"":0.5,""sampleCount"":73,""evidenceQuality"":""strong"",""sourceTrajectoryAction"":""HOLD"",""reasons"":[""signals do not form a reliable forward setup""],""predictedAt"":""2026-09-28T00:46:02.833Z""}",d2407518615d2fac,[object Object],,000000000000000005ba9afd7c8321eb255dcfe10833145b,info
2026-09-27 21:46:02,"[jevsentinel] decision input {""mint"":""DewVDYjRN5n1mzAsnQbatvCKqQjgLFLNXnHaTYC2pump"",""sourceCard"":""CW"",""evidenceGroups"":{""tokenIntegrity"":true,""holderStructure"":true,""creatorIntelligence"":true,""walletBehaviour"":true,""flowDynamics"":true,""marketDynamics"":true,""liquidityStructure"":true,""temporalIntelligence"":true,""historicalIntelligence"":true,""alternativeExplanation"":true},""evidenceQuality"":""strong"",""providers"":{""token-research"":{""available"":true,""fieldCount"":30},""transfer-flow"":{""available"":true,""fieldCount"":13}},""temporalSampleCount"":73}",aac7066be5433d7,[object Object],,000000000000000005ba9afd7c8321eb255dcfe10833145b,info
2026-09-27 21:46:02,"[jevsentinel] trajectory state {""action"":""HOLD"",""stage"":""STABLE"",""riskScore"":0,""confidence"":0.84,""reasons"":[]}",1df056eb05973eab,[object Object],,000000000000000005ba9afd7c8321eb255dcfe10833145b,info
2026-09-27 21:46:02,"[jevsentinel] temporal state {""priorSnapshotCount"":72,""currentSnapshot"":{""observedAt"":""2026-09-28T00:46:02.645Z"",""price"":null,""liquidity"":null,""volume"":null,""priceChange5mPct"":null,""priceChange1hPct"":null,""buyCount5m"":null,""sellCount5m"":null,""buySellRatio5m"":null,""uniqueSellers"":0,""uniqueBuyers"":0,""sellerAcceleration"":0,""coordinatedSellers"":0,""sellUsd"":null,""buyUsd"":null,""sellerCount"":null},""sampleCount"":73,""deltas"":{""uniqueSellers"":0,""uniqueBuyers"":0,""sellerAcceleration"":0,""coordinatedSellers"":0},""acceleration"":{""selling"":""stable"",""buyPressure"":""stable"",""volume"":""stable"",""liquidity"":""stable"",""price"":""stable"",""sellers"":""stable"",""coordination"":""stable""}}",ee0869169407d3aa,[object Object],,000000000000000005ba9afd7c8321eb255dcfe10833145b,info
2026-09-27 21:45:58,"[jevsentinel] live action state {""action"":""HOLD"",""stage"":""STABLE"",""riskScore"":0,""confidence"":0.84,""reasons"":[""creator identity resolved""]}",706640ea0d200b76,[object Object],,000000000000000005ba9afd7c8321eb255dcfe10833145b,info
2026-09-27 21:45:58,"[jevsentinel] shadow prediction {""version"":1,""shadow"":true,""action"":""CAUTION"",""confidence"":0.5,""sampleCount"":72,""evidenceQuality"":""strong"",""sourceTrajectoryAction"":""HOLD"",""reasons"":[""signals do not form a reliable forward setup""],""predictedAt"":""2026-09-28T00:45:58.736Z""}",c06ac795139b1bac,[object Object],,000000000000000005ba9afd7c8321eb255dcfe10833145b,info
2026-09-27 21:45:58,"[jevsentinel] decision input {""mint"":""DewVDYjRN5n1mzAsnQbatvCKqQjgLFLNXnHaTYC2pump"",""sourceCard"":""CW"",""evidenceGroups"":{""tokenIntegrity"":true,""holderStructure"":true,""creatorIntelligence"":true,""walletBehaviour"":true,""flowDynamics"":true,""marketDynamics"":true,""liquidityStructure"":true,""temporalIntelligence"":true,""historicalIntelligence"":true,""alternativeExplanation"":true},""evidenceQuality"":""strong"",""providers"":{""token-research"":{""available"":true,""fieldCount"":30},""transfer-flow"":{""available"":true,""fieldCount"":13}},""temporalSampleCount"":72}",64ab73a651b01293,[object Object],,000000000000000005ba9afd7c8321eb255dcfe10833145b,info
2026-09-27 21:45:58,"[jevsentinel] trajectory state {""action"":""HOLD"",""stage"":""STABLE"",""riskScore"":0,""confidence"":0.84,""reasons"":[""creator identity resolved""]}",ca20c9705b1bc31d,[object Object],,000000000000000005ba9afd7c8321eb255dcfe10833145b,info
2026-09-27 21:45:58,"[jevsentinel] temporal state {""priorSnapshotCount"":71,""currentSnapshot"":{""observedAt"":""2026-09-28T00:45:58.561Z"",""price"":null,""liquidity"":null,""volume"":null,""priceChange5mPct"":null,""priceChange1hPct"":null,""buyCount5m"":null,""sellCount5m"":null,""buySellRatio5m"":null,""uniqueSellers"":0,""uniqueBuyers"":0,""sellerAcceleration"":0,""coordinatedSellers"":0,""sellUsd"":null,""buyUsd"":null,""sellerCount"":null},""sampleCount"":72,""deltas"":{""uniqueSellers"":0,""uniqueBuyers"":0,""sellerAcceleration"":0,""coordinatedSellers"":0},""acceleration"":{""selling"":""stable"",""buyPressure"":""stable"",""volume"":""stable"",""liquidity"":""stable"",""price"":""stable"",""sellers"":""stable"",""coordination"":""stable""}}",84048eaffdbb4baf,[object Object],,000000000000000005ba9afd7c8321eb255dcfe10833145b,info
2026-09-27 21:45:54,"[jevsentinel] live action state {""action"":""HOLD"",""stage"":""STABLE"",""riskScore"":0,""confidence"":0.84,""reasons"":[]}",f8e9b90f62baddfa,[object Object],,000000000000000005ba9afd7c8321eb255dcfe10833145b,info
2026-09-27 21:45:54,"[jevsentinel] shadow prediction {""version"":1,""shadow"":true,""action"":""CAUTION"",""confidence"":0.5,""sampleCount"":71,""evidenceQuality"":""strong"",""sourceTrajectoryAction"":""HOLD"",""reasons"":[""signals do not form a reliable forward setup""],""predictedAt"":""2026-09-28T00:45:54.899Z""}",391d3f18008188a1,[object Object],,000000000000000005ba9afd7c8321eb255dcfe10833145b,info
2026-09-27 21:45:54,"[jevsentinel] decision input {""mint"":""DewVDYjRN5n1mzAsnQbatvCKqQjgLFLNXnHaTYC2pump"",""sourceCard"":""CW"",""evidenceGroups"":{""tokenIntegrity"":true,""holderStructure"":true,""creatorIntelligence"":true,""walletBehaviour"":true,""flowDynamics"":true,""marketDynamics"":true,""liquidityStructure"":true,""temporalIntelligence"":true,""historicalIntelligence"":true,""alternativeExplanation"":true},""evidenceQuality"":""strong"",""providers"":{""token-research"":{""available"":true,""fieldCount"":30},""transfer-flow"":{""available"":true,""fieldCount"":13}},""temporalSampleCount"":71}",c84276cfbdcf0ae2,[object Object],,000000000000000005ba9afd7c8321eb255dcfe10833145b,info
2026-09-27 21:45:54,"[jevsentinel] trajectory state {""action"":""HOLD"",""stage"":""STABLE"",""riskScore"":0,""confidence"":0.84,""reasons"":[]}",39efe2ff9b244cab,[object Object],,000000000000000005ba9afd7c8321eb255dcfe10833145b,info
2026-09-27 21:45:54,"[jevsentinel] temporal state {""priorSnapshotCount"":70,""currentSnapshot"":{""observedAt"":""2026-09-28T00:45:54.724Z"",""price"":null,""liquidity"":null,""volume"":null,""priceChange5mPct"":null,""priceChange1hPct"":null,""buyCount5m"":null,""sellCount5m"":null,""buySellRatio5m"":null,""uniqueSellers"":0,""uniqueBuyers"":0,""sellerAcceleration"":0,""coordinatedSellers"":0,""sellUsd"":null,""buyUsd"":null,""sellerCount"":null},""sampleCount"":71,""deltas"":{""uniqueSellers"":0,""uniqueBuyers"":0,""sellerAcceleration"":0,""coordinatedSellers"":0},""acceleration"":{""selling"":""stable"",""buyPressure"":""stable"",""volume"":""stable"",""liquidity"":""stable"",""price"":""stable"",""sellers"":""stable"",""coordination"":""stable""}}",2683a47f8fa81f22,[object Object],,000000000000000005ba9afd7c8321eb255dcfe10833145b,info
2026-09-27 21:45:50,"[jevsentinel] live action state {""action"":""HOLD"",""stage"":""STABLE"",""riskScore"":0,""confidence"":0.84,""reasons"":[]}",d4a55312cc6ba816,[object Object],,000000000000000005ba9afd7c8321eb255dcfe10833145b,info
2026-09-27 21:45:50,"[jevsentinel] shadow prediction {""version"":1,""shadow"":true,""action"":""CAUTION"",""confidence"":0.5,""sampleCount"":70,""evidenceQuality"":""strong"",""sourceTrajectoryAction"":""HOLD"",""reasons"":[""signals do not form a reliable forward setup""],""predictedAt"":""2026-09-28T00:45:50.472Z""}",14d8eb4d93dc7fc6,[object Object],,000000000000000005ba9afd7c8321eb255dcfe10833145b,info
2026-09-27 21:45:50,"[jevsentinel] decision input {""mint"":""DewVDYjRN5n1mzAsnQbatvCKqQjgLFLNXnHaTYC2pump"",""sourceCard"":""CW"",""evidenceGroups"":{""tokenIntegrity"":true,""holderStructure"":true,""creatorIntelligence"":true,""walletBehaviour"":true,""flowDynamics"":true,""marketDynamics"":true,""liquidityStructure"":true,""temporalIntelligence"":true,""historicalIntelligence"":true,""alternativeExplanation"":true},""evidenceQuality"":""strong"",""providers"":{""token-research"":{""available"":true,""fieldCount"":30},""transfer-flow"":{""available"":true,""fieldCount"":13}},""temporalSampleCount"":70}",9a9eedfef55fabc9,[object Object],,000000000000000005ba9afd7c8321eb255dcfe10833145b,info
2026-09-27 21:45:50,"[jevsentinel] trajectory state {""action"":""HOLD"",""stage"":""STABLE"",""riskScore"":0,""confidence"":0.84,""reasons"":[]}",36bd4aaa9ab07a5,[object Object],,000000000000000005ba9afd7c8321eb255dcfe10833145b,info
2026-09-27 21:45:50,"[jevsentinel] temporal state {""priorSnapshotCount"":69,""currentSnapshot"":{""observedAt"":""2026-09-28T00:45:50.306Z"",""price"":null,""liquidity"":null,""volume"":null,""priceChange5mPct"":null,""priceChange1hPct"":null,""buyCount5m"":null,""sellCount5m"":null,""buySellRatio5m"":null,""uniqueSellers"":0,""uniqueBuyers"":0,""sellerAcceleration"":0,""coordinatedSellers"":0,""sellUsd"":null,""buyUsd"":null,""sellerCount"":null},""sampleCount"":70,""deltas"":{""uniqueSellers"":0,""uniqueBuyers"":0,""sellerAcceleration"":0,""coordinatedSellers"":0},""acceleration"":{""selling"":""stable"",""buyPressure"":""stable"",""volume"":""stable"",""liquidity"":""stable"",""price"":""stable"",""sellers"":""stable"",""coordination"":""stable""}}",ccfd83e6dc7ea47e,[object Object],,000000000000000005ba9afd7c8321eb255dcfe10833145b,info
2026-09-27 21:45:45,"[jevsentinel] live action state {""action"":""HOLD"",""stage"":""STABLE"",""riskScore"":0,""confidence"":0.84,""reasons"":[]}",49c2d28c3a69a73c,[object Object],,000000000000000005ba9afd7c8321eb255dcfe10833145b,info
2026-09-27 21:45:45,"[jevsentinel] shadow prediction {""version"":1,""shadow"":true,""action"":""CAUTION"",""confidence"":0.5,""sampleCount"":69,""evidenceQuality"":""strong"",""sourceTrajectoryAction"":""HOLD"",""reasons"":[""signals do not form a reliable forward setup""],""predictedAt"":""2026-09-28T00:45:45.805Z""}",6242f9a0c2c4ff3,[object Object],,000000000000000005ba9afd7c8321eb255dcfe10833145b,info
2026-09-27 21:45:45,"[jevsentinel] decision input {""mint"":""DewVDYjRN5n1mzAsnQbatvCKqQjgLFLNXnHaTYC2pump"",""sourceCard"":""CW"",""evidenceGroups"":{""tokenIntegrity"":true,""holderStructure"":true,""creatorIntelligence"":true,""walletBehaviour"":true,""flowDynamics"":true,""marketDynamics"":true,""liquidityStructure"":true,""temporalIntelligence"":true,""historicalIntelligence"":true,""alternativeExplanation"":true},""evidenceQuality"":""strong"",""providers"":{""token-research"":{""available"":true,""fieldCount"":30},""transfer-flow"":{""available"":true,""fieldCount"":13}},""temporalSampleCount"":69}",f2707354a01b8134,[object Object],,000000000000000005ba9afd7c8321eb255dcfe10833145b,info
2026-09-27 21:45:45,"[jevsentinel] trajectory state {""action"":""HOLD"",""stage"":""STABLE"",""riskScore"":0,""confidence"":0.84,""reasons"":[]}",2c0275ec87a60fad,[object Object],,000000000000000005ba9afd7c8321eb255dcfe10833145b,info
2026-09-27 21:45:45,"[jevsentinel] temporal state {""priorSnapshotCount"":68,""currentSnapshot"":{""observedAt"":""2026-09-28T00:45:45.586Z"",""price"":null,""liquidity"":null,""volume"":null,""priceChange5mPct"":null,""priceChange1hPct"":null,""buyCount5m"":null,""sellCount5m"":null,""buySellRatio5m"":null,""uniqueSellers"":0,""uniqueBuyers"":0,""sellerAcceleration"":0,""coordinatedSellers"":0,""sellUsd"":null,""buyUsd"":null,""sellerCount"":null},""sampleCount"":69,""deltas"":{""uniqueSellers"":0,""uniqueBuyers"":0,""sellerAcceleration"":0,""coordinatedSellers"":0},""acceleration"":{""selling"":""stable"",""buyPressure"":""stable"",""volume"":""stable"",""liquidity"":""stable"",""price"":""stable"",""sellers"":""stable"",""coordination"":""stable""}}",a3b35f4a903f7ada,[object Object],,000000000000000005ba9afd7c8321eb255dcfe10833145b,info
2026-09-27 21:45:41,"[jevsentinel] live action state {""action"":""HOLD"",""stage"":""STABLE"",""riskScore"":0,""confidence"":0.84,""reasons"":[]}",142bccea3a315692,[object Object],,000000000000000005ba9afd7c8321eb255dcfe10833145b,info
2026-09-27 21:45:41,"[jevsentinel] shadow prediction {""version"":1,""shadow"":true,""action"":""CAUTION"",""confidence"":0.5,""sampleCount"":68,""evidenceQuality"":""strong"",""sourceTrajectoryAction"":""HOLD"",""reasons"":[""signals do not form a reliable forward setup""],""predictedAt"":""2026-09-28T00:45:41.557Z""}",14d689a9d7879d00,[object Object],,000000000000000005ba9afd7c8321eb255dcfe10833145b,info
2026-09-27 21:45:41,"[jevsentinel] decision input {""mint"":""DewVDYjRN5n1mzAsnQbatvCKqQjgLFLNXnHaTYC2pump"",""sourceCard"":""CW"",""evidenceGroups"":{""tokenIntegrity"":true,""holderStructure"":true,""creatorIntelligence"":true,""walletBehaviour"":true,""flowDynamics"":true,""marketDynamics"":true,""liquidityStructure"":true,""temporalIntelligence"":true,""historicalIntelligence"":true,""alternativeExplanation"":true},""evidenceQuality"":""strong"",""providers"":{""token-research"":{""available"":true,""fieldCount"":30},""transfer-flow"":{""available"":true,""fieldCount"":13}},""temporalSampleCount"":68}",83405acc559fd5ec,[object Object],,000000000000000005ba9afd7c8321eb255dcfe10833145b,info
2026-09-27 21:45:41,"[jevsentinel] trajectory state {""action"":""HOLD"",""stage"":""STABLE"",""riskScore"":0,""confidence"":0.84,""reasons"":[]}",5d63975cc0522eb6,[object Object],,000000000000000005ba9afd7c8321eb255dcfe10833145b,info
2026-09-27 21:45:41,"[jevsentinel] temporal state {""priorSnapshotCount"":67,""currentSnapshot"":{""observedAt"":""2026-09-28T00:45:41.398Z"",""price"":null,""liquidity"":null,""volume"":null,""priceChange5mPct"":null,""priceChange1hPct"":null,""buyCount5m"":null,""sellCount5m"":null,""buySellRatio5m"":null,""uniqueSellers"":0,""uniqueBuyers"":0,""sellerAcceleration"":0,""coordinatedSellers"":0,""sellUsd"":null,""buyUsd"":null,""sellerCount"":null},""sampleCount"":68,""deltas"":{""uniqueSellers"":0,""uniqueBuyers"":0,""sellerAcceleration"":0,""coordinatedSellers"":0},""acceleration"":{""selling"":""stable"",""buyPressure"":""stable"",""volume"":""stable"",""liquidity"":""stable"",""price"":""stable"",""sellers"":""stable"",""coordination"":""stable""}}",38f985bec46b8daf,[object Object],,000000000000000005ba9afd7c8321eb255dcfe10833145b,info
2026-09-27 21:45:37,"[jevsentinel] live action state {""action"":""HOLD"",""stage"":""STABLE"",""riskScore"":0,""confidence"":0.84,""reasons"":[]}",5f1943577b71357a,[object Object],,000000000000000005ba9afd7c8321eb255dcfe10833145b,info
2026-09-27 21:45:37,"[jevsentinel] shadow prediction {""version"":1,""shadow"":true,""action"":""CAUTION"",""confidence"":0.5,""sampleCount"":67,""evidenceQuality"":""strong"",""sourceTrajectoryAction"":""HOLD"",""reasons"":[""signals do not form a reliable forward setup""],""predictedAt"":""2026-09-28T00:45:37.395Z""}",472d02b80a4dce43,[object Object],,000000000000000005ba9afd7c8321eb255dcfe10833145b,info
2026-09-27 21:45:37,"[jevsentinel] decision input {""mint"":""DewVDYjRN5n1mzAsnQbatvCKqQjgLFLNXnHaTYC2pump"",""sourceCard"":""CW"",""evidenceGroups"":{""tokenIntegrity"":true,""holderStructure"":true,""creatorIntelligence"":true,""walletBehaviour"":true,""flowDynamics"":true,""marketDynamics"":true,""liquidityStructure"":true,""temporalIntelligence"":true,""historicalIntelligence"":true,""alternativeExplanation"":true},""evidenceQuality"":""strong"",""providers"":{""token-research"":{""available"":true,""fieldCount"":30},""transfer-flow"":{""available"":true,""fieldCount"":13}},""temporalSampleCount"":67}",33bc59891c295fd2,[object Object],,000000000000000005ba9afd7c8321eb255dcfe10833145b,info
2026-09-27 21:45:37,"[jevsentinel] trajectory state {""action"":""HOLD"",""stage"":""STABLE"",""riskScore"":0,""confidence"":0.84,""reasons"":[]}",bf9e77102aa67e25,[object Object],,000000000000000005ba9afd7c8321eb255dcfe10833145b,info
2026-09-27 21:45:37,"[jevsentinel] temporal state {""priorSnapshotCount"":66,""currentSnapshot"":{""observedAt"":""2026-09-28T00:45:37.202Z"",""price"":null,""liquidity"":null,""volume"":null,""priceChange5mPct"":null,""priceChange1hPct"":null,""buyCount5m"":null,""sellCount5m"":null,""buySellRatio5m"":null,""uniqueSellers"":0,""uniqueBuyers"":0,""sellerAcceleration"":0,""coordinatedSellers"":0,""sellUsd"":null,""buyUsd"":null,""sellerCount"":null},""sampleCount"":67,""deltas"":{""uniqueSellers"":0,""uniqueBuyers"":0,""sellerAcceleration"":0,""coordinatedSellers"":0},""acceleration"":{""selling"":""stable"",""buyPressure"":""stable"",""volume"":""stable"",""liquidity"":""stable"",""price"":""stable"",""sellers"":""stable"",""coordination"":""stable""}}",e48ec1b7db8705c,[object Object],,000000000000000005ba9afd7c8321eb255dcfe10833145b,info
2026-09-27 21:45:33,"[jevsentinel] live action state {""action"":""HOLD"",""stage"":""STABLE"",""riskScore"":0,""confidence"":0.84,""reasons"":[]}",acec8b42d4dd3888,[object Object],,000000000000000005ba9afd7c8321eb255dcfe10833145b,info
2026-09-27 21:45:33,"[jevsentinel] shadow prediction {""version"":1,""shadow"":true,""action"":""CAUTION"",""confidence"":0.5,""sampleCount"":66,""evidenceQuality"":""strong"",""sourceTrajectoryAction"":""HOLD"",""reasons"":[""signals do not form a reliable forward setup""],""predictedAt"":""2026-09-28T00:45:33.013Z""}",94b77ddcf3ad479b,[object Object],,000000000000000005ba9afd7c8321eb255dcfe10833145b,info
2026-09-27 21:45:32,"[jevsentinel] decision input {""mint"":""DewVDYjRN5n1mzAsnQbatvCKqQjgLFLNXnHaTYC2pump"",""sourceCard"":""CW"",""evidenceGroups"":{""tokenIntegrity"":true,""holderStructure"":true,""creatorIntelligence"":true,""walletBehaviour"":true,""flowDynamics"":true,""marketDynamics"":true,""liquidityStructure"":true,""temporalIntelligence"":true,""historicalIntelligence"":true,""alternativeExplanation"":true},""evidenceQuality"":""strong"",""providers"":{""token-research"":{""available"":true,""fieldCount"":30},""transfer-flow"":{""available"":true,""fieldCount"":13}},""temporalSampleCount"":66}",4b24372759d95eeb,[object Object],,000000000000000005ba9afd7c8321eb255dcfe10833145b,info
2026-09-27 21:45:32,"[jevsentinel] trajectory state {""action"":""HOLD"",""stage"":""STABLE"",""riskScore"":0,""confidence"":0.84,""reasons"":[]}",7e20e678e77f7c20,[object Object],,000000000000000005ba9afd7c8321eb255dcfe10833145b,info
2026-09-27 21:45:32,"[jevsentinel] temporal state {""priorSnapshotCount"":65,""currentSnapshot"":{""observedAt"":""2026-09-28T00:45:32.847Z"",""price"":null,""liquidity"":null,""volume"":null,""priceChange5mPct"":null,""priceChange1hPct"":null,""buyCount5m"":null,""sellCount5m"":null,""buySellRatio5m"":null,""uniqueSellers"":0,""uniqueBuyers"":0,""sellerAcceleration"":0,""coordinatedSellers"":0,""sellUsd"":null,""buyUsd"":null,""sellerCount"":null},""sampleCount"":66,""deltas"":{""uniqueSellers"":0,""uniqueBuyers"":0,""sellerAcceleration"":0,""coordinatedSellers"":0},""acceleration"":{""selling"":""stable"",""buyPressure"":""stable"",""volume"":""stable"",""liquidity"":""stable"",""price"":""stable"",""sellers"":""stable"",""coordination"":""stable""}}",9c1e82850ea9eacf,[object Object],,000000000000000005ba9afd7c8321eb255dcfe10833145b,info
2026-09-27 21:45:29,"[jevsentinel] live action state {""action"":""HOLD"",""stage"":""STABLE"",""riskScore"":0,""confidence"":0.84,""reasons"":[]}",679ecdb544520695,[object Object],,000000000000000005ba9afd7c8321eb255dcfe10833145b,info
2026-09-27 21:45:29,"[jevsentinel] shadow prediction {""version"":1,""shadow"":true,""action"":""CAUTION"",""confidence"":0.5,""sampleCount"":65,""evidenceQuality"":""strong"",""sourceTrajectoryAction"":""HOLD"",""reasons"":[""signals do not form a reliable forward setup""],""predictedAt"":""2026-09-28T00:45:29.154Z""}",18b0942ed36856b3,[object Object],,000000000000000005ba9afd7c8321eb255dcfe10833145b,info
2026-09-27 21:45:28,"[jevsentinel] decision input {""mint"":""DewVDYjRN5n1mzAsnQbatvCKqQjgLFLNXnHaTYC2pump"",""sourceCard"":""CW"",""evidenceGroups"":{""tokenIntegrity"":true,""holderStructure"":true,""creatorIntelligence"":true,""walletBehaviour"":true,""flowDynamics"":true,""marketDynamics"":true,""liquidityStructure"":true,""temporalIntelligence"":true,""historicalIntelligence"":true,""alternativeExplanation"":true},""evidenceQuality"":""strong"",""providers"":{""token-research"":{""available"":true,""fieldCount"":30},""transfer-flow"":{""available"":true,""fieldCount"":13}},""temporalSampleCount"":65}",22f02a8adb381697,[object Object],,000000000000000005ba9afd7c8321eb255dcfe10833145b,info
2026-09-27 21:45:28,"[jevsentinel] trajectory state {""action"":""HOLD"",""stage"":""STABLE"",""riskScore"":0,""confidence"":0.84,""reasons"":[]}",c76f11e108d0babd,[object Object],,000000000000000005ba9afd7c8321eb255dcfe10833145b,info
2026-09-27 21:45:28,"[jevsentinel] temporal state {""priorSnapshotCount"":64,""currentSnapshot"":{""observedAt"":""2026-09-28T00:45:28.972Z"",""price"":null,""liquidity"":null,""volume"":null,""priceChange5mPct"":null,""priceChange1hPct"":null,""buyCount5m"":null,""sellCount5m"":null,""buySellRatio5m"":null,""uniqueSellers"":0,""uniqueBuyers"":0,""sellerAcceleration"":0,""coordinatedSellers"":0,""sellUsd"":null,""buyUsd"":null,""sellerCount"":null},""sampleCount"":65,""deltas"":{""uniqueSellers"":0,""uniqueBuyers"":0,""sellerAcceleration"":0,""coordinatedSellers"":0},""acceleration"":{""selling"":""stable"",""buyPressure"":""stable"",""volume"":""stable"",""liquidity"":""stable"",""price"":""stable"",""sellers"":""stable"",""coordination"":""stable""}}",d1c1fac5de4893fd,[object Object],,000000000000000005ba9afd7c8321eb255dcfe10833145b,info
2026-09-27 21:45:24,"[jevsentinel] live action state {""action"":""HOLD"",""stage"":""STABLE"",""riskScore"":0,""confidence"":0.84,""reasons"":[]}",c3bbcf0a2b68929a,[object Object],,000000000000000005ba9afd7c8321eb255dcfe10833145b,info
2026-09-27 21:45:24,"[jevsentinel] shadow prediction {""version"":1,""shadow"":true,""action"":""CAUTION"",""confidence"":0.5,""sampleCount"":64,""evidenceQuality"":""strong"",""sourceTrajectoryAction"":""HOLD"",""reasons"":[""signals do not form a reliable forward setup""],""predictedAt"":""2026-09-28T00:45:24.854Z""}",e922679c73c75b3e,[object Object],,000000000000000005ba9afd7c8321eb255dcfe10833145b,info
2026-09-27 21:45:24,"[jevsentinel] decision input {""mint"":""DewVDYjRN5n1mzAsnQbatvCKqQjgLFLNXnHaTYC2pump"",""sourceCard"":""CW"",""evidenceGroups"":{""tokenIntegrity"":true,""holderStructure"":true,""creatorIntelligence"":true,""walletBehaviour"":true,""flowDynamics"":true,""marketDynamics"":true,""liquidityStructure"":true,""temporalIntelligence"":true,""historicalIntelligence"":true,""alternativeExplanation"":true},""evidenceQuality"":""strong"",""providers"":{""token-research"":{""available"":true,""fieldCount"":30},""transfer-flow"":{""available"":true,""fieldCount"":13}},""temporalSampleCount"":64}",2c74fa5d939400cf,[object Object],,000000000000000005ba9afd7c8321eb255dcfe10833145b,info
2026-09-27 21:45:24,"[jevsentinel] trajectory state {""action"":""HOLD"",""stage"":""STABLE"",""riskScore"":0,""confidence"":0.84,""reasons"":[]}",7c42ae9aa8658ad5,[object Object],,000000000000000005ba9afd7c8321eb255dcfe10833145b,info
2026-09-27 21:45:24,"[jevsentinel] temporal state {""priorSnapshotCount"":63,""currentSnapshot"":{""observedAt"":""2026-09-28T00:45:24.692Z"",""price"":null,""liquidity"":null,""volume"":null,""priceChange5mPct"":null,""priceChange1hPct"":null,""buyCount5m"":null,""sellCount5m"":null,""buySellRatio5m"":null,""uniqueSellers"":0,""uniqueBuyers"":0,""sellerAcceleration"":0,""coordinatedSellers"":0,""sellUsd"":null,""buyUsd"":null,""sellerCount"":null},""sampleCount"":64,""deltas"":{""uniqueSellers"":0,""uniqueBuyers"":0,""sellerAcceleration"":0,""coordinatedSellers"":0},""acceleration"":{""selling"":""stable"",""buyPressure"":""stable"",""volume"":""stable"",""liquidity"":""stable"",""price"":""stable"",""sellers"":""stable"",""coordination"":""stable""}}",17be09f528a759b1,[object Object],,000000000000000005ba9afd7c8321eb255dcfe10833145b,info
2026-09-27 21:45:20,"[jevsentinel] live action state {""action"":""HOLD"",""stage"":""STABLE"",""riskScore"":0,""confidence"":0.84,""reasons"":[]}",45f378186b641b10,[object Object],,000000000000000005ba9afd7c8321eb255dcfe10833145b,info
2026-09-27 21:45:20,"[jevsentinel] shadow prediction {""version"":1,""shadow"":true,""action"":""CAUTION"",""confidence"":0.5,""sampleCount"":63,""evidenceQuality"":""strong"",""sourceTrajectoryAction"":""HOLD"",""reasons"":[""signals do not form a reliable forward setup""],""predictedAt"":""2026-09-28T00:45:20.646Z""}",d63a8e28eb8494a2,[object Object],,000000000000000005ba9afd7c8321eb255dcfe10833145b,info
2026-09-27 21:45:20,"[jevsentinel] decision input {""mint"":""DewVDYjRN5n1mzAsnQbatvCKqQjgLFLNXnHaTYC2pump"",""sourceCard"":""CW"",""evidenceGroups"":{""tokenIntegrity"":true,""holderStructure"":true,""creatorIntelligence"":true,""walletBehaviour"":true,""flowDynamics"":true,""marketDynamics"":true,""liquidityStructure"":true,""temporalIntelligence"":true,""historicalIntelligence"":true,""alternativeExplanation"":true},""evidenceQuality"":""strong"",""providers"":{""token-research"":{""available"":true,""fieldCount"":30},""transfer-flow"":{""available"":true,""fieldCount"":13}},""temporalSampleCount"":63}",e0df4a576e5244e4,[object Object],,000000000000000005ba9afd7c8321eb255dcfe10833145b,info
2026-09-27 21:45:20,"[jevsentinel] trajectory state {""action"":""HOLD"",""stage"":""STABLE"",""riskScore"":0,""confidence"":0.84,""reasons"":[]}",96c18d331320d8d3,[object Object],,000000000000000005ba9afd7c8321eb255dcfe10833145b,info
2026-09-27 21:45:20,"[jevsentinel] temporal state {""priorSnapshotCount"":62,""currentSnapshot"":{""observedAt"":""2026-09-28T00:45:20.480Z"",""price"":null,""liquidity"":null,""volume"":null,""priceChange5mPct"":null,""priceChange1hPct"":null,""buyCount5m"":null,""sellCount5m"":null,""buySellRatio5m"":null,""uniqueSellers"":0,""uniqueBuyers"":0,""sellerAcceleration"":0,""coordinatedSellers"":0,""sellUsd"":null,""buyUsd"":null,""sellerCount"":null},""sampleCount"":63,""deltas"":{""uniqueSellers"":0,""uniqueBuyers"":0,""sellerAcceleration"":0,""coordinatedSellers"":0},""acceleration"":{""selling"":""stable"",""buyPressure"":""stable"",""volume"":""stable"",""liquidity"":""stable"",""price"":""stable"",""sellers"":""stable"",""coordination"":""stable""}}",ecfefd6c511feaea,[object Object],,000000000000000005ba9afd7c8321eb255dcfe10833145b,info
2026-09-27 21:45:16,"[jevsentinel] live action state {""action"":""HOLD"",""stage"":""STABLE"",""riskScore"":0,""confidence"":0.84,""reasons"":[]}",df64f1330feb71f5,[object Object],,000000000000000005ba9afd7c8321eb255dcfe10833145b,info
2026-09-27 21:45:16,"[jevsentinel] shadow prediction {""version"":1,""shadow"":true,""action"":""CAUTION"",""confidence"":0.5,""sampleCount"":62,""evidenceQuality"":""strong"",""sourceTrajectoryAction"":""HOLD"",""reasons"":[""signals do not form a reliable forward setup""],""predictedAt"":""2026-09-28T00:45:16.755Z""}",1b3db74e9fe342b7,[object Object],,000000000000000005ba9afd7c8321eb255dcfe10833145b,info
2026-09-27 21:45:16,"[jevsentinel] decision input {""mint"":""DewVDYjRN5n1mzAsnQbatvCKqQjgLFLNXnHaTYC2pump"",""sourceCard"":""CW"",""evidenceGroups"":{""tokenIntegrity"":true,""holderStructure"":true,""creatorIntelligence"":true,""walletBehaviour"":true,""flowDynamics"":true,""marketDynamics"":true,""liquidityStructure"":true,""temporalIntelligence"":true,""historicalIntelligence"":true,""alternativeExplanation"":true},""evidenceQuality"":""strong"",""providers"":{""token-research"":{""available"":true,""fieldCount"":30},""transfer-flow"":{""available"":true,""fieldCount"":13}},""temporalSampleCount"":62}",ddf1ddb26680c48b,[object Object],,000000000000000005ba9afd7c8321eb255dcfe10833145b,info
2026-09-27 21:45:16,"[jevsentinel] trajectory state {""action"":""HOLD"",""stage"":""STABLE"",""riskScore"":0,""confidence"":0.84,""reasons"":[]}",36ac7217e39a90b4,[object Object],,000000000000000005ba9afd7c8321eb255dcfe10833145b,info
2026-09-27 21:45:16,"[jevsentinel] temporal state {""priorSnapshotCount"":61,""currentSnapshot"":{""observedAt"":""2026-09-28T00:45:16.567Z"",""price"":null,""liquidity"":null,""volume"":null,""priceChange5mPct"":null,""priceChange1hPct"":null,""buyCount5m"":null,""sellCount5m"":null,""buySellRatio5m"":null,""uniqueSellers"":0,""uniqueBuyers"":0,""sellerAcceleration"":0,""coordinatedSellers"":0,""sellUsd"":null,""buyUsd"":null,""sellerCount"":null},""sampleCount"":62,""deltas"":{""uniqueSellers"":0,""uniqueBuyers"":0,""sellerAcceleration"":0,""coordinatedSellers"":0},""acceleration"":{""selling"":""stable"",""buyPressure"":""stable"",""volume"":""stable"",""liquidity"":""stable"",""price"":""stable"",""sellers"":""stable"",""coordination"":""stable""}}",5962eadb697b7fb0,[object Object],,000000000000000005ba9afd7c8321eb255dcfe10833145b,info
2026-09-27 21:45:12,"[jevsentinel] live action state {""action"":""HOLD"",""stage"":""STABLE"",""riskScore"":0,""confidence"":0.84,""reasons"":[]}",ea5d9f04235b462,[object Object],,000000000000000005ba9afd7c8321eb255dcfe10833145b,info
2026-09-27 21:45:12,"[jevsentinel] shadow prediction {""version"":1,""shadow"":true,""action"":""CAUTION"",""confidence"":0.5,""sampleCount"":61,""evidenceQuality"":""strong"",""sourceTrajectoryAction"":""HOLD"",""reasons"":[""signals do not form a reliable forward setup""],""predictedAt"":""2026-09-28T00:45:12.332Z""}",98959881b50cc256,[object Object],,000000000000000005ba9afd7c8321eb255dcfe10833145b,info
2026-09-27 21:45:12,"[jevsentinel] decision input {""mint"":""DewVDYjRN5n1mzAsnQbatvCKqQjgLFLNXnHaTYC2pump"",""sourceCard"":""CW"",""evidenceGroups"":{""tokenIntegrity"":true,""holderStructure"":true,""creatorIntelligence"":true,""walletBehaviour"":true,""flowDynamics"":true,""marketDynamics"":true,""liquidityStructure"":true,""temporalIntelligence"":true,""historicalIntelligence"":true,""alternativeExplanation"":true},""evidenceQuality"":""strong"",""providers"":{""token-research"":{""available"":true,""fieldCount"":30},""transfer-flow"":{""available"":true,""fieldCount"":13}},""temporalSampleCount"":61}",c667f4c51ca08cb4,[object Object],,000000000000000005ba9afd7c8321eb255dcfe10833145b,info
2026-09-27 21:45:12,"[jevsentinel] trajectory state {""action"":""HOLD"",""stage"":""STABLE"",""riskScore"":0,""confidence"":0.84,""reasons"":[]}",c314595c8c6d0a2a,[object Object],,000000000000000005ba9afd7c8321eb255dcfe10833145b,info
2026-09-27 21:45:12,"[jevsentinel] temporal state {""priorSnapshotCount"":60,""currentSnapshot"":{""observedAt"":""2026-09-28T00:45:12.147Z"",""price"":null,""liquidity"":null,""volume"":null,""priceChange5mPct"":null,""priceChange1hPct"":null,""buyCount5m"":null,""sellCount5m"":null,""buySellRatio5m"":null,""uniqueSellers"":0,""uniqueBuyers"":0,""sellerAcceleration"":0,""coordinatedSellers"":0,""sellUsd"":null,""buyUsd"":null,""sellerCount"":null},""sampleCount"":61,""deltas"":{""uniqueSellers"":0,""uniqueBuyers"":0,""sellerAcceleration"":0,""coordinatedSellers"":0},""acceleration"":{""selling"":""stable"",""buyPressure"":""stable"",""volume"":""stable"",""liquidity"":""stable"",""price"":""stable"",""sellers"":""stable"",""coordination"":""stable""}}",5bfa066cab89d5d6,[object Object],,000000000000000005ba9afd7c8321eb255dcfe10833145b,info
2026-09-27 21:45:08,"[jevsentinel] live action state {""action"":""HOLD"",""stage"":""STABLE"",""riskScore"":0,""confidence"":0.84,""reasons"":[""creator identity resolved""]}",5708064a5e2ff6cb,[object Object],,000000000000000005ba9afd7c8321eb255dcfe10833145b,info
2026-09-27 21:45:08,"[jevsentinel] shadow prediction {""version"":1,""shadow"":true,""action"":""CAUTION"",""confidence"":0.5,""sampleCount"":60,""evidenceQuality"":""strong"",""sourceTrajectoryAction"":""HOLD"",""reasons"":[""signals do not form a reliable forward setup""],""predictedAt"":""2026-09-28T00:45:08.448Z""}",5f79c8d721d8aab6,[object Object],,000000000000000005ba9afd7c8321eb255dcfe10833145b,info
2026-09-27 21:45:08,"[jevsentinel] decision input {""mint"":""DewVDYjRN5n1mzAsnQbatvCKqQjgLFLNXnHaTYC2pump"",""sourceCard"":""CW"",""evidenceGroups"":{""tokenIntegrity"":true,""holderStructure"":true,""creatorIntelligence"":true,""walletBehaviour"":true,""flowDynamics"":true,""marketDynamics"":true,""liquidityStructure"":true,""temporalIntelligence"":true,""historicalIntelligence"":true,""alternativeExplanation"":true},""evidenceQuality"":""strong"",""providers"":{""token-research"":{""available"":true,""fieldCount"":30},""transfer-flow"":{""available"":true,""fieldCount"":13}},""temporalSampleCount"":60}",666b9efc87ae9893,[object Object],,000000000000000005ba9afd7c8321eb255dcfe10833145b,info
2026-09-27 21:45:08,"[jevsentinel] trajectory state {""action"":""HOLD"",""stage"":""STABLE"",""riskScore"":0,""confidence"":0.84,""reasons"":[""creator identity resolved""]}",92b89ecac37847bf,[object Object],,000000000000000005ba9afd7c8321eb255dcfe10833145b,info
2026-09-27 21:45:08,"[jevsentinel] temporal state {""priorSnapshotCount"":59,""currentSnapshot"":{""observedAt"":""2026-09-28T00:45:08.225Z"",""price"":null,""liquidity"":null,""volume"":null,""priceChange5mPct"":null,""priceChange1hPct"":null,""buyCount5m"":null,""sellCount5m"":null,""buySellRatio5m"":null,""uniqueSellers"":0,""uniqueBuyers"":0,""sellerAcceleration"":0,""coordinatedSellers"":0,""sellUsd"":null,""buyUsd"":null,""sellerCount"":null},""sampleCount"":60,""deltas"":{""uniqueSellers"":0,""uniqueBuyers"":0,""sellerAcceleration"":0,""coordinatedSellers"":0},""acceleration"":{""selling"":""stable"",""buyPressure"":""stable"",""volume"":""stable"",""liquidity"":""stable"",""price"":""stable"",""sellers"":""stable"",""coordination"":""stable""}}",55668a6dcf1ede41,[object Object],,000000000000000005ba9afd7c8321eb255dcfe10833145b,info
2026-09-27 21:45:04,"[jevsentinel] live action state {""action"":""HOLD"",""stage"":""STABLE"",""riskScore"":0,""confidence"":0.84,""reasons"":[""creator identity resolved""]}",1b5b98bfa36aa8f7,[object Object],,000000000000000005ba9afd7c8321eb255dcfe10833145b,info
2026-09-27 21:45:04,"[jevsentinel] shadow prediction {""version"":1,""shadow"":true,""action"":""CAUTION"",""confidence"":0.5,""sampleCount"":59,""evidenceQuality"":""strong"",""sourceTrajectoryAction"":""HOLD"",""reasons"":[""signals do not form a reliable forward setup""],""predictedAt"":""2026-09-28T00:45:04.340Z""}",fb349bfd3f0f4208,[object Object],,000000000000000005ba9afd7c8321eb255dcfe10833145b,info
2026-09-27 21:45:04,"[jevsentinel] decision input {""mint"":""DewVDYjRN5n1mzAsnQbatvCKqQjgLFLNXnHaTYC2pump"",""sourceCard"":""CW"",""evidenceGroups"":{""tokenIntegrity"":true,""holderStructure"":true,""creatorIntelligence"":true,""walletBehaviour"":true,""flowDynamics"":true,""marketDynamics"":true,""liquidityStructure"":true,""temporalIntelligence"":true,""historicalIntelligence"":true,""alternativeExplanation"":true},""evidenceQuality"":""strong"",""providers"":{""token-research"":{""available"":true,""fieldCount"":30},""transfer-flow"":{""available"":true,""fieldCount"":13}},""temporalSampleCount"":59}",10ec57c8a8dc2f4b,[object Object],,000000000000000005ba9afd7c8321eb255dcfe10833145b,info
2026-09-27 21:45:04,"[jevsentinel] trajectory state {""action"":""HOLD"",""stage"":""STABLE"",""riskScore"":0,""confidence"":0.84,""reasons"":[""creator identity resolved""]}",f569ce0fa934face,[object Object],,000000000000000005ba9afd7c8321eb255dcfe10833145b,info
2026-09-27 21:45:04,"[jevsentinel] temporal state {""priorSnapshotCount"":58,""currentSnapshot"":{""observedAt"":""2026-09-28T00:45:04.161Z"",""price"":null,""liquidity"":null,""volume"":null,""priceChange5mPct"":null,""priceChange1hPct"":null,""buyCount5m"":null,""sellCount5m"":null,""buySellRatio5m"":null,""uniqueSellers"":0,""uniqueBuyers"":0,""sellerAcceleration"":0,""coordinatedSellers"":0,""sellUsd"":null,""buyUsd"":null,""sellerCount"":null},""sampleCount"":59,""deltas"":{""uniqueSellers"":0,""uniqueBuyers"":0,""sellerAcceleration"":0,""coordinatedSellers"":0},""acceleration"":{""selling"":""stable"",""buyPressure"":""stable"",""volume"":""stable"",""liquidity"":""stable"",""price"":""stable"",""sellers"":""stable"",""coordination"":""stable""}}",5fd595b50e1e2802,[object Object],,000000000000000005ba9afd7c8321eb255dcfe10833145b,info
2026-09-27 21:45:00,"[jevsentinel] live action state {""action"":""HOLD"",""stage"":""STABLE"",""riskScore"":0,""confidence"":0.84,""reasons"":[]}",265fc4ed831724cd,[object Object],,000000000000000005ba9afd7c8321eb255dcfe10833145b,info
2026-09-27 21:45:00,"[jevsentinel] shadow prediction {""version"":1,""shadow"":true,""action"":""CAUTION"",""confidence"":0.5,""sampleCount"":58,""evidenceQuality"":""strong"",""sourceTrajectoryAction"":""HOLD"",""reasons"":[""signals do not form a reliable forward setup""],""predictedAt"":""2026-09-28T00:45:00.166Z""}",ba5cbaf3c075214b,[object Object],,000000000000000005ba9afd7c8321eb255dcfe10833145b,info
2026-09-27 21:44:59,"[jevsentinel] decision input {""mint"":""DewVDYjRN5n1mzAsnQbatvCKqQjgLFLNXnHaTYC2pump"",""sourceCard"":""CW"",""evidenceGroups"":{""tokenIntegrity"":true,""holderStructure"":true,""creatorIntelligence"":false,""walletBehaviour"":true,""flowDynamics"":true,""marketDynamics"":true,""liquidityStructure"":true,""temporalIntelligence"":true,""historicalIntelligence"":true,""alternativeExplanation"":true},""evidenceQuality"":""strong"",""providers"":{""token-research"":{""available"":true,""fieldCount"":29},""transfer-flow"":{""available"":true,""fieldCount"":13}},""temporalSampleCount"":58}",b8a3f549d23e165f,[object Object],,000000000000000005ba9afd7c8321eb255dcfe10833145b,info
2026-09-27 21:44:59,"[jevsentinel] trajectory state {""action"":""HOLD"",""stage"":""STABLE"",""riskScore"":0,""confidence"":0.84,""reasons"":[]}",5af073dda9310b45,[object Object],,000000000000000005ba9afd7c8321eb255dcfe10833145b,info
2026-09-27 21:44:59,"[jevsentinel] temporal state {""priorSnapshotCount"":57,""currentSnapshot"":{""observedAt"":""2026-09-28T00:44:59.995Z"",""price"":null,""liquidity"":null,""volume"":null,""priceChange5mPct"":null,""priceChange1hPct"":null,""buyCount5m"":null,""sellCount5m"":null,""buySellRatio5m"":null,""uniqueSellers"":0,""uniqueBuyers"":0,""sellerAcceleration"":0,""coordinatedSellers"":0,""sellUsd"":null,""buyUsd"":null,""sellerCount"":null},""sampleCount"":58,""deltas"":{""uniqueSellers"":0,""uniqueBuyers"":0,""sellerAcceleration"":0,""coordinatedSellers"":0},""acceleration"":{""selling"":""stable"",""buyPressure"":""stable"",""volume"":""stable"",""liquidity"":""stable"",""price"":""stable"",""sellers"":""stable"",""coordination"":""stable""}}",d843e9e6faba100f,[object Object],,000000000000000005ba9afd7c8321eb255dcfe10833145b,info
2026-09-27 21:44:56,"[jevsentinel] live action state {""action"":""HOLD"",""stage"":""STABLE"",""riskScore"":0,""confidence"":0.84,""reasons"":[]}",bc2366c5b63b93e7,[object Object],,000000000000000005ba9afd7c8321eb255dcfe10833145b,info
2026-09-27 21:44:56,"[jevsentinel] shadow prediction {""version"":1,""shadow"":true,""action"":""CAUTION"",""confidence"":0.5,""sampleCount"":57,""evidenceQuality"":""strong"",""sourceTrajectoryAction"":""HOLD"",""reasons"":[""signals do not form a reliable forward setup""],""predictedAt"":""2026-09-28T00:44:56.220Z""}",219536a11cd61eb1,[object Object],,000000000000000005ba9afd7c8321eb255dcfe10833145b,info
2026-09-27 21:44:56,"[jevsentinel] decision input {""mint"":""DewVDYjRN5n1mzAsnQbatvCKqQjgLFLNXnHaTYC2pump"",""sourceCard"":""CW"",""evidenceGroups"":{""tokenIntegrity"":true,""holderStructure"":true,""creatorIntelligence"":true,""walletBehaviour"":true,""flowDynamics"":true,""marketDynamics"":true,""liquidityStructure"":true,""temporalIntelligence"":true,""historicalIntelligence"":true,""alternativeExplanation"":true},""evidenceQuality"":""strong"",""providers"":{""token-research"":{""available"":true,""fieldCount"":30},""transfer-flow"":{""available"":true,""fieldCount"":13}},""temporalSampleCount"":57}",ab662c9d9d8d7c11,[object Object],,000000000000000005ba9afd7c8321eb255dcfe10833145b,info
2026-09-27 21:44:56,"[jevsentinel] trajectory state {""action"":""HOLD"",""stage"":""STABLE"",""riskScore"":0,""confidence"":0.84,""reasons"":[]}",92bc320a567f971f,[object Object],,000000000000000005ba9afd7c8321eb255dcfe10833145b,info
2026-09-27 21:44:56,"[jevsentinel] temporal state {""priorSnapshotCount"":56,""currentSnapshot"":{""observedAt"":""2026-09-28T00:44:56.039Z"",""price"":null,""liquidity"":null,""volume"":null,""priceChange5mPct"":null,""priceChange1hPct"":null,""buyCount5m"":null,""sellCount5m"":null,""buySellRatio5m"":null,""uniqueSellers"":0,""uniqueBuyers"":0,""sellerAcceleration"":0,""coordinatedSellers"":0,""sellUsd"":null,""buyUsd"":null,""sellerCount"":null},""sampleCount"":57,""deltas"":{""uniqueSellers"":0,""uniqueBuyers"":0,""sellerAcceleration"":0,""coordinatedSellers"":0},""acceleration"":{""selling"":""stable"",""buyPressure"":""stable"",""volume"":""stable"",""liquidity"":""stable"",""price"":""stable"",""sellers"":""stable"",""coordination"":""stable""}}",40778e3aeca0e61b,[object Object],,000000000000000005ba9afd7c8321eb255dcfe10833145b,info
2026-09-27 21:44:52,"[jevsentinel] live action state {""action"":""HOLD"",""stage"":""STABLE"",""riskScore"":0,""confidence"":0.84,""reasons"":[]}",8f40f367646e690b,[object Object],,000000000000000005ba9afd7c8321eb255dcfe10833145b,info
2026-09-27 21:44:52,"[jevsentinel] shadow prediction {""version"":1,""shadow"":true,""action"":""CAUTION"",""confidence"":0.5,""sampleCount"":56,""evidenceQuality"":""strong"",""sourceTrajectoryAction"":""HOLD"",""reasons"":[""signals do not form a reliable forward setup""],""predictedAt"":""2026-09-28T00:44:52.086Z""}",814d0252dfc77f2d,[object Object],,000000000000000005ba9afd7c8321eb255dcfe10833145b,info
2026-09-27 21:44:51,"[jevsentinel] decision input {""mint"":""DewVDYjRN5n1mzAsnQbatvCKqQjgLFLNXnHaTYC2pump"",""sourceCard"":""CW"",""evidenceGroups"":{""tokenIntegrity"":true,""holderStructure"":true,""creatorIntelligence"":true,""walletBehaviour"":true,""flowDynamics"":true,""marketDynamics"":true,""liquidityStructure"":true,""temporalIntelligence"":true,""historicalIntelligence"":true,""alternativeExplanation"":true},""evidenceQuality"":""strong"",""providers"":{""token-research"":{""available"":true,""fieldCount"":30},""transfer-flow"":{""available"":true,""fieldCount"":13}},""temporalSampleCount"":56}",31e032c2ac16fcfb,[object Object],,000000000000000005ba9afd7c8321eb255dcfe10833145b,info
2026-09-27 21:44:51,"[jevsentinel] trajectory state {""action"":""HOLD"",""stage"":""STABLE"",""riskScore"":0,""confidence"":0.84,""reasons"":[]}",401700fdf7c98698,[object Object],,000000000000000005ba9afd7c8321eb255dcfe10833145b,info
2026-09-27 21:44:51,"[jevsentinel] temporal state {""priorSnapshotCount"":55,""currentSnapshot"":{""observedAt"":""2026-09-28T00:44:51.904Z"",""price"":null,""liquidity"":null,""volume"":null,""priceChange5mPct"":null,""priceChange1hPct"":null,""buyCount5m"":null,""sellCount5m"":null,""buySellRatio5m"":null,""uniqueSellers"":0,""uniqueBuyers"":0,""sellerAcceleration"":0,""coordinatedSellers"":0,""sellUsd"":null,""buyUsd"":null,""sellerCount"":null},""sampleCount"":56,""deltas"":{""uniqueSellers"":0,""uniqueBuyers"":0,""sellerAcceleration"":0,""coordinatedSellers"":0},""acceleration"":{""selling"":""stable"",""buyPressure"":""stable"",""volume"":""stable"",""liquidity"":""stable"",""price"":""stable"",""sellers"":""stable"",""coordination"":""stable""}}",f685d01bc4f89750,[object Object],,000000000000000005ba9afd7c8321eb255dcfe10833145b,info
2026-09-27 21:44:47,"[jevsentinel] live action state {""action"":""HOLD"",""stage"":""STABLE"",""riskScore"":0,""confidence"":0.84,""reasons"":[]}",7d773b353d31709b,[object Object],,000000000000000005ba9afd7c8321eb255dcfe10833145b,info
2026-09-27 21:44:47,"[jevsentinel] shadow prediction {""version"":1,""shadow"":true,""action"":""CAUTION"",""confidence"":0.5,""sampleCount"":55,""evidenceQuality"":""strong"",""sourceTrajectoryAction"":""HOLD"",""reasons"":[""signals do not form a reliable forward setup""],""predictedAt"":""2026-09-28T00:44:47.743Z""}",c44877429b7f988b,[object Object],,000000000000000005ba9afd7c8321eb255dcfe10833145b,info
2026-09-27 21:44:47,"[jevsentinel] decision input {""mint"":""DewVDYjRN5n1mzAsnQbatvCKqQjgLFLNXnHaTYC2pump"",""sourceCard"":""CW"",""evidenceGroups"":{""tokenIntegrity"":true,""holderStructure"":true,""creatorIntelligence"":true,""walletBehaviour"":true,""flowDynamics"":true,""marketDynamics"":true,""liquidityStructure"":true,""temporalIntelligence"":true,""historicalIntelligence"":true,""alternativeExplanation"":true},""evidenceQuality"":""strong"",""providers"":{""token-research"":{""available"":true,""fieldCount"":30},""transfer-flow"":{""available"":true,""fieldCount"":13}},""temporalSampleCount"":55}",e11b720f83d023e2,[object Object],,000000000000000005ba9afd7c8321eb255dcfe10833145b,info
2026-09-27 21:44:47,"[jevsentinel] trajectory state {""action"":""HOLD"",""stage"":""STABLE"",""riskScore"":0,""confidence"":0.84,""reasons"":[]}",ddeb29b3b48423ee,[object Object],,000000000000000005ba9afd7c8321eb255dcfe10833145b,info
2026-09-27 21:44:47,"[jevsentinel] temporal state {""priorSnapshotCount"":54,""currentSnapshot"":{""observedAt"":""2026-09-28T00:44:47.586Z"",""price"":null,""liquidity"":null,""volume"":null,""priceChange5mPct"":null,""priceChange1hPct"":null,""buyCount5m"":null,""sellCount5m"":null,""buySellRatio5m"":null,""uniqueSellers"":0,""uniqueBuyers"":0,""sellerAcceleration"":0,""coordinatedSellers"":0,""sellUsd"":null,""buyUsd"":null,""sellerCount"":null},""sampleCount"":55,""deltas"":{""uniqueSellers"":0,""uniqueBuyers"":0,""sellerAcceleration"":0,""coordinatedSellers"":0},""acceleration"":{""selling"":""stable"",""buyPressure"":""stable"",""volume"":""stable"",""liquidity"":""stable"",""price"":""stable"",""sellers"":""stable"",""coordination"":""stable""}}",7335d7095ae38f7c,[object Object],,000000000000000005ba9afd7c8321eb255dcfe10833145b,info
2026-09-27 21:44:43,"[jevsentinel] live action state {""action"":""HOLD"",""stage"":""STABLE"",""riskScore"":0,""confidence"":0.84,""reasons"":[""creator identity resolved""]}",794012bbcdb5fe35,[object Object],,000000000000000005ba9afd7c8321eb255dcfe10833145b,info
2026-09-27 21:44:43,"[jevsentinel] shadow prediction {""version"":1,""shadow"":true,""action"":""CAUTION"",""confidence"":0.5,""sampleCount"":54,""evidenceQuality"":""strong"",""sourceTrajectoryAction"":""HOLD"",""reasons"":[""signals do not form a reliable forward setup""],""predictedAt"":""2026-09-28T00:44:43.830Z""}",697dca05e4e23b35,[object Object],,000000000000000005ba9afd7c8321eb255dcfe10833145b,info
2026-09-27 21:44:43,"[jevsentinel] decision input {""mint"":""DewVDYjRN5n1mzAsnQbatvCKqQjgLFLNXnHaTYC2pump"",""sourceCard"":""CW"",""evidenceGroups"":{""tokenIntegrity"":true,""holderStructure"":true,""creatorIntelligence"":true,""walletBehaviour"":true,""flowDynamics"":true,""marketDynamics"":true,""liquidityStructure"":true,""temporalIntelligence"":true,""historicalIntelligence"":true,""alternativeExplanation"":true},""evidenceQuality"":""strong"",""providers"":{""token-research"":{""available"":true,""fieldCount"":30},""transfer-flow"":{""available"":true,""fieldCount"":13}},""temporalSampleCount"":54}",29921d3e69509563,[object Object],,000000000000000005ba9afd7c8321eb255dcfe10833145b,info
2026-09-27 21:44:43,"[jevsentinel] trajectory state {""action"":""HOLD"",""stage"":""STABLE"",""riskScore"":0,""confidence"":0.84,""reasons"":[""creator identity resolved""]}",b185681f0c872bc7,[object Object],,000000000000000005ba9afd7c8321eb255dcfe10833145b,info
2026-09-27 21:44:43,"[jevsentinel] temporal state {""priorSnapshotCount"":53,""currentSnapshot"":{""observedAt"":""2026-09-28T00:44:43.655Z"",""price"":null,""liquidity"":null,""volume"":null,""priceChange5mPct"":null,""priceChange1hPct"":null,""buyCount5m"":null,""sellCount5m"":null,""buySellRatio5m"":null,""uniqueSellers"":0,""uniqueBuyers"":0,""sellerAcceleration"":0,""coordinatedSellers"":0,""sellUsd"":null,""buyUsd"":null,""sellerCount"":null},""sampleCount"":54,""deltas"":{""uniqueSellers"":0,""uniqueBuyers"":0,""sellerAcceleration"":0,""coordinatedSellers"":0},""acceleration"":{""selling"":""stable"",""buyPressure"":""stable"",""volume"":""stable"",""liquidity"":""stable"",""price"":""stable"",""sellers"":""stable"",""coordination"":""stable""}}",4075bdb568655edb,[object Object],,000000000000000005ba9afd7c8321eb255dcfe10833145b,info
2026-09-27 21:44:39,"[jevsentinel] live action state {""action"":""HOLD"",""stage"":""STABLE"",""riskScore"":0,""confidence"":0.84,""reasons"":[]}",fbb7cf568b9c158c,[object Object],,000000000000000005ba9afd7c8321eb255dcfe10833145b,info
2026-09-27 21:44:39,"[jevsentinel] shadow prediction {""version"":1,""shadow"":true,""action"":""CAUTION"",""confidence"":0.5,""sampleCount"":53,""evidenceQuality"":""strong"",""sourceTrajectoryAction"":""HOLD"",""reasons"":[""signals do not form a reliable forward setup""],""predictedAt"":""2026-09-28T00:44:39.670Z""}",bd032b4b16692ccc,[object Object],,000000000000000005ba9afd7c8321eb255dcfe10833145b,info
2026-09-27 21:44:39,"[jevsentinel] decision input {""mint"":""DewVDYjRN5n1mzAsnQbatvCKqQjgLFLNXnHaTYC2pump"",""sourceCard"":""CW"",""evidenceGroups"":{""tokenIntegrity"":true,""holderStructure"":true,""creatorIntelligence"":true,""walletBehaviour"":true,""flowDynamics"":true,""marketDynamics"":true,""liquidityStructure"":true,""temporalIntelligence"":true,""historicalIntelligence"":true,""alternativeExplanation"":true},""evidenceQuality"":""strong"",""providers"":{""token-research"":{""available"":true,""fieldCount"":30},""transfer-flow"":{""available"":true,""fieldCount"":13}},""temporalSampleCount"":53}",cfd26a636b2c438e,[object Object],,000000000000000005ba9afd7c8321eb255dcfe10833145b,info
2026-09-27 21:44:39,"[jevsentinel] trajectory state {""action"":""HOLD"",""stage"":""STABLE"",""riskScore"":0,""confidence"":0.84,""reasons"":[]}",6cf605a1ce8d01c4,[object Object],,000000000000000005ba9afd7c8321eb255dcfe10833145b,info
2026-09-27 21:44:39,"[jevsentinel] temporal state {""priorSnapshotCount"":52,""currentSnapshot"":{""observedAt"":""2026-09-28T00:44:39.519Z"",""price"":null,""liquidity"":null,""volume"":null,""priceChange5mPct"":null,""priceChange1hPct"":null,""buyCount5m"":null,""sellCount5m"":null,""buySellRatio5m"":null,""uniqueSellers"":0,""uniqueBuyers"":0,""sellerAcceleration"":0,""coordinatedSellers"":0,""sellUsd"":null,""buyUsd"":null,""sellerCount"":null},""sampleCount"":53,""deltas"":{""uniqueSellers"":0,""uniqueBuyers"":0,""sellerAcceleration"":0,""coordinatedSellers"":0},""acceleration"":{""selling"":""stable"",""buyPressure"":""stable"",""volume"":""stable"",""liquidity"":""stable"",""price"":""stable"",""sellers"":""stable"",""coordination"":""stable""}}",5e9ccaf4d403bedf,[object Object],,000000000000000005ba9afd7c8321eb255dcfe10833145b,info
2026-09-27 21:44:35,"[jevsentinel] live action state {""action"":""HOLD"",""stage"":""STABLE"",""riskScore"":0,""confidence"":0.84,""reasons"":[]}",f94ea1c6b2461301,[object Object],,000000000000000005ba9afd7c8321eb255dcfe10833145b,info
2026-09-27 21:44:35,"[jevsentinel] shadow prediction {""version"":1,""shadow"":true,""action"":""CAUTION"",""confidence"":0.5,""sampleCount"":52,""evidenceQuality"":""strong"",""sourceTrajectoryAction"":""HOLD"",""reasons"":[""signals do not form a reliable forward setup""],""predictedAt"":""2026-09-28T00:44:35.612Z""}",41210dc7b389a3e3,[object Object],,000000000000000005ba9afd7c8321eb255dcfe10833145b,info
2026-09-27 21:44:35,"[jevsentinel] decision input {""mint"":""DewVDYjRN5n1mzAsnQbatvCKqQjgLFLNXnHaTYC2pump"",""sourceCard"":""CW"",""evidenceGroups"":{""tokenIntegrity"":true,""holderStructure"":true,""creatorIntelligence"":true,""walletBehaviour"":true,""flowDynamics"":true,""marketDynamics"":true,""liquidityStructure"":true,""temporalIntelligence"":true,""historicalIntelligence"":true,""alternativeExplanation"":true},""evidenceQuality"":""strong"",""providers"":{""token-research"":{""available"":true,""fieldCount"":30},""transfer-flow"":{""available"":true,""fieldCount"":13}},""temporalSampleCount"":52}",45cd3dd6e6982fe6,[object Object],,000000000000000005ba9afd7c8321eb255dcfe10833145b,info
2026-09-27 21:44:35,"[jevsentinel] trajectory state {""action"":""HOLD"",""stage"":""STABLE"",""riskScore"":0,""confidence"":0.84,""reasons"":[]}",695ffa81e2d289b4,[object Object],,000000000000000005ba9afd7c8321eb255dcfe10833145b,info
2026-09-27 21:44:35,"[jevsentinel] temporal state {""priorSnapshotCount"":51,""currentSnapshot"":{""observedAt"":""2026-09-28T00:44:35.428Z"",""price"":null,""liquidity"":null,""volume"":null,""priceChange5mPct"":null,""priceChange1hPct"":null,""buyCount5m"":null,""sellCount5m"":null,""buySellRatio5m"":null,""uniqueSellers"":0,""uniqueBuyers"":0,""sellerAcceleration"":0,""coordinatedSellers"":0,""sellUsd"":null,""buyUsd"":null,""sellerCount"":null},""sampleCount"":52,""deltas"":{""uniqueSellers"":0,""uniqueBuyers"":0,""sellerAcceleration"":0,""coordinatedSellers"":0},""acceleration"":{""selling"":""stable"",""buyPressure"":""stable"",""volume"":""stable"",""liquidity"":""stable"",""price"":""stable"",""sellers"":""stable"",""coordination"":""stable""}}",e900e8ae4b00181a,[object Object],,000000000000000005ba9afd7c8321eb255dcfe10833145b,info
2026-09-27 21:44:31,"[jevsentinel] live action state {""action"":""HOLD"",""stage"":""STABLE"",""riskScore"":0,""confidence"":0.84,""reasons"":[]}",698fec4d52a73c2f,[object Object],,000000000000000005ba9afd7c8321eb255dcfe10833145b,info
2026-09-27 21:44:31,"[jevsentinel] shadow prediction {""version"":1,""shadow"":true,""action"":""CAUTION"",""confidence"":0.5,""sampleCount"":51,""evidenceQuality"":""strong"",""sourceTrajectoryAction"":""HOLD"",""reasons"":[""signals do not form a reliable forward setup""],""predictedAt"":""2026-09-28T00:44:31.661Z""}",a8b4b00891d88308,[object Object],,000000000000000005ba9afd7c8321eb255dcfe10833145b,info
2026-09-27 21:44:31,"[jevsentinel] decision input {""mint"":""DewVDYjRN5n1mzAsnQbatvCKqQjgLFLNXnHaTYC2pump"",""sourceCard"":""CW"",""evidenceGroups"":{""tokenIntegrity"":true,""holderStructure"":true,""creatorIntelligence"":true,""walletBehaviour"":true,""flowDynamics"":true,""marketDynamics"":true,""liquidityStructure"":true,""temporalIntelligence"":true,""historicalIntelligence"":true,""alternativeExplanation"":true},""evidenceQuality"":""strong"",""providers"":{""token-research"":{""available"":true,""fieldCount"":30},""transfer-flow"":{""available"":true,""fieldCount"":13}},""temporalSampleCount"":51}",1ecebccba905ea99,[object Object],,000000000000000005ba9afd7c8321eb255dcfe10833145b,info
2026-09-27 21:44:31,"[jevsentinel] trajectory state {""action"":""HOLD"",""stage"":""STABLE"",""riskScore"":0,""confidence"":0.84,""reasons"":[]}",7f3ff8930d2558a,[object Object],,000000000000000005ba9afd7c8321eb255dcfe10833145b,info
2026-09-27 21:44:31,"[jevsentinel] temporal state {""priorSnapshotCount"":50,""currentSnapshot"":{""observedAt"":""2026-09-28T00:44:31.502Z"",""price"":null,""liquidity"":null,""volume"":null,""priceChange5mPct"":null,""priceChange1hPct"":null,""buyCount5m"":null,""sellCount5m"":null,""buySellRatio5m"":null,""uniqueSellers"":0,""uniqueBuyers"":0,""sellerAcceleration"":0,""coordinatedSellers"":0,""sellUsd"":null,""buyUsd"":null,""sellerCount"":null},""sampleCount"":51,""deltas"":{""uniqueSellers"":0,""uniqueBuyers"":0,""sellerAcceleration"":0,""coordinatedSellers"":0},""acceleration"":{""selling"":""stable"",""buyPressure"":""stable"",""volume"":""stable"",""liquidity"":""stable"",""price"":""stable"",""sellers"":""stable"",""coordination"":""stable""}}",eb802713b14d9343,[object Object],,000000000000000005ba9afd7c8321eb255dcfe10833145b,info
2026-09-27 21:44:27,"[jevsentinel] live action state {""action"":""HOLD"",""stage"":""STABLE"",""riskScore"":0,""confidence"":0.84,""reasons"":[]}",2d9eab5f9e1f4a23,[object Object],,000000000000000005ba9afd7c8321eb255dcfe10833145b,info
2026-09-27 21:44:27,"[jevsentinel] shadow prediction {""version"":1,""shadow"":true,""action"":""CAUTION"",""confidence"":0.5,""sampleCount"":50,""evidenceQuality"":""strong"",""sourceTrajectoryAction"":""HOLD"",""reasons"":[""signals do not form a reliable forward setup""],""predictedAt"":""2026-09-28T00:44:27.548Z""}",2979d599e849112e,[object Object],,000000000000000005ba9afd7c8321eb255dcfe10833145b,info
2026-09-27 21:44:27,"[jevsentinel] decision input {""mint"":""DewVDYjRN5n1mzAsnQbatvCKqQjgLFLNXnHaTYC2pump"",""sourceCard"":""CW"",""evidenceGroups"":{""tokenIntegrity"":true,""holderStructure"":true,""creatorIntelligence"":true,""walletBehaviour"":true,""flowDynamics"":true,""marketDynamics"":true,""liquidityStructure"":true,""temporalIntelligence"":true,""historicalIntelligence"":true,""alternativeExplanation"":true},""evidenceQuality"":""strong"",""providers"":{""token-research"":{""available"":true,""fieldCount"":30},""transfer-flow"":{""available"":true,""fieldCount"":13}},""temporalSampleCount"":50}",94b64c14bd2d37b6,[object Object],,000000000000000005ba9afd7c8321eb255dcfe10833145b,info
2026-09-27 21:44:27,"[jevsentinel] trajectory state {""action"":""HOLD"",""stage"":""STABLE"",""riskScore"":0,""confidence"":0.84,""reasons"":[]}",d76c3cbbb0895701,[object Object],,000000000000000005ba9afd7c8321eb255dcfe10833145b,info
2026-09-27 21:44:27,"[jevsentinel] temporal state {""priorSnapshotCount"":49,""currentSnapshot"":{""observedAt"":""2026-09-28T00:44:27.389Z"",""price"":null,""liquidity"":null,""volume"":null,""priceChange5mPct"":null,""priceChange1hPct"":null,""buyCount5m"":null,""sellCount5m"":null,""buySellRatio5m"":null,""uniqueSellers"":0,""uniqueBuyers"":0,""sellerAcceleration"":0,""coordinatedSellers"":0,""sellUsd"":null,""buyUsd"":null,""sellerCount"":null},""sampleCount"":50,""deltas"":{""uniqueSellers"":0,""uniqueBuyers"":0,""sellerAcceleration"":0,""coordinatedSellers"":0},""acceleration"":{""selling"":""stable"",""buyPressure"":""stable"",""volume"":""stable"",""liquidity"":""stable"",""price"":""stable"",""sellers"":""stable"",""coordination"":""stable""}}",12aa45bd2c8a8f12,[object Object],,000000000000000005ba9afd7c8321eb255dcfe10833145b,info
2026-09-27 21:44:23,"[jevsentinel] live action state {""action"":""HOLD"",""stage"":""STABLE"",""riskScore"":0,""confidence"":0.84,""reasons"":[]}",52311e00392f6321,[object Object],,000000000000000005ba9afd7c8321eb255dcfe10833145b,info
2026-09-27 21:44:23,"[jevsentinel] shadow prediction {""version"":1,""shadow"":true,""action"":""CAUTION"",""confidence"":0.5,""sampleCount"":49,""evidenceQuality"":""strong"",""sourceTrajectoryAction"":""HOLD"",""reasons"":[""signals do not form a reliable forward setup""],""predictedAt"":""2026-09-28T00:44:23.347Z""}",432f6e8b761818a9,[object Object],,000000000000000005ba9afd7c8321eb255dcfe10833145b,info
2026-09-27 21:44:23,"[jevsentinel] decision input {""mint"":""DewVDYjRN5n1mzAsnQbatvCKqQjgLFLNXnHaTYC2pump"",""sourceCard"":""CW"",""evidenceGroups"":{""tokenIntegrity"":true,""holderStructure"":true,""creatorIntelligence"":true,""walletBehaviour"":true,""flowDynamics"":true,""marketDynamics"":true,""liquidityStructure"":true,""temporalIntelligence"":true,""historicalIntelligence"":true,""alternativeExplanation"":true},""evidenceQuality"":""strong"",""providers"":{""token-research"":{""available"":true,""fieldCount"":30},""transfer-flow"":{""available"":true,""fieldCount"":13}},""temporalSampleCount"":49}",b81081fe72bca1d7,[object Object],,000000000000000005ba9afd7c8321eb255dcfe10833145b,info
2026-09-27 21:44:23,"[jevsentinel] trajectory state {""action"":""HOLD"",""stage"":""STABLE"",""riskScore"":0,""confidence"":0.84,""reasons"":[]}",e860fc735c10dd3e,[object Object],,000000000000000005ba9afd7c8321eb255dcfe10833145b,info
2026-09-27 21:44:23,"[jevsentinel] temporal state {""priorSnapshotCount"":48,""currentSnapshot"":{""observedAt"":""2026-09-28T00:44:23.191Z"",""price"":null,""liquidity"":null,""volume"":null,""priceChange5mPct"":null,""priceChange1hPct"":null,""buyCount5m"":null,""sellCount5m"":null,""buySellRatio5m"":null,""uniqueSellers"":0,""uniqueBuyers"":0,""sellerAcceleration"":0,""coordinatedSellers"":0,""sellUsd"":null,""buyUsd"":null,""sellerCount"":null},""sampleCount"":49,""deltas"":{""uniqueSellers"":0,""uniqueBuyers"":0,""sellerAcceleration"":0,""coordinatedSellers"":0},""acceleration"":{""selling"":""stable"",""buyPressure"":""stable"",""volume"":""stable"",""liquidity"":""stable"",""price"":""stable"",""sellers"":""stable"",""coordination"":""stable""}}",551d8165b86f6374,[object Object],,000000000000000005ba9afd7c8321eb255dcfe10833145b,info
2026-09-27 21:44:19,"[jevsentinel] live action state {""action"":""HOLD"",""stage"":""STABLE"",""riskScore"":0,""confidence"":0.84,""reasons"":[""creator identity resolved""]}",d2c2b162a1904ac2,[object Object],,000000000000000005ba9afd7c8321eb255dcfe10833145b,info
2026-09-27 21:44:19,"[jevsentinel] shadow prediction {""version"":1,""shadow"":true,""action"":""CAUTION"",""confidence"":0.5,""sampleCount"":48,""evidenceQuality"":""strong"",""sourceTrajectoryAction"":""HOLD"",""reasons"":[""signals do not form a reliable forward setup""],""predictedAt"":""2026-09-28T00:44:19.303Z""}",515c52cb88ac8a85,[object Object],,000000000000000005ba9afd7c8321eb255dcfe10833145b,info
2026-09-27 21:44:19,"[jevsentinel] decision input {""mint"":""DewVDYjRN5n1mzAsnQbatvCKqQjgLFLNXnHaTYC2pump"",""sourceCard"":""CW"",""evidenceGroups"":{""tokenIntegrity"":true,""holderStructure"":true,""creatorIntelligence"":true,""walletBehaviour"":true,""flowDynamics"":true,""marketDynamics"":true,""liquidityStructure"":true,""temporalIntelligence"":true,""historicalIntelligence"":true,""alternativeExplanation"":true},""evidenceQuality"":""strong"",""providers"":{""token-research"":{""available"":true,""fieldCount"":30},""transfer-flow"":{""available"":true,""fieldCount"":13}},""temporalSampleCount"":48}",56ee8de93e862f44,[object Object],,000000000000000005ba9afd7c8321eb255dcfe10833145b,info
2026-09-27 21:44:19,"[jevsentinel] trajectory state {""action"":""HOLD"",""stage"":""STABLE"",""riskScore"":0,""confidence"":0.84,""reasons"":[""creator identity resolved""]}",389af758da8fc7f2,[object Object],,000000000000000005ba9afd7c8321eb255dcfe10833145b,info
2026-09-27 21:44:19,"[jevsentinel] temporal state {""priorSnapshotCount"":47,""currentSnapshot"":{""observedAt"":""2026-09-28T00:44:19.144Z"",""price"":null,""liquidity"":null,""volume"":null,""priceChange5mPct"":null,""priceChange1hPct"":null,""buyCount5m"":null,""sellCount5m"":null,""buySellRatio5m"":null,""uniqueSellers"":0,""uniqueBuyers"":0,""sellerAcceleration"":0,""coordinatedSellers"":0,""sellUsd"":null,""buyUsd"":null,""sellerCount"":null},""sampleCount"":48,""deltas"":{""uniqueSellers"":0,""uniqueBuyers"":0,""sellerAcceleration"":0,""coordinatedSellers"":0},""acceleration"":{""selling"":""stable"",""buyPressure"":""stable"",""volume"":""stable"",""liquidity"":""stable"",""price"":""stable"",""sellers"":""stable"",""coordination"":""stable""}}",d647a26bf79e0e64,[object Object],,000000000000000005ba9afd7c8321eb255dcfe10833145b,info
2026-09-27 21:44:15,"[jevsentinel] live action state {""action"":""HOLD"",""stage"":""STABLE"",""riskScore"":0,""confidence"":0.84,""reasons"":[]}",2c717eaeb49bbc39,[object Object],,000000000000000005ba9afd7c8321eb255dcfe10833145b,info
2026-09-27 21:44:15,"[jevsentinel] shadow prediction {""version"":1,""shadow"":true,""action"":""CAUTION"",""confidence"":0.5,""sampleCount"":47,""evidenceQuality"":""strong"",""sourceTrajectoryAction"":""HOLD"",""reasons"":[""signals do not form a reliable forward setup""],""predictedAt"":""2026-09-28T00:44:15.151Z""}",a7da6e0ee61a9da9,[object Object],,000000000000000005ba9afd7c8321eb255dcfe10833145b,info
2026-09-27 21:44:14,"[jevsentinel] decision input {""mint"":""DewVDYjRN5n1mzAsnQbatvCKqQjgLFLNXnHaTYC2pump"",""sourceCard"":""CW"",""evidenceGroups"":{""tokenIntegrity"":true,""holderStructure"":true,""creatorIntelligence"":true,""walletBehaviour"":true,""flowDynamics"":true,""marketDynamics"":true,""liquidityStructure"":true,""temporalIntelligence"":true,""historicalIntelligence"":true,""alternativeExplanation"":true},""evidenceQuality"":""strong"",""providers"":{""token-research"":{""available"":true,""fieldCount"":30},""transfer-flow"":{""available"":true,""fieldCount"":13}},""temporalSampleCount"":47}",38ee13a92c05127c,[object Object],,000000000000000005ba9afd7c8321eb255dcfe10833145b,info
2026-09-27 21:44:14,"[jevsentinel] trajectory state {""action"":""HOLD"",""stage"":""STABLE"",""riskScore"":0,""confidence"":0.84,""reasons"":[]}",52133bc70568a8ed,[object Object],,000000000000000005ba9afd7c8321eb255dcfe10833145b,info
2026-09-27 21:44:14,"[jevsentinel] temporal state {""priorSnapshotCount"":46,""currentSnapshot"":{""observedAt"":""2026-09-28T00:44:14.982Z"",""price"":null,""liquidity"":null,""volume"":null,""priceChange5mPct"":null,""priceChange1hPct"":null,""buyCount5m"":null,""sellCount5m"":null,""buySellRatio5m"":null,""uniqueSellers"":0,""uniqueBuyers"":0,""sellerAcceleration"":0,""coordinatedSellers"":0,""sellUsd"":null,""buyUsd"":null,""sellerCount"":null},""sampleCount"":47,""deltas"":{""uniqueSellers"":0,""uniqueBuyers"":0,""sellerAcceleration"":0,""coordinatedSellers"":0},""acceleration"":{""selling"":""stable"",""buyPressure"":""stable"",""volume"":""stable"",""liquidity"":""stable"",""price"":""stable"",""sellers"":""stable"",""coordination"":""stable""}}",2d7a9c43dde54137,[object Object],,000000000000000005ba9afd7c8321eb255dcfe10833145b,info
2026-09-27 21:44:10,"[jevsentinel] live action state {""action"":""HOLD"",""stage"":""STABLE"",""riskScore"":0,""confidence"":0.84,""reasons"":[]}",e1a8864d7fb69566,[object Object],,000000000000000005ba9afd7c8321eb255dcfe10833145b,info
2026-09-27 21:44:10,"[jevsentinel] shadow prediction {""version"":1,""shadow"":true,""action"":""CAUTION"",""confidence"":0.5,""sampleCount"":46,""evidenceQuality"":""strong"",""sourceTrajectoryAction"":""HOLD"",""reasons"":[""signals do not form a reliable forward setup""],""predictedAt"":""2026-09-28T00:44:10.706Z""}",2ee5792466c8fbc3,[object Object],,000000000000000005ba9afd7c8321eb255dcfe10833145b,info
2026-09-27 21:44:10,"[jevsentinel] decision input {""mint"":""DewVDYjRN5n1mzAsnQbatvCKqQjgLFLNXnHaTYC2pump"",""sourceCard"":""CW"",""evidenceGroups"":{""tokenIntegrity"":true,""holderStructure"":true,""creatorIntelligence"":true,""walletBehaviour"":true,""flowDynamics"":true,""marketDynamics"":true,""liquidityStructure"":true,""temporalIntelligence"":true,""historicalIntelligence"":true,""alternativeExplanation"":true},""evidenceQuality"":""strong"",""providers"":{""token-research"":{""available"":true,""fieldCount"":30},""transfer-flow"":{""available"":true,""fieldCount"":13}},""temporalSampleCount"":46}",7c183e470cd65cd3,[object Object],,000000000000000005ba9afd7c8321eb255dcfe10833145b,info
2026-09-27 21:44:10,"[jevsentinel] trajectory state {""action"":""HOLD"",""stage"":""STABLE"",""riskScore"":0,""confidence"":0.84,""reasons"":[]}",9810fd9e97f384ad,[object Object],,000000000000000005ba9afd7c8321eb255dcfe10833145b,info
2026-09-27 21:44:10,"[jevsentinel] temporal state {""priorSnapshotCount"":45,""currentSnapshot"":{""observedAt"":""2026-09-28T00:44:10.533Z"",""price"":null,""liquidity"":null,""volume"":null,""priceChange5mPct"":null,""priceChange1hPct"":null,""buyCount5m"":null,""sellCount5m"":null,""buySellRatio5m"":null,""uniqueSellers"":0,""uniqueBuyers"":0,""sellerAcceleration"":0,""coordinatedSellers"":0,""sellUsd"":null,""buyUsd"":null,""sellerCount"":null},""sampleCount"":46,""deltas"":{""uniqueSellers"":0,""uniqueBuyers"":0,""sellerAcceleration"":0,""coordinatedSellers"":0},""acceleration"":{""selling"":""stable"",""buyPressure"":""stable"",""volume"":""stable"",""liquidity"":""stable"",""price"":""stable"",""sellers"":""stable"",""coordination"":""stable""}}",89636a96a7d739c7,[object Object],,000000000000000005ba9afd7c8321eb255dcfe10833145b,info
2026-09-27 21:44:06,"[jevsentinel] live action state {""action"":""HOLD"",""stage"":""STABLE"",""riskScore"":0,""confidence"":0.84,""reasons"":[]}",b34cd43c9e438ea3,[object Object],,000000000000000005ba9afd7c8321eb255dcfe10833145b,info
2026-09-27 21:44:06,"[jevsentinel] shadow prediction {""version"":1,""shadow"":true,""action"":""CAUTION"",""confidence"":0.5,""sampleCount"":45,""evidenceQuality"":""strong"",""sourceTrajectoryAction"":""HOLD"",""reasons"":[""signals do not form a reliable forward setup""],""predictedAt"":""2026-09-28T00:44:06.766Z""}",6cd628e3c11c4dd0,[object Object],,000000000000000005ba9afd7c8321eb255dcfe10833145b,info
2026-09-27 21:44:06,"[jevsentinel] decision input {""mint"":""DewVDYjRN5n1mzAsnQbatvCKqQjgLFLNXnHaTYC2pump"",""sourceCard"":""CW"",""evidenceGroups"":{""tokenIntegrity"":true,""holderStructure"":true,""creatorIntelligence"":true,""walletBehaviour"":true,""flowDynamics"":true,""marketDynamics"":true,""liquidityStructure"":true,""temporalIntelligence"":true,""historicalIntelligence"":true,""alternativeExplanation"":true},""evidenceQuality"":""strong"",""providers"":{""token-research"":{""available"":true,""fieldCount"":30},""transfer-flow"":{""available"":true,""fieldCount"":13}},""temporalSampleCount"":45}",5c8a8c1b4ae7cbf6,[object Object],,000000000000000005ba9afd7c8321eb255dcfe10833145b,info
2026-09-27 21:44:06,"[jevsentinel] trajectory state {""action"":""HOLD"",""stage"":""STABLE"",""riskScore"":0,""confidence"":0.84,""reasons"":[]}",4bcc60fa0cf0bdf4,[object Object],,000000000000000005ba9afd7c8321eb255dcfe10833145b,info
2026-09-27 21:44:06,"[jevsentinel] temporal state {""priorSnapshotCount"":44,""currentSnapshot"":{""observedAt"":""2026-09-28T00:44:06.532Z"",""price"":null,""liquidity"":null,""volume"":null,""priceChange5mPct"":null,""priceChange1hPct"":null,""buyCount5m"":null,""sellCount5m"":null,""buySellRatio5m"":null,""uniqueSellers"":0,""uniqueBuyers"":0,""sellerAcceleration"":0,""coordinatedSellers"":0,""sellUsd"":null,""buyUsd"":null,""sellerCount"":null},""sampleCount"":45,""deltas"":{""uniqueSellers"":0,""uniqueBuyers"":0,""sellerAcceleration"":0,""coordinatedSellers"":0},""acceleration"":{""selling"":""stable"",""buyPressure"":""stable"",""volume"":""stable"",""liquidity"":""stable"",""price"":""stable"",""sellers"":""stable"",""coordination"":""stable""}}",dde288908b7d754b,[object Object],,000000000000000005ba9afd7c8321eb255dcfe10833145b,info
2026-09-27 21:44:02,"[jevsentinel] live action state {""action"":""HOLD"",""stage"":""STABLE"",""riskScore"":0,""confidence"":0.84,""reasons"":[]}",a23d6d4fc5d5e2bb,[object Object],,000000000000000005ba9afd7c8321eb255dcfe10833145b,info
2026-09-27 21:44:02,"[jevsentinel] shadow prediction {""version"":1,""shadow"":true,""action"":""CAUTION"",""confidence"":0.5,""sampleCount"":44,""evidenceQuality"":""strong"",""sourceTrajectoryAction"":""HOLD"",""reasons"":[""signals do not form a reliable forward setup""],""predictedAt"":""2026-09-28T00:44:02.141Z""}",dc724ee3bd550699,[object Object],,000000000000000005ba9afd7c8321eb255dcfe10833145b,info
2026-09-27 21:44:01,"[jevsentinel] decision input {""mint"":""DewVDYjRN5n1mzAsnQbatvCKqQjgLFLNXnHaTYC2pump"",""sourceCard"":""CW"",""evidenceGroups"":{""tokenIntegrity"":true,""holderStructure"":true,""creatorIntelligence"":true,""walletBehaviour"":true,""flowDynamics"":true,""marketDynamics"":true,""liquidityStructure"":true,""temporalIntelligence"":true,""historicalIntelligence"":true,""alternativeExplanation"":true},""evidenceQuality"":""strong"",""providers"":{""token-research"":{""available"":true,""fieldCount"":30},""transfer-flow"":{""available"":true,""fieldCount"":13}},""temporalSampleCount"":44}",8a809ce9e19615fb,[object Object],,000000000000000005ba9afd7c8321eb255dcfe10833145b,info
2026-09-27 21:44:01,"[jevsentinel] trajectory state {""action"":""HOLD"",""stage"":""STABLE"",""riskScore"":0,""confidence"":0.84,""reasons"":[]}",f5ae90092078dc7,[object Object],,000000000000000005ba9afd7c8321eb255dcfe10833145b,info
2026-09-27 21:44:01,"[jevsentinel] temporal state {""priorSnapshotCount"":43,""currentSnapshot"":{""observedAt"":""2026-09-28T00:44:01.995Z"",""price"":null,""liquidity"":null,""volume"":null,""priceChange5mPct"":null,""priceChange1hPct"":null,""buyCount5m"":null,""sellCount5m"":null,""buySellRatio5m"":null,""uniqueSellers"":0,""uniqueBuyers"":0,""sellerAcceleration"":0,""coordinatedSellers"":0,""sellUsd"":null,""buyUsd"":null,""sellerCount"":null},""sampleCount"":44,""deltas"":{""uniqueSellers"":0,""uniqueBuyers"":0,""sellerAcceleration"":0,""coordinatedSellers"":0},""acceleration"":{""selling"":""stable"",""buyPressure"":""stable"",""volume"":""stable"",""liquidity"":""stable"",""price"":""stable"",""sellers"":""stable"",""coordination"":""stable""}}",feb70c0d2ee02039,[object Object],,000000000000000005ba9afd7c8321eb255dcfe10833145b,info
2026-09-27 21:43:58,"[jevsentinel] live action state {""action"":""HOLD"",""stage"":""STABLE"",""riskScore"":0,""confidence"":0.84,""reasons"":[]}",382f276ae9c85a3d,[object Object],,000000000000000005ba9afd7c8321eb255dcfe10833145b,info
2026-09-27 21:43:58,"[jevsentinel] shadow prediction {""version"":1,""shadow"":true,""action"":""CAUTION"",""confidence"":0.5,""sampleCount"":43,""evidenceQuality"":""strong"",""sourceTrajectoryAction"":""HOLD"",""reasons"":[""signals do not form a reliable forward setup""],""predictedAt"":""2026-09-28T00:43:58.223Z""}",fe8085f25eac21a,[object Object],,000000000000000005ba9afd7c8321eb255dcfe10833145b,info
2026-09-27 21:43:58,"[jevsentinel] decision input {""mint"":""DewVDYjRN5n1mzAsnQbatvCKqQjgLFLNXnHaTYC2pump"",""sourceCard"":""CW"",""evidenceGroups"":{""tokenIntegrity"":true,""holderStructure"":true,""creatorIntelligence"":true,""walletBehaviour"":true,""flowDynamics"":true,""marketDynamics"":true,""liquidityStructure"":true,""temporalIntelligence"":true,""historicalIntelligence"":true,""alternativeExplanation"":true},""evidenceQuality"":""strong"",""providers"":{""token-research"":{""available"":true,""fieldCount"":30},""transfer-flow"":{""available"":true,""fieldCount"":13}},""temporalSampleCount"":43}",99031d820968c367,[object Object],,000000000000000005ba9afd7c8321eb255dcfe10833145b,info
2026-09-27 21:43:58,"[jevsentinel] trajectory state {""action"":""HOLD"",""stage"":""STABLE"",""riskScore"":0,""confidence"":0.84,""reasons"":[]}",d0279fd0164c8d6,[object Object],,000000000000000005ba9afd7c8321eb255dcfe10833145b,info
2026-09-27 21:43:58,"[jevsentinel] temporal state {""priorSnapshotCount"":42,""currentSnapshot"":{""observedAt"":""2026-09-28T00:43:58.059Z"",""price"":null,""liquidity"":null,""volume"":null,""priceChange5mPct"":null,""priceChange1hPct"":null,""buyCount5m"":null,""sellCount5m"":null,""buySellRatio5m"":null,""uniqueSellers"":0,""uniqueBuyers"":0,""sellerAcceleration"":0,""coordinatedSellers"":0,""sellUsd"":null,""buyUsd"":null,""sellerCount"":null},""sampleCount"":43,""deltas"":{""uniqueSellers"":0,""uniqueBuyers"":0,""sellerAcceleration"":0,""coordinatedSellers"":0},""acceleration"":{""selling"":""stable"",""buyPressure"":""stable"",""volume"":""stable"",""liquidity"":""stable"",""price"":""stable"",""sellers"":""stable"",""coordination"":""stable""}}",423434bb2ebcad8e,[object Object],,000000000000000005ba9afd7c8321eb255dcfe10833145b,info
2026-09-27 21:43:53,"[jevsentinel] live action state {""action"":""HOLD"",""stage"":""STABLE"",""riskScore"":0,""confidence"":0.84,""reasons"":[]}",de59a20e20fff26c,[object Object],,000000000000000005ba9afd7c8321eb255dcfe10833145b,info
2026-09-27 21:43:53,"[jevsentinel] shadow prediction {""version"":1,""shadow"":true,""action"":""CAUTION"",""confidence"":0.5,""sampleCount"":42,""evidenceQuality"":""strong"",""sourceTrajectoryAction"":""HOLD"",""reasons"":[""signals do not form a reliable forward setup""],""predictedAt"":""2026-09-28T00:43:53.996Z""}",b7e80b97c33774dc,[object Object],,000000000000000005ba9afd7c8321eb255dcfe10833145b,info
2026-09-27 21:43:53,"[jevsentinel] decision input {""mint"":""DewVDYjRN5n1mzAsnQbatvCKqQjgLFLNXnHaTYC2pump"",""sourceCard"":""CW"",""evidenceGroups"":{""tokenIntegrity"":true,""holderStructure"":true,""creatorIntelligence"":true,""walletBehaviour"":true,""flowDynamics"":true,""marketDynamics"":true,""liquidityStructure"":true,""temporalIntelligence"":true,""historicalIntelligence"":true,""alternativeExplanation"":true},""evidenceQuality"":""strong"",""providers"":{""token-research"":{""available"":true,""fieldCount"":30},""transfer-flow"":{""available"":true,""fieldCount"":13}},""temporalSampleCount"":42}",b246e7a269cd815,[object Object],,000000000000000005ba9afd7c8321eb255dcfe10833145b,info
2026-09-27 21:43:53,"[jevsentinel] trajectory state {""action"":""HOLD"",""stage"":""STABLE"",""riskScore"":0,""confidence"":0.84,""reasons"":[]}",8baca9279b1f2908,[object Object],,000000000000000005ba9afd7c8321eb255dcfe10833145b,info
2026-09-27 21:43:53,"[jevsentinel] temporal state {""priorSnapshotCount"":41,""currentSnapshot"":{""observedAt"":""2026-09-28T00:43:53.824Z"",""price"":null,""liquidity"":null,""volume"":null,""priceChange5mPct"":null,""priceChange1hPct"":null,""buyCount5m"":null,""sellCount5m"":null,""buySellRatio5m"":null,""uniqueSellers"":0,""uniqueBuyers"":0,""sellerAcceleration"":0,""coordinatedSellers"":0,""sellUsd"":null,""buyUsd"":null,""sellerCount"":null},""sampleCount"":42,""deltas"":{""uniqueSellers"":0,""uniqueBuyers"":0,""sellerAcceleration"":0,""coordinatedSellers"":0},""acceleration"":{""selling"":""stable"",""buyPressure"":""stable"",""volume"":""stable"",""liquidity"":""stable"",""price"":""stable"",""sellers"":""stable"",""coordination"":""stable""}}",596d877bd7503e25,[object Object],,000000000000000005ba9afd7c8321eb255dcfe10833145b,info
2026-09-27 21:43:49,"[jevsentinel] live action state {""action"":""HOLD"",""stage"":""STABLE"",""riskScore"":0,""confidence"":0.84,""reasons"":[]}",af406c7fbe3b7584,[object Object],,000000000000000005ba9afd7c8321eb255dcfe10833145b,info
2026-09-27 21:43:49,"[jevsentinel] shadow prediction {""version"":1,""shadow"":true,""action"":""CAUTION"",""confidence"":0.5,""sampleCount"":41,""evidenceQuality"":""strong"",""sourceTrajectoryAction"":""HOLD"",""reasons"":[""signals do not form a reliable forward setup""],""predictedAt"":""2026-09-28T00:43:49.828Z""}",eca232b17e72a204,[object Object],,000000000000000005ba9afd7c8321eb255dcfe10833145b,info
2026-09-27 21:43:49,"[jevsentinel] decision input {""mint"":""DewVDYjRN5n1mzAsnQbatvCKqQjgLFLNXnHaTYC2pump"",""sourceCard"":""CW"",""evidenceGroups"":{""tokenIntegrity"":true,""holderStructure"":true,""creatorIntelligence"":true,""walletBehaviour"":true,""flowDynamics"":true,""marketDynamics"":true,""liquidityStructure"":true,""temporalIntelligence"":true,""historicalIntelligence"":true,""alternativeExplanation"":true},""evidenceQuality"":""strong"",""providers"":{""token-research"":{""available"":true,""fieldCount"":30},""transfer-flow"":{""available"":true,""fieldCount"":13}},""temporalSampleCount"":41}",1cc7a69f522bf3ad,[object Object],,000000000000000005ba9afd7c8321eb255dcfe10833145b,info
2026-09-27 21:43:49,"[jevsentinel] trajectory state {""action"":""HOLD"",""stage"":""STABLE"",""riskScore"":0,""confidence"":0.84,""reasons"":[]}",7795144277388bca,[object Object],,000000000000000005ba9afd7c8321eb255dcfe10833145b,info
2026-09-27 21:43:49,"[jevsentinel] temporal state {""priorSnapshotCount"":40,""currentSnapshot"":{""observedAt"":""2026-09-28T00:43:49.650Z"",""price"":null,""liquidity"":null,""volume"":null,""priceChange5mPct"":null,""priceChange1hPct"":null,""buyCount5m"":null,""sellCount5m"":null,""buySellRatio5m"":null,""uniqueSellers"":0,""uniqueBuyers"":0,""sellerAcceleration"":0,""coordinatedSellers"":0,""sellUsd"":null,""buyUsd"":null,""sellerCount"":null},""sampleCount"":41,""deltas"":{""uniqueSellers"":0,""uniqueBuyers"":0,""sellerAcceleration"":0,""coordinatedSellers"":0},""acceleration"":{""selling"":""stable"",""buyPressure"":""stable"",""volume"":""stable"",""liquidity"":""stable"",""price"":""stable"",""sellers"":""stable"",""coordination"":""stable""}}",668a0c2269156963,[object Object],,000000000000000005ba9afd7c8321eb255dcfe10833145b,info
2026-09-27 21:43:45,"[jevsentinel] live action state {""action"":""HOLD"",""stage"":""STABLE"",""riskScore"":0,""confidence"":0.84,""reasons"":[]}",3a54aed7f2d91a6c,[object Object],,000000000000000005ba9afd7c8321eb255dcfe10833145b,info
2026-09-27 21:43:45,"[jevsentinel] shadow prediction {""version"":1,""shadow"":true,""action"":""CAUTION"",""confidence"":0.5,""sampleCount"":40,""evidenceQuality"":""strong"",""sourceTrajectoryAction"":""HOLD"",""reasons"":[""signals do not form a reliable forward setup""],""predictedAt"":""2026-09-28T00:43:45.619Z""}",d79bfddf76d2030,[object Object],,000000000000000005ba9afd7c8321eb255dcfe10833145b,info
2026-09-27 21:43:45,"[jevsentinel] decision input {""mint"":""DewVDYjRN5n1mzAsnQbatvCKqQjgLFLNXnHaTYC2pump"",""sourceCard"":""CW"",""evidenceGroups"":{""tokenIntegrity"":true,""holderStructure"":true,""creatorIntelligence"":false,""walletBehaviour"":true,""flowDynamics"":true,""marketDynamics"":true,""liquidityStructure"":true,""temporalIntelligence"":true,""historicalIntelligence"":true,""alternativeExplanation"":true},""evidenceQuality"":""strong"",""providers"":{""token-research"":{""available"":true,""fieldCount"":29},""transfer-flow"":{""available"":true,""fieldCount"":13}},""temporalSampleCount"":40}",f7f9ee2427fa32a7,[object Object],,000000000000000005ba9afd7c8321eb255dcfe10833145b,info
2026-09-27 21:43:45,"[jevsentinel] trajectory state {""action"":""HOLD"",""stage"":""STABLE"",""riskScore"":0,""confidence"":0.84,""reasons"":[]}",92c4005304f8566f,[object Object],,000000000000000005ba9afd7c8321eb255dcfe10833145b,info
2026-09-27 21:43:45,"[jevsentinel] temporal state {""priorSnapshotCount"":39,""currentSnapshot"":{""observedAt"":""2026-09-28T00:43:45.406Z"",""price"":null,""liquidity"":null,""volume"":null,""priceChange5mPct"":null,""priceChange1hPct"":null,""buyCount5m"":null,""sellCount5m"":null,""buySellRatio5m"":null,""uniqueSellers"":0,""uniqueBuyers"":0,""sellerAcceleration"":0,""coordinatedSellers"":0,""sellUsd"":null,""buyUsd"":null,""sellerCount"":null},""sampleCount"":40,""deltas"":{""uniqueSellers"":0,""uniqueBuyers"":0,""sellerAcceleration"":0,""coordinatedSellers"":0},""acceleration"":{""selling"":""stable"",""buyPressure"":""stable"",""volume"":""stable"",""liquidity"":""stable"",""price"":""stable"",""sellers"":""stable"",""coordination"":""stable""}}",5695b7da2d7fa5a6,[object Object],,000000000000000005ba9afd7c8321eb255dcfe10833145b,info
2026-09-27 21:43:41,"[jevsentinel] live action state {""action"":""HOLD"",""stage"":""STABLE"",""riskScore"":0,""confidence"":0.84,""reasons"":[]}",85ee7d5039435a92,[object Object],,000000000000000005ba9afd7c8321eb255dcfe10833145b,info
2026-09-27 21:43:41,"[jevsentinel] shadow prediction {""version"":1,""shadow"":true,""action"":""CAUTION"",""confidence"":0.5,""sampleCount"":39,""evidenceQuality"":""strong"",""sourceTrajectoryAction"":""HOLD"",""reasons"":[""signals do not form a reliable forward setup""],""predictedAt"":""2026-09-28T00:43:41.925Z""}",3c1328cc3192db0d,[object Object],,000000000000000005ba9afd7c8321eb255dcfe10833145b,info
2026-09-27 21:43:41,"[jevsentinel] decision input {""mint"":""DewVDYjRN5n1mzAsnQbatvCKqQjgLFLNXnHaTYC2pump"",""sourceCard"":""CW"",""evidenceGroups"":{""tokenIntegrity"":true,""holderStructure"":true,""creatorIntelligence"":true,""walletBehaviour"":true,""flowDynamics"":true,""marketDynamics"":true,""liquidityStructure"":true,""temporalIntelligence"":true,""historicalIntelligence"":true,""alternativeExplanation"":true},""evidenceQuality"":""strong"",""providers"":{""token-research"":{""available"":true,""fieldCount"":30},""transfer-flow"":{""available"":true,""fieldCount"":13}},""temporalSampleCount"":39}",b102f1283225901,[object Object],,000000000000000005ba9afd7c8321eb255dcfe10833145b,info
2026-09-27 21:43:41,"[jevsentinel] trajectory state {""action"":""HOLD"",""stage"":""STABLE"",""riskScore"":0,""confidence"":0.84,""reasons"":[]}",6e6056f3c0f3098a,[object Object],,000000000000000005ba9afd7c8321eb255dcfe10833145b,info
2026-09-27 21:43:41,"[jevsentinel] temporal state {""priorSnapshotCount"":38,""currentSnapshot"":{""observedAt"":""2026-09-28T00:43:41.740Z"",""price"":null,""liquidity"":null,""volume"":null,""priceChange5mPct"":null,""priceChange1hPct"":null,""buyCount5m"":null,""sellCount5m"":null,""buySellRatio5m"":null,""uniqueSellers"":0,""uniqueBuyers"":0,""sellerAcceleration"":0,""coordinatedSellers"":0,""sellUsd"":null,""buyUsd"":null,""sellerCount"":null},""sampleCount"":39,""deltas"":{""uniqueSellers"":0,""uniqueBuyers"":0,""sellerAcceleration"":0,""coordinatedSellers"":0},""acceleration"":{""selling"":""stable"",""buyPressure"":""stable"",""volume"":""stable"",""liquidity"":""stable"",""price"":""stable"",""sellers"":""stable"",""coordination"":""stable""}}",e26cf2591b7b83b,[object Object],,000000000000000005ba9afd7c8321eb255dcfe10833145b,info
2026-09-27 21:43:37,"[jevsentinel] live action state {""action"":""HOLD"",""stage"":""STABLE"",""riskScore"":0,""confidence"":0.84,""reasons"":[]}",887b82761b51be66,[object Object],,000000000000000005ba9afd7c8321eb255dcfe10833145b,info
2026-09-27 21:43:37,"[jevsentinel] shadow prediction {""version"":1,""shadow"":true,""action"":""CAUTION"",""confidence"":0.5,""sampleCount"":38,""evidenceQuality"":""strong"",""sourceTrajectoryAction"":""HOLD"",""reasons"":[""signals do not form a reliable forward setup""],""predictedAt"":""2026-09-28T00:43:37.680Z""}",4a8c6bcaf6e73149,[object Object],,000000000000000005ba9afd7c8321eb255dcfe10833145b,info
2026-09-27 21:43:37,"[jevsentinel] decision input {""mint"":""DewVDYjRN5n1mzAsnQbatvCKqQjgLFLNXnHaTYC2pump"",""sourceCard"":""CW"",""evidenceGroups"":{""tokenIntegrity"":true,""holderStructure"":true,""creatorIntelligence"":true,""walletBehaviour"":true,""flowDynamics"":true,""marketDynamics"":true,""liquidityStructure"":true,""temporalIntelligence"":true,""historicalIntelligence"":true,""alternativeExplanation"":true},""evidenceQuality"":""strong"",""providers"":{""token-research"":{""available"":true,""fieldCount"":30},""transfer-flow"":{""available"":true,""fieldCount"":13}},""temporalSampleCount"":38}",baff5b7abb5f19f4,[object Object],,000000000000000005ba9afd7c8321eb255dcfe10833145b,info
2026-09-27 21:43:37,"[jevsentinel] trajectory state {""action"":""HOLD"",""stage"":""STABLE"",""riskScore"":0,""confidence"":0.84,""reasons"":[]}",6b2dc72ada2c4315,[object Object],,000000000000000005ba9afd7c8321eb255dcfe10833145b,info
2026-09-27 21:43:37,"[jevsentinel] temporal state {""priorSnapshotCount"":37,""currentSnapshot"":{""observedAt"":""2026-09-28T00:43:37.487Z"",""price"":null,""liquidity"":null,""volume"":null,""priceChange5mPct"":null,""priceChange1hPct"":null,""buyCount5m"":null,""sellCount5m"":null,""buySellRatio5m"":null,""uniqueSellers"":0,""uniqueBuyers"":0,""sellerAcceleration"":0,""coordinatedSellers"":0,""sellUsd"":null,""buyUsd"":null,""sellerCount"":null},""sampleCount"":38,""deltas"":{""uniqueSellers"":0,""uniqueBuyers"":0,""sellerAcceleration"":0,""coordinatedSellers"":0},""acceleration"":{""selling"":""stable"",""buyPressure"":""stable"",""volume"":""stable"",""liquidity"":""stable"",""price"":""stable"",""sellers"":""stable"",""coordination"":""stable""}}",88848cfbe2c2e1d6,[object Object],,000000000000000005ba9afd7c8321eb255dcfe10833145b,info
2026-09-27 21:43:33,"[jevsentinel] live action state {""action"":""HOLD"",""stage"":""STABLE"",""riskScore"":0,""confidence"":0.84,""reasons"":[""creator identity resolved""]}",3a848bdc0756bf57,[object Object],,000000000000000005ba9afd7c8321eb255dcfe10833145b,info
2026-09-27 21:43:33,"[jevsentinel] shadow prediction {""version"":1,""shadow"":true,""action"":""CAUTION"",""confidence"":0.5,""sampleCount"":37,""evidenceQuality"":""strong"",""sourceTrajectoryAction"":""HOLD"",""reasons"":[""signals do not form a reliable forward setup""],""predictedAt"":""2026-09-28T00:43:33.314Z""}",bbbe6c5f28a87f1d,[object Object],,000000000000000005ba9afd7c8321eb255dcfe10833145b,info
2026-09-27 21:43:33,"[jevsentinel] decision input {""mint"":""DewVDYjRN5n1mzAsnQbatvCKqQjgLFLNXnHaTYC2pump"",""sourceCard"":""CW"",""evidenceGroups"":{""tokenIntegrity"":true,""holderStructure"":true,""creatorIntelligence"":true,""walletBehaviour"":true,""flowDynamics"":true,""marketDynamics"":true,""liquidityStructure"":true,""temporalIntelligence"":true,""historicalIntelligence"":true,""alternativeExplanation"":true},""evidenceQuality"":""strong"",""providers"":{""token-research"":{""available"":true,""fieldCount"":30},""transfer-flow"":{""available"":true,""fieldCount"":13}},""temporalSampleCount"":37}",921fe98ada02edca,[object Object],,000000000000000005ba9afd7c8321eb255dcfe10833145b,info
2026-09-27 21:43:33,"[jevsentinel] trajectory state {""action"":""HOLD"",""stage"":""STABLE"",""riskScore"":0,""confidence"":0.84,""reasons"":[""creator identity resolved""]}",5bcf4fc639089ced,[object Object],,000000000000000005ba9afd7c8321eb255dcfe10833145b,info
2026-09-27 21:43:33,"[jevsentinel] temporal state {""priorSnapshotCount"":36,""currentSnapshot"":{""observedAt"":""2026-09-28T00:43:33.122Z"",""price"":null,""liquidity"":null,""volume"":null,""priceChange5mPct"":null,""priceChange1hPct"":null,""buyCount5m"":null,""sellCount5m"":null,""buySellRatio5m"":null,""uniqueSellers"":0,""uniqueBuyers"":0,""sellerAcceleration"":0,""coordinatedSellers"":0,""sellUsd"":null,""buyUsd"":null,""sellerCount"":null},""sampleCount"":37,""deltas"":{""uniqueSellers"":0,""uniqueBuyers"":0,""sellerAcceleration"":0,""coordinatedSellers"":0},""acceleration"":{""selling"":""stable"",""buyPressure"":""stable"",""volume"":""stable"",""liquidity"":""stable"",""price"":""stable"",""sellers"":""stable"",""coordination"":""stable""}}",44a120fd638271a7,[object Object],,000000000000000005ba9afd7c8321eb255dcfe10833145b,info
2026-09-27 21:43:28,"[jevsentinel] live action state {""action"":""HOLD"",""stage"":""STABLE"",""riskScore"":0,""confidence"":0.84,""reasons"":[""creator identity resolved""]}",88dcd5d7f9306b3f,[object Object],,000000000000000005ba9afd7c8321eb255dcfe10833145b,info
2026-09-27 21:43:28,"[jevsentinel] shadow prediction {""version"":1,""shadow"":true,""action"":""CAUTION"",""confidence"":0.5,""sampleCount"":36,""evidenceQuality"":""strong"",""sourceTrajectoryAction"":""HOLD"",""reasons"":[""signals do not form a reliable forward setup""],""predictedAt"":""2026-09-28T00:43:28.952Z""}",d07800f255f0b334,[object Object],,000000000000000005ba9afd7c8321eb255dcfe10833145b,info
2026-09-27 21:43:28,"[jevsentinel] decision input {""mint"":""DewVDYjRN5n1mzAsnQbatvCKqQjgLFLNXnHaTYC2pump"",""sourceCard"":""CW"",""evidenceGroups"":{""tokenIntegrity"":true,""holderStructure"":true,""creatorIntelligence"":true,""walletBehaviour"":true,""flowDynamics"":true,""marketDynamics"":true,""liquidityStructure"":true,""temporalIntelligence"":true,""historicalIntelligence"":true,""alternativeExplanation"":true},""evidenceQuality"":""strong"",""providers"":{""token-research"":{""available"":true,""fieldCount"":30},""transfer-flow"":{""available"":true,""fieldCount"":13}},""temporalSampleCount"":36}",5eda5eb36e22b4a8,[object Object],,000000000000000005ba9afd7c8321eb255dcfe10833145b,info
2026-09-27 21:43:28,"[jevsentinel] trajectory state {""action"":""HOLD"",""stage"":""STABLE"",""riskScore"":0,""confidence"":0.84,""reasons"":[""creator identity resolved""]}",2c766e2ea1e6d1d1,[object Object],,000000000000000005ba9afd7c8321eb255dcfe10833145b,info
2026-09-27 21:43:28,"[jevsentinel] temporal state {""priorSnapshotCount"":35,""currentSnapshot"":{""observedAt"":""2026-09-28T00:43:28.765Z"",""price"":null,""liquidity"":null,""volume"":null,""priceChange5mPct"":null,""priceChange1hPct"":null,""buyCount5m"":null,""sellCount5m"":null,""buySellRatio5m"":null,""uniqueSellers"":0,""uniqueBuyers"":0,""sellerAcceleration"":0,""coordinatedSellers"":0,""sellUsd"":null,""buyUsd"":null,""sellerCount"":null},""sampleCount"":36,""deltas"":{""uniqueSellers"":0,""uniqueBuyers"":0,""sellerAcceleration"":0,""coordinatedSellers"":0},""acceleration"":{""selling"":""stable"",""buyPressure"":""stable"",""volume"":""stable"",""liquidity"":""stable"",""price"":""stable"",""sellers"":""stable"",""coordination"":""stable""}}",bb8c8dd7962b749e,[object Object],,000000000000000005ba9afd7c8321eb255dcfe10833145b,info
2026-09-27 21:43:24,"[jevsentinel] live action state {""action"":""HOLD"",""stage"":""STABLE"",""riskScore"":0,""confidence"":0.84,""reasons"":[]}",3cb319a392fe9d2e,[object Object],,000000000000000005ba9afd7c8321eb255dcfe10833145b,info
2026-09-27 21:43:24,"[jevsentinel] shadow prediction {""version"":1,""shadow"":true,""action"":""CAUTION"",""confidence"":0.5,""sampleCount"":35,""evidenceQuality"":""strong"",""sourceTrajectoryAction"":""HOLD"",""reasons"":[""signals do not form a reliable forward setup""],""predictedAt"":""2026-09-28T00:43:24.555Z""}",fa4ee7ebe5c5f9b5,[object Object],,000000000000000005ba9afd7c8321eb255dcfe10833145b,info
2026-09-27 21:43:24,"[jevsentinel] decision input {""mint"":""DewVDYjRN5n1mzAsnQbatvCKqQjgLFLNXnHaTYC2pump"",""sourceCard"":""CW"",""evidenceGroups"":{""tokenIntegrity"":true,""holderStructure"":true,""creatorIntelligence"":true,""walletBehaviour"":true,""flowDynamics"":true,""marketDynamics"":true,""liquidityStructure"":true,""temporalIntelligence"":true,""historicalIntelligence"":true,""alternativeExplanation"":true},""evidenceQuality"":""strong"",""providers"":{""token-research"":{""available"":true,""fieldCount"":30},""transfer-flow"":{""available"":true,""fieldCount"":13}},""temporalSampleCount"":35}",3ab45fa759220e58,[object Object],,000000000000000005ba9afd7c8321eb255dcfe10833145b,info
2026-09-27 21:43:24,"[jevsentinel] trajectory state {""action"":""HOLD"",""stage"":""STABLE"",""riskScore"":0,""confidence"":0.84,""reasons"":[]}",4de3ed9015681abb,[object Object],,000000000000000005ba9afd7c8321eb255dcfe10833145b,info
2026-09-27 21:43:24,"[jevsentinel] temporal state {""priorSnapshotCount"":34,""currentSnapshot"":{""observedAt"":""2026-09-28T00:43:24.395Z"",""price"":null,""liquidity"":null,""volume"":null,""priceChange5mPct"":null,""priceChange1hPct"":null,""buyCount5m"":null,""sellCount5m"":null,""buySellRatio5m"":null,""uniqueSellers"":0,""uniqueBuyers"":0,""sellerAcceleration"":0,""coordinatedSellers"":0,""sellUsd"":null,""buyUsd"":null,""sellerCount"":null},""sampleCount"":35,""deltas"":{""uniqueSellers"":0,""uniqueBuyers"":0,""sellerAcceleration"":0,""coordinatedSellers"":0},""acceleration"":{""selling"":""stable"",""buyPressure"":""stable"",""volume"":""stable"",""liquidity"":""stable"",""price"":""stable"",""sellers"":""stable"",""coordination"":""stable""}}",1bf3f9d71823e5d6,[object Object],,000000000000000005ba9afd7c8321eb255dcfe10833145b,info
2026-09-27 21:43:20,"[jevsentinel] live action state {""action"":""HOLD"",""stage"":""STABLE"",""riskScore"":0,""confidence"":0.84,""reasons"":[]}",933b9b2d1a716dc6,[object Object],,000000000000000005ba9afd7c8321eb255dcfe10833145b,info
2026-09-27 21:43:20,"[jevsentinel] shadow prediction {""version"":1,""shadow"":true,""action"":""CAUTION"",""confidence"":0.5,""sampleCount"":34,""evidenceQuality"":""strong"",""sourceTrajectoryAction"":""HOLD"",""reasons"":[""signals do not form a reliable forward setup""],""predictedAt"":""2026-09-28T00:43:20.268Z""}",b1452f5406573a79,[object Object],,000000000000000005ba9afd7c8321eb255dcfe10833145b,info
2026-09-27 21:43:19,"[jevsentinel] decision input {""mint"":""DewVDYjRN5n1mzAsnQbatvCKqQjgLFLNXnHaTYC2pump"",""sourceCard"":""CW"",""evidenceGroups"":{""tokenIntegrity"":true,""holderStructure"":true,""creatorIntelligence"":true,""walletBehaviour"":true,""flowDynamics"":true,""marketDynamics"":true,""liquidityStructure"":true,""temporalIntelligence"":true,""historicalIntelligence"":true,""alternativeExplanation"":true},""evidenceQuality"":""strong"",""providers"":{""token-research"":{""available"":true,""fieldCount"":30},""transfer-flow"":{""available"":true,""fieldCount"":13}},""temporalSampleCount"":34}",41a701cfbf1cfe19,[object Object],,000000000000000005ba9afd7c8321eb255dcfe10833145b,info
2026-09-27 21:43:19,"[jevsentinel] trajectory state {""action"":""HOLD"",""stage"":""STABLE"",""riskScore"":0,""confidence"":0.84,""reasons"":[]}",ddaf4ebd4136c81d,[object Object],,000000000000000005ba9afd7c8321eb255dcfe10833145b,info
2026-09-27 21:43:19,"[jevsentinel] temporal state {""priorSnapshotCount"":33,""currentSnapshot"":{""observedAt"":""2026-09-28T00:43:19.915Z"",""price"":null,""liquidity"":null,""volume"":null,""priceChange5mPct"":null,""priceChange1hPct"":null,""buyCount5m"":null,""sellCount5m"":null,""buySellRatio5m"":null,""uniqueSellers"":0,""uniqueBuyers"":0,""sellerAcceleration"":0,""coordinatedSellers"":0,""sellUsd"":null,""buyUsd"":null,""sellerCount"":null},""sampleCount"":34,""deltas"":{""uniqueSellers"":0,""uniqueBuyers"":0,""sellerAcceleration"":0,""coordinatedSellers"":0},""acceleration"":{""selling"":""stable"",""buyPressure"":""stable"",""volume"":""stable"",""liquidity"":""stable"",""price"":""stable"",""sellers"":""stable"",""coordination"":""stable""}}",c2b0fbbe9e75afab,[object Object],,000000000000000005ba9afd7c8321eb255dcfe10833145b,info
2026-09-27 21:43:15,"[jevsentinel] live action state {""action"":""HOLD"",""stage"":""STABLE"",""riskScore"":0,""confidence"":0.84,""reasons"":[]}",6ef8253185a00258,[object Object],,000000000000000005ba9afd7c8321eb255dcfe10833145b,info
2026-09-27 21:43:15,"[jevsentinel] shadow prediction {""version"":1,""shadow"":true,""action"":""CAUTION"",""confidence"":0.5,""sampleCount"":33,""evidenceQuality"":""strong"",""sourceTrajectoryAction"":""HOLD"",""reasons"":[""signals do not form a reliable forward setup""],""predictedAt"":""2026-09-28T00:43:15.961Z""}",49c0aff00ed5a90c,[object Object],,000000000000000005ba9afd7c8321eb255dcfe10833145b,info
2026-09-27 21:43:15,"[jevsentinel] decision input {""mint"":""DewVDYjRN5n1mzAsnQbatvCKqQjgLFLNXnHaTYC2pump"",""sourceCard"":""CW"",""evidenceGroups"":{""tokenIntegrity"":true,""holderStructure"":true,""creatorIntelligence"":true,""walletBehaviour"":true,""flowDynamics"":true,""marketDynamics"":true,""liquidityStructure"":true,""temporalIntelligence"":true,""historicalIntelligence"":true,""alternativeExplanation"":true},""evidenceQuality"":""strong"",""providers"":{""token-research"":{""available"":true,""fieldCount"":30},""transfer-flow"":{""available"":true,""fieldCount"":13}},""temporalSampleCount"":33}",15e6efb2df0cc9d5,[object Object],,000000000000000005ba9afd7c8321eb255dcfe10833145b,info
2026-09-27 21:43:15,"[jevsentinel] trajectory state {""action"":""HOLD"",""stage"":""STABLE"",""riskScore"":0,""confidence"":0.84,""reasons"":[]}",8c176ef990edc6d,[object Object],,000000000000000005ba9afd7c8321eb255dcfe10833145b,info
2026-09-27 21:43:15,"[jevsentinel] temporal state {""priorSnapshotCount"":32,""currentSnapshot"":{""observedAt"":""2026-09-28T00:43:15.779Z"",""price"":null,""liquidity"":null,""volume"":null,""priceChange5mPct"":null,""priceChange1hPct"":null,""buyCount5m"":null,""sellCount5m"":null,""buySellRatio5m"":null,""uniqueSellers"":0,""uniqueBuyers"":0,""sellerAcceleration"":0,""coordinatedSellers"":0,""sellUsd"":null,""buyUsd"":null,""sellerCount"":null},""sampleCount"":33,""deltas"":{""uniqueSellers"":0,""uniqueBuyers"":0,""sellerAcceleration"":0,""coordinatedSellers"":0},""acceleration"":{""selling"":""stable"",""buyPressure"":""stable"",""volume"":""stable"",""liquidity"":""stable"",""price"":""stable"",""sellers"":""stable"",""coordination"":""stable""}}",abfaf9b5cdc3ce94,[object Object],,000000000000000005ba9afd7c8321eb255dcfe10833145b,info
2026-09-27 21:43:12,"[jevsentinel] live action state {""action"":""HOLD"",""stage"":""STABLE"",""riskScore"":0,""confidence"":0.84,""reasons"":[]}",270fd9f6a2032db7,[object Object],,000000000000000005ba9afd7c8321eb255dcfe10833145b,info
2026-09-27 21:43:12,"[jevsentinel] shadow prediction {""version"":1,""shadow"":true,""action"":""CAUTION"",""confidence"":0.5,""sampleCount"":32,""evidenceQuality"":""strong"",""sourceTrajectoryAction"":""HOLD"",""reasons"":[""signals do not form a reliable forward setup""],""predictedAt"":""2026-09-28T00:43:12.173Z""}",34d251076449459b,[object Object],,000000000000000005ba9afd7c8321eb255dcfe10833145b,info
2026-09-27 21:43:12,"[jevsentinel] decision input {""mint"":""DewVDYjRN5n1mzAsnQbatvCKqQjgLFLNXnHaTYC2pump"",""sourceCard"":""CW"",""evidenceGroups"":{""tokenIntegrity"":true,""holderStructure"":true,""creatorIntelligence"":true,""walletBehaviour"":true,""flowDynamics"":true,""marketDynamics"":true,""liquidityStructure"":true,""temporalIntelligence"":true,""historicalIntelligence"":true,""alternativeExplanation"":true},""evidenceQuality"":""strong"",""providers"":{""token-research"":{""available"":true,""fieldCount"":30},""transfer-flow"":{""available"":true,""fieldCount"":13}},""temporalSampleCount"":32}",c73ea7e222b5ca60,[object Object],,000000000000000005ba9afd7c8321eb255dcfe10833145b,info
2026-09-27 21:43:12,"[jevsentinel] trajectory state {""action"":""HOLD"",""stage"":""STABLE"",""riskScore"":0,""confidence"":0.84,""reasons"":[]}",369dfbc9650930f,[object Object],,000000000000000005ba9afd7c8321eb255dcfe10833145b,info
2026-09-27 21:43:12,"[jevsentinel] temporal state {""priorSnapshotCount"":31,""currentSnapshot"":{""observedAt"":""2026-09-28T00:43:12.002Z"",""price"":null,""liquidity"":null,""volume"":null,""priceChange5mPct"":null,""priceChange1hPct"":null,""buyCount5m"":null,""sellCount5m"":null,""buySellRatio5m"":null,""uniqueSellers"":0,""uniqueBuyers"":0,""sellerAcceleration"":0,""coordinatedSellers"":0,""sellUsd"":null,""buyUsd"":null,""sellerCount"":null},""sampleCount"":32,""deltas"":{""uniqueSellers"":0,""uniqueBuyers"":0,""sellerAcceleration"":0,""coordinatedSellers"":0},""acceleration"":{""selling"":""stable"",""buyPressure"":""stable"",""volume"":""stable"",""liquidity"":""stable"",""price"":""stable"",""sellers"":""stable"",""coordination"":""stable""}}",9b51c83b9986a4fe,[object Object],,000000000000000005ba9afd7c8321eb255dcfe10833145b,info
2026-09-27 21:43:07,"[jevsentinel] live action state {""action"":""HOLD"",""stage"":""STABLE"",""riskScore"":0,""confidence"":0.84,""reasons"":[]}",a2b79749546abbe6,[object Object],,000000000000000005ba9afd7c8321eb255dcfe10833145b,info
2026-09-27 21:43:07,"[jevsentinel] shadow prediction {""version"":1,""shadow"":true,""action"":""CAUTION"",""confidence"":0.5,""sampleCount"":31,""evidenceQuality"":""strong"",""sourceTrajectoryAction"":""HOLD"",""reasons"":[""signals do not form a reliable forward setup""],""predictedAt"":""2026-09-28T00:43:07.762Z""}",eee10423cd19d0a1,[object Object],,000000000000000005ba9afd7c8321eb255dcfe10833145b,info
2026-09-27 21:43:07,"[jevsentinel] decision input {""mint"":""DewVDYjRN5n1mzAsnQbatvCKqQjgLFLNXnHaTYC2pump"",""sourceCard"":""CW"",""evidenceGroups"":{""tokenIntegrity"":true,""holderStructure"":true,""creatorIntelligence"":true,""walletBehaviour"":true,""flowDynamics"":true,""marketDynamics"":true,""liquidityStructure"":true,""temporalIntelligence"":true,""historicalIntelligence"":true,""alternativeExplanation"":true},""evidenceQuality"":""strong"",""providers"":{""token-research"":{""available"":true,""fieldCount"":30},""transfer-flow"":{""available"":true,""fieldCount"":13}},""temporalSampleCount"":31}",abc4e2e9f052b793,[object Object],,000000000000000005ba9afd7c8321eb255dcfe10833145b,info
2026-09-27 21:43:07,"[jevsentinel] trajectory state {""action"":""HOLD"",""stage"":""STABLE"",""riskScore"":0,""confidence"":0.84,""reasons"":[]}",2bfa67810a394b07,[object Object],,000000000000000005ba9afd7c8321eb255dcfe10833145b,info
2026-09-27 21:43:07,"[jevsentinel] temporal state {""priorSnapshotCount"":30,""currentSnapshot"":{""observedAt"":""2026-09-28T00:43:07.581Z"",""price"":null,""liquidity"":null,""volume"":null,""priceChange5mPct"":null,""priceChange1hPct"":null,""buyCount5m"":null,""sellCount5m"":null,""buySellRatio5m"":null,""uniqueSellers"":0,""uniqueBuyers"":0,""sellerAcceleration"":0,""coordinatedSellers"":0,""sellUsd"":null,""buyUsd"":null,""sellerCount"":null},""sampleCount"":31,""deltas"":{""uniqueSellers"":0,""uniqueBuyers"":0,""sellerAcceleration"":0,""coordinatedSellers"":0},""acceleration"":{""selling"":""stable"",""buyPressure"":""stable"",""volume"":""stable"",""liquidity"":""stable"",""price"":""stable"",""sellers"":""stable"",""coordination"":""stable""}}",18103388466f2176,[object Object],,000000000000000005ba9afd7c8321eb255dcfe10833145b,info
2026-09-27 21:43:03,"[jevsentinel] live action state {""action"":""HOLD"",""stage"":""STABLE"",""riskScore"":0,""confidence"":0.84,""reasons"":[""creator identity resolved""]}",116eb371809defa5,[object Object],,000000000000000005ba9afd7c8321eb255dcfe10833145b,info
2026-09-27 21:43:03,"[jevsentinel] shadow prediction {""version"":1,""shadow"":true,""action"":""CAUTION"",""confidence"":0.5,""sampleCount"":30,""evidenceQuality"":""strong"",""sourceTrajectoryAction"":""HOLD"",""reasons"":[""signals do not form a reliable forward setup""],""predictedAt"":""2026-09-28T00:43:03.910Z""}",3e8cca016c24a0e7,[object Object],,000000000000000005ba9afd7c8321eb255dcfe10833145b,info
2026-09-27 21:43:03,"[jevsentinel] decision input {""mint"":""DewVDYjRN5n1mzAsnQbatvCKqQjgLFLNXnHaTYC2pump"",""sourceCard"":""CW"",""evidenceGroups"":{""tokenIntegrity"":true,""holderStructure"":true,""creatorIntelligence"":true,""walletBehaviour"":true,""flowDynamics"":true,""marketDynamics"":true,""liquidityStructure"":true,""temporalIntelligence"":true,""historicalIntelligence"":true,""alternativeExplanation"":true},""evidenceQuality"":""strong"",""providers"":{""token-research"":{""available"":true,""fieldCount"":30},""transfer-flow"":{""available"":true,""fieldCount"":13}},""temporalSampleCount"":30}",f86301287e0c610,[object Object],,000000000000000005ba9afd7c8321eb255dcfe10833145b,info
2026-09-27 21:43:03,"[jevsentinel] trajectory state {""action"":""HOLD"",""stage"":""STABLE"",""riskScore"":0,""confidence"":0.84,""reasons"":[""creator identity resolved""]}",1372a28d3d7a7348,[object Object],,000000000000000005ba9afd7c8321eb255dcfe10833145b,info
2026-09-27 21:43:03,"[jevsentinel] temporal state {""priorSnapshotCount"":29,""currentSnapshot"":{""observedAt"":""2026-09-28T00:43:03.770Z"",""price"":null,""liquidity"":null,""volume"":null,""priceChange5mPct"":null,""priceChange1hPct"":null,""buyCount5m"":null,""sellCount5m"":null,""buySellRatio5m"":null,""uniqueSellers"":0,""uniqueBuyers"":0,""sellerAcceleration"":0,""coordinatedSellers"":0,""sellUsd"":null,""buyUsd"":null,""sellerCount"":null},""sampleCount"":30,""deltas"":{""uniqueSellers"":0,""uniqueBuyers"":0,""sellerAcceleration"":0,""coordinatedSellers"":0},""acceleration"":{""selling"":""stable"",""buyPressure"":""stable"",""volume"":""stable"",""liquidity"":""stable"",""price"":""stable"",""sellers"":""stable"",""coordination"":""stable""}}",e6d76631d1be38ce,[object Object],,000000000000000005ba9afd7c8321eb255dcfe10833145b,info
2026-09-27 21:42:59,"[jevsentinel] live action state {""action"":""HOLD"",""stage"":""STABLE"",""riskScore"":0,""confidence"":0.84,""reasons"":[]}",95a8aab465ef0657,[object Object],,000000000000000005ba9afd7c8321eb255dcfe10833145b,info
2026-09-27 21:42:59,"[jevsentinel] shadow prediction {""version"":1,""shadow"":true,""action"":""CAUTION"",""confidence"":0.5,""sampleCount"":29,""evidenceQuality"":""strong"",""sourceTrajectoryAction"":""HOLD"",""reasons"":[""signals do not form a reliable forward setup""],""predictedAt"":""2026-09-28T00:42:59.807Z""}",131aba42f55d5c0a,[object Object],,000000000000000005ba9afd7c8321eb255dcfe10833145b,info
2026-09-27 21:42:59,"[jevsentinel] decision input {""mint"":""DewVDYjRN5n1mzAsnQbatvCKqQjgLFLNXnHaTYC2pump"",""sourceCard"":""CW"",""evidenceGroups"":{""tokenIntegrity"":true,""holderStructure"":true,""creatorIntelligence"":true,""walletBehaviour"":true,""flowDynamics"":true,""marketDynamics"":true,""liquidityStructure"":true,""temporalIntelligence"":true,""historicalIntelligence"":true,""alternativeExplanation"":true},""evidenceQuality"":""strong"",""providers"":{""token-research"":{""available"":true,""fieldCount"":30},""transfer-flow"":{""available"":true,""fieldCount"":13}},""temporalSampleCount"":29}",f8b0f25b2253a49d,[object Object],,000000000000000005ba9afd7c8321eb255dcfe10833145b,info
2026-09-27 21:42:59,"[jevsentinel] trajectory state {""action"":""HOLD"",""stage"":""STABLE"",""riskScore"":0,""confidence"":0.84,""reasons"":[]}",19fc920e0f55ed4d,[object Object],,000000000000000005ba9afd7c8321eb255dcfe10833145b,info
2026-09-27 21:42:59,"[jevsentinel] temporal state {""priorSnapshotCount"":28,""currentSnapshot"":{""observedAt"":""2026-09-28T00:42:59.642Z"",""price"":null,""liquidity"":null,""volume"":null,""priceChange5mPct"":null,""priceChange1hPct"":null,""buyCount5m"":null,""sellCount5m"":null,""buySellRatio5m"":null,""uniqueSellers"":0,""uniqueBuyers"":0,""sellerAcceleration"":0,""coordinatedSellers"":0,""sellUsd"":null,""buyUsd"":null,""sellerCount"":null},""sampleCount"":29,""deltas"":{""uniqueSellers"":0,""uniqueBuyers"":0,""sellerAcceleration"":0,""coordinatedSellers"":0},""acceleration"":{""selling"":""stable"",""buyPressure"":""stable"",""volume"":""stable"",""liquidity"":""stable"",""price"":""stable"",""sellers"":""stable"",""coordination"":""stable""}}",25f978587264387f,[object Object],,000000000000000005ba9afd7c8321eb255dcfe10833145b,info
2026-09-27 21:42:55,"[jevsentinel] live action state {""action"":""HOLD"",""stage"":""STABLE"",""riskScore"":0,""confidence"":0.84,""reasons"":[]}",c93c73ef3a45c88f,[object Object],,000000000000000005ba9afd7c8321eb255dcfe10833145b,info
2026-09-27 21:42:55,"[jevsentinel] shadow prediction {""version"":1,""shadow"":true,""action"":""CAUTION"",""confidence"":0.5,""sampleCount"":28,""evidenceQuality"":""strong"",""sourceTrajectoryAction"":""HOLD"",""reasons"":[""signals do not form a reliable forward setup""],""predictedAt"":""2026-09-28T00:42:55.337Z""}",3c444e28e90db049,[object Object],,000000000000000005ba9afd7c8321eb255dcfe10833145b,info
2026-09-27 21:42:55,"[jevsentinel] decision input {""mint"":""DewVDYjRN5n1mzAsnQbatvCKqQjgLFLNXnHaTYC2pump"",""sourceCard"":""CW"",""evidenceGroups"":{""tokenIntegrity"":true,""holderStructure"":true,""creatorIntelligence"":false,""walletBehaviour"":true,""flowDynamics"":true,""marketDynamics"":true,""liquidityStructure"":true,""temporalIntelligence"":true,""historicalIntelligence"":true,""alternativeExplanation"":true},""evidenceQuality"":""strong"",""providers"":{""token-research"":{""available"":true,""fieldCount"":29},""transfer-flow"":{""available"":true,""fieldCount"":13}},""temporalSampleCount"":28}",a1a4cd04f2f4f626,[object Object],,000000000000000005ba9afd7c8321eb255dcfe10833145b,info
2026-09-27 21:42:55,"[jevsentinel] trajectory state {""action"":""HOLD"",""stage"":""STABLE"",""riskScore"":0,""confidence"":0.84,""reasons"":[]}",342a0d26d2493d12,[object Object],,000000000000000005ba9afd7c8321eb255dcfe10833145b,info
2026-09-27 21:42:55,"[jevsentinel] temporal state {""priorSnapshotCount"":27,""currentSnapshot"":{""observedAt"":""2026-09-28T00:42:55.153Z"",""price"":null,""liquidity"":null,""volume"":null,""priceChange5mPct"":null,""priceChange1hPct"":null,""buyCount5m"":null,""sellCount5m"":null,""buySellRatio5m"":null,""uniqueSellers"":0,""uniqueBuyers"":0,""sellerAcceleration"":0,""coordinatedSellers"":0,""sellUsd"":null,""buyUsd"":null,""sellerCount"":null},""sampleCount"":28,""deltas"":{""uniqueSellers"":0,""uniqueBuyers"":0,""sellerAcceleration"":0,""coordinatedSellers"":0},""acceleration"":{""selling"":""stable"",""buyPressure"":""stable"",""volume"":""stable"",""liquidity"":""stable"",""price"":""stable"",""sellers"":""stable"",""coordination"":""stable""}}",4f8f080469960c8e,[object Object],,000000000000000005ba9afd7c8321eb255dcfe10833145b,info
2026-09-27 21:42:51,"[jevsentinel] live action state {""action"":""HOLD"",""stage"":""STABLE"",""riskScore"":0,""confidence"":0.84,""reasons"":[]}",7f14dbc3ffbcb9be,[object Object],,000000000000000005ba9afd7c8321eb255dcfe10833145b,info
2026-09-27 21:42:51,"[jevsentinel] shadow prediction {""version"":1,""shadow"":true,""action"":""CAUTION"",""confidence"":0.5,""sampleCount"":27,""evidenceQuality"":""strong"",""sourceTrajectoryAction"":""HOLD"",""reasons"":[""signals do not form a reliable forward setup""],""predictedAt"":""2026-09-28T00:42:51.844Z""}",12cdf1dfb4b4f40d,[object Object],,000000000000000005ba9afd7c8321eb255dcfe10833145b,info
2026-09-27 21:42:51,"[jevsentinel] decision input {""mint"":""DewVDYjRN5n1mzAsnQbatvCKqQjgLFLNXnHaTYC2pump"",""sourceCard"":""CW"",""evidenceGroups"":{""tokenIntegrity"":true,""holderStructure"":true,""creatorIntelligence"":true,""walletBehaviour"":true,""flowDynamics"":true,""marketDynamics"":true,""liquidityStructure"":true,""temporalIntelligence"":true,""historicalIntelligence"":true,""alternativeExplanation"":true},""evidenceQuality"":""strong"",""providers"":{""token-research"":{""available"":true,""fieldCount"":30},""transfer-flow"":{""available"":true,""fieldCount"":13}},""temporalSampleCount"":27}",e41800e82e33b604,[object Object],,000000000000000005ba9afd7c8321eb255dcfe10833145b,info
2026-09-27 21:42:51,"[jevsentinel] trajectory state {""action"":""HOLD"",""stage"":""STABLE"",""riskScore"":0,""confidence"":0.84,""reasons"":[]}",297f88b43073248c,[object Object],,000000000000000005ba9afd7c8321eb255dcfe10833145b,info
2026-09-27 21:42:51,"[jevsentinel] temporal state {""priorSnapshotCount"":26,""currentSnapshot"":{""observedAt"":""2026-09-28T00:42:51.674Z"",""price"":null,""liquidity"":null,""volume"":null,""priceChange5mPct"":null,""priceChange1hPct"":null,""buyCount5m"":null,""sellCount5m"":null,""buySellRatio5m"":null,""uniqueSellers"":0,""uniqueBuyers"":0,""sellerAcceleration"":0,""coordinatedSellers"":0,""sellUsd"":null,""buyUsd"":null,""sellerCount"":null},""sampleCount"":27,""deltas"":{""uniqueSellers"":0,""uniqueBuyers"":0,""sellerAcceleration"":0,""coordinatedSellers"":0},""acceleration"":{""selling"":""stable"",""buyPressure"":""stable"",""volume"":""stable"",""liquidity"":""stable"",""price"":""stable"",""sellers"":""stable"",""coordination"":""stable""}}",393338cc2f096655,[object Object],,000000000000000005ba9afd7c8321eb255dcfe10833145b,info
2026-09-27 21:42:47,"[jevsentinel] live action state {""action"":""HOLD"",""stage"":""STABLE"",""riskScore"":0,""confidence"":0.84,""reasons"":[]}",3cca35b59cf8fb44,[object Object],,000000000000000005ba9afd7c8321eb255dcfe10833145b,info
2026-09-27 21:42:47,"[jevsentinel] shadow prediction {""version"":1,""shadow"":true,""action"":""CAUTION"",""confidence"":0.5,""sampleCount"":26,""evidenceQuality"":""strong"",""sourceTrajectoryAction"":""HOLD"",""reasons"":[""signals do not form a reliable forward setup""],""predictedAt"":""2026-09-28T00:42:47.688Z""}",d52b3b17d54d1e76,[object Object],,000000000000000005ba9afd7c8321eb255dcfe10833145b,info
2026-09-27 21:42:47,"[jevsentinel] decision input {""mint"":""DewVDYjRN5n1mzAsnQbatvCKqQjgLFLNXnHaTYC2pump"",""sourceCard"":""CW"",""evidenceGroups"":{""tokenIntegrity"":true,""holderStructure"":true,""creatorIntelligence"":true,""walletBehaviour"":true,""flowDynamics"":true,""marketDynamics"":true,""liquidityStructure"":true,""temporalIntelligence"":true,""historicalIntelligence"":true,""alternativeExplanation"":true},""evidenceQuality"":""strong"",""providers"":{""token-research"":{""available"":true,""fieldCount"":30},""transfer-flow"":{""available"":true,""fieldCount"":13}},""temporalSampleCount"":26}",12e636d6be98de66,[object Object],,000000000000000005ba9afd7c8321eb255dcfe10833145b,info
2026-09-27 21:42:47,"[jevsentinel] trajectory state {""action"":""HOLD"",""stage"":""STABLE"",""riskScore"":0,""confidence"":0.84,""reasons"":[]}",ae2ec64be9256c70,[object Object],,000000000000000005ba9afd7c8321eb255dcfe10833145b,info
2026-09-27 21:42:47,"[jevsentinel] temporal state {""priorSnapshotCount"":25,""currentSnapshot"":{""observedAt"":""2026-09-28T00:42:47.531Z"",""price"":null,""liquidity"":null,""volume"":null,""priceChange5mPct"":null,""priceChange1hPct"":null,""buyCount5m"":null,""sellCount5m"":null,""buySellRatio5m"":null,""uniqueSellers"":0,""uniqueBuyers"":0,""sellerAcceleration"":0,""coordinatedSellers"":0,""sellUsd"":null,""buyUsd"":null,""sellerCount"":null},""sampleCount"":26,""deltas"":{""uniqueSellers"":0,""uniqueBuyers"":0,""sellerAcceleration"":0,""coordinatedSellers"":0},""acceleration"":{""selling"":""stable"",""buyPressure"":""stable"",""volume"":""stable"",""liquidity"":""stable"",""price"":""stable"",""sellers"":""stable"",""coordination"":""stable""}}",4a246a376aa01698,[object Object],,000000000000000005ba9afd7c8321eb255dcfe10833145b,info
2026-09-27 21:42:43,"[jevsentinel] live action state {""action"":""HOLD"",""stage"":""STABLE"",""riskScore"":0,""confidence"":0.84,""reasons"":[]}",7833d60c94820e19,[object Object],,000000000000000005ba9afd7c8321eb255dcfe10833145b,info
2026-09-27 21:42:43,"[jevsentinel] shadow prediction {""version"":1,""shadow"":true,""action"":""CAUTION"",""confidence"":0.5,""sampleCount"":25,""evidenceQuality"":""strong"",""sourceTrajectoryAction"":""HOLD"",""reasons"":[""signals do not form a reliable forward setup""],""predictedAt"":""2026-09-28T00:42:43.525Z""}",c28dc7faa0e35d96,[object Object],,000000000000000005ba9afd7c8321eb255dcfe10833145b,info
2026-09-27 21:42:43,"[jevsentinel] decision input {""mint"":""DewVDYjRN5n1mzAsnQbatvCKqQjgLFLNXnHaTYC2pump"",""sourceCard"":""CW"",""evidenceGroups"":{""tokenIntegrity"":true,""holderStructure"":true,""creatorIntelligence"":true,""walletBehaviour"":true,""flowDynamics"":true,""marketDynamics"":true,""liquidityStructure"":true,""temporalIntelligence"":true,""historicalIntelligence"":true,""alternativeExplanation"":true},""evidenceQuality"":""strong"",""providers"":{""token-research"":{""available"":true,""fieldCount"":30},""transfer-flow"":{""available"":true,""fieldCount"":13}},""temporalSampleCount"":25}",6155846338aed140,[object Object],,000000000000000005ba9afd7c8321eb255dcfe10833145b,info
2026-09-27 21:42:43,"[jevsentinel] trajectory state {""action"":""HOLD"",""stage"":""STABLE"",""riskScore"":0,""confidence"":0.84,""reasons"":[]}",9215ba58ec8f3ffc,[object Object],,000000000000000005ba9afd7c8321eb255dcfe10833145b,info
2026-09-27 21:42:43,"[jevsentinel] temporal state {""priorSnapshotCount"":24,""currentSnapshot"":{""observedAt"":""2026-09-28T00:42:43.362Z"",""price"":null,""liquidity"":null,""volume"":null,""priceChange5mPct"":null,""priceChange1hPct"":null,""buyCount5m"":null,""sellCount5m"":null,""buySellRatio5m"":null,""uniqueSellers"":0,""uniqueBuyers"":0,""sellerAcceleration"":0,""coordinatedSellers"":0,""sellUsd"":null,""buyUsd"":null,""sellerCount"":null},""sampleCount"":25,""deltas"":{""uniqueSellers"":0,""uniqueBuyers"":0,""sellerAcceleration"":0,""coordinatedSellers"":0},""acceleration"":{""selling"":""stable"",""buyPressure"":""stable"",""volume"":""stable"",""liquidity"":""stable"",""price"":""stable"",""sellers"":""stable"",""coordination"":""stable""}}",bb131bb92ea54ee7,[object Object],,000000000000000005ba9afd7c8321eb255dcfe10833145b,info
2026-09-27 21:42:39,"[jevsentinel] live action state {""action"":""HOLD"",""stage"":""STABLE"",""riskScore"":0,""confidence"":0.84,""reasons"":[""creator identity resolved""]}",cf33eea6075fdc4b,[object Object],,000000000000000005ba9afd7c8321eb255dcfe10833145b,info
2026-09-27 21:42:39,"[jevsentinel] shadow prediction {""version"":1,""shadow"":true,""action"":""CAUTION"",""confidence"":0.5,""sampleCount"":24,""evidenceQuality"":""strong"",""sourceTrajectoryAction"":""HOLD"",""reasons"":[""signals do not form a reliable forward setup""],""predictedAt"":""2026-09-28T00:42:39.450Z""}",7237033c68ffdb79,[object Object],,000000000000000005ba9afd7c8321eb255dcfe10833145b,info
2026-09-27 21:42:39,"[jevsentinel] decision input {""mint"":""DewVDYjRN5n1mzAsnQbatvCKqQjgLFLNXnHaTYC2pump"",""sourceCard"":""CW"",""evidenceGroups"":{""tokenIntegrity"":true,""holderStructure"":true,""creatorIntelligence"":true,""walletBehaviour"":true,""flowDynamics"":true,""marketDynamics"":true,""liquidityStructure"":true,""temporalIntelligence"":true,""historicalIntelligence"":true,""alternativeExplanation"":true},""evidenceQuality"":""strong"",""providers"":{""token-research"":{""available"":true,""fieldCount"":30},""transfer-flow"":{""available"":true,""fieldCount"":13}},""temporalSampleCount"":24}",433b394056792eff,[object Object],,000000000000000005ba9afd7c8321eb255dcfe10833145b,info
2026-09-27 21:42:39,"[jevsentinel] trajectory state {""action"":""HOLD"",""stage"":""STABLE"",""riskScore"":0,""confidence"":0.84,""reasons"":[""creator identity resolved""]}",73a515f9da0f7561,[object Object],,000000000000000005ba9afd7c8321eb255dcfe10833145b,info
2026-09-27 21:42:39,"[jevsentinel] temporal state {""priorSnapshotCount"":23,""currentSnapshot"":{""observedAt"":""2026-09-28T00:42:39.272Z"",""price"":null,""liquidity"":null,""volume"":null,""priceChange5mPct"":null,""priceChange1hPct"":null,""buyCount5m"":null,""sellCount5m"":null,""buySellRatio5m"":null,""uniqueSellers"":0,""uniqueBuyers"":0,""sellerAcceleration"":0,""coordinatedSellers"":0,""sellUsd"":null,""buyUsd"":null,""sellerCount"":null},""sampleCount"":24,""deltas"":{""uniqueSellers"":0,""uniqueBuyers"":0,""sellerAcceleration"":0,""coordinatedSellers"":0},""acceleration"":{""selling"":""stable"",""buyPressure"":""stable"",""volume"":""stable"",""liquidity"":""stable"",""price"":""stable"",""sellers"":""stable"",""coordination"":""stable""}}",55bfc22868b70fae,[object Object],,000000000000000005ba9afd7c8321eb255dcfe10833145b,info
2026-09-27 21:42:35,"[jevsentinel] live action state {""action"":""HOLD"",""stage"":""STABLE"",""riskScore"":0,""confidence"":0.84,""reasons"":[""creator identity resolved""]}",6e6988f8c059635c,[object Object],,000000000000000005ba9afd7c8321eb255dcfe10833145b,info
2026-09-27 21:42:35,"[jevsentinel] shadow prediction {""version"":1,""shadow"":true,""action"":""CAUTION"",""confidence"":0.5,""sampleCount"":23,""evidenceQuality"":""strong"",""sourceTrajectoryAction"":""HOLD"",""reasons"":[""signals do not form a reliable forward setup""],""predictedAt"":""2026-09-28T00:42:35.315Z""}",cf8fa9ff6d54eb81,[object Object],,000000000000000005ba9afd7c8321eb255dcfe10833145b,info
2026-09-27 21:42:35,"[jevsentinel] decision input {""mint"":""DewVDYjRN5n1mzAsnQbatvCKqQjgLFLNXnHaTYC2pump"",""sourceCard"":""CW"",""evidenceGroups"":{""tokenIntegrity"":true,""holderStructure"":true,""creatorIntelligence"":true,""walletBehaviour"":true,""flowDynamics"":true,""marketDynamics"":true,""liquidityStructure"":true,""temporalIntelligence"":true,""historicalIntelligence"":true,""alternativeExplanation"":true},""evidenceQuality"":""strong"",""providers"":{""token-research"":{""available"":true,""fieldCount"":30},""transfer-flow"":{""available"":true,""fieldCount"":13}},""temporalSampleCount"":23}",ea785c48c55706a6,[object Object],,000000000000000005ba9afd7c8321eb255dcfe10833145b,info
2026-09-27 21:42:35,"[jevsentinel] trajectory state {""action"":""HOLD"",""stage"":""STABLE"",""riskScore"":0,""confidence"":0.84,""reasons"":[""creator identity resolved""]}",1670ea2f0880b368,[object Object],,000000000000000005ba9afd7c8321eb255dcfe10833145b,info
2026-09-27 21:42:35,"[jevsentinel] temporal state {""priorSnapshotCount"":22,""currentSnapshot"":{""observedAt"":""2026-09-28T00:42:35.100Z"",""price"":null,""liquidity"":null,""volume"":null,""priceChange5mPct"":null,""priceChange1hPct"":null,""buyCount5m"":null,""sellCount5m"":null,""buySellRatio5m"":null,""uniqueSellers"":0,""uniqueBuyers"":0,""sellerAcceleration"":0,""coordinatedSellers"":0,""sellUsd"":null,""buyUsd"":null,""sellerCount"":null},""sampleCount"":23,""deltas"":{""uniqueSellers"":0,""uniqueBuyers"":0,""sellerAcceleration"":0,""coordinatedSellers"":0},""acceleration"":{""selling"":""stable"",""buyPressure"":""stable"",""volume"":""stable"",""liquidity"":""stable"",""price"":""stable"",""sellers"":""stable"",""coordination"":""stable""}}",22bf360550e9a1a7,[object Object],,000000000000000005ba9afd7c8321eb255dcfe10833145b,info
2026-09-27 21:42:31,"[jevsentinel] live action state {""action"":""HOLD"",""stage"":""STABLE"",""riskScore"":0,""confidence"":0.84,""reasons"":[]}",f798843329f0f7c1,[object Object],,000000000000000005ba9afd7c8321eb255dcfe10833145b,info
2026-09-27 21:42:31,"[jevsentinel] shadow prediction {""version"":1,""shadow"":true,""action"":""CAUTION"",""confidence"":0.5,""sampleCount"":22,""evidenceQuality"":""strong"",""sourceTrajectoryAction"":""HOLD"",""reasons"":[""signals do not form a reliable forward setup""],""predictedAt"":""2026-09-28T00:42:31.089Z""}",cd70bc2f89799ce2,[object Object],,000000000000000005ba9afd7c8321eb255dcfe10833145b,info
2026-09-27 21:42:30,"[jevsentinel] decision input {""mint"":""DewVDYjRN5n1mzAsnQbatvCKqQjgLFLNXnHaTYC2pump"",""sourceCard"":""CW"",""evidenceGroups"":{""tokenIntegrity"":true,""holderStructure"":true,""creatorIntelligence"":true,""walletBehaviour"":true,""flowDynamics"":true,""marketDynamics"":true,""liquidityStructure"":true,""temporalIntelligence"":true,""historicalIntelligence"":true,""alternativeExplanation"":true},""evidenceQuality"":""strong"",""providers"":{""token-research"":{""available"":true,""fieldCount"":30},""transfer-flow"":{""available"":true,""fieldCount"":13}},""temporalSampleCount"":22}",a23a7291b0ca4cba,[object Object],,000000000000000005ba9afd7c8321eb255dcfe10833145b,info
2026-09-27 21:42:30,"[jevsentinel] trajectory state {""action"":""HOLD"",""stage"":""STABLE"",""riskScore"":0,""confidence"":0.84,""reasons"":[]}",d399a6d1039c3deb,[object Object],,000000000000000005ba9afd7c8321eb255dcfe10833145b,info
2026-09-27 21:42:30,"[jevsentinel] temporal state {""priorSnapshotCount"":21,""currentSnapshot"":{""observedAt"":""2026-09-28T00:42:30.927Z"",""price"":null,""liquidity"":null,""volume"":null,""priceChange5mPct"":null,""priceChange1hPct"":null,""buyCount5m"":null,""sellCount5m"":null,""buySellRatio5m"":null,""uniqueSellers"":0,""uniqueBuyers"":0,""sellerAcceleration"":0,""coordinatedSellers"":0,""sellUsd"":null,""buyUsd"":null,""sellerCount"":null},""sampleCount"":22,""deltas"":{""uniqueSellers"":0,""uniqueBuyers"":0,""sellerAcceleration"":0,""coordinatedSellers"":0},""acceleration"":{""selling"":""stable"",""buyPressure"":""stable"",""volume"":""stable"",""liquidity"":""stable"",""price"":""stable"",""sellers"":""stable"",""coordination"":""stable""}}",51ff1fdd72525b1,[object Object],,000000000000000005ba9afd7c8321eb255dcfe10833145b,info
2026-09-27 21:42:26,"[jevsentinel] live action state {""action"":""HOLD"",""stage"":""STABLE"",""riskScore"":0,""confidence"":0.84,""reasons"":[]}",eb92d92c402a462f,[object Object],,000000000000000005ba9afd7c8321eb255dcfe10833145b,info
2026-09-27 21:42:26,"[jevsentinel] shadow prediction {""version"":1,""shadow"":true,""action"":""CAUTION"",""confidence"":0.5,""sampleCount"":21,""evidenceQuality"":""strong"",""sourceTrajectoryAction"":""HOLD"",""reasons"":[""signals do not form a reliable forward setup""],""predictedAt"":""2026-09-28T00:42:26.978Z""}",bb5f30063da82c59,[object Object],,000000000000000005ba9afd7c8321eb255dcfe10833145b,info
2026-09-27 21:42:26,"[jevsentinel] decision input {""mint"":""DewVDYjRN5n1mzAsnQbatvCKqQjgLFLNXnHaTYC2pump"",""sourceCard"":""CW"",""evidenceGroups"":{""tokenIntegrity"":true,""holderStructure"":true,""creatorIntelligence"":true,""walletBehaviour"":true,""flowDynamics"":true,""marketDynamics"":true,""liquidityStructure"":true,""temporalIntelligence"":true,""historicalIntelligence"":true,""alternativeExplanation"":true},""evidenceQuality"":""strong"",""providers"":{""token-research"":{""available"":true,""fieldCount"":30},""transfer-flow"":{""available"":true,""fieldCount"":13}},""temporalSampleCount"":21}",8436b81c71c2671b,[object Object],,000000000000000005ba9afd7c8321eb255dcfe10833145b,info
2026-09-27 21:42:26,"[jevsentinel] trajectory state {""action"":""HOLD"",""stage"":""STABLE"",""riskScore"":0,""confidence"":0.84,""reasons"":[]}",a047fcbd28146a55,[object Object],,000000000000000005ba9afd7c8321eb255dcfe10833145b,info
2026-09-27 21:42:26,"[jevsentinel] temporal state {""priorSnapshotCount"":20,""currentSnapshot"":{""observedAt"":""2026-09-28T00:42:26.750Z"",""price"":null,""liquidity"":null,""volume"":null,""priceChange5mPct"":null,""priceChange1hPct"":null,""buyCount5m"":null,""sellCount5m"":null,""buySellRatio5m"":null,""uniqueSellers"":0,""uniqueBuyers"":0,""sellerAcceleration"":0,""coordinatedSellers"":0,""sellUsd"":null,""buyUsd"":null,""sellerCount"":null},""sampleCount"":21,""deltas"":{""uniqueSellers"":0,""uniqueBuyers"":0,""sellerAcceleration"":0,""coordinatedSellers"":0},""acceleration"":{""selling"":""stable"",""buyPressure"":""stable"",""volume"":""stable"",""liquidity"":""stable"",""price"":""stable"",""sellers"":""stable"",""coordination"":""stable""}}",e6b60fe85a6ba587,[object Object],,000000000000000005ba9afd7c8321eb255dcfe10833145b,info
2026-09-27 21:42:22,"[jevsentinel] live action state {""action"":""HOLD"",""stage"":""STABLE"",""riskScore"":0,""confidence"":0.84,""reasons"":[]}",5554166907ba9ff7,[object Object],,000000000000000005ba9afd7c8321eb255dcfe10833145b,info
2026-09-27 21:42:22,"[jevsentinel] shadow prediction {""version"":1,""shadow"":true,""action"":""CAUTION"",""confidence"":0.5,""sampleCount"":20,""evidenceQuality"":""strong"",""sourceTrajectoryAction"":""HOLD"",""reasons"":[""signals do not form a reliable forward setup""],""predictedAt"":""2026-09-28T00:42:22.694Z""}",76fed343b70076aa,[object Object],,000000000000000005ba9afd7c8321eb255dcfe10833145b,info
2026-09-27 21:42:22,"[jevsentinel] decision input {""mint"":""DewVDYjRN5n1mzAsnQbatvCKqQjgLFLNXnHaTYC2pump"",""sourceCard"":""CW"",""evidenceGroups"":{""tokenIntegrity"":true,""holderStructure"":true,""creatorIntelligence"":true,""walletBehaviour"":true,""flowDynamics"":true,""marketDynamics"":true,""liquidityStructure"":true,""temporalIntelligence"":true,""historicalIntelligence"":true,""alternativeExplanation"":true},""evidenceQuality"":""strong"",""providers"":{""token-research"":{""available"":true,""fieldCount"":30},""transfer-flow"":{""available"":true,""fieldCount"":13}},""temporalSampleCount"":20}",4b420b86ce364345,[object Object],,000000000000000005ba9afd7c8321eb255dcfe10833145b,info
2026-09-27 21:42:22,"[jevsentinel] trajectory state {""action"":""HOLD"",""stage"":""STABLE"",""riskScore"":0,""confidence"":0.84,""reasons"":[]}",1d40340efe843be6,[object Object],,000000000000000005ba9afd7c8321eb255dcfe10833145b,info
2026-09-27 21:42:22,"[jevsentinel] temporal state {""priorSnapshotCount"":19,""currentSnapshot"":{""observedAt"":""2026-09-28T00:42:22.515Z"",""price"":null,""liquidity"":null,""volume"":null,""priceChange5mPct"":null,""priceChange1hPct"":null,""buyCount5m"":null,""sellCount5m"":null,""buySellRatio5m"":null,""uniqueSellers"":0,""uniqueBuyers"":0,""sellerAcceleration"":0,""coordinatedSellers"":0,""sellUsd"":null,""buyUsd"":null,""sellerCount"":null},""sampleCount"":20,""deltas"":{""uniqueSellers"":0,""uniqueBuyers"":0,""sellerAcceleration"":0,""coordinatedSellers"":0},""acceleration"":{""selling"":""stable"",""buyPressure"":""stable"",""volume"":""stable"",""liquidity"":""stable"",""price"":""stable"",""sellers"":""stable"",""coordination"":""stable""}}",e0843f4d8b39471c,[object Object],,000000000000000005ba9afd7c8321eb255dcfe10833145b,info
2026-09-27 21:42:18,"[jevsentinel] live action state {""action"":""HOLD"",""stage"":""STABLE"",""riskScore"":0,""confidence"":0.7699999999999999,""reasons"":[]}",2930f68e295437ff,[object Object],,000000000000000005ba9afd7c8321eb255dcfe10833145b,info
2026-09-27 21:42:18,"[jevsentinel] shadow prediction {""version"":1,""shadow"":true,""action"":""CAUTION"",""confidence"":0.5,""sampleCount"":19,""evidenceQuality"":""usable"",""sourceTrajectoryAction"":""HOLD"",""reasons"":[""signals do not form a reliable forward setup""],""predictedAt"":""2026-09-28T00:42:18.156Z""}",b57466f11a118ec6,[object Object],,000000000000000005ba9afd7c8321eb255dcfe10833145b,info
2026-09-27 21:42:17,"[jevsentinel] decision input {""mint"":""DewVDYjRN5n1mzAsnQbatvCKqQjgLFLNXnHaTYC2pump"",""sourceCard"":""CW"",""evidenceGroups"":{""tokenIntegrity"":true,""holderStructure"":true,""creatorIntelligence"":false,""walletBehaviour"":false,""flowDynamics"":true,""marketDynamics"":true,""liquidityStructure"":true,""temporalIntelligence"":true,""historicalIntelligence"":true,""alternativeExplanation"":true},""evidenceQuality"":""usable"",""providers"":{""token-research"":{""available"":true,""fieldCount"":20},""transfer-flow"":{""available"":true,""fieldCount"":13}},""temporalSampleCount"":19}",4ae2063bfe3182fa,[object Object],,000000000000000005ba9afd7c8321eb255dcfe10833145b,info
2026-09-27 21:42:17,"[jevsentinel] trajectory state {""action"":""HOLD"",""stage"":""STABLE"",""riskScore"":0,""confidence"":0.7699999999999999,""reasons"":[]}",3e8824acc20c9ab1,[object Object],,000000000000000005ba9afd7c8321eb255dcfe10833145b,info
2026-09-27 21:42:17,"[jevsentinel] temporal state {""priorSnapshotCount"":18,""currentSnapshot"":{""observedAt"":""2026-09-28T00:42:17.981Z"",""price"":null,""liquidity"":null,""volume"":null,""priceChange5mPct"":null,""priceChange1hPct"":null,""buyCount5m"":null,""sellCount5m"":null,""buySellRatio5m"":null,""uniqueSellers"":0,""uniqueBuyers"":0,""sellerAcceleration"":0,""coordinatedSellers"":0,""sellUsd"":null,""buyUsd"":null,""sellerCount"":null},""sampleCount"":19,""deltas"":{""uniqueSellers"":0,""uniqueBuyers"":0,""sellerAcceleration"":0,""coordinatedSellers"":0},""acceleration"":{""selling"":""stable"",""buyPressure"":""stable"",""volume"":""stable"",""liquidity"":""stable"",""price"":""stable"",""sellers"":""stable"",""coordination"":""stable""}}",bb600dee4019b868,[object Object],,000000000000000005ba9afd7c8321eb255dcfe10833145b,info
2026-09-27 21:42:13,"[jevsentinel] live action state {""action"":""HOLD"",""stage"":""STABLE"",""riskScore"":0,""confidence"":0.84,""reasons"":[]}",48d4402da743cf77,[object Object],,000000000000000005ba9afd7c8321eb255dcfe10833145b,info
2026-09-27 21:42:13,"[jevsentinel] shadow prediction {""version"":1,""shadow"":true,""action"":""CAUTION"",""confidence"":0.5,""sampleCount"":18,""evidenceQuality"":""strong"",""sourceTrajectoryAction"":""HOLD"",""reasons"":[""signals do not form a reliable forward setup""],""predictedAt"":""2026-09-28T00:42:13.958Z""}",4397160e79b44b23,[object Object],,000000000000000005ba9afd7c8321eb255dcfe10833145b,info
2026-09-27 21:42:13,"[jevsentinel] decision input {""mint"":""DewVDYjRN5n1mzAsnQbatvCKqQjgLFLNXnHaTYC2pump"",""sourceCard"":""CW"",""evidenceGroups"":{""tokenIntegrity"":true,""holderStructure"":true,""creatorIntelligence"":true,""walletBehaviour"":true,""flowDynamics"":true,""marketDynamics"":true,""liquidityStructure"":true,""temporalIntelligence"":true,""historicalIntelligence"":true,""alternativeExplanation"":true},""evidenceQuality"":""strong"",""providers"":{""token-research"":{""available"":true,""fieldCount"":30},""transfer-flow"":{""available"":true,""fieldCount"":13}},""temporalSampleCount"":18}",11e521bcfe4b2829,[object Object],,000000000000000005ba9afd7c8321eb255dcfe10833145b,info
2026-09-27 21:42:13,"[jevsentinel] trajectory state {""action"":""HOLD"",""stage"":""STABLE"",""riskScore"":0,""confidence"":0.84,""reasons"":[]}",7f492e1d5e99d132,[object Object],,000000000000000005ba9afd7c8321eb255dcfe10833145b,info
2026-09-27 21:42:13,"[jevsentinel] temporal state {""priorSnapshotCount"":17,""currentSnapshot"":{""observedAt"":""2026-09-28T00:42:13.789Z"",""price"":null,""liquidity"":null,""volume"":null,""priceChange5mPct"":null,""priceChange1hPct"":null,""buyCount5m"":null,""sellCount5m"":null,""buySellRatio5m"":null,""uniqueSellers"":0,""uniqueBuyers"":0,""sellerAcceleration"":0,""coordinatedSellers"":0,""sellUsd"":null,""buyUsd"":null,""sellerCount"":null},""sampleCount"":18,""deltas"":{""uniqueSellers"":0,""uniqueBuyers"":0,""sellerAcceleration"":0,""coordinatedSellers"":0},""acceleration"":{""selling"":""stable"",""buyPressure"":""stable"",""volume"":""stable"",""liquidity"":""stable"",""price"":""stable"",""sellers"":""stable"",""coordination"":""stable""}}",31ce4f6b3f791dac,[object Object],,000000000000000005ba9afd7c8321eb255dcfe10833145b,info
2026-09-27 21:42:09,"[jevsentinel] live action state {""action"":""HOLD"",""stage"":""STABLE"",""riskScore"":0,""confidence"":0.84,""reasons"":[]}",c80ac7e5cadaf124,[object Object],,000000000000000005ba9afd7c8321eb255dcfe10833145b,info
2026-09-27 21:42:09,"[jevsentinel] shadow prediction {""version"":1,""shadow"":true,""action"":""CAUTION"",""confidence"":0.5,""sampleCount"":17,""evidenceQuality"":""strong"",""sourceTrajectoryAction"":""HOLD"",""reasons"":[""signals do not form a reliable forward setup""],""predictedAt"":""2026-09-28T00:42:09.794Z""}",a1c18c3bbb27692e,[object Object],,000000000000000005ba9afd7c8321eb255dcfe10833145b,info
2026-09-27 21:42:09,"[jevsentinel] decision input {""mint"":""DewVDYjRN5n1mzAsnQbatvCKqQjgLFLNXnHaTYC2pump"",""sourceCard"":""CW"",""evidenceGroups"":{""tokenIntegrity"":true,""holderStructure"":true,""creatorIntelligence"":true,""walletBehaviour"":true,""flowDynamics"":true,""marketDynamics"":true,""liquidityStructure"":true,""temporalIntelligence"":true,""historicalIntelligence"":true,""alternativeExplanation"":true},""evidenceQuality"":""strong"",""providers"":{""token-research"":{""available"":true,""fieldCount"":30},""transfer-flow"":{""available"":true,""fieldCount"":13}},""temporalSampleCount"":17}",7fd4b1be99c3d7a3,[object Object],,000000000000000005ba9afd7c8321eb255dcfe10833145b,info
2026-09-27 21:42:09,"[jevsentinel] trajectory state {""action"":""HOLD"",""stage"":""STABLE"",""riskScore"":0,""confidence"":0.84,""reasons"":[]}",31520dcf46f2b841,[object Object],,000000000000000005ba9afd7c8321eb255dcfe10833145b,info
2026-09-27 21:42:09,"[jevsentinel] temporal state {""priorSnapshotCount"":16,""currentSnapshot"":{""observedAt"":""2026-09-28T00:42:09.599Z"",""price"":null,""liquidity"":null,""volume"":null,""priceChange5mPct"":null,""priceChange1hPct"":null,""buyCount5m"":null,""sellCount5m"":null,""buySellRatio5m"":null,""uniqueSellers"":0,""uniqueBuyers"":0,""sellerAcceleration"":0,""coordinatedSellers"":0,""sellUsd"":null,""buyUsd"":null,""sellerCount"":null},""sampleCount"":17,""deltas"":{""uniqueSellers"":0,""uniqueBuyers"":0,""sellerAcceleration"":0,""coordinatedSellers"":0},""acceleration"":{""selling"":""stable"",""buyPressure"":""stable"",""volume"":""stable"",""liquidity"":""stable"",""price"":""stable"",""sellers"":""stable"",""coordination"":""stable""}}",ded969a10450dbac,[object Object],,000000000000000005ba9afd7c8321eb255dcfe10833145b,info
2026-09-27 21:42:05,"[jevsentinel] live action state {""action"":""HOLD"",""stage"":""STABLE"",""riskScore"":0,""confidence"":0.84,""reasons"":[]}",336be07b16c274dd,[object Object],,000000000000000005ba9afd7c8321eb255dcfe10833145b,info
2026-09-27 21:42:05,"[jevsentinel] shadow prediction {""version"":1,""shadow"":true,""action"":""CAUTION"",""confidence"":0.5,""sampleCount"":16,""evidenceQuality"":""strong"",""sourceTrajectoryAction"":""HOLD"",""reasons"":[""signals do not form a reliable forward setup""],""predictedAt"":""2026-09-28T00:42:05.712Z""}",7521b33a0b22a108,[object Object],,000000000000000005ba9afd7c8321eb255dcfe10833145b,info
2026-09-27 21:42:05,"[jevsentinel] decision input {""mint"":""DewVDYjRN5n1mzAsnQbatvCKqQjgLFLNXnHaTYC2pump"",""sourceCard"":""CW"",""evidenceGroups"":{""tokenIntegrity"":true,""holderStructure"":true,""creatorIntelligence"":true,""walletBehaviour"":true,""flowDynamics"":true,""marketDynamics"":true,""liquidityStructure"":true,""temporalIntelligence"":true,""historicalIntelligence"":true,""alternativeExplanation"":true},""evidenceQuality"":""strong"",""providers"":{""token-research"":{""available"":true,""fieldCount"":30},""transfer-flow"":{""available"":true,""fieldCount"":13}},""temporalSampleCount"":16}",f8076d76801f6134,[object Object],,000000000000000005ba9afd7c8321eb255dcfe10833145b,info
2026-09-27 21:42:05,"[jevsentinel] trajectory state {""action"":""HOLD"",""stage"":""STABLE"",""riskScore"":0,""confidence"":0.84,""reasons"":[]}",b8a350adfcf8f401,[object Object],,000000000000000005ba9afd7c8321eb255dcfe10833145b,info
2026-09-27 21:42:05,"[jevsentinel] temporal state {""priorSnapshotCount"":15,""currentSnapshot"":{""observedAt"":""2026-09-28T00:42:05.537Z"",""price"":null,""liquidity"":null,""volume"":null,""priceChange5mPct"":null,""priceChange1hPct"":null,""buyCount5m"":null,""sellCount5m"":null,""buySellRatio5m"":null,""uniqueSellers"":0,""uniqueBuyers"":0,""sellerAcceleration"":0,""coordinatedSellers"":0,""sellUsd"":null,""buyUsd"":null,""sellerCount"":null},""sampleCount"":16,""deltas"":{""uniqueSellers"":0,""uniqueBuyers"":0,""sellerAcceleration"":0,""coordinatedSellers"":0},""acceleration"":{""selling"":""stable"",""buyPressure"":""stable"",""volume"":""stable"",""liquidity"":""stable"",""price"":""stable"",""sellers"":""stable"",""coordination"":""stable""}}",2f9dac59b7ff2,[object Object],,000000000000000005ba9afd7c8321eb255dcfe10833145b,info
2026-09-27 21:42:01,"[jevsentinel] live action state {""action"":""HOLD"",""stage"":""STABLE"",""riskScore"":0,""confidence"":0.84,""reasons"":[]}",e0b2ecb85a3a31e8,[object Object],,000000000000000005ba9afd7c8321eb255dcfe10833145b,info
2026-09-27 21:42:01,"[jevsentinel] shadow prediction {""version"":1,""shadow"":true,""action"":""CAUTION"",""confidence"":0.5,""sampleCount"":15,""evidenceQuality"":""strong"",""sourceTrajectoryAction"":""HOLD"",""reasons"":[""signals do not form a reliable forward setup""],""predictedAt"":""2026-09-28T00:42:01.556Z""}",431996a5f2c64ffc,[object Object],,000000000000000005ba9afd7c8321eb255dcfe10833145b,info
2026-09-27 21:42:01,"[jevsentinel] decision input {""mint"":""DewVDYjRN5n1mzAsnQbatvCKqQjgLFLNXnHaTYC2pump"",""sourceCard"":""CW"",""evidenceGroups"":{""tokenIntegrity"":true,""holderStructure"":true,""creatorIntelligence"":true,""walletBehaviour"":true,""flowDynamics"":true,""marketDynamics"":true,""liquidityStructure"":true,""temporalIntelligence"":true,""historicalIntelligence"":true,""alternativeExplanation"":true},""evidenceQuality"":""strong"",""providers"":{""token-research"":{""available"":true,""fieldCount"":30},""transfer-flow"":{""available"":true,""fieldCount"":13}},""temporalSampleCount"":15}",7c3215243d84d776,[object Object],,000000000000000005ba9afd7c8321eb255dcfe10833145b,info
2026-09-27 21:42:01,"[jevsentinel] trajectory state {""action"":""HOLD"",""stage"":""STABLE"",""riskScore"":0,""confidence"":0.84,""reasons"":[]}",d46907b6d38613f6,[object Object],,000000000000000005ba9afd7c8321eb255dcfe10833145b,info
2026-09-27 21:42:01,"[jevsentinel] temporal state {""priorSnapshotCount"":14,""currentSnapshot"":{""observedAt"":""2026-09-28T00:42:01.373Z"",""price"":null,""liquidity"":null,""volume"":null,""priceChange5mPct"":null,""priceChange1hPct"":null,""buyCount5m"":null,""sellCount5m"":null,""buySellRatio5m"":null,""uniqueSellers"":0,""uniqueBuyers"":0,""sellerAcceleration"":0,""coordinatedSellers"":0,""sellUsd"":null,""buyUsd"":null,""sellerCount"":null},""sampleCount"":15,""deltas"":{""uniqueSellers"":0,""uniqueBuyers"":0,""sellerAcceleration"":0,""coordinatedSellers"":0},""acceleration"":{""selling"":""stable"",""buyPressure"":""stable"",""volume"":""stable"",""liquidity"":""stable"",""price"":""stable"",""sellers"":""stable"",""coordination"":""stable""}}",a7ca0bbcff19bc66,[object Object],,000000000000000005ba9afd7c8321eb255dcfe10833145b,info
2026-09-27 21:41:57,"[jevsentinel] live action state {""action"":""HOLD"",""stage"":""STABLE"",""riskScore"":0,""confidence"":0.84,""reasons"":[]}",4a7fb900a271af43,[object Object],,000000000000000005ba9afd7c8321eb255dcfe10833145b,info
2026-09-27 21:41:57,"[jevsentinel] shadow prediction {""version"":1,""shadow"":true,""action"":""CAUTION"",""confidence"":0.5,""sampleCount"":14,""evidenceQuality"":""strong"",""sourceTrajectoryAction"":""HOLD"",""reasons"":[""signals do not form a reliable forward setup""],""predictedAt"":""2026-09-28T00:41:57.090Z""}",4ed5d6341a55551d,[object Object],,000000000000000005ba9afd7c8321eb255dcfe10833145b,info
2026-09-27 21:41:56,"[jevsentinel] decision input {""mint"":""DewVDYjRN5n1mzAsnQbatvCKqQjgLFLNXnHaTYC2pump"",""sourceCard"":""CW"",""evidenceGroups"":{""tokenIntegrity"":true,""holderStructure"":true,""creatorIntelligence"":true,""walletBehaviour"":true,""flowDynamics"":true,""marketDynamics"":true,""liquidityStructure"":true,""temporalIntelligence"":true,""historicalIntelligence"":true,""alternativeExplanation"":true},""evidenceQuality"":""strong"",""providers"":{""token-research"":{""available"":true,""fieldCount"":30},""transfer-flow"":{""available"":true,""fieldCount"":13}},""temporalSampleCount"":14}",d5ec64426e31e7a2,[object Object],,000000000000000005ba9afd7c8321eb255dcfe10833145b,info
2026-09-27 21:41:56,"[jevsentinel] trajectory state {""action"":""HOLD"",""stage"":""STABLE"",""riskScore"":0,""confidence"":0.84,""reasons"":[]}",fc264aaada51fe6f,[object Object],,000000000000000005ba9afd7c8321eb255dcfe10833145b,info
2026-09-27 21:41:56,"[jevsentinel] temporal state {""priorSnapshotCount"":13,""currentSnapshot"":{""observedAt"":""2026-09-28T00:41:56.902Z"",""price"":null,""liquidity"":null,""volume"":null,""priceChange5mPct"":null,""priceChange1hPct"":null,""buyCount5m"":null,""sellCount5m"":null,""buySellRatio5m"":null,""uniqueSellers"":0,""uniqueBuyers"":0,""sellerAcceleration"":0,""coordinatedSellers"":0,""sellUsd"":null,""buyUsd"":null,""sellerCount"":null},""sampleCount"":14,""deltas"":{""uniqueSellers"":0,""uniqueBuyers"":0,""sellerAcceleration"":0,""coordinatedSellers"":0},""acceleration"":{""selling"":""stable"",""buyPressure"":""stable"",""volume"":""stable"",""liquidity"":""stable"",""price"":""stable"",""sellers"":""stable"",""coordination"":""stable""}}",ce831370180f7755,[object Object],,000000000000000005ba9afd7c8321eb255dcfe10833145b,info
2026-09-27 21:41:52,"[jevsentinel] live action state {""action"":""HOLD"",""stage"":""STABLE"",""riskScore"":0,""confidence"":0.84,""reasons"":[]}",95c81caac7c8580f,[object Object],,000000000000000005ba9afd7c8321eb255dcfe10833145b,info
2026-09-27 21:41:52,"[jevsentinel] shadow prediction {""version"":1,""shadow"":true,""action"":""CAUTION"",""confidence"":0.5,""sampleCount"":13,""evidenceQuality"":""strong"",""sourceTrajectoryAction"":""HOLD"",""reasons"":[""signals do not form a reliable forward setup""],""predictedAt"":""2026-09-28T00:41:52.781Z""}",354fa2e5bfa73e3f,[object Object],,000000000000000005ba9afd7c8321eb255dcfe10833145b,info
2026-09-27 21:41:52,"[jevsentinel] decision input {""mint"":""DewVDYjRN5n1mzAsnQbatvCKqQjgLFLNXnHaTYC2pump"",""sourceCard"":""CW"",""evidenceGroups"":{""tokenIntegrity"":true,""holderStructure"":true,""creatorIntelligence"":true,""walletBehaviour"":true,""flowDynamics"":true,""marketDynamics"":true,""liquidityStructure"":true,""temporalIntelligence"":true,""historicalIntelligence"":true,""alternativeExplanation"":true},""evidenceQuality"":""strong"",""providers"":{""token-research"":{""available"":true,""fieldCount"":30},""transfer-flow"":{""available"":true,""fieldCount"":13}},""temporalSampleCount"":13}",ca69e93f2b73247b,[object Object],,000000000000000005ba9afd7c8321eb255dcfe10833145b,info
2026-09-27 21:41:52,"[jevsentinel] trajectory state {""action"":""HOLD"",""stage"":""STABLE"",""riskScore"":0,""confidence"":0.84,""reasons"":[]}",8e5ba1bc3da5301e,[object Object],,000000000000000005ba9afd7c8321eb255dcfe10833145b,info
2026-09-27 21:41:52,"[jevsentinel] temporal state {""priorSnapshotCount"":12,""currentSnapshot"":{""observedAt"":""2026-09-28T00:41:52.632Z"",""price"":null,""liquidity"":null,""volume"":null,""priceChange5mPct"":null,""priceChange1hPct"":null,""buyCount5m"":null,""sellCount5m"":null,""buySellRatio5m"":null,""uniqueSellers"":0,""uniqueBuyers"":0,""sellerAcceleration"":0,""coordinatedSellers"":0,""sellUsd"":null,""buyUsd"":null,""sellerCount"":null},""sampleCount"":13,""deltas"":{""uniqueSellers"":0,""uniqueBuyers"":0,""sellerAcceleration"":0,""coordinatedSellers"":0},""acceleration"":{""selling"":""stable"",""buyPressure"":""stable"",""volume"":""stable"",""liquidity"":""stable"",""price"":""stable"",""sellers"":""stable"",""coordination"":""stable""}}",52433d6180e82175,[object Object],,000000000000000005ba9afd7c8321eb255dcfe10833145b,info
2026-09-27 21:41:48,"[jevsentinel] live action state {""action"":""HOLD"",""stage"":""STABLE"",""riskScore"":0,""confidence"":0.84,""reasons"":[""creator identity resolved""]}",27d0c3b1296c8188,[object Object],,000000000000000005ba9afd7c8321eb255dcfe10833145b,info
2026-09-27 21:41:48,"[jevsentinel] shadow prediction {""version"":1,""shadow"":true,""action"":""CAUTION"",""confidence"":0.5,""sampleCount"":12,""evidenceQuality"":""strong"",""sourceTrajectoryAction"":""HOLD"",""reasons"":[""signals do not form a reliable forward setup""],""predictedAt"":""2026-09-28T00:41:48.657Z""}",5ed544de3fd240a,[object Object],,000000000000000005ba9afd7c8321eb255dcfe10833145b,info
2026-09-27 21:41:48,"[jevsentinel] decision input {""mint"":""DewVDYjRN5n1mzAsnQbatvCKqQjgLFLNXnHaTYC2pump"",""sourceCard"":""CW"",""evidenceGroups"":{""tokenIntegrity"":true,""holderStructure"":true,""creatorIntelligence"":true,""walletBehaviour"":true,""flowDynamics"":true,""marketDynamics"":true,""liquidityStructure"":true,""temporalIntelligence"":true,""historicalIntelligence"":true,""alternativeExplanation"":true},""evidenceQuality"":""strong"",""providers"":{""token-research"":{""available"":true,""fieldCount"":30},""transfer-flow"":{""available"":true,""fieldCount"":13}},""temporalSampleCount"":12}",e2a302dabdbaa092,[object Object],,000000000000000005ba9afd7c8321eb255dcfe10833145b,info
2026-09-27 21:41:48,"[jevsentinel] trajectory state {""action"":""HOLD"",""stage"":""STABLE"",""riskScore"":0,""confidence"":0.84,""reasons"":[""creator identity resolved""]}",9d12de4c2f4bcef6,[object Object],,000000000000000005ba9afd7c8321eb255dcfe10833145b,info
2026-09-27 21:41:48,"[jevsentinel] temporal state {""priorSnapshotCount"":11,""currentSnapshot"":{""observedAt"":""2026-09-28T00:41:48.496Z"",""price"":null,""liquidity"":null,""volume"":null,""priceChange5mPct"":null,""priceChange1hPct"":null,""buyCount5m"":null,""sellCount5m"":null,""buySellRatio5m"":null,""uniqueSellers"":0,""uniqueBuyers"":0,""sellerAcceleration"":0,""coordinatedSellers"":0,""sellUsd"":null,""buyUsd"":null,""sellerCount"":null},""sampleCount"":12,""deltas"":{""uniqueSellers"":0,""uniqueBuyers"":0,""sellerAcceleration"":0,""coordinatedSellers"":0},""acceleration"":{""selling"":""stable"",""buyPressure"":""stable"",""volume"":""stable"",""liquidity"":""stable"",""price"":""stable"",""sellers"":""stable"",""coordination"":""stable""}}",50b4b300b12f8602,[object Object],,000000000000000005ba9afd7c8321eb255dcfe10833145b,info
2026-09-27 21:41:44,"[jevsentinel] live action state {""action"":""HOLD"",""stage"":""STABLE"",""riskScore"":0,""confidence"":0.84,""reasons"":[""creator identity resolved""]}",6922e3f48118491a,[object Object],,000000000000000005ba9afd7c8321eb255dcfe10833145b,info
2026-09-27 21:41:44,"[jevsentinel] shadow prediction {""version"":1,""shadow"":true,""action"":""CAUTION"",""confidence"":0.5,""sampleCount"":11,""evidenceQuality"":""strong"",""sourceTrajectoryAction"":""HOLD"",""reasons"":[""signals do not form a reliable forward setup""],""predictedAt"":""2026-09-28T00:41:44.356Z""}",69263c921d815ee,[object Object],,000000000000000005ba9afd7c8321eb255dcfe10833145b,info
2026-09-27 21:41:44,"[jevsentinel] decision input {""mint"":""DewVDYjRN5n1mzAsnQbatvCKqQjgLFLNXnHaTYC2pump"",""sourceCard"":""CW"",""evidenceGroups"":{""tokenIntegrity"":true,""holderStructure"":true,""creatorIntelligence"":true,""walletBehaviour"":true,""flowDynamics"":true,""marketDynamics"":true,""liquidityStructure"":true,""temporalIntelligence"":true,""historicalIntelligence"":true,""alternativeExplanation"":true},""evidenceQuality"":""strong"",""providers"":{""token-research"":{""available"":true,""fieldCount"":30},""transfer-flow"":{""available"":true,""fieldCount"":13}},""temporalSampleCount"":11}",e457798abfed9d24,[object Object],,000000000000000005ba9afd7c8321eb255dcfe10833145b,info
2026-09-27 21:41:44,"[jevsentinel] trajectory state {""action"":""HOLD"",""stage"":""STABLE"",""riskScore"":0,""confidence"":0.84,""reasons"":[""creator identity resolved""]}",9f816d1b4909f2f5,[object Object],,000000000000000005ba9afd7c8321eb255dcfe10833145b,info
2026-09-27 21:41:44,"[jevsentinel] temporal state {""priorSnapshotCount"":10,""currentSnapshot"":{""observedAt"":""2026-09-28T00:41:44.169Z"",""price"":null,""liquidity"":null,""volume"":null,""priceChange5mPct"":null,""priceChange1hPct"":null,""buyCount5m"":null,""sellCount5m"":null,""buySellRatio5m"":null,""uniqueSellers"":0,""uniqueBuyers"":0,""sellerAcceleration"":0,""coordinatedSellers"":0,""sellUsd"":null,""buyUsd"":null,""sellerCount"":null},""sampleCount"":11,""deltas"":{""uniqueSellers"":0,""uniqueBuyers"":0,""sellerAcceleration"":0,""coordinatedSellers"":0},""acceleration"":{""selling"":""stable"",""buyPressure"":""stable"",""volume"":""stable"",""liquidity"":""stable"",""price"":""stable"",""sellers"":""stable"",""coordination"":""stable""}}",d7e33690724a7782,[object Object],,000000000000000005ba9afd7c8321eb255dcfe10833145b,info
2026-09-27 21:41:40,"[jevsentinel] live action state {""action"":""HOLD"",""stage"":""STABLE"",""riskScore"":0,""confidence"":0.84,""reasons"":[]}",8e3bae9b07f819db,[object Object],,000000000000000005ba9afd7c8321eb255dcfe10833145b,info
2026-09-27 21:41:40,"[jevsentinel] shadow prediction {""version"":1,""shadow"":true,""action"":""CAUTION"",""confidence"":0.5,""sampleCount"":10,""evidenceQuality"":""strong"",""sourceTrajectoryAction"":""HOLD"",""reasons"":[""signals do not form a reliable forward setup""],""predictedAt"":""2026-09-28T00:41:40.255Z""}",5ca77dd67123a2d9,[object Object],,000000000000000005ba9afd7c8321eb255dcfe10833145b,info
2026-09-27 21:41:40,"[jevsentinel] decision input {""mint"":""DewVDYjRN5n1mzAsnQbatvCKqQjgLFLNXnHaTYC2pump"",""sourceCard"":""CW"",""evidenceGroups"":{""tokenIntegrity"":true,""holderStructure"":true,""creatorIntelligence"":true,""walletBehaviour"":true,""flowDynamics"":true,""marketDynamics"":true,""liquidityStructure"":true,""temporalIntelligence"":true,""historicalIntelligence"":true,""alternativeExplanation"":true},""evidenceQuality"":""strong"",""providers"":{""token-research"":{""available"":true,""fieldCount"":30},""transfer-flow"":{""available"":true,""fieldCount"":13}},""temporalSampleCount"":10}",672ce0ec74967e0c,[object Object],,000000000000000005ba9afd7c8321eb255dcfe10833145b,info
2026-09-27 21:41:40,"[jevsentinel] trajectory state {""action"":""HOLD"",""stage"":""STABLE"",""riskScore"":0,""confidence"":0.84,""reasons"":[]}",671ff550c40f7e95,[object Object],,000000000000000005ba9afd7c8321eb255dcfe10833145b,info
2026-09-27 21:41:40,"[jevsentinel] temporal state {""priorSnapshotCount"":9,""currentSnapshot"":{""observedAt"":""2026-09-28T00:41:40.081Z"",""price"":null,""liquidity"":null,""volume"":null,""priceChange5mPct"":null,""priceChange1hPct"":null,""buyCount5m"":null,""sellCount5m"":null,""buySellRatio5m"":null,""uniqueSellers"":0,""uniqueBuyers"":0,""sellerAcceleration"":0,""coordinatedSellers"":0,""sellUsd"":null,""buyUsd"":null,""sellerCount"":null},""sampleCount"":10,""deltas"":{""uniqueSellers"":0,""uniqueBuyers"":0,""sellerAcceleration"":0,""coordinatedSellers"":0},""acceleration"":{""selling"":""stable"",""buyPressure"":""stable"",""volume"":""stable"",""liquidity"":""stable"",""price"":""stable"",""sellers"":""stable"",""coordination"":""stable""}}",99fa36f6429441ff,[object Object],,000000000000000005ba9afd7c8321eb255dcfe10833145b,info
2026-09-27 21:41:35,"[jevsentinel] live action state {""action"":""HOLD"",""stage"":""STABLE"",""riskScore"":0,""confidence"":0.84,""reasons"":[]}",983859f1be6cfc30,[object Object],,000000000000000005ba9afd7c8321eb255dcfe10833145b,info
2026-09-27 21:41:35,"[jevsentinel] shadow prediction {""version"":1,""shadow"":true,""action"":""CAUTION"",""confidence"":0.5,""sampleCount"":9,""evidenceQuality"":""strong"",""sourceTrajectoryAction"":""HOLD"",""reasons"":[""signals do not form a reliable forward setup""],""predictedAt"":""2026-09-28T00:41:35.658Z""}",73418d1c65542e83,[object Object],,000000000000000005ba9afd7c8321eb255dcfe10833145b,info
2026-09-27 21:41:35,"[jevsentinel] decision input {""mint"":""DewVDYjRN5n1mzAsnQbatvCKqQjgLFLNXnHaTYC2pump"",""sourceCard"":""CW"",""evidenceGroups"":{""tokenIntegrity"":true,""holderStructure"":true,""creatorIntelligence"":true,""walletBehaviour"":true,""flowDynamics"":true,""marketDynamics"":true,""liquidityStructure"":true,""temporalIntelligence"":true,""historicalIntelligence"":true,""alternativeExplanation"":true},""evidenceQuality"":""strong"",""providers"":{""token-research"":{""available"":true,""fieldCount"":30},""transfer-flow"":{""available"":true,""fieldCount"":13}},""temporalSampleCount"":9}",978ed47936afa0b8,[object Object],,000000000000000005ba9afd7c8321eb255dcfe10833145b,info
2026-09-27 21:41:35,"[jevsentinel] trajectory state {""action"":""HOLD"",""stage"":""STABLE"",""riskScore"":0,""confidence"":0.84,""reasons"":[]}",524c05fd272a94d,[object Object],,000000000000000005ba9afd7c8321eb255dcfe10833145b,info
2026-09-27 21:41:35,"[jevsentinel] temporal state {""priorSnapshotCount"":8,""currentSnapshot"":{""observedAt"":""2026-09-28T00:41:35.467Z"",""price"":null,""liquidity"":null,""volume"":null,""priceChange5mPct"":null,""priceChange1hPct"":null,""buyCount5m"":null,""sellCount5m"":null,""buySellRatio5m"":null,""uniqueSellers"":0,""uniqueBuyers"":0,""sellerAcceleration"":0,""coordinatedSellers"":0,""sellUsd"":null,""buyUsd"":null,""sellerCount"":null},""sampleCount"":9,""deltas"":{""uniqueSellers"":0,""uniqueBuyers"":0,""sellerAcceleration"":0,""coordinatedSellers"":0},""acceleration"":{""selling"":""stable"",""buyPressure"":""stable"",""volume"":""stable"",""liquidity"":""stable"",""price"":""stable"",""sellers"":""stable"",""coordination"":""stable""}}",fc6836a45c3daf6a,[object Object],,000000000000000005ba9afd7c8321eb255dcfe10833145b,info
2026-09-27 21:41:31,"[jevsentinel] live action state {""action"":""HOLD"",""stage"":""STABLE"",""riskScore"":0,""confidence"":0.84,""reasons"":[]}",fa2412cc9fa78cd1,[object Object],,000000000000000005ba9afd7c8321eb255dcfe10833145b,info
2026-09-27 21:41:31,"[jevsentinel] shadow prediction {""version"":1,""shadow"":true,""action"":""CAUTION"",""confidence"":0.5,""sampleCount"":8,""evidenceQuality"":""strong"",""sourceTrajectoryAction"":""HOLD"",""reasons"":[""signals do not form a reliable forward setup""],""predictedAt"":""2026-09-28T00:41:31.151Z""}",c5c9bb6494a49438,[object Object],,000000000000000005ba9afd7c8321eb255dcfe10833145b,info
2026-09-27 21:41:30,"[jevsentinel] decision input {""mint"":""DewVDYjRN5n1mzAsnQbatvCKqQjgLFLNXnHaTYC2pump"",""sourceCard"":""CW"",""evidenceGroups"":{""tokenIntegrity"":true,""holderStructure"":true,""creatorIntelligence"":true,""walletBehaviour"":true,""flowDynamics"":true,""marketDynamics"":true,""liquidityStructure"":true,""temporalIntelligence"":true,""historicalIntelligence"":true,""alternativeExplanation"":true},""evidenceQuality"":""strong"",""providers"":{""token-research"":{""available"":true,""fieldCount"":30},""transfer-flow"":{""available"":true,""fieldCount"":13}},""temporalSampleCount"":8}",189fca4611a2c497,[object Object],,000000000000000005ba9afd7c8321eb255dcfe10833145b,info
2026-09-27 21:41:30,"[jevsentinel] trajectory state {""action"":""HOLD"",""stage"":""STABLE"",""riskScore"":0,""confidence"":0.84,""reasons"":[]}",4dd8fcfbd646944e,[object Object],,000000000000000005ba9afd7c8321eb255dcfe10833145b,info
2026-09-27 21:41:30,"[jevsentinel] temporal state {""priorSnapshotCount"":7,""currentSnapshot"":{""observedAt"":""2026-09-28T00:41:30.980Z"",""price"":null,""liquidity"":null,""volume"":null,""priceChange5mPct"":null,""priceChange1hPct"":null,""buyCount5m"":null,""sellCount5m"":null,""buySellRatio5m"":null,""uniqueSellers"":0,""uniqueBuyers"":0,""sellerAcceleration"":0,""coordinatedSellers"":0,""sellUsd"":null,""buyUsd"":null,""sellerCount"":null},""sampleCount"":8,""deltas"":{""uniqueSellers"":0,""uniqueBuyers"":0,""sellerAcceleration"":0,""coordinatedSellers"":0},""acceleration"":{""selling"":""stable"",""buyPressure"":""stable"",""volume"":""stable"",""liquidity"":""stable"",""price"":""stable"",""sellers"":""stable"",""coordination"":""stable""}}",a3956d852363b11f,[object Object],,000000000000000005ba9afd7c8321eb255dcfe10833145b,info
2026-09-27 21:41:26,"[jevsentinel] live action state {""action"":""HOLD"",""stage"":""STABLE"",""riskScore"":0,""confidence"":0.8200000000000001,""reasons"":[]}",71d3da6821ebfb1d,[object Object],,000000000000000005ba9afd7c8321eb255dcfe10833145b,info
2026-09-27 21:41:26,"[jevsentinel] shadow prediction {""version"":1,""shadow"":true,""action"":""CAUTION"",""confidence"":0.5,""sampleCount"":7,""evidenceQuality"":""strong"",""sourceTrajectoryAction"":""HOLD"",""reasons"":[""signals do not form a reliable forward setup""],""predictedAt"":""2026-09-28T00:41:26.877Z""}",f8435cd728136293,[object Object],,000000000000000005ba9afd7c8321eb255dcfe10833145b,info
2026-09-27 21:41:26,"[jevsentinel] decision input {""mint"":""DewVDYjRN5n1mzAsnQbatvCKqQjgLFLNXnHaTYC2pump"",""sourceCard"":""CW"",""evidenceGroups"":{""tokenIntegrity"":true,""holderStructure"":true,""creatorIntelligence"":true,""walletBehaviour"":true,""flowDynamics"":true,""marketDynamics"":true,""liquidityStructure"":true,""temporalIntelligence"":true,""historicalIntelligence"":true,""alternativeExplanation"":true},""evidenceQuality"":""strong"",""providers"":{""token-research"":{""available"":true,""fieldCount"":30},""transfer-flow"":{""available"":true,""fieldCount"":13}},""temporalSampleCount"":7}",e4e511de239efa50,[object Object],,000000000000000005ba9afd7c8321eb255dcfe10833145b,info
2026-09-27 21:41:26,"[jevsentinel] trajectory state {""action"":""HOLD"",""stage"":""STABLE"",""riskScore"":0,""confidence"":0.8200000000000001,""reasons"":[]}",b22b16923136353a,[object Object],,000000000000000005ba9afd7c8321eb255dcfe10833145b,info
2026-09-27 21:41:26,"[jevsentinel] temporal state {""priorSnapshotCount"":6,""currentSnapshot"":{""observedAt"":""2026-09-28T00:41:26.690Z"",""price"":null,""liquidity"":null,""volume"":null,""priceChange5mPct"":null,""priceChange1hPct"":null,""buyCount5m"":null,""sellCount5m"":null,""buySellRatio5m"":null,""uniqueSellers"":0,""uniqueBuyers"":0,""sellerAcceleration"":0,""coordinatedSellers"":0,""sellUsd"":null,""buyUsd"":null,""sellerCount"":null},""sampleCount"":7,""deltas"":{""uniqueSellers"":0,""uniqueBuyers"":0,""sellerAcceleration"":0,""coordinatedSellers"":0},""acceleration"":{""selling"":""stable"",""buyPressure"":""stable"",""volume"":""stable"",""liquidity"":""stable"",""price"":""stable"",""sellers"":""stable"",""coordination"":""stable""}}",79d92e9f6f41d132,[object Object],,000000000000000005ba9afd7c8321eb255dcfe10833145b,info
2026-09-27 21:41:22,"[jevsentinel] live action state {""action"":""HOLD"",""stage"":""STABLE"",""riskScore"":0,""confidence"":0.8,""reasons"":[]}",a9635ec6382e2b69,[object Object],,000000000000000005ba9afd7c8321eb255dcfe10833145b,info
2026-09-27 21:41:22,"[jevsentinel] shadow prediction {""version"":1,""shadow"":true,""action"":""CAUTION"",""confidence"":0.5,""sampleCount"":6,""evidenceQuality"":""strong"",""sourceTrajectoryAction"":""HOLD"",""reasons"":[""signals do not form a reliable forward setup""],""predictedAt"":""2026-09-28T00:41:22.775Z""}",1e96ac92ac069ca6,[object Object],,000000000000000005ba9afd7c8321eb255dcfe10833145b,info
2026-09-27 21:41:22,"[jevsentinel] decision input {""mint"":""DewVDYjRN5n1mzAsnQbatvCKqQjgLFLNXnHaTYC2pump"",""sourceCard"":""CW"",""evidenceGroups"":{""tokenIntegrity"":true,""holderStructure"":true,""creatorIntelligence"":true,""walletBehaviour"":true,""flowDynamics"":true,""marketDynamics"":true,""liquidityStructure"":true,""temporalIntelligence"":true,""historicalIntelligence"":true,""alternativeExplanation"":true},""evidenceQuality"":""strong"",""providers"":{""token-research"":{""available"":true,""fieldCount"":30},""transfer-flow"":{""available"":true,""fieldCount"":13}},""temporalSampleCount"":6}",9abcbe381c2e94a8,[object Object],,000000000000000005ba9afd7c8321eb255dcfe10833145b,info
2026-09-27 21:41:22,"[jevsentinel] trajectory state {""action"":""HOLD"",""stage"":""STABLE"",""riskScore"":0,""confidence"":0.8,""reasons"":[]}",eca2854fd9876691,[object Object],,000000000000000005ba9afd7c8321eb255dcfe10833145b,info
2026-09-27 21:41:22,"[jevsentinel] temporal state {""priorSnapshotCount"":5,""currentSnapshot"":{""observedAt"":""2026-09-28T00:41:22.573Z"",""price"":null,""liquidity"":null,""volume"":null,""priceChange5mPct"":null,""priceChange1hPct"":null,""buyCount5m"":null,""sellCount5m"":null,""buySellRatio5m"":null,""uniqueSellers"":0,""uniqueBuyers"":0,""sellerAcceleration"":0,""coordinatedSellers"":0,""sellUsd"":null,""buyUsd"":null,""sellerCount"":null},""sampleCount"":6,""deltas"":{""uniqueSellers"":0,""uniqueBuyers"":0,""sellerAcceleration"":0,""coordinatedSellers"":0},""acceleration"":{""selling"":""stable"",""buyPressure"":""stable"",""volume"":""stable"",""liquidity"":""stable"",""price"":""stable"",""sellers"":""stable"",""coordination"":""stable""}}",cc6942f1dc145ad5,[object Object],,000000000000000005ba9afd7c8321eb255dcfe10833145b,info
2026-09-27 21:41:18,"[jevsentinel] live action state {""action"":""HOLD"",""stage"":""STABLE"",""riskScore"":0,""confidence"":0.78,""reasons"":[""creator identity resolved""]}",c7f9c2c1bf4fa98b,[object Object],,000000000000000005ba9afd7c8321eb255dcfe10833145b,info
2026-09-27 21:41:18,"[jevsentinel] shadow prediction {""version"":1,""shadow"":true,""action"":""CAUTION"",""confidence"":0.5,""sampleCount"":5,""evidenceQuality"":""strong"",""sourceTrajectoryAction"":""HOLD"",""reasons"":[""signals do not form a reliable forward setup""],""predictedAt"":""2026-09-28T00:41:18.490Z""}",806a5ca5f43817c2,[object Object],,000000000000000005ba9afd7c8321eb255dcfe10833145b,info
2026-09-27 21:41:18,"[jevsentinel] decision input {""mint"":""DewVDYjRN5n1mzAsnQbatvCKqQjgLFLNXnHaTYC2pump"",""sourceCard"":""CW"",""evidenceGroups"":{""tokenIntegrity"":true,""holderStructure"":true,""creatorIntelligence"":true,""walletBehaviour"":true,""flowDynamics"":true,""marketDynamics"":true,""liquidityStructure"":true,""temporalIntelligence"":true,""historicalIntelligence"":true,""alternativeExplanation"":true},""evidenceQuality"":""strong"",""providers"":{""token-research"":{""available"":true,""fieldCount"":30},""transfer-flow"":{""available"":true,""fieldCount"":13}},""temporalSampleCount"":5}",dfd6bd5c334296e2,[object Object],,000000000000000005ba9afd7c8321eb255dcfe10833145b,info
2026-09-27 21:41:18,"[jevsentinel] trajectory state {""action"":""HOLD"",""stage"":""STABLE"",""riskScore"":0,""confidence"":0.78,""reasons"":[""creator identity resolved""]}",88ff18b84e9854a3,[object Object],,000000000000000005ba9afd7c8321eb255dcfe10833145b,info
2026-09-27 21:41:18,"[jevsentinel] temporal state {""priorSnapshotCount"":4,""currentSnapshot"":{""observedAt"":""2026-09-28T00:41:18.328Z"",""price"":null,""liquidity"":null,""volume"":null,""priceChange5mPct"":null,""priceChange1hPct"":null,""buyCount5m"":null,""sellCount5m"":null,""buySellRatio5m"":null,""uniqueSellers"":0,""uniqueBuyers"":0,""sellerAcceleration"":0,""coordinatedSellers"":0,""sellUsd"":null,""buyUsd"":null,""sellerCount"":null},""sampleCount"":5,""deltas"":{""uniqueSellers"":0,""uniqueBuyers"":0,""sellerAcceleration"":0,""coordinatedSellers"":0},""acceleration"":{""selling"":""stable"",""buyPressure"":""stable"",""volume"":""stable"",""liquidity"":""stable"",""price"":""stable"",""sellers"":""stable"",""coordination"":""stable""}}",53749802d9d69c21,[object Object],,000000000000000005ba9afd7c8321eb255dcfe10833145b,info
2026-09-27 21:41:14,"[jevsentinel] live action state {""action"":""HOLD"",""stage"":""STABLE"",""riskScore"":0,""confidence"":0.76,""reasons"":[]}",d333320134e21035,[object Object],,000000000000000005ba9afd7c8321eb255dcfe10833145b,info
2026-09-27 21:41:14,"[jevsentinel] shadow prediction {""version"":1,""shadow"":true,""action"":""CAUTION"",""confidence"":0.5,""sampleCount"":4,""evidenceQuality"":""strong"",""sourceTrajectoryAction"":""HOLD"",""reasons"":[""signals do not form a reliable forward setup""],""predictedAt"":""2026-09-28T00:41:14.586Z""}",5e7e6464545a87bd,[object Object],,000000000000000005ba9afd7c8321eb255dcfe10833145b,info
2026-09-27 21:41:14,"[jevsentinel] decision input {""mint"":""DewVDYjRN5n1mzAsnQbatvCKqQjgLFLNXnHaTYC2pump"",""sourceCard"":""CW"",""evidenceGroups"":{""tokenIntegrity"":true,""holderStructure"":true,""creatorIntelligence"":true,""walletBehaviour"":true,""flowDynamics"":true,""marketDynamics"":true,""liquidityStructure"":true,""temporalIntelligence"":true,""historicalIntelligence"":true,""alternativeExplanation"":true},""evidenceQuality"":""strong"",""providers"":{""token-research"":{""available"":true,""fieldCount"":30},""transfer-flow"":{""available"":true,""fieldCount"":13}},""temporalSampleCount"":4}",988d568f9f007f5d,[object Object],,000000000000000005ba9afd7c8321eb255dcfe10833145b,info
2026-09-27 21:41:14,"[jevsentinel] trajectory state {""action"":""HOLD"",""stage"":""STABLE"",""riskScore"":0,""confidence"":0.76,""reasons"":[]}",f5d0b8f6538992cb,[object Object],,000000000000000005ba9afd7c8321eb255dcfe10833145b,info
2026-09-27 21:41:14,"[jevsentinel] temporal state {""priorSnapshotCount"":3,""currentSnapshot"":{""observedAt"":""2026-09-28T00:41:14.420Z"",""price"":null,""liquidity"":null,""volume"":null,""priceChange5mPct"":null,""priceChange1hPct"":null,""buyCount5m"":null,""sellCount5m"":null,""buySellRatio5m"":null,""uniqueSellers"":0,""uniqueBuyers"":0,""sellerAcceleration"":0,""coordinatedSellers"":0,""sellUsd"":null,""buyUsd"":null,""sellerCount"":null},""sampleCount"":4,""deltas"":{""uniqueSellers"":0,""uniqueBuyers"":0,""sellerAcceleration"":0,""coordinatedSellers"":0},""acceleration"":{""selling"":""stable"",""buyPressure"":""stable"",""volume"":""stable"",""liquidity"":""stable"",""price"":""stable"",""sellers"":""stable"",""coordination"":""stable""}}",7c3bdd8cab454c85,[object Object],,000000000000000005ba9afd7c8321eb255dcfe10833145b,info
2026-09-27 21:41:10,"[jevsentinel] live action state {""action"":""HOLD"",""stage"":""STABLE"",""riskScore"":0,""confidence"":0.74,""reasons"":[]}",7d75e420f049b077,[object Object],,000000000000000005ba9afd7c8321eb255dcfe10833145b,info
2026-09-27 21:41:10,"[jevsentinel] shadow prediction {""version"":1,""shadow"":true,""action"":""CAUTION"",""confidence"":0.5,""sampleCount"":3,""evidenceQuality"":""strong"",""sourceTrajectoryAction"":""HOLD"",""reasons"":[""signals do not form a reliable forward setup""],""predictedAt"":""2026-09-28T00:41:10.648Z""}",b58f5aa844966553,[object Object],,000000000000000005ba9afd7c8321eb255dcfe10833145b,info
2026-09-27 21:41:10,"[jevsentinel] decision input {""mint"":""DewVDYjRN5n1mzAsnQbatvCKqQjgLFLNXnHaTYC2pump"",""sourceCard"":""CW"",""evidenceGroups"":{""tokenIntegrity"":true,""holderStructure"":true,""creatorIntelligence"":true,""walletBehaviour"":true,""flowDynamics"":true,""marketDynamics"":true,""liquidityStructure"":true,""temporalIntelligence"":true,""historicalIntelligence"":true,""alternativeExplanation"":true},""evidenceQuality"":""strong"",""providers"":{""token-research"":{""available"":true,""fieldCount"":30},""transfer-flow"":{""available"":true,""fieldCount"":13}},""temporalSampleCount"":3}",35f5ac01c573f286,[object Object],,000000000000000005ba9afd7c8321eb255dcfe10833145b,info
2026-09-27 21:41:10,"[jevsentinel] trajectory state {""action"":""HOLD"",""stage"":""STABLE"",""riskScore"":0,""confidence"":0.74,""reasons"":[]}",edd252c2d56b60be,[object Object],,000000000000000005ba9afd7c8321eb255dcfe10833145b,info
2026-09-27 21:41:10,"[jevsentinel] temporal state {""priorSnapshotCount"":2,""currentSnapshot"":{""observedAt"":""2026-09-28T00:41:10.479Z"",""price"":null,""liquidity"":null,""volume"":null,""priceChange5mPct"":null,""priceChange1hPct"":null,""buyCount5m"":null,""sellCount5m"":null,""buySellRatio5m"":null,""uniqueSellers"":0,""uniqueBuyers"":0,""sellerAcceleration"":0,""coordinatedSellers"":0,""sellUsd"":null,""buyUsd"":null,""sellerCount"":null},""sampleCount"":3,""deltas"":{""uniqueSellers"":0,""uniqueBuyers"":0,""sellerAcceleration"":0,""coordinatedSellers"":0},""acceleration"":{""selling"":""stable"",""buyPressure"":""stable"",""volume"":""stable"",""liquidity"":""stable"",""price"":""stable"",""sellers"":""stable"",""coordination"":""stable""}}",982d256f87f81a92,[object Object],,000000000000000005ba9afd7c8321eb255dcfe10833145b,info
2026-09-27 21:41:06,"[jevsentinel] live action state {""action"":""HOLD"",""stage"":""STABLE"",""riskScore"":0,""confidence"":0.64,""reasons"":[]}",ec150d304f29d8da,[object Object],,000000000000000005ba9afd7c8321eb255dcfe10833145b,info
2026-09-27 21:41:06,"[jevsentinel] shadow prediction {""version"":1,""shadow"":true,""action"":""CAUTION"",""confidence"":0.5,""sampleCount"":2,""evidenceQuality"":""strong"",""sourceTrajectoryAction"":""HOLD"",""reasons"":[""signals do not form a reliable forward setup""],""predictedAt"":""2026-09-28T00:41:06.234Z""}",24ac7b3ab3fc9c52,[object Object],,000000000000000005ba9afd7c8321eb255dcfe10833145b,info
2026-09-27 21:41:06,"[jevsentinel] decision input {""mint"":""DewVDYjRN5n1mzAsnQbatvCKqQjgLFLNXnHaTYC2pump"",""sourceCard"":""CW"",""evidenceGroups"":{""tokenIntegrity"":true,""holderStructure"":true,""creatorIntelligence"":true,""walletBehaviour"":true,""flowDynamics"":true,""marketDynamics"":true,""liquidityStructure"":true,""temporalIntelligence"":true,""historicalIntelligence"":true,""alternativeExplanation"":true},""evidenceQuality"":""strong"",""providers"":{""token-research"":{""available"":true,""fieldCount"":30},""transfer-flow"":{""available"":true,""fieldCount"":13}},""temporalSampleCount"":2}",3a91e22ef25a1b83,[object Object],,000000000000000005ba9afd7c8321eb255dcfe10833145b,info
2026-09-27 21:41:06,"[jevsentinel] trajectory state {""action"":""HOLD"",""stage"":""STABLE"",""riskScore"":0,""confidence"":0.64,""reasons"":[]}",b2fe7e52b7e664a7,[object Object],,000000000000000005ba9afd7c8321eb255dcfe10833145b,info
2026-09-27 21:41:06,"[jevsentinel] temporal state {""priorSnapshotCount"":1,""currentSnapshot"":{""observedAt"":""2026-09-28T00:41:06.059Z"",""price"":null,""liquidity"":null,""volume"":null,""priceChange5mPct"":null,""priceChange1hPct"":null,""buyCount5m"":null,""sellCount5m"":null,""buySellRatio5m"":null,""uniqueSellers"":0,""uniqueBuyers"":0,""sellerAcceleration"":0,""coordinatedSellers"":0,""sellUsd"":null,""buyUsd"":null,""sellerCount"":null},""sampleCount"":2,""deltas"":{""uniqueSellers"":0,""uniqueBuyers"":0,""sellerAcceleration"":0,""coordinatedSellers"":0},""acceleration"":{""selling"":""stable"",""buyPressure"":""stable"",""volume"":""stable"",""liquidity"":""stable"",""price"":""stable"",""sellers"":""stable"",""coordination"":""stable""}}",e787d8f1ffe556f,[object Object],,000000000000000005ba9afd7c8321eb255dcfe10833145b,info
2026-09-27 21:41:03,"[jevsentinel-telegram] non-EARLY ENTRY group message ignored {""chatId"":""-1004483915430"",""messageId"":10001,""isEarlyEntry"":false,""monitorCard"":""cw2""}",57e243e16c584174,[object Object],,000000000000000005ba9afd7c8321eb255dcfe10833145b,info
2026-09-27 21:41:03,"[jevsentinel-telegram] group message received {""chatId"":""-1004483915430"",""messageId"":10001,""configured"":true,""enabled"":true,""hasText"":true,""isEarlyEntry"":false,""monitorCard"":""cw2"",""textLength"":457}",29a2e5df9aa2730f,[object Object],,000000000000000005ba9afd7c8321eb255dcfe10833145b,info
2026-09-27 21:41:03,"[jevsentinel-telegram] updates received {""count"":1,""firstUpdateId"":562699740,""lastUpdateId"":562699740}",706b85082f89c785,[object Object],,000000000000000005ba9afd7c8321eb255dcfe10833145b,info
2026-09-27 21:41:02,"[jevsentinel-telegram] assessment completed; live monitoring started {""monitorCard"":""cw2""}",28b59f4f593db445,[object Object],,000000000000000005ba9afd7c8321eb255dcfe10833145b,info
2026-09-27 21:41:01,"[jevsentinel-telegram] JEV assessment finished {""chatId"":""-1004483915430"",""messageId"":10000,""escalation"":false}",e37022f1cff3518d,[object Object],,000000000000000005ba9afd7c8321eb255dcfe10833145b,info
2026-09-27 21:41:01,"[jevsentinel] live action state {""action"":""HOLD"",""stage"":""INITIAL"",""riskScore"":0,""confidence"":0.52,""reasons"":[]}",7ebe57266540ce3b,[object Object],,000000000000000005ba9afd7c8321eb255dcfe10833145b,info
2026-09-27 21:41:01,"[jevsentinel] shadow prediction {""version"":1,""shadow"":true,""action"":""CAUTION"",""confidence"":0.58,""sampleCount"":1,""evidenceQuality"":""strong"",""sourceTrajectoryAction"":""HOLD"",""reasons"":[""evidence is conflicting or unreliable""],""predictedAt"":""2026-09-28T00:41:01.996Z""}",dee836d2ef80349f,[object Object],,000000000000000005ba9afd7c8321eb255dcfe10833145b,info
2026-09-27 21:41:01,"[jevsentinel] decision input {""mint"":""DewVDYjRN5n1mzAsnQbatvCKqQjgLFLNXnHaTYC2pump"",""sourceCard"":""CW"",""evidenceGroups"":{""tokenIntegrity"":true,""holderStructure"":true,""creatorIntelligence"":true,""walletBehaviour"":true,""flowDynamics"":true,""marketDynamics"":true,""liquidityStructure"":true,""temporalIntelligence"":true,""historicalIntelligence"":true,""alternativeExplanation"":true},""evidenceQuality"":""strong"",""providers"":{""token-research"":{""available"":true,""fieldCount"":30},""transfer-flow"":{""available"":true,""fieldCount"":13}},""temporalSampleCount"":1}",347bfa6c07decb97,[object Object],,000000000000000005ba9afd7c8321eb255dcfe10833145b,info
2026-09-27 21:41:01,"[jevsentinel] trajectory state {""action"":""HOLD"",""stage"":""INITIAL"",""riskScore"":0,""confidence"":0.52,""reasons"":[]}",867e5e5b9bc0295c,[object Object],,000000000000000005ba9afd7c8321eb255dcfe10833145b,info
2026-09-27 21:41:01,"[jevsentinel] temporal state {""priorSnapshotCount"":0,""currentSnapshot"":{""observedAt"":""2026-09-28T00:41:01.745Z"",""price"":null,""liquidity"":null,""volume"":null,""priceChange5mPct"":null,""priceChange1hPct"":null,""buyCount5m"":null,""sellCount5m"":null,""buySellRatio5m"":null,""uniqueSellers"":0,""uniqueBuyers"":0,""sellerAcceleration"":0,""coordinatedSellers"":0,""sellUsd"":null,""buyUsd"":null,""sellerCount"":null},""sampleCount"":1,""deltas"":{},""acceleration"":{""selling"":""stable"",""buyPressure"":""stable"",""volume"":""stable"",""liquidity"":""stable"",""price"":""stable"",""sellers"":""stable"",""coordination"":""stable""}}",6dc398bf0f4a3b84,[object Object],,000000000000000005ba9afd7c8321eb255dcfe10833145b,info
2026-09-27 21:41:00,"[jevsentinel-telegram] EARLY ENTRY JEV assessment starting {""chatId"":""-1004483915430"",""messageId"":10000}",450362bac702e9ee,[object Object],,000000000000000005ba9afd7c8321eb255dcfe10833145b,info
2026-09-27 21:41:00,"[jevsentinel-telegram] EARLY ENTRY EXPERIMENT detected {""chatId"":""-1004483915430"",""messageId"":10000,""mintExtracted"":true,""symbol"":""SOA"",""monitorCard"":""cw2"",""monitorLabel"":""CONVICTION PULSE CW2""}",1f3863085829952d,[object Object],,000000000000000005ba9afd7c8321eb255dcfe10833145b,info
2026-09-27 21:41:00,"[jevsentinel-telegram] group message received {""chatId"":""-1004483915430"",""messageId"":10000,""configured"":true,""enabled"":true,""hasText"":true,""isEarlyEntry"":true,""monitorCard"":""cw2"",""textLength"":508}",dbe0e26ad429bdcb,[object Object],,000000000000000005ba9afd7c8321eb255dcfe10833145b,info
2026-09-27 21:41:00,"[jevsentinel-telegram] updates received {""count"":1,""firstUpdateId"":562699739,""lastUpdateId"":562699739}",98d24c7c8e28f261,[object Object],,000000000000000005ba9afd7c8321eb255dcfe10833145b,info
2026-09-27 21:39:18,[jevsentinel-telegram] connected,b73565671418db37,[object Object],,000000000000000005ba9afd7c8321eb255dcfe10833145b,info
2026-09-27 21:39:18,[jevsentinel-telegram] Telegram webhook: none; long polling enabled,1190644ac180d5ec,[object Object],,000000000000000005ba9afd7c8321eb255dcfe10833145b,info
2026-09-27 21:39:18,"[jevsentinel-telegram] Telegram bot capabilities {""botId"":8806712852,""username"":""JevSentinelBot"",""canReadAllGroupMessages"":true,""canJoinGroups"":true}",cd78de380d82a8bc,[object Object],,000000000000000005ba9afd7c8321eb255dcfe10833145b,info
2026-09-27 21:39:17,"[jevsentinel-telegram] persistent group configuration restored {""count"":1}",17d4c17f43ecd0f,[object Object],,000000000000000005ba9afd7c8321eb255dcfe10833145b,info
2026-09-27 21:39:17,Machine created and started in 3.705s,cb1fb005ae6dbb17,[object Object],,000000000000000005ba9afd7c8321eb255dcfe10833145b,info
2026-09-27 21:39:16,2026/09/28 00:39:16 INFO SSH listening listen_address=[fdaa:a2:633:a7b:193:cfe1:c765:2]:22,324ba661dc5d7142,[object Object],,000000000000000005ba9afd7c8321eb255dcfe10833145b,info
2026-09-27 21:39:16,[32m INFO[0m [fly api proxy] listening at /.fly/api,b6b7e881d496a9ce,[object Object],,000000000000000005ba9afd7c8321eb255dcfe10833145b,info
2026-09-27 21:39:16,[32m INFO[0m Preparing to run: `docker-entrypoint.sh node src/telegram-run.mjs` as root,ecdbb1b262e21575,[object Object],,000000000000000005ba9afd7c8321eb255dcfe10833145b,info
2026-09-27 21:39:16,[32m INFO[0m Resized /data to 1056964608 bytes,2bb5336565dd0a4a,[object Object],,000000000000000005ba9afd7c8321eb255dcfe10833145b,info
2026-09-27 21:39:16,"[32m INFO[0m Mounting /dev/vdc at /data w/ uid: 0, gid: 0 and chmod 0755",e77c5407cfa8bcd3,[object Object],,000000000000000005ba9afd7c8321eb255dcfe10833145b,info
2026-09-27 21:39:16,"/dev/vdc: clean, 12/64512 files, 8786/258048 blocks",adaf237374e14a77,[object Object],,000000000000000005ba9afd7c8321eb255dcfe10833145b,info
2026-09-27 21:39:16,[32m INFO[0m Checking filesystem on /data,56d707b2f8113e2b,[object Object],,000000000000000005ba9afd7c8321eb255dcfe10833145b,info
2026-09-27 21:39:16,[32m INFO[0m Starting init (commit: 6172d83)...,d4a8ab338fd80586,[object Object],,000000000000000005ba9afd7c8321eb255dcfe10833145b,info
2026-09-27 21:39:15,"2026-09-28T00:39:15.952939402 [01M3JQ75WNQPQX2VMG5NA99SHP:main] Listening on API socket (""/fc.sock"").",2ccb7dcc869710b0,[object Object],,000000000000000005ba9afd7c8321eb255dcfe10833145b,info
2026-09-27 21:39:15,2026-09-28T00:39:15.952771269 [01M3JQ75WNQPQX2VMG5NA99SHP:main] Running Firecracker v1.14.4,f94ed2e62e411168,[object Object],,000000000000000005ba9afd7c8321eb255dcfe10833145b,info
2026-09-27 21:39:14,[   21.861093] reboot: Restarting system,f0296b0c85c7a98f,[object Object],,000000000000000005ba9afd7c8321eb255dcfe10833145b,info
2026-09-27 21:39:14,[32m INFO[0m Umounting /dev/vdc from /data,ad6b1fbafbc4ee2a,[object Object],,000000000000000005ba9afd7c8321eb255dcfe10833145b,info
2026-09-27 21:39:14,[32m INFO[0m Starting clean up.,af3f571979dc6bcb,[object Object],,000000000000000005ba9afd7c8321eb255dcfe10833145b,info
2026-09-27 21:39:14,"[32m INFO[0m Main child exited with signal (with signal 'SIGINT', core dumped? false)",3dd05e0aeed7f9fc,[object Object],,000000000000000005ba9afd7c8321eb255dcfe10833145b,info
2026-09-27 21:39:13,[32m INFO[0m Sending signal SIGINT to main child process w/ PID 643,ef9b52760ae11d16,[object Object],,000000000000000005ba9afd7c8321eb255dcfe10833145b,info
2026-09-27 21:39:13,Configuring firecracker,a9d34ed8400a39e0,[object Object],,000000000000000005ba9afd7c8321eb255dcfe10833145b,info
2026-09-27 21:39:13,Opening encrypted volume,e387103889fd9c1d,[object Object],,000000000000000005ba9afd7c8321eb255dcfe10833145b,info
2026-09-27 21:39:13,Setting up volume 'jevsentinel_data',2e0f93ec56147d2f,[object Object],,000000000000000005ba9afd7c8321eb255dcfe10833145b,info
2026-09-27 21:39:13,Container image registry.fly.io/jevsentinel@sha256:442e1ff4b31495572edcdee0d6272ed3a353a4698fd99d2bbf255b618cabe348 already prepared,fb9df9c13948189d,[object Object],,000000000000000005ba9afd7c8321eb255dcfe10833145b,info
2026-09-27 21:39:13,Pulling container image registry.fly.io/jevsentinel@sha256:442e1ff4b31495572edcdee0d6272ed3a353a4698fd99d2bbf255b618cabe348,9ae376a8b2744416,[object Object],,000000000000000005ba9afd7c8321eb255dcfe10833145b,info
2026-09-27 21:38:55,[jevsentinel-telegram] connected,acf1f036e540ca13,[object Object],,000000000000000005ba9afd7c8321eb255dcfe10833145b,info
2026-09-27 21:38:55,[jevsentinel-telegram] Telegram webhook: none; long polling enabled,fea0cc8f3a9dfc8,[object Object],,000000000000000005ba9afd7c8321eb255dcfe10833145b,info
2026-09-27 21:38:55,"[jevsentinel-telegram] Telegram bot capabilities {""botId"":8806712852,""username"":""JevSentinelBot"",""canReadAllGroupMessages"":true,""canJoinGroups"":true}",a7105e2b623b53,[object Object],,000000000000000005ba9afd7c8321eb255dcfe10833145b,info
2026-09-27 21:38:54,"[jevsentinel-telegram] persistent group configuration restored {""count"":1}",a87a99c83c1cd774,[object Object],,000000000000000005ba9afd7c8321eb255dcfe10833145b,info
2026-09-27 21:38:53,Machine created and started in 3.493s,fedf5113e14dd878,[object Object],,000000000000000005ba9afd7c8321eb255dcfe10833145b,info
2026-09-27 21:38:53,2026/09/28 00:38:53 INFO SSH listening listen_address=[fdaa:a2:633:a7b:193:cfe1:c765:2]:22,6b58ce10c7ccc36a,[object Object],,000000000000000005ba9afd7c8321eb255dcfe10833145b,info
2026-09-27 21:38:53,[32m INFO[0m [fly api proxy] listening at /.fly/api,cffd07407693585f,[object Object],,000000000000000005ba9afd7c8321eb255dcfe10833145b,info
2026-09-27 21:38:53,[32m INFO[0m Preparing to run: `docker-entrypoint.sh node src/telegram-run.mjs` as root,ffa744f4c26336d3,[object Object],,000000000000000005ba9afd7c8321eb255dcfe10833145b,info
2026-09-27 21:38:53,[32m INFO[0m Resized /data to 1056964608 bytes,89f2b535961fd178,[object Object],,000000000000000005ba9afd7c8321eb255dcfe10833145b,info
2026-09-27 21:38:53,"[32m INFO[0m Mounting /dev/vdc at /data w/ uid: 0, gid: 0 and chmod 0755",65849035eacc65db,[object Object],,000000000000000005ba9afd7c8321eb255dcfe10833145b,info
2026-09-27 21:38:53,"/dev/vdc: clean, 12/64512 files, 8786/258048 blocks",62a86d92352a5a65,[object Object],,000000000000000005ba9afd7c8321eb255dcfe10833145b,info
2026-09-27 21:38:53,[32m INFO[0m Checking filesystem on /data,cdfb62e30647a656,[object Object],,000000000000000005ba9afd7c8321eb255dcfe10833145b,info
2026-09-27 21:38:53,[32m INFO[0m Starting init (commit: 6172d83)...,62a03fcafd670ef8,[object Object],,000000000000000005ba9afd7c8321eb255dcfe10833145b,info
2026-09-27 21:38:52,"2026-09-28T00:38:52.413834138 [01M3JQ6F5J1TYXBWXAYFCNKW5W:main] Listening on API socket (""/fc.sock"").",b98dd136139bcf9d,[object Object],,000000000000000005ba9afd7c8321eb255dcfe10833145b,info
2026-09-27 21:38:52,2026-09-28T00:38:52.413604423 [01M3JQ6F5J1TYXBWXAYFCNKW5W:main] Running Firecracker v1.14.4,3a494e7cebf59602,[object Object],,000000000000000005ba9afd7c8321eb255dcfe10833145b,info
2026-09-27 21:38:50,[   28.863419] reboot: Restarting system,ddd60936eb1f0676,[object Object],,000000000000000005ba9afd7c8321eb255dcfe10833145b,info
2026-09-27 21:38:50,[32m INFO[0m Umounting /dev/vdc from /data,30df22083077a861,[object Object],,000000000000000005ba9afd7c8321eb255dcfe10833145b,info
2026-09-27 21:38:50,[32m INFO[0m Starting clean up.,33d641c264ec0371,[object Object],,000000000000000005ba9afd7c8321eb255dcfe10833145b,info
2026-09-27 21:38:50,"[32m INFO[0m Main child exited with signal (with signal 'SIGINT', core dumped? false)",4d53c6f22e356a8d,[object Object],,000000000000000005ba9afd7c8321eb255dcfe10833145b,info
2026-09-27 21:38:50,[32m INFO[0m Sending signal SIGINT to main child process w/ PID 646,34d3d6840a8cf54,[object Object],,000000000000000005ba9afd7c8321eb255dcfe10833145b,info
2026-09-27 21:38:50,Configuring firecracker,67aaa1c0f71f9284,[object Object],,000000000000000005ba9afd7c8321eb255dcfe10833145b,info
2026-09-27 21:38:49,Opening encrypted volume,5dad33d68713de7f,[object Object],,000000000000000005ba9afd7c8321eb255dcfe10833145b,info
2026-09-27 21:38:49,Setting up volume 'jevsentinel_data',ee7cc523eed545f1,[object Object],,000000000000000005ba9afd7c8321eb255dcfe10833145b,info
2026-09-27 21:38:49,Container image registry.fly.io/jevsentinel@sha256:17c8ddf61c8397f541f6c276b7ef6bf5df72e8066c65880b17ff959efc98ce67 already prepared,3b0e2a3a16d10d5e,[object Object],,000000000000000005ba9afd7c8321eb255dcfe10833145b,info
2026-09-27 21:38:49,Pulling container image registry.fly.io/jevsentinel@sha256:17c8ddf61c8397f541f6c276b7ef6bf5df72e8066c65880b17ff959efc98ce67,aeb3188d8f521ad7,[object Object],,000000000000000005ba9afd7c8321eb255dcfe10833145b,info
2026-09-27 21:38:24,[jevsentinel-telegram] connected,2244e1befd87d307,[object Object],,000000000000000005ba9afd7c8321eb255dcfe10833145b,info
2026-09-27 21:38:24,[jevsentinel-telegram] Telegram webhook: none; long polling enabled,9a81edb4f0815857,[object Object],,000000000000000005ba9afd7c8321eb255dcfe10833145b,info
2026-09-27 21:38:24,"[jevsentinel-telegram] Telegram bot capabilities {""botId"":8806712852,""username"":""JevSentinelBot"",""canReadAllGroupMessages"":true,""canJoinGroups"":true}",7bf26c32e36bd6b0,[object Object],,000000000000000005ba9afd7c8321eb255dcfe10833145b,info
2026-09-27 21:38:23,"[jevsentinel-telegram] persistent group configuration restored {""count"":1}",bffa6d6b52f75341,[object Object],,000000000000000005ba9afd7c8321eb255dcfe10833145b,info
2026-09-27 21:38:22,Machine created and started in 4.002s,549b3e01a4976f9d,[object Object],,000000000000000005ba9afd7c8321eb255dcfe10833145b,info
2026-09-27 21:38:22,2026/09/28 00:38:22 INFO SSH listening listen_address=[fdaa:a2:633:a7b:193:cfe1:c765:2]:22,1e2d79f761b0ed40,[object Object],,000000000000000005ba9afd7c8321eb255dcfe10833145b,info
2026-09-27 21:38:22,[32m INFO[0m [fly api proxy] listening at /.fly/api,a316ded979d1acd4,[object Object],,000000000000000005ba9afd7c8321eb255dcfe10833145b,info
2026-09-27 21:38:22,[32m INFO[0m Preparing to run: `docker-entrypoint.sh node src/telegram-run.mjs` as root,eb3373a179b54ac5,[object Object],,000000000000000005ba9afd7c8321eb255dcfe10833145b,info
2026-09-27 21:38:22,[32m INFO[0m Resized /data to 1056964608 bytes,6c5bccdedd76290b,[object Object],,000000000000000005ba9afd7c8321eb255dcfe10833145b,info
2026-09-27 21:38:22,"[32m INFO[0m Mounting /dev/vdc at /data w/ uid: 0, gid: 0 and chmod 0755",47e9e918fea4d825,[object Object],,000000000000000005ba9afd7c8321eb255dcfe10833145b,info
2026-09-27 21:38:22,"/dev/vdc: clean, 12/64512 files, 8786/258048 blocks",b46f3eea4ab1d615,[object Object],,000000000000000005ba9afd7c8321eb255dcfe10833145b,info
2026-09-27 21:38:22,[32m INFO[0m Checking filesystem on /data,1ebc8737503acc24,[object Object],,000000000000000005ba9afd7c8321eb255dcfe10833145b,info
2026-09-27 21:38:22,[32m INFO[0m Starting init (commit: 6172d83)...,24080dd409a6123e,[object Object],,000000000000000005ba9afd7c8321eb255dcfe10833145b,info
2026-09-27 21:38:21,"2026-09-28T00:38:21.899812306 [01M3JQ5GVH0NZDEXM9YTY2Z3Q1:main] Listening on API socket (""/fc.sock"").",fa743cc40ffc6341,[object Object],,000000000000000005ba9afd7c8321eb255dcfe10833145b,info
2026-09-27 21:38:21,2026-09-28T00:38:21.899616802 [01M3JQ5GVH0NZDEXM9YTY2Z3Q1:main] Running Firecracker v1.14.4,53081ccd2218036a,[object Object],,000000000000000005ba9afd7c8321eb255dcfe10833145b,info
2026-09-27 21:38:21,[   43.947671] reboot: Restarting system,7eed0c8a0f10182e,[object Object],,000000000000000005ba9afd7c8321eb255dcfe10833145b,info
2026-09-27 21:38:21,[32m INFO[0m Umounting /dev/vdc from /data,a25e39c63c28ebe5,[object Object],,000000000000000005ba9afd7c8321eb255dcfe10833145b,info
2026-09-27 21:38:21,[32m INFO[0m Starting clean up.,6d31fe388f9c6251,[object Object],,000000000000000005ba9afd7c8321eb255dcfe10833145b,info
2026-09-27 21:38:21,"[32m INFO[0m Main child exited with signal (with signal 'SIGINT', core dumped? false)",ca0c218c11d3a3b,[object Object],,000000000000000005ba9afd7c8321eb255dcfe10833145b,info
2026-09-27 21:38:20,[32m INFO[0m Sending signal SIGINT to main child process w/ PID 643,d6e919ed0fc06b7d,[object Object],,000000000000000005ba9afd7c8321eb255dcfe10833145b,info
2026-09-27 21:38:20,Configuring firecracker,7ff37e590aa462b6,[object Object],,000000000000000005ba9afd7c8321eb255dcfe10833145b,info
2026-09-27 21:38:20,Opening encrypted volume,523c1a638a534598,[object Object],,000000000000000005ba9afd7c8321eb255dcfe10833145b,info
2026-09-27 21:38:20,Setting up volume 'jevsentinel_data',ac87d4e8da375f48,[object Object],,000000000000000005ba9afd7c8321eb255dcfe10833145b,info
2026-09-27 21:38:20,Successfully prepared image registry.fly.io/jevsentinel@sha256:17c8ddf61c8397f541f6c276b7ef6bf5df72e8066c65880b17ff959efc98ce67 (1.439500941s),23e39d561ab2842c,[object Object],,000000000000000005ba9afd7c8321eb255dcfe10833145b,info
2026-09-27 21:38:18,Pulling container image registry.fly.io/jevsentinel@sha256:17c8ddf61c8397f541f6c276b7ef6bf5df72e8066c65880b17ff959efc98ce67,9b5dc42377b2da2c,[object Object],,000000000000000005ba9afd7c8321eb255dcfe10833145b,info
2026-09-27 21:37:40,[jevsentinel-telegram] connected,1b2a82aa9f0aaacd,[object Object],,000000000000000005ba9afd7c8321eb255dcfe10833145b,info
2026-09-27 21:37:40,[jevsentinel-telegram] Telegram webhook: none; long polling enabled,fecff989fc883909,[object Object],,000000000000000005ba9afd7c8321eb255dcfe10833145b,info
2026-09-27 21:37:39,"[jevsentinel-telegram] Telegram bot capabilities {""botId"":8806712852,""username"":""JevSentinelBot"",""canReadAllGroupMessages"":true,""canJoinGroups"":true}",1e63d3798a24e645,[object Object],,000000000000000005ba9afd7c8321eb255dcfe10833145b,info
2026-09-27 21:37:39,"[jevsentinel-telegram] persistent group configuration restored {""count"":1}",4399e3bf16e0659e,[object Object],,000000000000000005ba9afd7c8321eb255dcfe10833145b,info
2026-09-27 21:37:38,Machine created and started in 2.741s,722c5229c8be76f0,[object Object],,000000000000000005ba9afd7c8321eb255dcfe10833145b,info
2026-09-27 21:37:38,2026/09/28 00:37:38 INFO SSH listening listen_address=[fdaa:a2:633:a7b:193:cfe1:c765:2]:22,862ddda488352c33,[object Object],,000000000000000005ba9afd7c8321eb255dcfe10833145b,info
2026-09-27 21:37:38,[32m INFO[0m [fly api proxy] listening at /.fly/api,76fe2d61913decfc,[object Object],,000000000000000005ba9afd7c8321eb255dcfe10833145b,info
2026-09-27 21:37:38,[32m INFO[0m Preparing to run: `docker-entrypoint.sh node src/telegram-run.mjs` as root,6c6515a7349f09a6,[object Object],,000000000000000005ba9afd7c8321eb255dcfe10833145b,info
2026-09-27 21:37:38,[32m INFO[0m Resized /data to 1056964608 bytes,4a880566b26d2228,[object Object],,000000000000000005ba9afd7c8321eb255dcfe10833145b,info
2026-09-27 21:37:38,"[32m INFO[0m Mounting /dev/vdc at /data w/ uid: 0, gid: 0 and chmod 0755",d78688315f5ba1c9,[object Object],,000000000000000005ba9afd7c8321eb255dcfe10833145b,info
2026-09-27 21:37:38,"/dev/vdc: clean, 12/64512 files, 8786/258048 blocks",61e23a76ab223006,[object Object],,000000000000000005ba9afd7c8321eb255dcfe10833145b,info
2026-09-27 21:37:38,[32m INFO[0m Checking filesystem on /data,573645ccf5cb67e5,[object Object],,000000000000000005ba9afd7c8321eb255dcfe10833145b,info
2026-09-27 21:37:38,[32m INFO[0m Starting init (commit: 6172d83)...,c08aaafe1a05a0c7,[object Object],,000000000000000005ba9afd7c8321eb255dcfe10833145b,info
2026-09-27 21:37:37,"2026-09-28T00:37:37.242873228 [01M3JQ46F0NHJK6GK501BNTRQE:main] Listening on API socket (""/fc.sock"").",7b9e56418302bb95,[object Object],,000000000000000005ba9afd7c8321eb255dcfe10833145b,info
2026-09-27 21:37:37,2026-09-28T00:37:37.242683533 [01M3JQ46F0NHJK6GK501BNTRQE:main] Running Firecracker v1.14.4,b527cf511b88392e,[object Object],,000000000000000005ba9afd7c8321eb255dcfe10833145b,info
2026-09-27 21:37:36,[  795.817463] reboot: Restarting system,8d6579c9381627b2,[object Object],,000000000000000005ba9afd7c8321eb255dcfe10833145b,info
2026-09-27 21:37:36,[32m INFO[0m Umounting /dev/vdc from /data,e581eb43faf62adf,[object Object],,000000000000000005ba9afd7c8321eb255dcfe10833145b,info
2026-09-27 21:37:36,[32m INFO[0m Starting clean up.,3fbd289fd36f1f85,[object Object],,000000000000000005ba9afd7c8321eb255dcfe10833145b,info
2026-09-27 21:37:36,"[32m INFO[0m Main child exited with signal (with signal 'SIGINT', core dumped? false)",cbe1e94bf7d79385,[object Object],,000000000000000005ba9afd7c8321eb255dcfe10833145b,info
2026-09-27 21:37:36,[32m INFO[0m Sending signal SIGINT to main child process w/ PID 643,9382fba90c51875b,[object Object],,000000000000000005ba9afd7c8321eb255dcfe10833145b,info
2026-09-27 21:37:36,Configuring firecracker,b59960da0396db1e,[object Object],,000000000000000005ba9afd7c8321eb255dcfe10833145b,info
2026-09-27 21:37:35,Opening encrypted volume,d34f2ef323bb68e,[object Object],,000000000000000005ba9afd7c8321eb255dcfe10833145b,info
2026-09-27 21:37:35,Setting up volume 'jevsentinel_data',7560e00d6da85377,[object Object],,000000000000000005ba9afd7c8321eb255dcfe10833145b,info
2026-09-27 21:37:35,Container image registry.fly.io/jevsentinel@sha256:b4d3323c3d681e1f940a96bdfbb04d92a71b263da73641070f2030a9e99d7197 already prepared,46b6946f73ebed98,[object Object],,000000000000000005ba9afd7c8321eb255dcfe10833145b,info
2026-09-27 21:37:35,Pulling container image registry.fly.io/jevsentinel@sha256:b4d3323c3d681e1f940a96bdfbb04d92a71b263da73641070f2030a9e99d7197,66fbf5de4ffacc81,[object Object],,000000000000000005ba9afd7c8321eb255dcfe10833145b,info
2026-09-27 21:37:35,2026/09/28 00:37:35 INFO New SSH session email=pxmurphy@gmail.com verified=true,e208e0a1e87d5e09,[object Object],,000000000000000005ba9afd7c8321eb255dcfe10833145b,info
2026-09-27 21:37:34,2026/09/28 00:37:34 INFO New SSH session email=pxmurphy@gmail.com verified=true,c2909273b7783851,[object Object],,000000000000000005ba9afd7c8321eb255dcfe10833145b,info
2026-09-27 21:37:33,2026/09/28 00:37:33 INFO New SSH session email=pxmurphy@gmail.com verified=true,bc8247f4e4f6b390,[object Object],,000000000000000005ba9afd7c8321eb255dcfe10833145b,info
2026-09-27 21:37:32,2026/09/28 00:37:32 INFO New SSH session email=pxmurphy@gmail.com verified=true,e6a452a18649c8d0,[object Object],,000000000000000005ba9afd7c8321eb255dcfe10833145b,info
2026-09-27 21:37:31,2026/09/28 00:37:31 INFO New SSH session email=pxmurphy@gmail.com verified=true,7d6a87a735e075a0,[object Object],,000000000000000005ba9afd7c8321eb255dcfe10833145b,info
2026-09-27 21:37:24,2026/09/28 00:37:24 INFO New SSH session email=pxmurphy@gmail.com verified=true,a3dc452d5fe9c955,[object Object],,000000000000000005ba9afd7c8321eb255dcfe10833145b,info
2026-09-27 21:37:22,2026/09/28 00:37:22 INFO New SSH session email=pxmurphy@gmail.com verified=true,c5baf000a6afe4d7,[object Object],,000000000000000005ba9afd7c8321eb255dcfe10833145b,info
2026-09-27 21:37:20,2026/09/28 00:37:20 INFO New SSH session email=pxmurphy@gmail.com verified=true,1330a77031a914e1,[object Object],,000000000000000005ba9afd7c8321eb255dcfe10833145b,info
2026-09-27 21:37:18,2026/09/28 00:37:18 INFO New SSH session email=pxmurphy@gmail.com verified=true,aee655c96af927e,[object Object],,000000000000000005ba9afd7c8321eb255dcfe10833145b,info
2026-09-27 21:31:44,"[jevsentinel-telegram] updates received {""count"":1,""firstUpdateId"":562699738,""lastUpdateId"":562699738}",2e9915f69d993af7,[object Object],,000000000000000005ba9afd7c8321eb255dcfe10833145b,info
2026-09-27 21:31:38,"[jevsentinel] live action state {""action"":""HOLD"",""stage"":""STABLE"",""riskScore"":0,""confidence"":0.84,""reasons"":[""creator identity resolved""]}",e83f8d6ea1cdca06,[object Object],,000000000000000005ba9afd7c8321eb255dcfe10833145b,info
2026-09-27 21:31:38,"[jevsentinel] shadow prediction {""version"":1,""shadow"":true,""action"":""CAUTION"",""confidence"":0.5,""sampleCount"":15,""evidenceQuality"":""strong"",""sourceTrajectoryAction"":""HOLD"",""reasons"":[""signals do not form a reliable forward setup""],""predictedAt"":""2026-09-28T00:31:38.654Z""}",c7dee602aa7ecca2,[object Object],,000000000000000005ba9afd7c8321eb255dcfe10833145b,info
2026-09-27 21:31:38,"[jevsentinel] decision input {""mint"":""E4vwseNWpkBxzNxyv3msVLCzYHU5SXrj1QWXEycypump"",""sourceCard"":""CW"",""evidenceGroups"":{""tokenIntegrity"":true,""holderStructure"":true,""creatorIntelligence"":true,""walletBehaviour"":true,""flowDynamics"":true,""marketDynamics"":true,""liquidityStructure"":true,""temporalIntelligence"":true,""historicalIntelligence"":true,""alternativeExplanation"":true},""evidenceQuality"":""strong"",""providers"":{""token-research"":{""available"":true,""fieldCount"":30},""transfer-flow"":{""available"":true,""fieldCount"":13}},""temporalSampleCount"":15}",9af15017574d6ff3,[object Object],,000000000000000005ba9afd7c8321eb255dcfe10833145b,info
2026-09-27 21:31:38,"[jevsentinel] trajectory state {""action"":""HOLD"",""stage"":""STABLE"",""riskScore"":0,""confidence"":0.84,""reasons"":[""creator identity resolved""]}",c0bbecf203ea251c,[object Object],,000000000000000005ba9afd7c8321eb255dcfe10833145b,info
2026-09-27 21:31:38,"[jevsentinel] temporal state {""priorSnapshotCount"":14,""currentSnapshot"":{""observedAt"":""2026-09-28T00:31:38.488Z"",""price"":null,""liquidity"":null,""volume"":null,""priceChange5mPct"":null,""priceChange1hPct"":null,""buyCount5m"":null,""sellCount5m"":null,""buySellRatio5m"":null,""uniqueSellers"":0,""uniqueBuyers"":0,""sellerAcceleration"":0,""coordinatedSellers"":0,""sellUsd"":null,""buyUsd"":null,""sellerCount"":null},""sampleCount"":15,""deltas"":{""uniqueSellers"":0,""uniqueBuyers"":0,""sellerAcceleration"":0,""coordinatedSellers"":0},""acceleration"":{""selling"":""stable"",""buyPressure"":""stable"",""volume"":""stable"",""liquidity"":""stable"",""price"":""stable"",""sellers"":""stable"",""coordination"":""stable""}}",11df1287ee733bd6,[object Object],,000000000000000005ba9afd7c8321eb255dcfe10833145b,info
2026-09-27 21:31:27,"[jevsentinel] live action state {""action"":""HOLD"",""stage"":""STABLE"",""riskScore"":0,""confidence"":0.84,""reasons"":[""creator identity resolved""]}",4be9947e32de37b,[object Object],,000000000000000005ba9afd7c8321eb255dcfe10833145b,info
2026-09-27 21:31:27,"[jevsentinel] shadow prediction {""version"":1,""shadow"":true,""action"":""CAUTION"",""confidence"":0.5,""sampleCount"":14,""evidenceQuality"":""strong"",""sourceTrajectoryAction"":""HOLD"",""reasons"":[""signals do not form a reliable forward setup""],""predictedAt"":""2026-09-28T00:31:27.154Z""}",2fa2ec7dfc83f145,[object Object],,000000000000000005ba9afd7c8321eb255dcfe10833145b,info
2026-09-27 21:31:26,"[jevsentinel] decision input {""mint"":""E4vwseNWpkBxzNxyv3msVLCzYHU5SXrj1QWXEycypump"",""sourceCard"":""CW"",""evidenceGroups"":{""tokenIntegrity"":true,""holderStructure"":true,""creatorIntelligence"":true,""walletBehaviour"":true,""flowDynamics"":true,""marketDynamics"":true,""liquidityStructure"":true,""temporalIntelligence"":true,""historicalIntelligence"":true,""alternativeExplanation"":true},""evidenceQuality"":""strong"",""providers"":{""token-research"":{""available"":true,""fieldCount"":30},""transfer-flow"":{""available"":true,""fieldCount"":13}},""temporalSampleCount"":14}",d8f5006088e21dbc,[object Object],,000000000000000005ba9afd7c8321eb255dcfe10833145b,info
2026-09-27 21:31:26,"[jevsentinel] trajectory state {""action"":""HOLD"",""stage"":""STABLE"",""riskScore"":0,""confidence"":0.84,""reasons"":[""creator identity resolved""]}",89a4e1d8ccd88842,[object Object],,000000000000000005ba9afd7c8321eb255dcfe10833145b,info
2026-09-27 21:31:26,"[jevsentinel] temporal state {""priorSnapshotCount"":13,""currentSnapshot"":{""observedAt"":""2026-09-28T00:31:26.977Z"",""price"":null,""liquidity"":null,""volume"":null,""priceChange5mPct"":null,""priceChange1hPct"":null,""buyCount5m"":null,""sellCount5m"":null,""buySellRatio5m"":null,""uniqueSellers"":0,""uniqueBuyers"":0,""sellerAcceleration"":0,""coordinatedSellers"":0,""sellUsd"":null,""buyUsd"":null,""sellerCount"":null},""sampleCount"":14,""deltas"":{""uniqueSellers"":0,""uniqueBuyers"":0,""sellerAcceleration"":0,""coordinatedSellers"":0},""acceleration"":{""selling"":""stable"",""buyPressure"":""stable"",""volume"":""stable"",""liquidity"":""stable"",""price"":""stable"",""sellers"":""stable"",""coordination"":""stable""}}",e514eaf95325730e,[object Object],,000000000000000005ba9afd7c8321eb255dcfe10833145b,info
2026-09-27 21:31:16,"[jevsentinel] live action state {""action"":""HOLD"",""stage"":""STABLE"",""riskScore"":0,""confidence"":0.84,""reasons"":[""creator identity resolved""]}",db7f8cd747d26a8b,[object Object],,000000000000000005ba9afd7c8321eb255dcfe10833145b,info
2026-09-27 21:31:16,"[jevsentinel] shadow prediction {""version"":1,""shadow"":true,""action"":""CAUTION"",""confidence"":0.5,""sampleCount"":13,""evidenceQuality"":""strong"",""sourceTrajectoryAction"":""HOLD"",""reasons"":[""signals do not form a reliable forward setup""],""predictedAt"":""2026-09-28T00:31:16.244Z""}",494271ca253ee6fd,[object Object],,000000000000000005ba9afd7c8321eb255dcfe10833145b,info
2026-09-27 21:31:16,"[jevsentinel] decision input {""mint"":""E4vwseNWpkBxzNxyv3msVLCzYHU5SXrj1QWXEycypump"",""sourceCard"":""CW"",""evidenceGroups"":{""tokenIntegrity"":true,""holderStructure"":true,""creatorIntelligence"":true,""walletBehaviour"":true,""flowDynamics"":true,""marketDynamics"":true,""liquidityStructure"":true,""temporalIntelligence"":true,""historicalIntelligence"":true,""alternativeExplanation"":true},""evidenceQuality"":""strong"",""providers"":{""token-research"":{""available"":true,""fieldCount"":30},""transfer-flow"":{""available"":true,""fieldCount"":13}},""temporalSampleCount"":13}",7c49c1c926021ef4,[object Object],,000000000000000005ba9afd7c8321eb255dcfe10833145b,info
2026-09-27 21:31:16,"[jevsentinel] trajectory state {""action"":""HOLD"",""stage"":""STABLE"",""riskScore"":0,""confidence"":0.84,""reasons"":[""creator identity resolved""]}",4427f4b130f44c55,[object Object],,000000000000000005ba9afd7c8321eb255dcfe10833145b,info
2026-09-27 21:31:16,"[jevsentinel] temporal state {""priorSnapshotCount"":12,""currentSnapshot"":{""observedAt"":""2026-09-28T00:31:16.083Z"",""price"":null,""liquidity"":null,""volume"":null,""priceChange5mPct"":null,""priceChange1hPct"":null,""buyCount5m"":null,""sellCount5m"":null,""buySellRatio5m"":null,""uniqueSellers"":0,""uniqueBuyers"":0,""sellerAcceleration"":0,""coordinatedSellers"":0,""sellUsd"":null,""buyUsd"":null,""sellerCount"":null},""sampleCount"":13,""deltas"":{""uniqueSellers"":0,""uniqueBuyers"":0,""sellerAcceleration"":0,""coordinatedSellers"":0},""acceleration"":{""selling"":""stable"",""buyPressure"":""stable"",""volume"":""stable"",""liquidity"":""stable"",""price"":""stable"",""sellers"":""stable"",""coordination"":""stable""}}",7df23318d077e7f9,[object Object],,000000000000000005ba9afd7c8321eb255dcfe10833145b,info
2026-09-27 21:31:04,"[jevsentinel] live action state {""action"":""HOLD"",""stage"":""STABLE"",""riskScore"":0,""confidence"":0.84,""reasons"":[""creator identity resolved""]}",fc0fbaef7d7f14a3,[object Object],,000000000000000005ba9afd7c8321eb255dcfe10833145b,info
2026-09-27 21:31:04,"[jevsentinel] shadow prediction {""version"":1,""shadow"":true,""action"":""CAUTION"",""confidence"":0.5,""sampleCount"":12,""evidenceQuality"":""strong"",""sourceTrajectoryAction"":""HOLD"",""reasons"":[""signals do not form a reliable forward setup""],""predictedAt"":""2026-09-28T00:31:04.736Z""}",87fe7bf57e34ab72,[object Object],,000000000000000005ba9afd7c8321eb255dcfe10833145b,info
2026-09-27 21:31:04,"[jevsentinel] decision input {""mint"":""E4vwseNWpkBxzNxyv3msVLCzYHU5SXrj1QWXEycypump"",""sourceCard"":""CW"",""evidenceGroups"":{""tokenIntegrity"":true,""holderStructure"":true,""creatorIntelligence"":true,""walletBehaviour"":true,""flowDynamics"":true,""marketDynamics"":true,""liquidityStructure"":true,""temporalIntelligence"":true,""historicalIntelligence"":true,""alternativeExplanation"":true},""evidenceQuality"":""strong"",""providers"":{""token-research"":{""available"":true,""fieldCount"":30},""transfer-flow"":{""available"":true,""fieldCount"":13}},""temporalSampleCount"":12}",c511be7ddd09cc1d,[object Object],,000000000000000005ba9afd7c8321eb255dcfe10833145b,info
2026-09-27 21:31:04,"[jevsentinel] trajectory state {""action"":""HOLD"",""stage"":""STABLE"",""riskScore"":0,""confidence"":0.84,""reasons"":[""creator identity resolved""]}",53a32aa2433c6f89,[object Object],,000000000000000005ba9afd7c8321eb255dcfe10833145b,info
2026-09-27 21:31:04,"[jevsentinel] temporal state {""priorSnapshotCount"":11,""currentSnapshot"":{""observedAt"":""2026-09-28T00:31:04.572Z"",""price"":null,""liquidity"":null,""volume"":null,""priceChange5mPct"":null,""priceChange1hPct"":null,""buyCount5m"":null,""sellCount5m"":null,""buySellRatio5m"":null,""uniqueSellers"":0,""uniqueBuyers"":0,""sellerAcceleration"":0,""coordinatedSellers"":0,""sellUsd"":null,""buyUsd"":null,""sellerCount"":null},""sampleCount"":12,""deltas"":{""uniqueSellers"":0,""uniqueBuyers"":0,""sellerAcceleration"":0,""coordinatedSellers"":0},""acceleration"":{""selling"":""stable"",""buyPressure"":""stable"",""volume"":""stable"",""liquidity"":""stable"",""price"":""stable"",""sellers"":""stable"",""coordination"":""stable""}}",df6c3027e88545d1,[object Object],,000000000000000005ba9afd7c8321eb255dcfe10833145b,info
2026-09-27 21:30:53,"[jevsentinel] live action state {""action"":""HOLD"",""stage"":""STABLE"",""riskScore"":0,""confidence"":0.84,""reasons"":[""creator identity resolved""]}",3b7f8ab1a5c5ab31,[object Object],,000000000000000005ba9afd7c8321eb255dcfe10833145b,info
2026-09-27 21:30:53,"[jevsentinel] shadow prediction {""version"":1,""shadow"":true,""action"":""CAUTION"",""confidence"":0.5,""sampleCount"":11,""evidenceQuality"":""strong"",""sourceTrajectoryAction"":""HOLD"",""reasons"":[""signals do not form a reliable forward setup""],""predictedAt"":""2026-09-28T00:30:53.989Z""}",daf3d0b1d8233968,[object Object],,000000000000000005ba9afd7c8321eb255dcfe10833145b,info
2026-09-27 21:30:53,"[jevsentinel] decision input {""mint"":""E4vwseNWpkBxzNxyv3msVLCzYHU5SXrj1QWXEycypump"",""sourceCard"":""CW"",""evidenceGroups"":{""tokenIntegrity"":true,""holderStructure"":true,""creatorIntelligence"":true,""walletBehaviour"":true,""flowDynamics"":true,""marketDynamics"":true,""liquidityStructure"":true,""temporalIntelligence"":true,""historicalIntelligence"":true,""alternativeExplanation"":true},""evidenceQuality"":""strong"",""providers"":{""token-research"":{""available"":true,""fieldCount"":30},""transfer-flow"":{""available"":true,""fieldCount"":13}},""temporalSampleCount"":11}",85f1d883096875f8,[object Object],,000000000000000005ba9afd7c8321eb255dcfe10833145b,info
2026-09-27 21:30:53,"[jevsentinel] trajectory state {""action"":""HOLD"",""stage"":""STABLE"",""riskScore"":0,""confidence"":0.84,""reasons"":[""creator identity resolved""]}",fcc84571d84a8831,[object Object],,000000000000000005ba9afd7c8321eb255dcfe10833145b,info
2026-09-27 21:30:53,"[jevsentinel] temporal state {""priorSnapshotCount"":10,""currentSnapshot"":{""observedAt"":""2026-09-28T00:30:53.804Z"",""price"":null,""liquidity"":null,""volume"":null,""priceChange5mPct"":null,""priceChange1hPct"":null,""buyCount5m"":null,""sellCount5m"":null,""buySellRatio5m"":null,""uniqueSellers"":0,""uniqueBuyers"":0,""sellerAcceleration"":0,""coordinatedSellers"":0,""sellUsd"":null,""buyUsd"":null,""sellerCount"":null},""sampleCount"":11,""deltas"":{""uniqueSellers"":0,""uniqueBuyers"":0,""sellerAcceleration"":0,""coordinatedSellers"":0},""acceleration"":{""selling"":""stable"",""buyPressure"":""stable"",""volume"":""stable"",""liquidity"":""stable"",""price"":""stable"",""sellers"":""stable"",""coordination"":""stable""}}",b55bdbbb613dd18b,[object Object],,000000000000000005ba9afd7c8321eb255dcfe10833145b,info
2026-09-27 21:30:42,"[jevsentinel] live action state {""action"":""HOLD"",""stage"":""STABLE"",""riskScore"":0,""confidence"":0.84,""reasons"":[""creator identity resolved""]}",cac10df1a17913a9,[object Object],,000000000000000005ba9afd7c8321eb255dcfe10833145b,info
2026-09-27 21:30:42,"[jevsentinel] shadow prediction {""version"":1,""shadow"":true,""action"":""CAUTION"",""confidence"":0.5,""sampleCount"":10,""evidenceQuality"":""strong"",""sourceTrajectoryAction"":""HOLD"",""reasons"":[""signals do not form a reliable forward setup""],""predictedAt"":""2026-09-28T00:30:42.500Z""}",d240b12dfd4e6df9,[object Object],,000000000000000005ba9afd7c8321eb255dcfe10833145b,info
2026-09-27 21:30:42,"[jevsentinel] decision input {""mint"":""E4vwseNWpkBxzNxyv3msVLCzYHU5SXrj1QWXEycypump"",""sourceCard"":""CW"",""evidenceGroups"":{""tokenIntegrity"":true,""holderStructure"":true,""creatorIntelligence"":true,""walletBehaviour"":true,""flowDynamics"":true,""marketDynamics"":true,""liquidityStructure"":true,""temporalIntelligence"":true,""historicalIntelligence"":true,""alternativeExplanation"":true},""evidenceQuality"":""strong"",""providers"":{""token-research"":{""available"":true,""fieldCount"":30},""transfer-flow"":{""available"":true,""fieldCount"":13}},""temporalSampleCount"":10}",8ffced7b7c11a00b,[object Object],,000000000000000005ba9afd7c8321eb255dcfe10833145b,info
2026-09-27 21:30:42,"[jevsentinel] trajectory state {""action"":""HOLD"",""stage"":""STABLE"",""riskScore"":0,""confidence"":0.84,""reasons"":[""creator identity resolved""]}",1a2b9dc4e574ba36,[object Object],,000000000000000005ba9afd7c8321eb255dcfe10833145b,info
2026-09-27 21:30:42,"[jevsentinel] temporal state {""priorSnapshotCount"":9,""currentSnapshot"":{""observedAt"":""2026-09-28T00:30:42.337Z"",""price"":null,""liquidity"":null,""volume"":null,""priceChange5mPct"":null,""priceChange1hPct"":null,""buyCount5m"":null,""sellCount5m"":null,""buySellRatio5m"":null,""uniqueSellers"":0,""uniqueBuyers"":0,""sellerAcceleration"":0,""coordinatedSellers"":0,""sellUsd"":null,""buyUsd"":null,""sellerCount"":null},""sampleCount"":10,""deltas"":{""uniqueSellers"":0,""uniqueBuyers"":0,""sellerAcceleration"":0,""coordinatedSellers"":0},""acceleration"":{""selling"":""stable"",""buyPressure"":""stable"",""volume"":""stable"",""liquidity"":""stable"",""price"":""stable"",""sellers"":""stable"",""coordination"":""stable""}}",1e645145f49bfd58,[object Object],,000000000000000005ba9afd7c8321eb255dcfe10833145b,info
2026-09-27 21:30:31,"[jevsentinel] live action state {""action"":""HOLD"",""stage"":""STABLE"",""riskScore"":0,""confidence"":0.84,""reasons"":[""creator identity resolved""]}",37f1f76e3aa96acc,[object Object],,000000000000000005ba9afd7c8321eb255dcfe10833145b,info
2026-09-27 21:30:31,"[jevsentinel] shadow prediction {""version"":1,""shadow"":true,""action"":""CAUTION"",""confidence"":0.5,""sampleCount"":9,""evidenceQuality"":""strong"",""sourceTrajectoryAction"":""HOLD"",""reasons"":[""signals do not form a reliable forward setup""],""predictedAt"":""2026-09-28T00:30:31.714Z""}",2922dd0669535c14,[object Object],,000000000000000005ba9afd7c8321eb255dcfe10833145b,info
2026-09-27 21:30:31,"[jevsentinel] decision input {""mint"":""E4vwseNWpkBxzNxyv3msVLCzYHU5SXrj1QWXEycypump"",""sourceCard"":""CW"",""evidenceGroups"":{""tokenIntegrity"":true,""holderStructure"":true,""creatorIntelligence"":true,""walletBehaviour"":true,""flowDynamics"":true,""marketDynamics"":true,""liquidityStructure"":true,""temporalIntelligence"":true,""historicalIntelligence"":true,""alternativeExplanation"":true},""evidenceQuality"":""strong"",""providers"":{""token-research"":{""available"":true,""fieldCount"":30},""transfer-flow"":{""available"":true,""fieldCount"":13}},""temporalSampleCount"":9}",3b69e5a40df30cdf,[object Object],,000000000000000005ba9afd7c8321eb255dcfe10833145b,info
2026-09-27 21:30:31,"[jevsentinel] trajectory state {""action"":""HOLD"",""stage"":""STABLE"",""riskScore"":0,""confidence"":0.84,""reasons"":[""creator identity resolved""]}",cf07806577d0903f,[object Object],,000000000000000005ba9afd7c8321eb255dcfe10833145b,info
2026-09-27 21:30:31,"[jevsentinel] temporal state {""priorSnapshotCount"":8,""currentSnapshot"":{""observedAt"":""2026-09-28T00:30:31.535Z"",""price"":null,""liquidity"":null,""volume"":null,""priceChange5mPct"":null,""priceChange1hPct"":null,""buyCount5m"":null,""sellCount5m"":null,""buySellRatio5m"":null,""uniqueSellers"":0,""uniqueBuyers"":0,""sellerAcceleration"":0,""coordinatedSellers"":0,""sellUsd"":null,""buyUsd"":null,""sellerCount"":null},""sampleCount"":9,""deltas"":{""uniqueSellers"":0,""uniqueBuyers"":0,""sellerAcceleration"":0,""coordinatedSellers"":0},""acceleration"":{""selling"":""stable"",""buyPressure"":""stable"",""volume"":""stable"",""liquidity"":""stable"",""price"":""stable"",""sellers"":""stable"",""coordination"":""stable""}}",c03b3e3567eaf973,[object Object],,000000000000000005ba9afd7c8321eb255dcfe10833145b,info
2026-09-27 21:30:20,"[jevsentinel] live action state {""action"":""HOLD"",""stage"":""STABLE"",""riskScore"":0,""confidence"":0.84,""reasons"":[""creator identity resolved""]}",9aa01936101f84a6,[object Object],,000000000000000005ba9afd7c8321eb255dcfe10833145b,info
2026-09-27 21:30:20,"[jevsentinel] shadow prediction {""version"":1,""shadow"":true,""action"":""CAUTION"",""confidence"":0.5,""sampleCount"":8,""evidenceQuality"":""strong"",""sourceTrajectoryAction"":""HOLD"",""reasons"":[""signals do not form a reliable forward setup""],""predictedAt"":""2026-09-28T00:30:20.209Z""}",cca0add970468fff,[object Object],,000000000000000005ba9afd7c8321eb255dcfe10833145b,info
2026-09-27 21:30:20,"[jevsentinel] decision input {""mint"":""E4vwseNWpkBxzNxyv3msVLCzYHU5SXrj1QWXEycypump"",""sourceCard"":""CW"",""evidenceGroups"":{""tokenIntegrity"":true,""holderStructure"":true,""creatorIntelligence"":true,""walletBehaviour"":true,""flowDynamics"":true,""marketDynamics"":true,""liquidityStructure"":true,""temporalIntelligence"":true,""historicalIntelligence"":true,""alternativeExplanation"":true},""evidenceQuality"":""strong"",""providers"":{""token-research"":{""available"":true,""fieldCount"":30},""transfer-flow"":{""available"":true,""fieldCount"":13}},""temporalSampleCount"":8}",888678c21a180a0,[object Object],,000000000000000005ba9afd7c8321eb255dcfe10833145b,info
2026-09-27 21:30:20,"[jevsentinel] trajectory state {""action"":""HOLD"",""stage"":""STABLE"",""riskScore"":0,""confidence"":0.84,""reasons"":[""creator identity resolved""]}",797652b41efa3fb6,[object Object],,000000000000000005ba9afd7c8321eb255dcfe10833145b,info
2026-09-27 21:30:20,"[jevsentinel] temporal state {""priorSnapshotCount"":7,""currentSnapshot"":{""observedAt"":""2026-09-28T00:30:20.017Z"",""price"":null,""liquidity"":null,""volume"":null,""priceChange5mPct"":null,""priceChange1hPct"":null,""buyCount5m"":null,""sellCount5m"":null,""buySellRatio5m"":null,""uniqueSellers"":0,""uniqueBuyers"":0,""sellerAcceleration"":0,""coordinatedSellers"":0,""sellUsd"":null,""buyUsd"":null,""sellerCount"":null},""sampleCount"":8,""deltas"":{""uniqueSellers"":0,""uniqueBuyers"":0,""sellerAcceleration"":0,""coordinatedSellers"":0},""acceleration"":{""selling"":""stable"",""buyPressure"":""stable"",""volume"":""stable"",""liquidity"":""stable"",""price"":""stable"",""sellers"":""stable"",""coordination"":""stable""}}",cfe86dbcee057ccf,[object Object],,000000000000000005ba9afd7c8321eb255dcfe10833145b,info
2026-09-27 21:30:09,"[jevsentinel] live action state {""action"":""HOLD"",""stage"":""STABLE"",""riskScore"":0,""confidence"":0.8200000000000001,""reasons"":[""creator identity resolved""]}",c037e99feac9551c,[object Object],,000000000000000005ba9afd7c8321eb255dcfe10833145b,info
2026-09-27 21:30:09,"[jevsentinel] shadow prediction {""version"":1,""shadow"":true,""action"":""CAUTION"",""confidence"":0.5,""sampleCount"":7,""evidenceQuality"":""strong"",""sourceTrajectoryAction"":""HOLD"",""reasons"":[""signals do not form a reliable forward setup""],""predictedAt"":""2026-09-28T00:30:09.290Z""}",dbf910678978dfe3,[object Object],,000000000000000005ba9afd7c8321eb255dcfe10833145b,info
2026-09-27 21:30:09,"[jevsentinel] decision input {""mint"":""E4vwseNWpkBxzNxyv3msVLCzYHU5SXrj1QWXEycypump"",""sourceCard"":""CW"",""evidenceGroups"":{""tokenIntegrity"":true,""holderStructure"":true,""creatorIntelligence"":true,""walletBehaviour"":true,""flowDynamics"":true,""marketDynamics"":true,""liquidityStructure"":true,""temporalIntelligence"":true,""historicalIntelligence"":true,""alternativeExplanation"":true},""evidenceQuality"":""strong"",""providers"":{""token-research"":{""available"":true,""fieldCount"":30},""transfer-flow"":{""available"":true,""fieldCount"":13}},""temporalSampleCount"":7}",b6cf3aa89d4dc607,[object Object],,000000000000000005ba9afd7c8321eb255dcfe10833145b,info
2026-09-27 21:30:09,"[jevsentinel] trajectory state {""action"":""HOLD"",""stage"":""STABLE"",""riskScore"":0,""confidence"":0.8200000000000001,""reasons"":[""creator identity resolved""]}",435f7bb4c4317bd1,[object Object],,000000000000000005ba9afd7c8321eb255dcfe10833145b,info
2026-09-27 21:30:09,"[jevsentinel] temporal state {""priorSnapshotCount"":6,""currentSnapshot"":{""observedAt"":""2026-09-28T00:30:09.129Z"",""price"":null,""liquidity"":null,""volume"":null,""priceChange5mPct"":null,""priceChange1hPct"":null,""buyCount5m"":null,""sellCount5m"":null,""buySellRatio5m"":null,""uniqueSellers"":0,""uniqueBuyers"":0,""sellerAcceleration"":0,""coordinatedSellers"":0,""sellUsd"":null,""buyUsd"":null,""sellerCount"":null},""sampleCount"":7,""deltas"":{""uniqueSellers"":0,""uniqueBuyers"":0,""sellerAcceleration"":0,""coordinatedSellers"":0},""acceleration"":{""selling"":""stable"",""buyPressure"":""stable"",""volume"":""stable"",""liquidity"":""stable"",""price"":""stable"",""sellers"":""stable"",""coordination"":""stable""}}",490e544d59200520,[object Object],,000000000000000005ba9afd7c8321eb255dcfe10833145b,info
2026-09-27 21:29:57,"[jevsentinel] live action state {""action"":""HOLD"",""stage"":""STABLE"",""riskScore"":0,""confidence"":0.8,""reasons"":[]}",425ea34f379e3058,[object Object],,000000000000000005ba9afd7c8321eb255dcfe10833145b,info
2026-09-27 21:29:57,"[jevsentinel] shadow prediction {""version"":1,""shadow"":true,""action"":""CAUTION"",""confidence"":0.5,""sampleCount"":6,""evidenceQuality"":""strong"",""sourceTrajectoryAction"":""HOLD"",""reasons"":[""signals do not form a reliable forward setup""],""predictedAt"":""2026-09-28T00:29:57.806Z""}",d3e885f90da92d7c,[object Object],,000000000000000005ba9afd7c8321eb255dcfe10833145b,info
2026-09-27 21:29:57,"[jevsentinel] decision input {""mint"":""E4vwseNWpkBxzNxyv3msVLCzYHU5SXrj1QWXEycypump"",""sourceCard"":""CW"",""evidenceGroups"":{""tokenIntegrity"":true,""holderStructure"":true,""creatorIntelligence"":true,""walletBehaviour"":true,""flowDynamics"":true,""marketDynamics"":true,""liquidityStructure"":true,""temporalIntelligence"":true,""historicalIntelligence"":true,""alternativeExplanation"":true},""evidenceQuality"":""strong"",""providers"":{""token-research"":{""available"":true,""fieldCount"":30},""transfer-flow"":{""available"":true,""fieldCount"":13}},""temporalSampleCount"":6}",bb77ded99c0736cc,[object Object],,000000000000000005ba9afd7c8321eb255dcfe10833145b,info
2026-09-27 21:29:57,"[jevsentinel] trajectory state {""action"":""HOLD"",""stage"":""STABLE"",""riskScore"":0,""confidence"":0.8,""reasons"":[]}",6d6f084cfa2b6acc,[object Object],,000000000000000005ba9afd7c8321eb255dcfe10833145b,info
2026-09-27 21:29:57,"[jevsentinel] temporal state {""priorSnapshotCount"":5,""currentSnapshot"":{""observedAt"":""2026-09-28T00:29:57.641Z"",""price"":null,""liquidity"":null,""volume"":null,""priceChange5mPct"":null,""priceChange1hPct"":null,""buyCount5m"":null,""sellCount5m"":null,""buySellRatio5m"":null,""uniqueSellers"":0,""uniqueBuyers"":0,""sellerAcceleration"":0,""coordinatedSellers"":0,""sellUsd"":null,""buyUsd"":null,""sellerCount"":null},""sampleCount"":6,""deltas"":{""uniqueSellers"":0,""uniqueBuyers"":0,""sellerAcceleration"":0,""coordinatedSellers"":0},""acceleration"":{""selling"":""stable"",""buyPressure"":""stable"",""volume"":""stable"",""liquidity"":""stable"",""price"":""stable"",""sellers"":""stable"",""coordination"":""stable""}}",82b6f8e4e47ecefa,[object Object],,000000000000000005ba9afd7c8321eb255dcfe10833145b,info
2026-09-27 21:29:46,"[jevsentinel] live action state {""action"":""HOLD"",""stage"":""STABLE"",""riskScore"":0,""confidence"":0.78,""reasons"":[]}",393c1c2569fe49a3,[object Object],,000000000000000005ba9afd7c8321eb255dcfe10833145b,info
2026-09-27 21:29:46,"[jevsentinel] shadow prediction {""version"":1,""shadow"":true,""action"":""CAUTION"",""confidence"":0.5,""sampleCount"":5,""evidenceQuality"":""strong"",""sourceTrajectoryAction"":""HOLD"",""reasons"":[""signals do not form a reliable forward setup""],""predictedAt"":""2026-09-28T00:29:46.882Z""}",2376d372b50062d3,[object Object],,000000000000000005ba9afd7c8321eb255dcfe10833145b,info
2026-09-27 21:29:46,"[jevsentinel] decision input {""mint"":""E4vwseNWpkBxzNxyv3msVLCzYHU5SXrj1QWXEycypump"",""sourceCard"":""CW"",""evidenceGroups"":{""tokenIntegrity"":true,""holderStructure"":true,""creatorIntelligence"":true,""walletBehaviour"":true,""flowDynamics"":true,""marketDynamics"":true,""liquidityStructure"":true,""temporalIntelligence"":true,""historicalIntelligence"":true,""alternativeExplanation"":true},""evidenceQuality"":""strong"",""providers"":{""token-research"":{""available"":true,""fieldCount"":30},""transfer-flow"":{""available"":true,""fieldCount"":13}},""temporalSampleCount"":5}",c6d015856f2f9bde,[object Object],,000000000000000005ba9afd7c8321eb255dcfe10833145b,info
2026-09-27 21:29:46,"[jevsentinel] trajectory state {""action"":""HOLD"",""stage"":""STABLE"",""riskScore"":0,""confidence"":0.78,""reasons"":[]}",1d286e3c46cd97b6,[object Object],,000000000000000005ba9afd7c8321eb255dcfe10833145b,info
2026-09-27 21:29:46,"[jevsentinel] temporal state {""priorSnapshotCount"":4,""currentSnapshot"":{""observedAt"":""2026-09-28T00:29:46.692Z"",""price"":null,""liquidity"":null,""volume"":null,""priceChange5mPct"":null,""priceChange1hPct"":null,""buyCount5m"":null,""sellCount5m"":null,""buySellRatio5m"":null,""uniqueSellers"":0,""uniqueBuyers"":0,""sellerAcceleration"":0,""coordinatedSellers"":0,""sellUsd"":null,""buyUsd"":null,""sellerCount"":null},""sampleCount"":5,""deltas"":{""uniqueSellers"":0,""uniqueBuyers"":0,""sellerAcceleration"":0,""coordinatedSellers"":0},""acceleration"":{""selling"":""stable"",""buyPressure"":""stable"",""volume"":""stable"",""liquidity"":""stable"",""price"":""stable"",""sellers"":""stable"",""coordination"":""stable""}}",1e66b1ff40200a87,[object Object],,000000000000000005ba9afd7c8321eb255dcfe10833145b,info
2026-09-27 21:29:35,"[jevsentinel] live action state {""action"":""HOLD"",""stage"":""STABLE"",""riskScore"":0,""confidence"":0.76,""reasons"":[]}",2b63fe32bd6532d3,[object Object],,000000000000000005ba9afd7c8321eb255dcfe10833145b,info
2026-09-27 21:29:35,"[jevsentinel] shadow prediction {""version"":1,""shadow"":true,""action"":""CAUTION"",""confidence"":0.5,""sampleCount"":4,""evidenceQuality"":""strong"",""sourceTrajectoryAction"":""HOLD"",""reasons"":[""signals do not form a reliable forward setup""],""predictedAt"":""2026-09-28T00:29:35.355Z""}",8272019f613c4f43,[object Object],,000000000000000005ba9afd7c8321eb255dcfe10833145b,info
2026-09-27 21:29:35,"[jevsentinel] decision input {""mint"":""E4vwseNWpkBxzNxyv3msVLCzYHU5SXrj1QWXEycypump"",""sourceCard"":""CW"",""evidenceGroups"":{""tokenIntegrity"":true,""holderStructure"":true,""creatorIntelligence"":true,""walletBehaviour"":true,""flowDynamics"":true,""marketDynamics"":true,""liquidityStructure"":true,""temporalIntelligence"":true,""historicalIntelligence"":true,""alternativeExplanation"":true},""evidenceQuality"":""strong"",""providers"":{""token-research"":{""available"":true,""fieldCount"":30},""transfer-flow"":{""available"":true,""fieldCount"":13}},""temporalSampleCount"":4}",52e052ffbe7bc4c5,[object Object],,000000000000000005ba9afd7c8321eb255dcfe10833145b,info
2026-09-27 21:29:35,"[jevsentinel] trajectory state {""action"":""HOLD"",""stage"":""STABLE"",""riskScore"":0,""confidence"":0.76,""reasons"":[]}",da4b256fc5f2aad1,[object Object],,000000000000000005ba9afd7c8321eb255dcfe10833145b,info
2026-09-27 21:29:35,"[jevsentinel] temporal state {""priorSnapshotCount"":3,""currentSnapshot"":{""observedAt"":""2026-09-28T00:29:35.198Z"",""price"":null,""liquidity"":null,""volume"":null,""priceChange5mPct"":null,""priceChange1hPct"":null,""buyCount5m"":null,""sellCount5m"":null,""buySellRatio5m"":null,""uniqueSellers"":0,""uniqueBuyers"":0,""sellerAcceleration"":0,""coordinatedSellers"":0,""sellUsd"":null,""buyUsd"":null,""sellerCount"":null},""sampleCount"":4,""deltas"":{""uniqueSellers"":0,""uniqueBuyers"":0,""sellerAcceleration"":0,""coordinatedSellers"":0},""acceleration"":{""selling"":""stable"",""buyPressure"":""stable"",""volume"":""stable"",""liquidity"":""stable"",""price"":""stable"",""sellers"":""stable"",""coordination"":""stable""}}",a024f519a4ddb84f,[object Object],,000000000000000005ba9afd7c8321eb255dcfe10833145b,info
2026-09-27 21:29:24,"[jevsentinel] live action state {""action"":""HOLD"",""stage"":""STABLE"",""riskScore"":0,""confidence"":0.74,""reasons"":[]}",caa56d3ed8628cec,[object Object],,000000000000000005ba9afd7c8321eb255dcfe10833145b,info
2026-09-27 21:29:24,"[jevsentinel] shadow prediction {""version"":1,""shadow"":true,""action"":""CAUTION"",""confidence"":0.5,""sampleCount"":3,""evidenceQuality"":""strong"",""sourceTrajectoryAction"":""HOLD"",""reasons"":[""signals do not form a reliable forward setup""],""predictedAt"":""2026-09-28T00:29:24.422Z""}",6cdb74bcdaa261ab,[object Object],,000000000000000005ba9afd7c8321eb255dcfe10833145b,info
2026-09-27 21:29:24,"[jevsentinel] decision input {""mint"":""E4vwseNWpkBxzNxyv3msVLCzYHU5SXrj1QWXEycypump"",""sourceCard"":""CW"",""evidenceGroups"":{""tokenIntegrity"":true,""holderStructure"":true,""creatorIntelligence"":true,""walletBehaviour"":true,""flowDynamics"":true,""marketDynamics"":true,""liquidityStructure"":true,""temporalIntelligence"":true,""historicalIntelligence"":true,""alternativeExplanation"":true},""evidenceQuality"":""strong"",""providers"":{""token-research"":{""available"":true,""fieldCount"":30},""transfer-flow"":{""available"":true,""fieldCount"":13}},""temporalSampleCount"":3}",fad0d9d9019e70ff,[object Object],,000000000000000005ba9afd7c8321eb255dcfe10833145b,info
2026-09-27 21:29:24,"[jevsentinel] trajectory state {""action"":""HOLD"",""stage"":""STABLE"",""riskScore"":0,""confidence"":0.74,""reasons"":[]}",19e008b2e118262b,[object Object],,000000000000000005ba9afd7c8321eb255dcfe10833145b,info
2026-09-27 21:29:24,"[jevsentinel] temporal state {""priorSnapshotCount"":2,""currentSnapshot"":{""observedAt"":""2026-09-28T00:29:24.237Z"",""price"":null,""liquidity"":null,""volume"":null,""priceChange5mPct"":null,""priceChange1hPct"":null,""buyCount5m"":null,""sellCount5m"":null,""buySellRatio5m"":null,""uniqueSellers"":0,""uniqueBuyers"":0,""sellerAcceleration"":0,""coordinatedSellers"":0,""sellUsd"":null,""buyUsd"":null,""sellerCount"":null},""sampleCount"":3,""deltas"":{""uniqueSellers"":0,""uniqueBuyers"":0,""sellerAcceleration"":0,""coordinatedSellers"":0},""acceleration"":{""selling"":""stable"",""buyPressure"":""stable"",""volume"":""stable"",""liquidity"":""stable"",""price"":""stable"",""sellers"":""stable"",""coordination"":""stable""}}",23b302cc3f80f154,[object Object],,000000000000000005ba9afd7c8321eb255dcfe10833145b,info
2026-09-27 21:29:12,"[jevsentinel] live action state {""action"":""HOLD"",""stage"":""STABLE"",""riskScore"":0,""confidence"":0.64,""reasons"":[]}",f32a47281bb4d3c8,[object Object],,000000000000000005ba9afd7c8321eb255dcfe10833145b,info
2026-09-27 21:29:12,"[jevsentinel] shadow prediction {""version"":1,""shadow"":true,""action"":""CAUTION"",""confidence"":0.5,""sampleCount"":2,""evidenceQuality"":""strong"",""sourceTrajectoryAction"":""HOLD"",""reasons"":[""signals do not form a reliable forward setup""],""predictedAt"":""2026-09-28T00:29:12.915Z""}",69cc5d6d43395107,[object Object],,000000000000000005ba9afd7c8321eb255dcfe10833145b,info
2026-09-27 21:29:12,"[jevsentinel] decision input {""mint"":""E4vwseNWpkBxzNxyv3msVLCzYHU5SXrj1QWXEycypump"",""sourceCard"":""CW"",""evidenceGroups"":{""tokenIntegrity"":true,""holderStructure"":true,""creatorIntelligence"":true,""walletBehaviour"":true,""flowDynamics"":true,""marketDynamics"":true,""liquidityStructure"":true,""temporalIntelligence"":true,""historicalIntelligence"":true,""alternativeExplanation"":true},""evidenceQuality"":""strong"",""providers"":{""token-research"":{""available"":true,""fieldCount"":30},""transfer-flow"":{""available"":true,""fieldCount"":13}},""temporalSampleCount"":2}",bccce0637bc2f72,[object Object],,000000000000000005ba9afd7c8321eb255dcfe10833145b,info
2026-09-27 21:29:12,"[jevsentinel] trajectory state {""action"":""HOLD"",""stage"":""STABLE"",""riskScore"":0,""confidence"":0.64,""reasons"":[]}",12b8f59597e79696,[object Object],,000000000000000005ba9afd7c8321eb255dcfe10833145b,info
2026-09-27 21:29:12,"[jevsentinel] temporal state {""priorSnapshotCount"":1,""currentSnapshot"":{""observedAt"":""2026-09-28T00:29:12.748Z"",""price"":null,""liquidity"":null,""volume"":null,""priceChange5mPct"":null,""priceChange1hPct"":null,""buyCount5m"":null,""sellCount5m"":null,""buySellRatio5m"":null,""uniqueSellers"":0,""uniqueBuyers"":0,""sellerAcceleration"":0,""coordinatedSellers"":0,""sellUsd"":null,""buyUsd"":null,""sellerCount"":null},""sampleCount"":2,""deltas"":{""uniqueSellers"":0,""uniqueBuyers"":0,""sellerAcceleration"":0,""coordinatedSellers"":0},""acceleration"":{""selling"":""stable"",""buyPressure"":""stable"",""volume"":""stable"",""liquidity"":""stable"",""price"":""stable"",""sellers"":""stable"",""coordination"":""stable""}}",36dc7d48c88256c0,[object Object],,000000000000000005ba9afd7c8321eb255dcfe10833145b,info
2026-09-27 21:29:03,"[jevsentinel-telegram] non-EARLY ENTRY group message ignored {""chatId"":""-1004483915430"",""messageId"":9984,""isEarlyEntry"":false,""monitorCard"":""cw2""}",1a93ec9dc9481d6f,[object Object],,000000000000000005ba9afd7c8321eb255dcfe10833145b,info
2026-09-27 21:29:03,"[jevsentinel-telegram] group message received {""chatId"":""-1004483915430"",""messageId"":9984,""configured"":true,""enabled"":true,""hasText"":true,""isEarlyEntry"":false,""monitorCard"":""cw2"",""textLength"":477}",cdf3f4c98d5e31ea,[object Object],,000000000000000005ba9afd7c8321eb255dcfe10833145b,info
2026-09-27 21:29:03,"[jevsentinel-telegram] updates received {""count"":1,""firstUpdateId"":562699737,""lastUpdateId"":562699737}",f7b01f2d30c25c3e,[object Object],,000000000000000005ba9afd7c8321eb255dcfe10833145b,info
2026-09-27 21:29:02,"[jevsentinel-telegram] assessment completed; live monitoring started {""monitorCard"":""cw2""}",47a6d92643a7e390,[object Object],,000000000000000005ba9afd7c8321eb255dcfe10833145b,info
2026-09-27 21:29:02,"[jevsentinel-telegram] JEV assessment finished {""chatId"":""-1004483915430"",""messageId"":9983,""escalation"":false}",4e14e57a8a1f8267,[object Object],,000000000000000005ba9afd7c8321eb255dcfe10833145b,info
2026-09-27 21:29:02,"[jevsentinel] live action state {""action"":""HOLD"",""stage"":""INITIAL"",""riskScore"":0,""confidence"":0.52,""reasons"":[]}",e6d641881c667322,[object Object],,000000000000000005ba9afd7c8321eb255dcfe10833145b,info
2026-09-27 21:29:02,"[jevsentinel] shadow prediction {""version"":1,""shadow"":true,""action"":""CAUTION"",""confidence"":0.58,""sampleCount"":1,""evidenceQuality"":""strong"",""sourceTrajectoryAction"":""HOLD"",""reasons"":[""evidence is conflicting or unreliable""],""predictedAt"":""2026-09-28T00:29:02.209Z""}",edbed3d372a5a72,[object Object],,000000000000000005ba9afd7c8321eb255dcfe10833145b,info
2026-09-27 21:29:01,"[jevsentinel] decision input {""mint"":""E4vwseNWpkBxzNxyv3msVLCzYHU5SXrj1QWXEycypump"",""sourceCard"":""CW"",""evidenceGroups"":{""tokenIntegrity"":true,""holderStructure"":true,""creatorIntelligence"":true,""walletBehaviour"":true,""flowDynamics"":true,""marketDynamics"":true,""liquidityStructure"":true,""temporalIntelligence"":true,""historicalIntelligence"":true,""alternativeExplanation"":true},""evidenceQuality"":""strong"",""providers"":{""token-research"":{""available"":true,""fieldCount"":30},""transfer-flow"":{""available"":true,""fieldCount"":13}},""temporalSampleCount"":1}",7245c6c2b59d704,[object Object],,000000000000000005ba9afd7c8321eb255dcfe10833145b,info
2026-09-27 21:29:01,"[jevsentinel] trajectory state {""action"":""HOLD"",""stage"":""INITIAL"",""riskScore"":0,""confidence"":0.52,""reasons"":[]}",2a0a44dfb18afdae,[object Object],,000000000000000005ba9afd7c8321eb255dcfe10833145b,info
2026-09-27 21:29:01,"[jevsentinel] temporal state {""priorSnapshotCount"":0,""currentSnapshot"":{""observedAt"":""2026-09-28T00:29:01.779Z"",""price"":null,""liquidity"":null,""volume"":null,""priceChange5mPct"":null,""priceChange1hPct"":null,""buyCount5m"":null,""sellCount5m"":null,""buySellRatio5m"":null,""uniqueSellers"":0,""uniqueBuyers"":0,""sellerAcceleration"":0,""coordinatedSellers"":0,""sellUsd"":null,""buyUsd"":null,""sellerCount"":null},""sampleCount"":1,""deltas"":{},""acceleration"":{""selling"":""stable"",""buyPressure"":""stable"",""volume"":""stable"",""liquidity"":""stable"",""price"":""stable"",""sellers"":""stable"",""coordination"":""stable""}}",40ed7dbee65dac05,[object Object],,000000000000000005ba9afd7c8321eb255dcfe10833145b,info
2026-09-27 21:29:00,"[jevsentinel-telegram] EARLY ENTRY JEV assessment starting {""chatId"":""-1004483915430"",""messageId"":9983}",f5d2ae02210e4e57,[object Object],,000000000000000005ba9afd7c8321eb255dcfe10833145b,info
2026-09-27 21:29:00,"[jevsentinel-telegram] EARLY ENTRY EXPERIMENT detected {""chatId"":""-1004483915430"",""messageId"":9983,""mintExtracted"":true,""symbol"":""BOB"",""monitorCard"":""cw2"",""monitorLabel"":""CONVICTION PULSE CW2""}",1e062686d14edd83,[object Object],,000000000000000005ba9afd7c8321eb255dcfe10833145b,info
2026-09-27 21:29:00,"[jevsentinel-telegram] group message received {""chatId"":""-1004483915430"",""messageId"":9983,""configured"":true,""enabled"":true,""hasText"":true,""isEarlyEntry"":true,""monitorCard"":""cw2"",""textLength"":568}",19c67eabb36f7e73,[object Object],,000000000000000005ba9afd7c8321eb255dcfe10833145b,info
2026-09-27 21:29:00,"[jevsentinel-telegram] updates received {""count"":1,""firstUpdateId"":562699736,""lastUpdateId"":562699736}",7692de97e3df94a5,[object Object],,000000000000000005ba9afd7c8321eb255dcfe10833145b,info
2026-09-27 21:27:17,"[jevsentinel-telegram] non-EARLY ENTRY group message ignored {""chatId"":""-1004483915430"",""messageId"":9982,""isEarlyEntry"":false,""monitorCard"":""cw2""}",4d26b6d8550d6056,[object Object],,000000000000000005ba9afd7c8321eb255dcfe10833145b,info
2026-09-27 21:27:17,"[jevsentinel-telegram] group message received {""chatId"":""-1004483915430"",""messageId"":9982,""configured"":true,""enabled"":true,""hasText"":true,""isEarlyEntry"":false,""monitorCard"":""cw2"",""textLength"":409}",c683b126f74d91c1,[object Object],,000000000000000005ba9afd7c8321eb255dcfe10833145b,info
2026-09-27 21:27:17,"[jevsentinel-telegram] updates received {""count"":1,""firstUpdateId"":562699735,""lastUpdateId"":562699735}",48a2760845ef0e2c,[object Object],,000000000000000005ba9afd7c8321eb255dcfe10833145b,info
2026-09-27 21:25:39,2026/09/28 00:25:39 INFO New SSH session email=pxmurphy@gmail.com verified=true,47ced099606aeec0,[object Object],,000000000000000005ba9afd7c8321eb255dcfe10833145b,info
2026-09-27 21:25:39,2026/09/28 00:25:39 INFO New SSH session email=pxmurphy@gmail.com verified=true,8af05fc89564728d,[object Object],,000000000000000005ba9afd7c8321eb255dcfe10833145b,info
2026-09-27 21:25:38,2026/09/28 00:25:38 INFO New SSH session email=pxmurphy@gmail.com verified=true,da73b5b434814799,[object Object],,000000000000000005ba9afd7c8321eb255dcfe10833145b,info
2026-09-27 21:25:37,2026/09/28 00:25:37 INFO New SSH session email=pxmurphy@gmail.com verified=true,c8fbfa50c9cfc0c8,[object Object],,000000000000000005ba9afd7c8321eb255dcfe10833145b,info
2026-09-27 21:24:33,2026/09/28 00:24:33 INFO New SSH session email=pxmurphy@gmail.com verified=true,3c90838bb0fb1b25,[object Object],,000000000000000005ba9afd7c8321eb255dcfe10833145b,info
2026-09-27 21:24:31,2026/09/28 00:24:31 INFO New SSH session email=pxmurphy@gmail.com verified=true,4e586d46f537e3f9,[object Object],,000000000000000005ba9afd7c8321eb255dcfe10833145b,info
2026-09-27 21:24:29,2026/09/28 00:24:29 INFO New SSH session email=pxmurphy@gmail.com verified=true,ec1aeaca2ed474a3,[object Object],,000000000000000005ba9afd7c8321eb255dcfe10833145b,info
2026-09-27 21:24:29,2026/09/28 00:24:29 INFO New SSH session email=pxmurphy@gmail.com verified=true,19b1003e121da7bd,[object Object],,000000000000000005ba9afd7c8321eb255dcfe10833145b,info
2026-09-27 21:24:28,2026/09/28 00:24:28 INFO New SSH session email=pxmurphy@gmail.com verified=true,dfa350d3d778977c,[object Object],,000000000000000005ba9afd7c8321eb255dcfe10833145b,info
2026-09-27 21:24:27,2026/09/28 00:24:27 INFO New SSH session email=pxmurphy@gmail.com verified=true,7d71515745acad0f,[object Object],,000000000000000005ba9afd7c8321eb255dcfe10833145b,info
2026-09-27 21:24:27,2026/09/28 00:24:27 INFO New SSH session email=pxmurphy@gmail.com verified=true,3360ed6d4297ab14,[object Object],,000000000000000005ba9afd7c8321eb255dcfe10833145b,info
2026-09-27 21:24:27,2026/09/28 00:24:27 INFO New SSH session email=pxmurphy@gmail.com verified=true,5ed0f3777c123393,[object Object],,000000000000000005ba9afd7c8321eb255dcfe10833145b,info
2026-09-27 21:24:23,[jevsentinel-telegram] connected,6d0644ab216ad836,[object Object],,000000000000000005ba9afd7c8321eb255dcfe10833145b,info
2026-09-27 21:24:23,[jevsentinel-telegram] Telegram webhook: none; long polling enabled,b0906e61a89c5675,[object Object],,000000000000000005ba9afd7c8321eb255dcfe10833145b,info
2026-09-27 21:24:23,"[jevsentinel-telegram] Telegram bot capabilities {""botId"":8806712852,""username"":""JevSentinelBot"",""canReadAllGroupMessages"":true,""canJoinGroups"":true}",39532cd216eb2944,[object Object],,000000000000000005ba9afd7c8321eb255dcfe10833145b,info
2026-09-27 21:24:22,"[jevsentinel-telegram] persistent group configuration restored {""count"":1}",608a9a40765406dd,[object Object],,000000000000000005ba9afd7c8321eb255dcfe10833145b,info
2026-09-27 21:24:21,Machine created and started in 3.354s,8f20cba97d75894c,[object Object],,000000000000000005ba9afd7c8321eb255dcfe10833145b,info
2026-09-27 21:24:21,2026/09/28 00:24:21 INFO SSH listening listen_address=[fdaa:a2:633:a7b:193:cfe1:c765:2]:22,92f2f4b74e56a381,[object Object],,000000000000000005ba9afd7c8321eb255dcfe10833145b,info
2026-09-27 21:24:21,[32m INFO[0m [fly api proxy] listening at /.fly/api,4d5629edb1f4b3ac,[object Object],,000000000000000005ba9afd7c8321eb255dcfe10833145b,info
2026-09-27 21:24:21,[32m INFO[0m Preparing to run: `docker-entrypoint.sh node src/telegram-run.mjs` as root,99d1104abd1b1799,[object Object],,000000000000000005ba9afd7c8321eb255dcfe10833145b,info
2026-09-27 21:24:21,[32m INFO[0m Resized /data to 1056964608 bytes,dcfe932005ca68c2,[object Object],,000000000000000005ba9afd7c8321eb255dcfe10833145b,info
2026-09-27 21:24:21,"[32m INFO[0m Mounting /dev/vdc at /data w/ uid: 0, gid: 0 and chmod 0755",c21668068e3ae352,[object Object],,000000000000000005ba9afd7c8321eb255dcfe10833145b,info
2026-09-27 21:24:21,"/dev/vdc: clean, 12/64512 files, 8786/258048 blocks",5b9cf4b9f5fc0156,[object Object],,000000000000000005ba9afd7c8321eb255dcfe10833145b,info
2026-09-27 21:24:21,[32m INFO[0m Checking filesystem on /data,6280ec98600c261b,[object Object],,000000000000000005ba9afd7c8321eb255dcfe10833145b,info
2026-09-27 21:24:21,[32m INFO[0m Starting init (commit: 6172d83)...,c4ea726961192e38,[object Object],,000000000000000005ba9afd7c8321eb255dcfe10833145b,info
2026-09-27 21:24:20,"2026-09-28T00:24:20.761483210 [01M3JPBW0ACJ482Z37VZM5FM1G:main] Listening on API socket (""/fc.sock"").",e63a443c6c292ab5,[object Object],,000000000000000005ba9afd7c8321eb255dcfe10833145b,info
2026-09-27 21:24:20,2026-09-28T00:24:20.761267535 [01M3JPBW0ACJ482Z37VZM5FM1G:main] Running Firecracker v1.14.4,9c20317fa0a41832,[object Object],,000000000000000005ba9afd7c8321eb255dcfe10833145b,info
2026-09-27 21:24:20,[   38.883142] reboot: Restarting system,65a439ff72ebd79a,[object Object],,000000000000000005ba9afd7c8321eb255dcfe10833145b,info
2026-09-27 21:24:20,[32m INFO[0m Umounting /dev/vdc from /data,ff97cebded75aa13,[object Object],,000000000000000005ba9afd7c8321eb255dcfe10833145b,info
2026-09-27 21:24:20,[32m INFO[0m Starting clean up.,88bc4b8a920541ef,[object Object],,000000000000000005ba9afd7c8321eb255dcfe10833145b,info
2026-09-27 21:24:20,"[32m INFO[0m Main child exited with signal (with signal 'SIGINT', core dumped? false)",c74d73502d4d9323,[object Object],,000000000000000005ba9afd7c8321eb255dcfe10833145b,info
2026-09-27 21:24:19,[32m INFO[0m Sending signal SIGINT to main child process w/ PID 645,f2d2aa867636259,[object Object],,000000000000000005ba9afd7c8321eb255dcfe10833145b,info
2026-09-27 21:24:19,Configuring firecracker,774ebf5477ba5e8a,[object Object],,000000000000000005ba9afd7c8321eb255dcfe10833145b,info
2026-09-27 21:24:19,2026/09/28 00:24:19 INFO New SSH session email=pxmurphy@gmail.com verified=true,500ffef3105d3a5e,[object Object],,000000000000000005ba9afd7c8321eb255dcfe10833145b,info
2026-09-27 21:24:19,Opening encrypted volume,11be54e417bd48e6,[object Object],,000000000000000005ba9afd7c8321eb255dcfe10833145b,info
2026-09-27 21:24:19,Setting up volume 'jevsentinel_data',a6186c4498d744ac,[object Object],,000000000000000005ba9afd7c8321eb255dcfe10833145b,info
2026-09-27 21:24:19,Successfully prepared image registry.fly.io/jevsentinel@sha256:b4d3323c3d681e1f940a96bdfbb04d92a71b263da73641070f2030a9e99d7197 (916.352812ms),7874909913b51937,[object Object],,000000000000000005ba9afd7c8321eb255dcfe10833145b,info
2026-09-27 21:24:18,Pulling container image registry.fly.io/jevsentinel@sha256:b4d3323c3d681e1f940a96bdfbb04d92a71b263da73641070f2030a9e99d7197,8ddaa41e923ba0a8,[object Object],,000000000000000005ba9afd7c8321eb255dcfe10833145b,info
2026-09-27 21:24:10,"[jevsentinel] live action state {""action"":""HOLD"",""stage"":""STABLE"",""riskScore"":0,""confidence"":0.64,""reasons"":[""creator identity resolved""]}",a2d6778641d2751c,[object Object],,000000000000000005ba9afd7c8321eb255dcfe10833145b,info
2026-09-27 21:24:10,"[jevsentinel] shadow prediction {""version"":1,""shadow"":true,""action"":""CAUTION"",""confidence"":0.5,""sampleCount"":2,""evidenceQuality"":""strong"",""sourceTrajectoryAction"":""HOLD"",""reasons"":[""signals do not form a reliable forward setup""],""predictedAt"":""2026-09-28T00:24:10.270Z""}",a029b563b03e7866,[object Object],,000000000000000005ba9afd7c8321eb255dcfe10833145b,info
2026-09-27 21:24:10,"[jevsentinel] decision input {""mint"":""9pg8j6jgqU2M6he8aY3td64KcEEKUfUFKXYrWozTpump"",""sourceCard"":""CW"",""evidenceGroups"":{""tokenIntegrity"":true,""holderStructure"":true,""creatorIntelligence"":true,""walletBehaviour"":true,""flowDynamics"":true,""marketDynamics"":true,""liquidityStructure"":true,""temporalIntelligence"":true,""historicalIntelligence"":true,""alternativeExplanation"":true},""evidenceQuality"":""strong"",""providers"":{""token-research"":{""available"":true,""fieldCount"":30},""transfer-flow"":{""available"":true,""fieldCount"":13}},""temporalSampleCount"":2}",a23275a453907d8,[object Object],,000000000000000005ba9afd7c8321eb255dcfe10833145b,info
2026-09-27 21:24:10,"[jevsentinel] trajectory state {""action"":""HOLD"",""stage"":""STABLE"",""riskScore"":0,""confidence"":0.64,""reasons"":[""creator identity resolved""]}",e44392b369ea41d3,[object Object],,000000000000000005ba9afd7c8321eb255dcfe10833145b,info
2026-09-27 21:24:10,"[jevsentinel] temporal state {""priorSnapshotCount"":1,""currentSnapshot"":{""observedAt"":""2026-09-28T00:24:10.124Z"",""price"":null,""liquidity"":null,""volume"":null,""priceChange5mPct"":null,""priceChange1hPct"":null,""buyCount5m"":null,""sellCount5m"":null,""buySellRatio5m"":null,""uniqueSellers"":0,""uniqueBuyers"":0,""sellerAcceleration"":0,""coordinatedSellers"":0,""sellUsd"":null,""buyUsd"":null,""sellerCount"":null},""sampleCount"":2,""deltas"":{""uniqueSellers"":0,""uniqueBuyers"":0,""sellerAcceleration"":0,""coordinatedSellers"":0},""acceleration"":{""selling"":""stable"",""buyPressure"":""stable"",""volume"":""stable"",""liquidity"":""stable"",""price"":""stable"",""sellers"":""stable"",""coordination"":""stable""}}",4e13bf0d8ae996a,[object Object],,000000000000000005ba9afd7c8321eb255dcfe10833145b,info
2026-09-27 21:23:59,"[jevsentinel-telegram] assessment completed; live monitoring started {""monitorCard"":""cw2""}",695c622efc944353,[object Object],,000000000000000005ba9afd7c8321eb255dcfe10833145b,info
2026-09-27 21:23:59,"[jevsentinel-telegram] JEV assessment finished {""chatId"":""-1004483915430"",""messageId"":9979,""escalation"":false}",e3f70ef5a4aab855,[object Object],,000000000000000005ba9afd7c8321eb255dcfe10833145b,info
2026-09-27 21:23:59,"[jevsentinel] live action state {""action"":""HOLD"",""stage"":""INITIAL"",""riskScore"":0,""confidence"":0.52,""reasons"":[""creator identity resolved""]}",2e7925bdd425c41e,[object Object],,000000000000000005ba9afd7c8321eb255dcfe10833145b,info
2026-09-27 21:23:59,"[jevsentinel] shadow prediction {""version"":1,""shadow"":true,""action"":""CAUTION"",""confidence"":0.58,""sampleCount"":1,""evidenceQuality"":""strong"",""sourceTrajectoryAction"":""HOLD"",""reasons"":[""evidence is conflicting or unreliable""],""predictedAt"":""2026-09-28T00:23:59.325Z""}",2215009d2a38d713,[object Object],,000000000000000005ba9afd7c8321eb255dcfe10833145b,info
2026-09-27 21:23:58,"[jevsentinel] decision input {""mint"":""9pg8j6jgqU2M6he8aY3td64KcEEKUfUFKXYrWozTpump"",""sourceCard"":""CW"",""evidenceGroups"":{""tokenIntegrity"":true,""holderStructure"":true,""creatorIntelligence"":true,""walletBehaviour"":true,""flowDynamics"":true,""marketDynamics"":true,""liquidityStructure"":true,""temporalIntelligence"":true,""historicalIntelligence"":true,""alternativeExplanation"":true},""evidenceQuality"":""strong"",""providers"":{""token-research"":{""available"":true,""fieldCount"":30},""transfer-flow"":{""available"":true,""fieldCount"":13}},""temporalSampleCount"":1}",22759c80a560be5b,[object Object],,000000000000000005ba9afd7c8321eb255dcfe10833145b,info
2026-09-27 21:23:58,"[jevsentinel] trajectory state {""action"":""HOLD"",""stage"":""INITIAL"",""riskScore"":0,""confidence"":0.52,""reasons"":[""creator identity resolved""]}",c251536a11af565,[object Object],,000000000000000005ba9afd7c8321eb255dcfe10833145b,info
2026-09-27 21:23:58,"[jevsentinel] temporal state {""priorSnapshotCount"":0,""currentSnapshot"":{""observedAt"":""2026-09-28T00:23:58.986Z"",""price"":null,""liquidity"":null,""volume"":null,""priceChange5mPct"":null,""priceChange1hPct"":null,""buyCount5m"":null,""sellCount5m"":null,""buySellRatio5m"":null,""uniqueSellers"":0,""uniqueBuyers"":0,""sellerAcceleration"":0,""coordinatedSellers"":0,""sellUsd"":null,""buyUsd"":null,""sellerCount"":null},""sampleCount"":1,""deltas"":{},""acceleration"":{""selling"":""stable"",""buyPressure"":""stable"",""volume"":""stable"",""liquidity"":""stable"",""price"":""stable"",""sellers"":""stable"",""coordination"":""stable""}}",1871e672dac14039,[object Object],,000000000000000005ba9afd7c8321eb255dcfe10833145b,info
2026-09-27 21:23:58,"[jevsentinel-telegram] EARLY ENTRY JEV assessment starting {""chatId"":""-1004483915430"",""messageId"":9979}",14c703cef0e73d41,[object Object],,000000000000000005ba9afd7c8321eb255dcfe10833145b,info
2026-09-27 21:23:58,"[jevsentinel-telegram] EARLY ENTRY EXPERIMENT detected {""chatId"":""-1004483915430"",""messageId"":9979,""mintExtracted"":true,""symbol"":""ROTT"",""monitorCard"":""cw2"",""monitorLabel"":""CONVICTION PULSE CW2""}",cc97b73b23502c14,[object Object],,000000000000000005ba9afd7c8321eb255dcfe10833145b,info
2026-09-27 21:23:57,"[jevsentinel-telegram] group message received {""chatId"":""-1004483915430"",""messageId"":9979,""configured"":true,""enabled"":true,""hasText"":true,""isEarlyEntry"":true,""monitorCard"":""cw2"",""textLength"":534}",3ebdf3cecfe64852,[object Object],,000000000000000005ba9afd7c8321eb255dcfe10833145b,info
2026-09-27 21:23:57,"[jevsentinel-telegram] updates received {""count"":1,""firstUpdateId"":562699734,""lastUpdateId"":562699734}",bcfa9bf86ccfc1d6,[object Object],,000000000000000005ba9afd7c8321eb255dcfe10833145b,info
2026-09-27 21:23:57,2026/09/28 00:23:57 INFO New SSH session email=pxmurphy@gmail.com verified=true,4cb8060e81522d3e,[object Object],,000000000000000005ba9afd7c8321eb255dcfe10833145b,info
2026-09-27 21:23:56,2026/09/28 00:23:56 INFO New SSH session email=pxmurphy@gmail.com verified=true,90405df9169295f2,[object Object],,000000000000000005ba9afd7c8321eb255dcfe10833145b,info
2026-09-27 21:23:56,2026/09/28 00:23:56 INFO New SSH session email=pxmurphy@gmail.com verified=true,ba4a0a8904c8ffb8,[object Object],,000000000000000005ba9afd7c8321eb255dcfe10833145b,info
2026-09-27 21:23:55,2026/09/28 00:23:55 INFO New SSH session email=pxmurphy@gmail.com verified=true,77f7da624231aeb8,[object Object],,000000000000000005ba9afd7c8321eb255dcfe10833145b,info
2026-09-27 21:23:55,2026/09/28 00:23:55 INFO New SSH session email=pxmurphy@gmail.com verified=true,99f578763d2c7f2f,[object Object],,000000000000000005ba9afd7c8321eb255dcfe10833145b,info
2026-09-27 21:23:54,2026/09/28 00:23:54 INFO New SSH session email=pxmurphy@gmail.com verified=true,4b2c6000e0a9b0c5,[object Object],,000000000000000005ba9afd7c8321eb255dcfe10833145b,info
2026-09-27 21:23:53,2026/09/28 00:23:53 INFO New SSH session email=pxmurphy@gmail.com verified=true,e4be90e2f9299ef2,[object Object],,000000000000000005ba9afd7c8321eb255dcfe10833145b,info
2026-09-27 21:23:50,2026/09/28 00:23:50 INFO New SSH session email=pxmurphy@gmail.com verified=true,6131dce2586a549,[object Object],,000000000000000005ba9afd7c8321eb255dcfe10833145b,info
2026-09-27 21:23:44,[jevsentinel-telegram] connected,c56246cf1ac0808f,[object Object],,000000000000000005ba9afd7c8321eb255dcfe10833145b,info
2026-09-27 21:23:44,[jevsentinel-telegram] Telegram webhook: none; long polling enabled,f71931c03d2d39dc,[object Object],,000000000000000005ba9afd7c8321eb255dcfe10833145b,info
2026-09-27 21:23:43,"[jevsentinel-telegram] Telegram bot capabilities {""botId"":8806712852,""username"":""JevSentinelBot"",""canReadAllGroupMessages"":true,""canJoinGroups"":true}",5ccdd2888697c2ab,[object Object],,000000000000000005ba9afd7c8321eb255dcfe10833145b,info
2026-09-27 21:23:43,"[jevsentinel-telegram] persistent group configuration restored {""count"":1}",961b91dfcd351a6c,[object Object],,000000000000000005ba9afd7c8321eb255dcfe10833145b,info
2026-09-27 21:23:42,Machine created and started in 2.517s,51e26446e4dcc82c,[object Object],,000000000000000005ba9afd7c8321eb255dcfe10833145b,info
2026-09-27 21:23:42,2026/09/28 00:23:42 INFO SSH listening listen_address=[fdaa:a2:633:a7b:193:cfe1:c765:2]:22,1576151d553e2fc5,[object Object],,000000000000000005ba9afd7c8321eb255dcfe10833145b,info
2026-09-27 21:23:42,[32m INFO[0m [fly api proxy] listening at /.fly/api,38db4d6867c4731d,[object Object],,000000000000000005ba9afd7c8321eb255dcfe10833145b,info
2026-09-27 21:23:42,[32m INFO[0m Preparing to run: `docker-entrypoint.sh node src/telegram-run.mjs` as root,9c4c08baf7cfb094,[object Object],,000000000000000005ba9afd7c8321eb255dcfe10833145b,info
2026-09-27 21:23:42,[32m INFO[0m Resized /data to 1056964608 bytes,2bbaf103212627c4,[object Object],,000000000000000005ba9afd7c8321eb255dcfe10833145b,info
2026-09-27 21:23:42,"[32m INFO[0m Mounting /dev/vdc at /data w/ uid: 0, gid: 0 and chmod 0755",f147660bf8faa9d4,[object Object],,000000000000000005ba9afd7c8321eb255dcfe10833145b,info
2026-09-27 21:23:42,"/dev/vdc: clean, 12/64512 files, 8786/258048 blocks",19733507a2f3c9f,[object Object],,000000000000000005ba9afd7c8321eb255dcfe10833145b,info
2026-09-27 21:23:42,[32m INFO[0m Checking filesystem on /data,7975b893c4474872,[object Object],,000000000000000005ba9afd7c8321eb255dcfe10833145b,info
2026-09-27 21:23:41,[32m INFO[0m Starting init (commit: 6172d83)...,ea8dfb1aa3d35a98,[object Object],,000000000000000005ba9afd7c8321eb255dcfe10833145b,info
2026-09-27 21:23:41,"2026-09-28T00:23:41.157469226 [01M3JPAP3ZS0TJEFBB8HWNBMBF:main] Listening on API socket (""/fc.sock"").",c9622ab121d96b55,[object Object],,000000000000000005ba9afd7c8321eb255dcfe10833145b,info
2026-09-27 21:23:41,2026-09-28T00:23:41.157282882 [01M3JPAP3ZS0TJEFBB8HWNBMBF:main] Running Firecracker v1.14.4,dee2645f588ea8ba,[object Object],,000000000000000005ba9afd7c8321eb255dcfe10833145b,info
2026-09-27 21:23:40,[ 1122.167928] reboot: Restarting system,a130fc94a03f9232,[object Object],,000000000000000005ba9afd7c8321eb255dcfe10833145b,info
2026-09-27 21:23:40,[32m INFO[0m Umounting /dev/vdc from /data,c59f154a77cbbd7f,[object Object],,000000000000000005ba9afd7c8321eb255dcfe10833145b,info
2026-09-27 21:23:40,[32m INFO[0m Starting clean up.,53296536f9a25cd3,[object Object],,000000000000000005ba9afd7c8321eb255dcfe10833145b,info
2026-09-27 21:23:40,"[32m INFO[0m Main child exited with signal (with signal 'SIGINT', core dumped? false)",1660e5426917bb08,[object Object],,000000000000000005ba9afd7c8321eb255dcfe10833145b,info
2026-09-27 21:23:40,[32m INFO[0m Sending signal SIGINT to main child process w/ PID 642,5f72889a69a675ac,[object Object],,000000000000000005ba9afd7c8321eb255dcfe10833145b,info
2026-09-27 21:23:40,Configuring firecracker,dee0c94f052adebb,[object Object],,000000000000000005ba9afd7c8321eb255dcfe10833145b,info
2026-09-27 21:23:39,2026/09/28 00:23:39 INFO New SSH session email=pxmurphy@gmail.com verified=true,11290d2ac1807233,[object Object],,000000000000000005ba9afd7c8321eb255dcfe10833145b,info
2026-09-27 21:23:39,Opening encrypted volume,ca76b765da8b4e9e,[object Object],,000000000000000005ba9afd7c8321eb255dcfe10833145b,info
2026-09-27 21:23:39,Setting up volume 'jevsentinel_data',171a9fa12e53765c,[object Object],,000000000000000005ba9afd7c8321eb255dcfe10833145b,info
2026-09-27 21:23:39,Container image registry.fly.io/jevsentinel@sha256:854184758f93cc791c6052aaf173c6fde3e519c9e74bfc97e0522755396dabd5 already prepared,7b15f29dc6bc99d5,[object Object],,000000000000000005ba9afd7c8321eb255dcfe10833145b,info
2026-09-27 21:23:39,Pulling container image registry.fly.io/jevsentinel@sha256:854184758f93cc791c6052aaf173c6fde3e519c9e74bfc97e0522755396dabd5,f0c10c7537197296,[object Object],,000000000000000005ba9afd7c8321eb255dcfe10833145b,info
2026-09-27 21:17:29,"[jevsentinel] shadow outcome observed {""mint"":""EkFRff9a2jKztJHML1LG9FRmEkPJDR6XAYp3uCPdpump"",""predictionCount"":31,""outcome"":{""label"":""unresolved"",""source"":""live-monitor-window"",""completedAt"":""2026-09-28T00:17:29.641Z"",""sampleCount"":30,""entryPrice"":0,""terminalPrice"":0,""peakGainPct"":null,""terminalReturnPct"":null,""maxDrawdownPct"":null,""entryLiquidityUsd"":0,""terminalLiquidityUsd"":0,""liquidityChangeUsd"":0,""liquidityChangePct"":null},""validation"":""label-unresolved; objective metrics only""}",608af39f67cffb24,[object Object],,000000000000000005ba9afd7c8321eb255dcfe10833145b,info
2026-09-27 21:17:29,"[jevsentinel] live action state {""action"":""CAUTION"",""stage"":""STABLE"",""riskScore"":2,""confidence"":0.92,""reasons"":[""creator identity resolved"",""5m price deterioration ≤−20%""]}",de98bb6ef61993b1,[object Object],,000000000000000005ba9afd7c8321eb255dcfe10833145b,info
2026-09-27 21:17:29,"[jevsentinel] shadow prediction {""version"":1,""shadow"":true,""action"":""CAUTION"",""confidence"":0.5,""sampleCount"":30,""evidenceQuality"":""strong"",""sourceTrajectoryAction"":""CAUTION"",""reasons"":[""signals do not form a reliable forward setup""],""predictedAt"":""2026-09-28T00:17:29.197Z""}",9d74073d0082da6e,[object Object],,000000000000000005ba9afd7c8321eb255dcfe10833145b,info
2026-09-27 21:17:28,"[jevsentinel] decision input {""mint"":""EkFRff9a2jKztJHML1LG9FRmEkPJDR6XAYp3uCPdpump"",""sourceCard"":""CW"",""evidenceGroups"":{""tokenIntegrity"":true,""holderStructure"":true,""creatorIntelligence"":true,""walletBehaviour"":true,""flowDynamics"":true,""marketDynamics"":true,""liquidityStructure"":true,""temporalIntelligence"":true,""historicalIntelligence"":true,""alternativeExplanation"":true},""evidenceQuality"":""strong"",""providers"":{""token-research"":{""available"":true,""fieldCount"":30},""transfer-flow"":{""available"":true,""fieldCount"":13}},""temporalSampleCount"":30}",653a226b18486a70,[object Object],,000000000000000005ba9afd7c8321eb255dcfe10833145b,info
2026-09-27 21:17:28,"[jevsentinel] trajectory state {""action"":""CAUTION"",""stage"":""STABLE"",""riskScore"":2,""confidence"":0.92,""reasons"":[""creator identity resolved"",""5m price deterioration ≤−20%""]}",900a5ea0c73ae7ad,[object Object],,000000000000000005ba9afd7c8321eb255dcfe10833145b,info
2026-09-27 21:17:28,"[jevsentinel] temporal state {""priorSnapshotCount"":29,""currentSnapshot"":{""observedAt"":""2026-09-28T00:17:28.997Z"",""price"":null,""liquidity"":null,""volume"":null,""priceChange5mPct"":null,""priceChange1hPct"":null,""buyCount5m"":null,""sellCount5m"":null,""buySellRatio5m"":null,""uniqueSellers"":0,""uniqueBuyers"":0,""sellerAcceleration"":0,""coordinatedSellers"":0,""sellUsd"":null,""buyUsd"":null,""sellerCount"":null},""sampleCount"":30,""deltas"":{""uniqueSellers"":0,""uniqueBuyers"":0,""sellerAcceleration"":0,""coordinatedSellers"":0},""acceleration"":{""selling"":""stable"",""buyPressure"":""stable"",""volume"":""stable"",""liquidity"":""stable"",""price"":""stable"",""sellers"":""stable"",""coordination"":""stable""}}",7f2aa081c4bfaea,[object Object],,000000000000000005ba9afd7c8321eb255dcfe10833145b,info
2026-09-27 21:17:18,"[jevsentinel] live action state {""action"":""CAUTION"",""stage"":""STABLE"",""riskScore"":2,""confidence"":0.92,""reasons"":[""creator identity resolved"",""5m price deterioration ≤−20%""]}",55da08f6d312121f,[object Object],,000000000000000005ba9afd7c8321eb255dcfe10833145b,info
2026-09-27 21:17:18,"[jevsentinel] shadow prediction {""version"":1,""shadow"":true,""action"":""CAUTION"",""confidence"":0.5,""sampleCount"":29,""evidenceQuality"":""strong"",""sourceTrajectoryAction"":""CAUTION"",""reasons"":[""signals do not form a reliable forward setup""],""predictedAt"":""2026-09-28T00:17:18.347Z""}",748d9055987336b6,[object Object],,000000000000000005ba9afd7c8321eb255dcfe10833145b,info
2026-09-27 21:17:18,"[jevsentinel] decision input {""mint"":""EkFRff9a2jKztJHML1LG9FRmEkPJDR6XAYp3uCPdpump"",""sourceCard"":""CW"",""evidenceGroups"":{""tokenIntegrity"":true,""holderStructure"":true,""creatorIntelligence"":true,""walletBehaviour"":true,""flowDynamics"":true,""marketDynamics"":true,""liquidityStructure"":true,""temporalIntelligence"":true,""historicalIntelligence"":true,""alternativeExplanation"":true},""evidenceQuality"":""strong"",""providers"":{""token-research"":{""available"":true,""fieldCount"":30},""transfer-flow"":{""available"":true,""fieldCount"":13}},""temporalSampleCount"":29}",a00b3edd737e5a2a,[object Object],,000000000000000005ba9afd7c8321eb255dcfe10833145b,info
2026-09-27 21:17:18,"[jevsentinel] trajectory state {""action"":""CAUTION"",""stage"":""STABLE"",""riskScore"":2,""confidence"":0.92,""reasons"":[""creator identity resolved"",""5m price deterioration ≤−20%""]}",1ee334c5178e6e2,[object Object],,000000000000000005ba9afd7c8321eb255dcfe10833145b,info
2026-09-27 21:17:18,"[jevsentinel] temporal state {""priorSnapshotCount"":28,""currentSnapshot"":{""observedAt"":""2026-09-28T00:17:18.092Z"",""price"":null,""liquidity"":null,""volume"":null,""priceChange5mPct"":null,""priceChange1hPct"":null,""buyCount5m"":null,""sellCount5m"":null,""buySellRatio5m"":null,""uniqueSellers"":0,""uniqueBuyers"":0,""sellerAcceleration"":0,""coordinatedSellers"":0,""sellUsd"":null,""buyUsd"":null,""sellerCount"":null},""sampleCount"":29,""deltas"":{""uniqueSellers"":0,""uniqueBuyers"":0,""sellerAcceleration"":0,""coordinatedSellers"":0},""acceleration"":{""selling"":""stable"",""buyPressure"":""stable"",""volume"":""stable"",""liquidity"":""stable"",""price"":""stable"",""sellers"":""stable"",""coordination"":""stable""}}",e012024abac4252,[object Object],,000000000000000005ba9afd7c8321eb255dcfe10833145b,info
2026-09-27 21:17:06,"[jevsentinel] live action state {""action"":""CAUTION"",""stage"":""STABLE"",""riskScore"":2,""confidence"":0.92,""reasons"":[""creator identity resolved"",""5m price deterioration ≤−20%""]}",4898d4a314bc1e59,[object Object],,000000000000000005ba9afd7c8321eb255dcfe10833145b,info
2026-09-27 21:17:06,"[jevsentinel] shadow prediction {""version"":1,""shadow"":true,""action"":""CAUTION"",""confidence"":0.5,""sampleCount"":28,""evidenceQuality"":""strong"",""sourceTrajectoryAction"":""CAUTION"",""reasons"":[""signals do not form a reliable forward setup""],""predictedAt"":""2026-09-28T00:17:06.836Z""}",adc00892280520ae,[object Object],,000000000000000005ba9afd7c8321eb255dcfe10833145b,info
2026-09-27 21:17:06,"[jevsentinel] decision input {""mint"":""EkFRff9a2jKztJHML1LG9FRmEkPJDR6XAYp3uCPdpump"",""sourceCard"":""CW"",""evidenceGroups"":{""tokenIntegrity"":true,""holderStructure"":true,""creatorIntelligence"":true,""walletBehaviour"":true,""flowDynamics"":true,""marketDynamics"":true,""liquidityStructure"":true,""temporalIntelligence"":true,""historicalIntelligence"":true,""alternativeExplanation"":true},""evidenceQuality"":""strong"",""providers"":{""token-research"":{""available"":true,""fieldCount"":30},""transfer-flow"":{""available"":true,""fieldCount"":13}},""temporalSampleCount"":28}",b42c08b1156566f3,[object Object],,000000000000000005ba9afd7c8321eb255dcfe10833145b,info
2026-09-27 21:17:06,"[jevsentinel] trajectory state {""action"":""CAUTION"",""stage"":""STABLE"",""riskScore"":2,""confidence"":0.92,""reasons"":[""creator identity resolved"",""5m price deterioration ≤−20%""]}",134a812a312a7e13,[object Object],,000000000000000005ba9afd7c8321eb255dcfe10833145b,info
2026-09-27 21:17:06,"[jevsentinel] temporal state {""priorSnapshotCount"":27,""currentSnapshot"":{""observedAt"":""2026-09-28T00:17:06.682Z"",""price"":null,""liquidity"":null,""volume"":null,""priceChange5mPct"":null,""priceChange1hPct"":null,""buyCount5m"":null,""sellCount5m"":null,""buySellRatio5m"":null,""uniqueSellers"":0,""uniqueBuyers"":0,""sellerAcceleration"":0,""coordinatedSellers"":0,""sellUsd"":null,""buyUsd"":null,""sellerCount"":null},""sampleCount"":28,""deltas"":{""uniqueSellers"":0,""uniqueBuyers"":0,""sellerAcceleration"":0,""coordinatedSellers"":0},""acceleration"":{""selling"":""stable"",""buyPressure"":""stable"",""volume"":""stable"",""liquidity"":""stable"",""price"":""stable"",""sellers"":""stable"",""coordination"":""stable""}}",b4f3a818d1262299,[object Object],,000000000000000005ba9afd7c8321eb255dcfe10833145b,info
2026-09-27 21:16:56,"[jevsentinel] live action state {""action"":""CAUTION"",""stage"":""STABLE"",""riskScore"":2,""confidence"":0.92,""reasons"":[""creator identity resolved"",""5m price deterioration ≤−20%""]}",c1dff56482eeb6e3,[object Object],,000000000000000005ba9afd7c8321eb255dcfe10833145b,info
2026-09-27 21:16:56,"[jevsentinel] shadow prediction {""version"":1,""shadow"":true,""action"":""CAUTION"",""confidence"":0.5,""sampleCount"":27,""evidenceQuality"":""strong"",""sourceTrajectoryAction"":""CAUTION"",""reasons"":[""signals do not form a reliable forward setup""],""predictedAt"":""2026-09-28T00:16:56.021Z""}",48b321739c2debfa,[object Object],,000000000000000005ba9afd7c8321eb255dcfe10833145b,info
2026-09-27 21:16:55,"[jevsentinel] decision input {""mint"":""EkFRff9a2jKztJHML1LG9FRmEkPJDR6XAYp3uCPdpump"",""sourceCard"":""CW"",""evidenceGroups"":{""tokenIntegrity"":true,""holderStructure"":true,""creatorIntelligence"":true,""walletBehaviour"":true,""flowDynamics"":true,""marketDynamics"":true,""liquidityStructure"":true,""temporalIntelligence"":true,""historicalIntelligence"":true,""alternativeExplanation"":true},""evidenceQuality"":""strong"",""providers"":{""token-research"":{""available"":true,""fieldCount"":30},""transfer-flow"":{""available"":true,""fieldCount"":13}},""temporalSampleCount"":27}",ca40937ff52b35f1,[object Object],,000000000000000005ba9afd7c8321eb255dcfe10833145b,info
2026-09-27 21:16:55,"[jevsentinel] trajectory state {""action"":""CAUTION"",""stage"":""STABLE"",""riskScore"":2,""confidence"":0.92,""reasons"":[""creator identity resolved"",""5m price deterioration ≤−20%""]}",b826b26c88574a79,[object Object],,000000000000000005ba9afd7c8321eb255dcfe10833145b,info
2026-09-27 21:16:55,"[jevsentinel] temporal state {""priorSnapshotCount"":26,""currentSnapshot"":{""observedAt"":""2026-09-28T00:16:55.799Z"",""price"":null,""liquidity"":null,""volume"":null,""priceChange5mPct"":null,""priceChange1hPct"":null,""buyCount5m"":null,""sellCount5m"":null,""buySellRatio5m"":null,""uniqueSellers"":0,""uniqueBuyers"":0,""sellerAcceleration"":0,""coordinatedSellers"":0,""sellUsd"":null,""buyUsd"":null,""sellerCount"":null},""sampleCount"":27,""deltas"":{""uniqueSellers"":0,""uniqueBuyers"":0,""sellerAcceleration"":0,""coordinatedSellers"":0},""acceleration"":{""selling"":""stable"",""buyPressure"":""stable"",""volume"":""stable"",""liquidity"":""stable"",""price"":""stable"",""sellers"":""stable"",""coordination"":""stable""}}",42e5057f2cca26e4,[object Object],,000000000000000005ba9afd7c8321eb255dcfe10833145b,info
2026-09-27 21:16:44,"[jevsentinel] live action state {""action"":""CAUTION"",""stage"":""STABLE"",""riskScore"":2,""confidence"":0.92,""reasons"":[""creator identity resolved"",""5m price deterioration ≤−20%""]}",3796d9368f9eae56,[object Object],,000000000000000005ba9afd7c8321eb255dcfe10833145b,info
2026-09-27 21:16:44,"[jevsentinel] shadow prediction {""version"":1,""shadow"":true,""action"":""CAUTION"",""confidence"":0.5,""sampleCount"":26,""evidenceQuality"":""strong"",""sourceTrajectoryAction"":""CAUTION"",""reasons"":[""signals do not form a reliable forward setup""],""predictedAt"":""2026-09-28T00:16:44.492Z""}",749133db3399d61,[object Object],,000000000000000005ba9afd7c8321eb255dcfe10833145b,info
2026-09-27 21:16:44,"[jevsentinel] decision input {""mint"":""EkFRff9a2jKztJHML1LG9FRmEkPJDR6XAYp3uCPdpump"",""sourceCard"":""CW"",""evidenceGroups"":{""tokenIntegrity"":true,""holderStructure"":true,""creatorIntelligence"":true,""walletBehaviour"":true,""flowDynamics"":true,""marketDynamics"":true,""liquidityStructure"":true,""temporalIntelligence"":true,""historicalIntelligence"":true,""alternativeExplanation"":true},""evidenceQuality"":""strong"",""providers"":{""token-research"":{""available"":true,""fieldCount"":30},""transfer-flow"":{""available"":true,""fieldCount"":13}},""temporalSampleCount"":26}",5527cc624716d9db,[object Object],,000000000000000005ba9afd7c8321eb255dcfe10833145b,info
2026-09-27 21:16:44,"[jevsentinel] trajectory state {""action"":""CAUTION"",""stage"":""STABLE"",""riskScore"":2,""confidence"":0.92,""reasons"":[""creator identity resolved"",""5m price deterioration ≤−20%""]}",e59749f3010f6b67,[object Object],,000000000000000005ba9afd7c8321eb255dcfe10833145b,info
2026-09-27 21:16:44,"[jevsentinel] temporal state {""priorSnapshotCount"":25,""currentSnapshot"":{""observedAt"":""2026-09-28T00:16:44.339Z"",""price"":null,""liquidity"":null,""volume"":null,""priceChange5mPct"":null,""priceChange1hPct"":null,""buyCount5m"":null,""sellCount5m"":null,""buySellRatio5m"":null,""uniqueSellers"":0,""uniqueBuyers"":0,""sellerAcceleration"":0,""coordinatedSellers"":0,""sellUsd"":null,""buyUsd"":null,""sellerCount"":null},""sampleCount"":26,""deltas"":{""uniqueSellers"":0,""uniqueBuyers"":0,""sellerAcceleration"":0,""coordinatedSellers"":0},""acceleration"":{""selling"":""stable"",""buyPressure"":""stable"",""volume"":""stable"",""liquidity"":""stable"",""price"":""stable"",""sellers"":""stable"",""coordination"":""stable""}}",6c63be4b674a6eb5,[object Object],,000000000000000005ba9afd7c8321eb255dcfe10833145b,info
2026-09-27 21:16:33,"[jevsentinel] live action state {""action"":""CAUTION"",""stage"":""STABLE"",""riskScore"":2,""confidence"":0.92,""reasons"":[""creator identity resolved"",""5m price deterioration ≤−20%""]}",4a6f1493b4da4f54,[object Object],,000000000000000005ba9afd7c8321eb255dcfe10833145b,info
2026-09-27 21:16:33,"[jevsentinel] shadow prediction {""version"":1,""shadow"":true,""action"":""CAUTION"",""confidence"":0.5,""sampleCount"":25,""evidenceQuality"":""strong"",""sourceTrajectoryAction"":""CAUTION"",""reasons"":[""signals do not form a reliable forward setup""],""predictedAt"":""2026-09-28T00:16:33.736Z""}",56bb6e8274790897,[object Object],,000000000000000005ba9afd7c8321eb255dcfe10833145b,info